id_unico,criterio_agrupamento,n_registros_agrupados,bases_origem,strings_origem,titulos_originais,ids_brutos_agrupados
REG_00005,doi_e_titulo,4,Scopus|WoS,scopus_nucleo_a1_manutencao_sustentabilidade|scopus_nucleo_a4_gestao_ativos_ciclo_vida|wos_nucleo_01|wos_nucleo_04,Decision Making within the Built Environment as a Strategy for Mitigating the Risk of Malaria and Other Vector-Borne Diseases || Decision making within the built environment as a strategy for mitigating the risk of malaria and other vector-borne diseases,SCOPUS::scopus_nucleo_a1_manutencao_sustentabilidade_raw.csv::00004|SCOPUS::scopus_nucleo_a4_gestao_ativos_ciclo_vida_raw.csv::00626|WOS::WOS_NUCLEO_01_20260708_part01.ris::00304|WOS::WOS_NUCLEO_04_20260708_part01.ris::00454
REG_00007,doi_e_titulo,2,Scopus|WoS,scopus_nucleo_a1_manutencao_sustentabilidade|wos_nucleo_01,Water Taxation and Subsidy Analysis Based on Consumer Water Use Behavior and Water Sources Inside the Kathmandu Valley || Water taxation and subsidy analysis based on consumer water use behavior and water sources inside the Kathmandu Valley,SCOPUS::scopus_nucleo_a1_manutencao_sustentabilidade_raw.csv::00006|WOS::WOS_NUCLEO_01_20260708_part01.ris::00561
REG_00009,doi_e_titulo,2,Scopus,scopus_nucleo_a1_manutencao_sustentabilidade|scopus_nucleo_a4_gestao_ativos_ciclo_vida,Facility management of smart buildings,SCOPUS::scopus_nucleo_a1_manutencao_sustentabilidade_raw.csv::00008|SCOPUS::scopus_nucleo_a4_gestao_ativos_ciclo_vida_raw.csv::00627
REG_00013,doi_e_titulo,2,Scopus|WoS,scopus_nucleo_a1_manutencao_sustentabilidade|wos_nucleo_01,Graphical analysis for overall effectiveness management: A graphical method to support operation and maintenance performance assessment,SCOPUS::scopus_nucleo_a1_manutencao_sustentabilidade_raw.csv::00012|WOS::WOS_NUCLEO_01_20260708_part01.ris::00260
REG_00014,doi,4,Scopus|WoS,scopus_nucleo_a1_manutencao_sustentabilidade|scopus_nucleo_a4_gestao_ativos_ciclo_vida|wos_nucleo_01|wos_nucleo_04,"Generative HBIM modelling to embody complexity (LOD, LOG, LOA, LOI): surveying, preservation, site interventionthe Basilica diCollemaggio (L'Aquila) || Generative HBIM modelling to embody complexity (LOD, LOG, LOA, LOI): surveying, preservation, site intervention—the Basilica di Collemaggio (L’Aquila)",SCOPUS::scopus_nucleo_a1_manutencao_sustentabilidade_raw.csv::00013|SCOPUS::scopus_nucleo_a4_gestao_ativos_ciclo_vida_raw.csv::00628|WOS::WOS_NUCLEO_01_20260708_part01.ris::00539|WOS::WOS_NUCLEO_04_20260708_part01.ris::00484
REG_00018,doi_e_titulo,2,Scopus|WoS,scopus_nucleo_a1_manutencao_sustentabilidade|wos_nucleo_01,Co-location opportunities for renewable energies and aquaculture facilities in the Canary Archipelago,SCOPUS::scopus_nucleo_a1_manutencao_sustentabilidade_raw.csv::00017|WOS::WOS_NUCLEO_01_20260708_part01.ris::00155
REG_00023,doi_e_titulo,2,Scopus|WoS,scopus_nucleo_a1_manutencao_sustentabilidade|wos_nucleo_02,Critical Success Factors (CSFs) in Implementing Sustainable Campus Operation (SCO) Initiatives at Malaysian Public Universities || Critical success factors (CSFs) in implementing sustainable campus operation (SCO) initiatives at Malaysian public universities,SCOPUS::scopus_nucleo_a1_manutencao_sustentabilidade_raw.csv::00022|WOS::WOS_NUCLEO_02_20260708_part01.ris::00289
REG_00026,doi_e_titulo,2,Scopus,scopus_nucleo_a1_manutencao_sustentabilidade|scopus_nucleo_a4_gestao_ativos_ciclo_vida,"The green and sustainable care facilities of elderly care home: An exploratory study of rumah seri kenangan cheras, selangor",SCOPUS::scopus_nucleo_a1_manutencao_sustentabilidade_raw.csv::00025|SCOPUS::scopus_nucleo_a4_gestao_ativos_ciclo_vida_raw.csv::00630
REG_00027,doi_e_titulo,4,Scopus|WoS,scopus_nucleo_a1_manutencao_sustentabilidade|scopus_nucleo_a4_gestao_ativos_ciclo_vida|wos_nucleo_01|wos_nucleo_04,A validated low carbon office building intervention model based on structural equation modelling,SCOPUS::scopus_nucleo_a1_manutencao_sustentabilidade_raw.csv::00026|SCOPUS::scopus_nucleo_a4_gestao_ativos_ciclo_vida_raw.csv::00629|WOS::WOS_NUCLEO_01_20260708_part01.ris::00404|WOS::WOS_NUCLEO_04_20260708_part01.ris::00422
REG_00031,doi_e_titulo,3,Scopus|WoS,scopus_nucleo_a1_manutencao_sustentabilidade|scopus_nucleo_a4_gestao_ativos_ciclo_vida|wos_nucleo_04,"Prediction of Life Cycle Carbon Emissions of Sponge City Projects: A Case Study in Shanghai, China || Prediction of life cycle carbon emissions of sponge city projects: A case study in Shanghai, China",SCOPUS::scopus_nucleo_a1_manutencao_sustentabilidade_raw.csv::00030|SCOPUS::scopus_nucleo_a4_gestao_ativos_ciclo_vida_raw.csv::00631|WOS::WOS_NUCLEO_04_20260708_part01.ris::00113
REG_00039,doi_e_titulo,4,Scopus|WoS,scopus_nucleo_a1_manutencao_sustentabilidade|scopus_nucleo_a4_gestao_ativos_ciclo_vida|wos_nucleo_01|wos_nucleo_04,Addressing the Life Cycle of Sewers in Contrasting Cities through an Eco-Efficiency Approach,SCOPUS::scopus_nucleo_a1_manutencao_sustentabilidade_raw.csv::00038|SCOPUS::scopus_nucleo_a4_gestao_ativos_ciclo_vida_raw.csv::00632|WOS::WOS_NUCLEO_01_20260708_part01.ris::00124|WOS::WOS_NUCLEO_04_20260708_part01.ris::00155
REG_00051,doi_e_titulo,2,Scopus,scopus_nucleo_a1_manutencao_sustentabilidade|scopus_nucleo_a4_gestao_ativos_ciclo_vida,Sustainable solid waste collection and management,SCOPUS::scopus_nucleo_a1_manutencao_sustentabilidade_raw.csv::00050|SCOPUS::scopus_nucleo_a4_gestao_ativos_ciclo_vida_raw.csv::00633
REG_00058,doi_e_titulo,3,Scopus|WoS,scopus_nucleo_a1_manutencao_sustentabilidade|scopus_nucleo_a4_gestao_ativos_ciclo_vida|wos_nucleo_04,Indicators for quantifying environmental building performance: A systematic literature review,SCOPUS::scopus_nucleo_a1_manutencao_sustentabilidade_raw.csv::00057|SCOPUS::scopus_nucleo_a4_gestao_ativos_ciclo_vida_raw.csv::00634|WOS::WOS_NUCLEO_04_20260708_part01.ris::00000
REG_00060,doi_e_titulo,2,Scopus|WoS,scopus_nucleo_a1_manutencao_sustentabilidade|wos_nucleo_01,Probabilistic green infrastructure cost calculations using a phased life cycle algorithm integrated with uncertainties,SCOPUS::scopus_nucleo_a1_manutencao_sustentabilidade_raw.csv::00059|WOS::WOS_NUCLEO_01_20260708_part01.ris::00210
REG_00061,doi_e_titulo,2,Scopus|WoS,scopus_nucleo_a1_manutencao_sustentabilidade|wos_nucleo_04,Beyond the third dimension of BIM: A systematic review of literature and assessment of professional views,SCOPUS::scopus_nucleo_a1_manutencao_sustentabilidade_raw.csv::00060|WOS::WOS_NUCLEO_04_20260708_part01.ris::00373
REG_00062,doi_e_titulo,3,Scopus|WoS,scopus_nucleo_a1_manutencao_sustentabilidade|scopus_nucleo_a4_gestao_ativos_ciclo_vida|wos_nucleo_04,"A biophysical approach to the performance diagnosis of human-building energy interaction: Information (bits) modeling, algorithm, and indicators of energy flow complexity || A biophysical approach to the performance diagnosis of human–building energy interaction: Information (bits) modeling, algorithm, and indicators of energy flow complexity",SCOPUS::scopus_nucleo_a1_manutencao_sustentabilidade_raw.csv::00061|SCOPUS::scopus_nucleo_a4_gestao_ativos_ciclo_vida_raw.csv::00635|WOS::WOS_NUCLEO_04_20260708_part01.ris::00296
REG_00066,doi_e_titulo,3,Scopus|WoS,scopus_nucleo_a1_manutencao_sustentabilidade|scopus_nucleo_a4_gestao_ativos_ciclo_vida|wos_nucleo_04,Enablers of relational integrated value networks (RIVANS) for total facilities management (TFM),SCOPUS::scopus_nucleo_a1_manutencao_sustentabilidade_raw.csv::00065|SCOPUS::scopus_nucleo_a4_gestao_ativos_ciclo_vida_raw.csv::00636|WOS::WOS_NUCLEO_04_20260708_part01.ris::00079
REG_00069,doi_e_titulo,3,Scopus|WoS,scopus_nucleo_a1_manutencao_sustentabilidade|scopus_nucleo_a2_contexto_publico_universitario|wos_nucleo_02,Green Building Occupant Satisfaction: Evidence from the Australian Higher Education Sector || Green building occupant satisfaction: Evidence from the Australian higher education sector,SCOPUS::scopus_nucleo_a1_manutencao_sustentabilidade_raw.csv::00068|SCOPUS::scopus_nucleo_a2_contexto_publico_universitario_raw.csv::00311|WOS::WOS_NUCLEO_02_20260708_part01.ris::00065
REG_00073,doi_e_titulo,3,Scopus,scopus_nucleo_a1_manutencao_sustentabilidade|scopus_nucleo_a2_contexto_publico_universitario|scopus_nucleo_a4_gestao_ativos_ciclo_vida,The challenges of adopting BIM for setting and infrastructure management of University of Minho,SCOPUS::scopus_nucleo_a1_manutencao_sustentabilidade_raw.csv::00072|SCOPUS::scopus_nucleo_a2_contexto_publico_universitario_raw.csv::00312|SCOPUS::scopus_nucleo_a4_gestao_ativos_ciclo_vida_raw.csv::00637
REG_00075,titulo_normalizado,3,Scopus,scopus_nucleo_a1_manutencao_sustentabilidade|scopus_nucleo_a3_priorizacao_estrategia_manutencao|scopus_nucleo_a4_gestao_ativos_ciclo_vida,Work order building informatics platform for planning residential building projects and maintenance work,SCOPUS::scopus_nucleo_a1_manutencao_sustentabilidade_raw.csv::00074|SCOPUS::scopus_nucleo_a3_priorizacao_estrategia_manutencao_raw.csv::00363|SCOPUS::scopus_nucleo_a4_gestao_ativos_ciclo_vida_raw.csv::00638
REG_00076,doi_e_titulo,3,Scopus|WoS,scopus_nucleo_a1_manutencao_sustentabilidade|scopus_nucleo_a3_priorizacao_estrategia_manutencao|wos_nucleo_01,Optimized Building Component Assessment Planning Using a Value of Information Model,SCOPUS::scopus_nucleo_a1_manutencao_sustentabilidade_raw.csv::00075|SCOPUS::scopus_nucleo_a3_priorizacao_estrategia_manutencao_raw.csv::00362|WOS::WOS_NUCLEO_01_20260708_part01.ris::00391
REG_00077,doi_e_titulo,3,Scopus|WoS,scopus_nucleo_a1_manutencao_sustentabilidade|scopus_nucleo_a4_gestao_ativos_ciclo_vida|wos_nucleo_01,Criticality analysis for preventive maintenance optimization purposes in gas network infrastructures,SCOPUS::scopus_nucleo_a1_manutencao_sustentabilidade_raw.csv::00076|SCOPUS::scopus_nucleo_a4_gestao_ativos_ciclo_vida_raw.csv::00639|WOS::WOS_NUCLEO_01_20260708_part01.ris::00410
REG_00080,doi_e_titulo,2,Scopus|WoS,scopus_nucleo_a1_manutencao_sustentabilidade|wos_nucleo_01,A stochastic dynamic model of a dairy farm to evaluate the technical and economic performance under different scenarios,SCOPUS::scopus_nucleo_a1_manutencao_sustentabilidade_raw.csv::00079|WOS::WOS_NUCLEO_01_20260708_part01.ris::00557
REG_00081,doi_e_titulo,2,Scopus|WoS,scopus_nucleo_a1_manutencao_sustentabilidade|wos_nucleo_01,Application of the analytic hierarchy process to sustainability of water supply and sanitation services: The case of Algeria || Application of the analytic hierarchy process to sustainability of water supply and sanitation services: the case of Algeria,SCOPUS::scopus_nucleo_a1_manutencao_sustentabilidade_raw.csv::00080|WOS::WOS_NUCLEO_01_20260708_part01.ris::00090
REG_00083,doi_e_titulo,2,Scopus|WoS,scopus_nucleo_a1_manutencao_sustentabilidade|wos_nucleo_01,Material Life Cycle Costing of Buildings: a Case Study || Material life cycle costing of buildings: A case study,SCOPUS::scopus_nucleo_a1_manutencao_sustentabilidade_raw.csv::00082|WOS::WOS_NUCLEO_01_20260708_part01.ris::00165
REG_00084,doi_e_titulo,2,Scopus,scopus_nucleo_a1_manutencao_sustentabilidade|scopus_nucleo_a4_gestao_ativos_ciclo_vida,A review on contemporary computational programs for Building's life-cycle energy consumption and greenhouse-gas emissions assessment: An empirical study in Australia,SCOPUS::scopus_nucleo_a1_manutencao_sustentabilidade_raw.csv::00083|SCOPUS::scopus_nucleo_a4_gestao_ativos_ciclo_vida_raw.csv::00640
REG_00085,doi_e_titulo,4,Scopus|WoS,scopus_nucleo_a1_manutencao_sustentabilidade|scopus_nucleo_a2_contexto_publico_universitario|wos_nucleo_01|wos_nucleo_02,An Automated IoT Visualization BIM Platform for Decision Support in Facilities Management || An automated IoT visualization BIM platform for decision support in facilities management,SCOPUS::scopus_nucleo_a1_manutencao_sustentabilidade_raw.csv::00084|SCOPUS::scopus_nucleo_a2_contexto_publico_universitario_raw.csv::00313|WOS::WOS_NUCLEO_01_20260708_part01.ris::00390|WOS::WOS_NUCLEO_02_20260708_part01.ris::00192
REG_00088,doi_e_titulo,4,Scopus|WoS,scopus_nucleo_a1_manutencao_sustentabilidade|scopus_nucleo_a4_gestao_ativos_ciclo_vida|wos_nucleo_01|wos_nucleo_04,Sustainable Design Parameters in Generation of Facilities Management Conceptual Model,SCOPUS::scopus_nucleo_a1_manutencao_sustentabilidade_raw.csv::00087|SCOPUS::scopus_nucleo_a4_gestao_ativos_ciclo_vida_raw.csv::00641|WOS::WOS_NUCLEO_01_20260708_part01.ris::00314|WOS::WOS_NUCLEO_04_20260708_part01.ris::00290
REG_00100,doi_e_titulo,2,Scopus|WoS,scopus_nucleo_a1_manutencao_sustentabilidade|wos_nucleo_01,Short communication: Identifying challenges and opportunities for improved nutrient management through the USDA's Dairy Agroecosystem Working Group,SCOPUS::scopus_nucleo_a1_manutencao_sustentabilidade_raw.csv::00099|WOS::WOS_NUCLEO_01_20260708_part01.ris::00592
REG_00105,doi_e_titulo,2,Scopus,scopus_nucleo_a1_manutencao_sustentabilidade|scopus_nucleo_a4_gestao_ativos_ciclo_vida,Lifecycle cost analysis for operations and maintenance planning of railway bridge transition,SCOPUS::scopus_nucleo_a1_manutencao_sustentabilidade_raw.csv::00104|SCOPUS::scopus_nucleo_a4_gestao_ativos_ciclo_vida_raw.csv::00642
REG_00110,doi_e_titulo,2,Scopus|WoS,scopus_nucleo_a1_manutencao_sustentabilidade|wos_nucleo_01,Optimal FM Strategy for Commercial Office Buildings Using Fuzzy Synthetic Evaluation,SCOPUS::scopus_nucleo_a1_manutencao_sustentabilidade_raw.csv::00109|WOS::WOS_NUCLEO_01_20260708_part01.ris::00276
REG_00118,doi_e_titulo,2,Scopus|WoS,scopus_nucleo_a1_manutencao_sustentabilidade|wos_nucleo_04,Life cycle energy of high-rise office buildings in Hong Kong,SCOPUS::scopus_nucleo_a1_manutencao_sustentabilidade_raw.csv::00117|WOS::WOS_NUCLEO_04_20260708_part01.ris::00098
REG_00123,doi_e_titulo,3,Scopus|WoS,scopus_nucleo_a1_manutencao_sustentabilidade|scopus_nucleo_a4_gestao_ativos_ciclo_vida|wos_nucleo_04,Toward improved LCC-informed decisions in building management,SCOPUS::scopus_nucleo_a1_manutencao_sustentabilidade_raw.csv::00122|SCOPUS::scopus_nucleo_a4_gestao_ativos_ciclo_vida_raw.csv::00643|WOS::WOS_NUCLEO_04_20260708_part01.ris::00027
REG_00124,doi_e_titulo,3,Scopus|WoS,scopus_nucleo_a1_manutencao_sustentabilidade|scopus_nucleo_a4_gestao_ativos_ciclo_vida|wos_nucleo_04,"Building-information-modeling enabled life cycle assessment, a case study on carbon footprint accounting for a residential building in China",SCOPUS::scopus_nucleo_a1_manutencao_sustentabilidade_raw.csv::00123|SCOPUS::scopus_nucleo_a4_gestao_ativos_ciclo_vida_raw.csv::00644|WOS::WOS_NUCLEO_04_20260708_part01.ris::00184
REG_00125,doi_e_titulo,4,Scopus|WoS,scopus_nucleo_a1_manutencao_sustentabilidade|scopus_nucleo_a2_contexto_publico_universitario|wos_nucleo_01|wos_nucleo_02,On the nexus of changing public facilities management practices: purposive and co-creative actions across multiple levels,SCOPUS::scopus_nucleo_a1_manutencao_sustentabilidade_raw.csv::00124|SCOPUS::scopus_nucleo_a2_contexto_publico_universitario_raw.csv::00314|WOS::WOS_NUCLEO_01_20260708_part01.ris::00337|WOS::WOS_NUCLEO_02_20260708_part01.ris::00135
REG_00126,doi_e_titulo,3,Scopus|WoS,scopus_nucleo_a1_manutencao_sustentabilidade|scopus_nucleo_a4_gestao_ativos_ciclo_vida|wos_nucleo_04,Impact of Human Actions on Building Energy Performance: A Case Study in the United Arab Emirates (UAE) || Impact of human actions on building energy performance: A case study in the United Arab Emirates (UAE),SCOPUS::scopus_nucleo_a1_manutencao_sustentabilidade_raw.csv::00125|SCOPUS::scopus_nucleo_a4_gestao_ativos_ciclo_vida_raw.csv::00645|WOS::WOS_NUCLEO_04_20260708_part01.ris::00447
REG_00130,doi_e_titulo,2,Scopus|WoS,scopus_nucleo_a1_manutencao_sustentabilidade|wos_nucleo_01,BIM-based Data Mining Method considering Data Integration and Function Extension,SCOPUS::scopus_nucleo_a1_manutencao_sustentabilidade_raw.csv::00129|WOS::WOS_NUCLEO_01_20260708_part01.ris::00307
REG_00148,doi_e_titulo,2,Scopus|WoS,scopus_nucleo_a1_manutencao_sustentabilidade|wos_nucleo_01,Modeling on environmental-economic effectiveness of Vacutug technology of fecal sludge management at Dhaka city in Bangladesh,SCOPUS::scopus_nucleo_a1_manutencao_sustentabilidade_raw.csv::00147|WOS::WOS_NUCLEO_01_20260708_part01.ris::00474
REG_00156,doi_e_titulo,4,Scopus|WoS,scopus_nucleo_a1_manutencao_sustentabilidade|scopus_nucleo_a4_gestao_ativos_ciclo_vida|wos_nucleo_01|wos_nucleo_04,ASTA - A method for multi-criteria evaluation of water supply technologies to Assess the most SusTainable Alternative for Copenhagen || ASTA — A method for multi-criteria evaluation of water supply technologies to Assess the most SusTainable Alternative for Copenhagen,SCOPUS::scopus_nucleo_a1_manutencao_sustentabilidade_raw.csv::00155|SCOPUS::scopus_nucleo_a4_gestao_ativos_ciclo_vida_raw.csv::00646|WOS::WOS_NUCLEO_01_20260708_part01.ris::00064|WOS::WOS_NUCLEO_04_20260708_part01.ris::00256
REG_00157,doi_e_titulo,3,Scopus|WoS,scopus_nucleo_a1_manutencao_sustentabilidade|scopus_nucleo_a2_contexto_publico_universitario|wos_nucleo_02,Design of Optimum Configuration of a Hybrid Power System for Abertay University Campus || Design of optimum configuration of a hybrid power system for Abertay University campus,SCOPUS::scopus_nucleo_a1_manutencao_sustentabilidade_raw.csv::00156|SCOPUS::scopus_nucleo_a2_contexto_publico_universitario_raw.csv::00315|WOS::WOS_NUCLEO_02_20260708_part01.ris::00179
REG_00158,doi_e_titulo,2,Scopus|WoS,scopus_nucleo_a1_manutencao_sustentabilidade|wos_nucleo_01,Merging building maintainability and sustainability assessment: A multicriteria decision making approach,SCOPUS::scopus_nucleo_a1_manutencao_sustentabilidade_raw.csv::00157|WOS::WOS_NUCLEO_01_20260708_part01.ris::00057
REG_00160,titulo_normalizado,2,Scopus,scopus_nucleo_a1_manutencao_sustentabilidade|scopus_nucleo_a4_gestao_ativos_ciclo_vida,Building a bridge to sustainability,SCOPUS::scopus_nucleo_a1_manutencao_sustentabilidade_raw.csv::00159|SCOPUS::scopus_nucleo_a4_gestao_ativos_ciclo_vida_raw.csv::00647
REG_00162,doi_e_titulo,3,Scopus|WoS,scopus_nucleo_a1_manutencao_sustentabilidade|wos_nucleo_01|wos_nucleo_04,Sustainable Performance Index for Assessing the Green Technologies in Urban Infrastructure Projects,SCOPUS::scopus_nucleo_a1_manutencao_sustentabilidade_raw.csv::00161|WOS::WOS_NUCLEO_01_20260708_part01.ris::00140|WOS::WOS_NUCLEO_04_20260708_part01.ris::00364
REG_00167,doi_e_titulo,2,Scopus,scopus_nucleo_a1_manutencao_sustentabilidade,Energy Quality Management,SCOPUS::scopus_nucleo_a1_manutencao_sustentabilidade_raw.csv::00166|SCOPUS::scopus_nucleo_a1_manutencao_sustentabilidade_raw.csv::00329
REG_00169,doi_e_titulo,5,Scopus|WoS,scopus_nucleo_a1_manutencao_sustentabilidade|scopus_nucleo_a2_contexto_publico_universitario|scopus_nucleo_a4_gestao_ativos_ciclo_vida|wos_nucleo_02|wos_nucleo_04,Life cycle assessment and life cycle cost of university dormitories in the southeast China: Case study of the university town of Fuzhou,SCOPUS::scopus_nucleo_a1_manutencao_sustentabilidade_raw.csv::00168|SCOPUS::scopus_nucleo_a2_contexto_publico_universitario_raw.csv::00316|SCOPUS::scopus_nucleo_a4_gestao_ativos_ciclo_vida_raw.csv::00648|WOS::WOS_NUCLEO_02_20260708_part01.ris::00279|WOS::WOS_NUCLEO_04_20260708_part01.ris::00029
REG_00173,doi_e_titulo,3,Scopus|WoS,scopus_nucleo_a1_manutencao_sustentabilidade|scopus_nucleo_a4_gestao_ativos_ciclo_vida|wos_nucleo_04,Increasing energy efficiency by considering building's life cycle,SCOPUS::scopus_nucleo_a1_manutencao_sustentabilidade_raw.csv::00172|SCOPUS::scopus_nucleo_a4_gestao_ativos_ciclo_vida_raw.csv::00649|WOS::WOS_NUCLEO_04_20260708_part01.ris::00062
REG_00175,doi_e_titulo,3,Scopus|WoS,scopus_nucleo_a1_manutencao_sustentabilidade|scopus_nucleo_a4_gestao_ativos_ciclo_vida|wos_nucleo_04,A tool for assessing life cycle CO2 emissions of buildings in Sri Lanka,SCOPUS::scopus_nucleo_a1_manutencao_sustentabilidade_raw.csv::00174|SCOPUS::scopus_nucleo_a4_gestao_ativos_ciclo_vida_raw.csv::00650|WOS::WOS_NUCLEO_04_20260708_part01.ris::00100
REG_00180,doi_e_titulo,2,Scopus|WoS,scopus_nucleo_a1_manutencao_sustentabilidade|wos_nucleo_01,A life cycle costing approach for discounting in age and interval replacement optimisation models for civil infrastructure assets,SCOPUS::scopus_nucleo_a1_manutencao_sustentabilidade_raw.csv::00179|WOS::WOS_NUCLEO_01_20260708_part01.ris::00230
REG_00185,doi_e_titulo,3,Scopus|WoS,scopus_nucleo_a1_manutencao_sustentabilidade|scopus_nucleo_a4_gestao_ativos_ciclo_vida|wos_nucleo_04,Improving Sustainable Construction Practices Through Facility Management,SCOPUS::scopus_nucleo_a1_manutencao_sustentabilidade_raw.csv::00184|SCOPUS::scopus_nucleo_a4_gestao_ativos_ciclo_vida_raw.csv::00652|WOS::WOS_NUCLEO_04_20260708_part01.ris::00037
REG_00186,doi_e_titulo,3,Crossref|Scopus,crossref_nucleo_a2|scopus_nucleo_a1_manutencao_sustentabilidade|scopus_nucleo_a4_gestao_ativos_ciclo_vida,Sustainability,SCOPUS::scopus_nucleo_a1_manutencao_sustentabilidade_raw.csv::00185|SCOPUS::scopus_nucleo_a4_gestao_ativos_ciclo_vida_raw.csv::00655|CROSSREF::crossref_nucleo_a2_raw.csv::00011
REG_00206,doi_e_titulo,4,Scopus|WoS,scopus_nucleo_a1_manutencao_sustentabilidade|scopus_nucleo_a2_contexto_publico_universitario|wos_nucleo_01|wos_nucleo_02,Integrating Building Information Models and Building Operation Information Exchange Systems in a Decision Support Framework for Facilities Management || Integrating building information models and building operation information exchange systems in a decision support framework for facilities management,SCOPUS::scopus_nucleo_a1_manutencao_sustentabilidade_raw.csv::00205|SCOPUS::scopus_nucleo_a2_contexto_publico_universitario_raw.csv::00317|WOS::WOS_NUCLEO_01_20260708_part01.ris::00073|WOS::WOS_NUCLEO_02_20260708_part01.ris::00170
REG_00209,doi_e_titulo,2,Scopus,scopus_nucleo_a1_manutencao_sustentabilidade|scopus_nucleo_a3_priorizacao_estrategia_manutencao,Towards Digitalization of Building Operations with BIM,SCOPUS::scopus_nucleo_a1_manutencao_sustentabilidade_raw.csv::00208|SCOPUS::scopus_nucleo_a3_priorizacao_estrategia_manutencao_raw.csv::00370
REG_00210,doi_e_titulo,3,Scopus|WoS,scopus_nucleo_a1_manutencao_sustentabilidade|scopus_nucleo_a2_contexto_publico_universitario|wos_nucleo_02,Are Facility Maintenance and Operations Enabling Performance: A Study of K-12 Public Schools || Are facility maintenance and operations enabling performance: A study of K-12 public schools,SCOPUS::scopus_nucleo_a1_manutencao_sustentabilidade_raw.csv::00209|SCOPUS::scopus_nucleo_a2_contexto_publico_universitario_raw.csv::00322|WOS::WOS_NUCLEO_02_20260708_part01.ris::00066
REG_00211,doi_e_titulo,2,Scopus,scopus_nucleo_a1_manutencao_sustentabilidade|scopus_nucleo_a4_gestao_ativos_ciclo_vida,Barriers and drivers of whole life cycle costing of sustainable facility management for PPP/PFI projects in Malaysia,SCOPUS::scopus_nucleo_a1_manutencao_sustentabilidade_raw.csv::00210|SCOPUS::scopus_nucleo_a4_gestao_ativos_ciclo_vida_raw.csv::00651
REG_00213,doi_e_titulo,2,Scopus,scopus_nucleo_a1_manutencao_sustentabilidade|scopus_nucleo_a4_gestao_ativos_ciclo_vida,Building Information Model for Existing Buildings for Facilities Management: RetroBIM Framework,SCOPUS::scopus_nucleo_a1_manutencao_sustentabilidade_raw.csv::00212|SCOPUS::scopus_nucleo_a4_gestao_ativos_ciclo_vida_raw.csv::00653
REG_00215,doi_e_titulo,2,Scopus,scopus_nucleo_a1_manutencao_sustentabilidade|scopus_nucleo_a2_contexto_publico_universitario,Development of a maintenance and repair cost estimation model for educational buildings using regression analysis,SCOPUS::scopus_nucleo_a1_manutencao_sustentabilidade_raw.csv::00214|SCOPUS::scopus_nucleo_a2_contexto_publico_universitario_raw.csv::00319
REG_00217,doi_e_titulo,2,Scopus|WoS,scopus_nucleo_a1_manutencao_sustentabilidade|wos_nucleo_01,Enabling an effective knowledge and information flow between the phases of building construction and facilities management,SCOPUS::scopus_nucleo_a1_manutencao_sustentabilidade_raw.csv::00216|WOS::WOS_NUCLEO_01_20260708_part01.ris::00191
REG_00222,doi_e_titulo,3,Scopus|WoS,scopus_nucleo_a1_manutencao_sustentabilidade|scopus_nucleo_a4_gestao_ativos_ciclo_vida|wos_nucleo_04,The need for economic performance measures for life cycle costing of sustainable commercial office buildings,SCOPUS::scopus_nucleo_a1_manutencao_sustentabilidade_raw.csv::00221|SCOPUS::scopus_nucleo_a4_gestao_ativos_ciclo_vida_raw.csv::00654|WOS::WOS_NUCLEO_04_20260708_part01.ris::00151
REG_00225,doi_e_titulo,2,Crossref|Scopus,crossref_nucleo_a2|scopus_nucleo_a1_manutencao_sustentabilidade,Building Information Modeling || Building information modeling,SCOPUS::scopus_nucleo_a1_manutencao_sustentabilidade_raw.csv::00224|CROSSREF::crossref_nucleo_a2_raw.csv::00015
REG_00226,doi_e_titulo,3,Scopus,scopus_nucleo_a1_manutencao_sustentabilidade|scopus_nucleo_a3_priorizacao_estrategia_manutencao|scopus_nucleo_a4_gestao_ativos_ciclo_vida,Key strategies to overcome cost overruns issues in building maintenance management,SCOPUS::scopus_nucleo_a1_manutencao_sustentabilidade_raw.csv::00225|SCOPUS::scopus_nucleo_a3_priorizacao_estrategia_manutencao_raw.csv::00373|SCOPUS::scopus_nucleo_a4_gestao_ativos_ciclo_vida_raw.csv::00656
REG_00228,doi_e_titulo,2,Scopus|WoS,scopus_nucleo_a1_manutencao_sustentabilidade|wos_nucleo_01,Advanced Techniques for Assets Maintenance Management,SCOPUS::scopus_nucleo_a1_manutencao_sustentabilidade_raw.csv::00227|WOS::WOS_NUCLEO_01_20260708_part01.ris::00219
REG_00232,doi_e_titulo,4,Scopus|WoS,scopus_nucleo_a1_manutencao_sustentabilidade|scopus_nucleo_a4_gestao_ativos_ciclo_vida|wos_nucleo_01|wos_nucleo_04,Semantic BMS: Allowing usage of building automation data in facility benchmarking,SCOPUS::scopus_nucleo_a1_manutencao_sustentabilidade_raw.csv::00231|SCOPUS::scopus_nucleo_a4_gestao_ativos_ciclo_vida_raw.csv::00676|WOS::WOS_NUCLEO_01_20260708_part01.ris::00338|WOS::WOS_NUCLEO_04_20260708_part01.ris::00301
REG_00238,doi_e_titulo,2,Scopus|WoS,scopus_nucleo_a1_manutencao_sustentabilidade|wos_nucleo_01,Improving FM task efficiency through BIM: a proposal for BIM implementation,SCOPUS::scopus_nucleo_a1_manutencao_sustentabilidade_raw.csv::00237|WOS::WOS_NUCLEO_01_20260708_part01.ris::00538
REG_00239,doi_e_titulo,2,Scopus,scopus_nucleo_a1_manutencao_sustentabilidade|scopus_nucleo_a2_contexto_publico_universitario,Failing to plan – planning to fail: How early phase planning can improve buildings’ lifetime value creation,SCOPUS::scopus_nucleo_a1_manutencao_sustentabilidade_raw.csv::00238|SCOPUS::scopus_nucleo_a2_contexto_publico_universitario_raw.csv::00324
REG_00242,doi_e_titulo,2,Scopus|WoS,scopus_nucleo_a1_manutencao_sustentabilidade|wos_nucleo_01,"Automated Approaches Towards BIM-Based Intelligent Decision Support in Design, Construction, and Facility Operations || Automated approaches towards BIM-based intelligent decision support in design, construction, and facility operations",SCOPUS::scopus_nucleo_a1_manutencao_sustentabilidade_raw.csv::00241|WOS::WOS_NUCLEO_01_20260708_part01.ris::00252
REG_00243,titulo_normalizado,2,Scopus,scopus_nucleo_a1_manutencao_sustentabilidade|scopus_nucleo_a3_priorizacao_estrategia_manutencao,An integrated structural health monitoring tool using building information modeling,SCOPUS::scopus_nucleo_a1_manutencao_sustentabilidade_raw.csv::00242|SCOPUS::scopus_nucleo_a3_priorizacao_estrategia_manutencao_raw.csv::00371
REG_00245,doi_e_titulo,2,Scopus,scopus_nucleo_a1_manutencao_sustentabilidade|scopus_nucleo_a4_gestao_ativos_ciclo_vida,Research on a Calculation Model and Control Measures for Carbon Emission of Buildings,SCOPUS::scopus_nucleo_a1_manutencao_sustentabilidade_raw.csv::00244|SCOPUS::scopus_nucleo_a4_gestao_ativos_ciclo_vida_raw.csv::00674
REG_00247,titulo_normalizado,2,Scopus,scopus_nucleo_a1_manutencao_sustentabilidade|scopus_nucleo_a4_gestao_ativos_ciclo_vida,Precast industry contributed toward green construction,SCOPUS::scopus_nucleo_a1_manutencao_sustentabilidade_raw.csv::00246|SCOPUS::scopus_nucleo_a4_gestao_ativos_ciclo_vida_raw.csv::00675
REG_00264,doi_e_titulo,2,Scopus,scopus_nucleo_a1_manutencao_sustentabilidade|scopus_nucleo_a4_gestao_ativos_ciclo_vida,Life Cycle Energy and Carbon Analysis of Single Family Residential Buildings: Atlanta Case Study,SCOPUS::scopus_nucleo_a1_manutencao_sustentabilidade_raw.csv::00263|SCOPUS::scopus_nucleo_a4_gestao_ativos_ciclo_vida_raw.csv::00657
REG_00273,doi_e_titulo,2,Scopus|WoS,scopus_nucleo_a1_manutencao_sustentabilidade|wos_nucleo_01,Environmental sustainability scholarship and the efforts of the sport sector: A rapid review of literature,SCOPUS::scopus_nucleo_a1_manutencao_sustentabilidade_raw.csv::00272|WOS::WOS_NUCLEO_01_20260708_part01.ris::00293
REG_00276,doi_e_titulo,2,Scopus,scopus_nucleo_a1_manutencao_sustentabilidade|scopus_nucleo_a4_gestao_ativos_ciclo_vida,Innovative and sustainable operation and maintenance of bridges,SCOPUS::scopus_nucleo_a1_manutencao_sustentabilidade_raw.csv::00275|SCOPUS::scopus_nucleo_a4_gestao_ativos_ciclo_vida_raw.csv::00678
REG_00279,titulo_normalizado,6,Scopus|WoS,scopus_nucleo_a1_manutencao_sustentabilidade|scopus_nucleo_a2_contexto_publico_universitario|scopus_nucleo_a4_gestao_ativos_ciclo_vida|wos_nucleo_01|wos_nucleo_02|wos_nucleo_04,A Roadmap to Design Zero Net Energy Buildings Design and Performance Standards for the University of Hawaii || A roadmap to design zero net energy buildings: Design and performance standards for the University of Hawaii,SCOPUS::scopus_nucleo_a1_manutencao_sustentabilidade_raw.csv::00278|SCOPUS::scopus_nucleo_a2_contexto_publico_universitario_raw.csv::00327|SCOPUS::scopus_nucleo_a4_gestao_ativos_ciclo_vida_raw.csv::00677|WOS::WOS_NUCLEO_01_20260708_part01.ris::00556|WOS::WOS_NUCLEO_02_20260708_part01.ris::00251|WOS::WOS_NUCLEO_04_20260708_part01.ris::00297
REG_00280,titulo_normalizado,2,Scopus,scopus_nucleo_a1_manutencao_sustentabilidade|scopus_nucleo_a2_contexto_publico_universitario,Development of Building Information Modelling (BIM) model to enhance services in maintenance of public building,SCOPUS::scopus_nucleo_a1_manutencao_sustentabilidade_raw.csv::00279|SCOPUS::scopus_nucleo_a2_contexto_publico_universitario_raw.csv::00320
REG_00287,doi_e_titulo,2,Scopus,scopus_nucleo_a1_manutencao_sustentabilidade|scopus_nucleo_a3_priorizacao_estrategia_manutencao,BIM based bridge management system,SCOPUS::scopus_nucleo_a1_manutencao_sustentabilidade_raw.csv::00286|SCOPUS::scopus_nucleo_a3_priorizacao_estrategia_manutencao_raw.csv::00378
REG_00301,doi_e_titulo,2,Scopus,scopus_nucleo_a1_manutencao_sustentabilidade|scopus_nucleo_a4_gestao_ativos_ciclo_vida,Challenges in building climate-resilient quality energy infrastructure in Africa,SCOPUS::scopus_nucleo_a1_manutencao_sustentabilidade_raw.csv::00300|SCOPUS::scopus_nucleo_a4_gestao_ativos_ciclo_vida_raw.csv::00680
REG_00307,doi_e_titulo,2,Scopus,scopus_nucleo_a1_manutencao_sustentabilidade|scopus_nucleo_a4_gestao_ativos_ciclo_vida,Assessment of combo-technology based on its sustainability and life cycle implications,SCOPUS::scopus_nucleo_a1_manutencao_sustentabilidade_raw.csv::00306|SCOPUS::scopus_nucleo_a4_gestao_ativos_ciclo_vida_raw.csv::00679
REG_00312,titulo_normalizado,2,Scopus|WoS,scopus_nucleo_a1_manutencao_sustentabilidade|wos_nucleo_01,Cyber physical systems implementation for asset management improvement: A framework for the transition,SCOPUS::scopus_nucleo_a1_manutencao_sustentabilidade_raw.csv::00311|WOS::WOS_NUCLEO_01_20260708_part01.ris::00572
REG_00318,titulo_normalizado,2,Scopus,scopus_nucleo_a1_manutencao_sustentabilidade|scopus_nucleo_a4_gestao_ativos_ciclo_vida,Building asset management system: A performance evaluation approach,SCOPUS::scopus_nucleo_a1_manutencao_sustentabilidade_raw.csv::00317|SCOPUS::scopus_nucleo_a4_gestao_ativos_ciclo_vida_raw.csv::00673
REG_00320,doi_e_titulo,3,Scopus|WoS,scopus_nucleo_a1_manutencao_sustentabilidade|scopus_nucleo_a2_contexto_publico_universitario|wos_nucleo_02,"Space, Like Time, Is Money: Evaluating Space Utilisation in Saudi Arabian Universities",SCOPUS::scopus_nucleo_a1_manutencao_sustentabilidade_raw.csv::00319|SCOPUS::scopus_nucleo_a2_contexto_publico_universitario_raw.csv::00326|WOS::WOS_NUCLEO_02_20260708_part01.ris::00194
REG_00342,titulo_normalizado,2,Scopus,scopus_nucleo_a1_manutencao_sustentabilidade|scopus_nucleo_a2_contexto_publico_universitario,Sustainable e-Operation for University Campus. G.I.S Contribution,SCOPUS::scopus_nucleo_a1_manutencao_sustentabilidade_raw.csv::00342|SCOPUS::scopus_nucleo_a2_contexto_publico_universitario_raw.csv::00325
REG_00364,titulo_normalizado,3,Scopus|WoS,scopus_nucleo_a1_manutencao_sustentabilidade|scopus_nucleo_a2_contexto_publico_universitario|wos_nucleo_02,Pathways to a Low Carbon Economy: The Evolving Role of the University of the Philippines || Pathways to a low carbon economy: The evolving role of the University of the Philippines,SCOPUS::scopus_nucleo_a1_manutencao_sustentabilidade_raw.csv::00364|SCOPUS::scopus_nucleo_a2_contexto_publico_universitario_raw.csv::00332|WOS::WOS_NUCLEO_02_20260708_part01.ris::00250
REG_00365,doi_e_titulo,5,Scopus|WoS,scopus_nucleo_a1_manutencao_sustentabilidade|scopus_nucleo_a3_priorizacao_estrategia_manutencao|scopus_nucleo_a4_gestao_ativos_ciclo_vida|wos_nucleo_01|wos_nucleo_04,A Fuzzy-AHP-Based Decision Support System for Maintenance Strategy Selection in Facility Management || A fuzzy-AHP-based decision support system for maintenance strategy selection in facility management,SCOPUS::scopus_nucleo_a1_manutencao_sustentabilidade_raw.csv::00365|SCOPUS::scopus_nucleo_a3_priorizacao_estrategia_manutencao_raw.csv::00381|SCOPUS::scopus_nucleo_a4_gestao_ativos_ciclo_vida_raw.csv::00681|WOS::WOS_NUCLEO_01_20260708_part01.ris::00040|WOS::WOS_NUCLEO_04_20260708_part01.ris::00055
REG_00366,doi_e_titulo,3,Scopus|WoS,scopus_nucleo_a1_manutencao_sustentabilidade|scopus_nucleo_a4_gestao_ativos_ciclo_vida|wos_nucleo_04,Vehicle's lightweight design vs. electrification from life cycle assessment perspective,SCOPUS::scopus_nucleo_a1_manutencao_sustentabilidade_raw.csv::00366|SCOPUS::scopus_nucleo_a4_gestao_ativos_ciclo_vida_raw.csv::00682|WOS::WOS_NUCLEO_04_20260708_part01.ris::00211
REG_00369,doi_e_titulo,3,Scopus|WoS,scopus_nucleo_a1_manutencao_sustentabilidade|scopus_nucleo_a4_gestao_ativos_ciclo_vida|wos_nucleo_04,A method for analysis of maritime transportation systems in the life cycle approach - The oil tanker example || A method for analysis of maritime transportation systems in the life cycle approach – The oil tanker example,SCOPUS::scopus_nucleo_a1_manutencao_sustentabilidade_raw.csv::00369|SCOPUS::scopus_nucleo_a4_gestao_ativos_ciclo_vida_raw.csv::00683|WOS::WOS_NUCLEO_04_20260708_part01.ris::00190
REG_00370,doi_e_titulo,2,Crossref|Scopus,crossref_nucleo_a3|scopus_nucleo_a1_manutencao_sustentabilidade,Ecological footprint of the use and maintenance phase of buildings: Maintenance tasks and final results,SCOPUS::scopus_nucleo_a1_manutencao_sustentabilidade_raw.csv::00370|CROSSREF::crossref_nucleo_a3_raw.csv::00096
REG_00371,doi_e_titulo,3,Scopus|WoS,scopus_nucleo_a1_manutencao_sustentabilidade|scopus_nucleo_a2_contexto_publico_universitario|wos_nucleo_02,Transformation of a university building into a zero energy building in Mediterranean climate,SCOPUS::scopus_nucleo_a1_manutencao_sustentabilidade_raw.csv::00371|SCOPUS::scopus_nucleo_a2_contexto_publico_universitario_raw.csv::00333|WOS::WOS_NUCLEO_02_20260708_part01.ris::00000
REG_00372,doi_e_titulo,3,Scopus|WoS,scopus_nucleo_a1_manutencao_sustentabilidade|scopus_nucleo_a4_gestao_ativos_ciclo_vida|wos_nucleo_04,Deployable Bamboo Structure Project: A Building Life-Cycle Report || Deployable bamboo structure project: A building life-cycle report,SCOPUS::scopus_nucleo_a1_manutencao_sustentabilidade_raw.csv::00372|SCOPUS::scopus_nucleo_a4_gestao_ativos_ciclo_vida_raw.csv::00684|WOS::WOS_NUCLEO_04_20260708_part01.ris::00189
REG_00383,doi_e_titulo,3,Scopus|WoS,scopus_nucleo_a1_manutencao_sustentabilidade|scopus_nucleo_a4_gestao_ativos_ciclo_vida|wos_nucleo_04,Comparative building performance evaluation of a 'sustainable' community centre and a public library building || Comparative building performance evaluation of a ‘sustainable’ community centre and a public library building,SCOPUS::scopus_nucleo_a1_manutencao_sustentabilidade_raw.csv::00383|SCOPUS::scopus_nucleo_a4_gestao_ativos_ciclo_vida_raw.csv::00685|WOS::WOS_NUCLEO_04_20260708_part01.ris::00327
REG_00388,doi_e_titulo,2,Crossref|Scopus,crossref_nucleo_a2|scopus_nucleo_a1_manutencao_sustentabilidade,Capability challenges of facility management (FM) personnel toward sustainability agenda,SCOPUS::scopus_nucleo_a1_manutencao_sustentabilidade_raw.csv::00388|CROSSREF::crossref_nucleo_a2_raw.csv::00189
REG_00395,doi_e_titulo,2,Scopus|WoS,scopus_nucleo_a1_manutencao_sustentabilidade|wos_nucleo_04,The impact of renovation measures on building environmental performance: An emergy approach,SCOPUS::scopus_nucleo_a1_manutencao_sustentabilidade_raw.csv::00395|WOS::WOS_NUCLEO_04_20260708_part01.ris::00284
REG_00399,titulo_normalizado,3,Scopus|WoS,scopus_nucleo_a1_manutencao_sustentabilidade|scopus_nucleo_a4_gestao_ativos_ciclo_vida|wos_nucleo_04,EMBEDDING LIFE CYCLE COSTING IN 5D BIM || Embedding life cycle costing in 5D BIM,SCOPUS::scopus_nucleo_a1_manutencao_sustentabilidade_raw.csv::00399|SCOPUS::scopus_nucleo_a4_gestao_ativos_ciclo_vida_raw.csv::00686|WOS::WOS_NUCLEO_04_20260708_part01.ris::00286
REG_00409,doi_e_titulo,3,Scopus|WoS,scopus_nucleo_a1_manutencao_sustentabilidade|scopus_nucleo_a4_gestao_ativos_ciclo_vida|wos_nucleo_04,Realising Operational Energy Performance in Non-Domestic Buildings: Lessons Learnt from Initiatives Applied in Cambridge || Realising operational energy performance in non-domestic buildings: Lessons learnt from initiatives applied in Cambridge,SCOPUS::scopus_nucleo_a1_manutencao_sustentabilidade_raw.csv::00409|SCOPUS::scopus_nucleo_a4_gestao_ativos_ciclo_vida_raw.csv::00687|WOS::WOS_NUCLEO_04_20260708_part01.ris::00497
REG_00414,doi_e_titulo,2,Scopus|WoS,scopus_nucleo_a1_manutencao_sustentabilidade|wos_nucleo_01,Factors influencing sustainability of communally-managed water facilities in rural areas of Zimbabwe,SCOPUS::scopus_nucleo_a1_manutencao_sustentabilidade_raw.csv::00414|WOS::WOS_NUCLEO_01_20260708_part01.ris::00427
REG_00415,doi_e_titulo,2,Scopus|WoS,scopus_nucleo_a1_manutencao_sustentabilidade|wos_nucleo_01,AHP-ANP-Fuzzy Integral Integrated Network for Evaluating Performance of Innovative Business Models for Sustainable Building,SCOPUS::scopus_nucleo_a1_manutencao_sustentabilidade_raw.csv::00415|WOS::WOS_NUCLEO_01_20260708_part01.ris::00093
REG_00425,doi_e_titulo,4,Scopus|WoS,scopus_nucleo_a1_manutencao_sustentabilidade|scopus_nucleo_a4_gestao_ativos_ciclo_vida|wos_nucleo_01|wos_nucleo_04,Reliability-Centered Asset Management of Wind Turbines - A Holistic Approach for a Sustainable and Cost-Optimal Maintenance Strategy || Reliability-centered asset management of wind turbines - A holistic approach for a sustainable and cost-optimal maintenance strategy,SCOPUS::scopus_nucleo_a1_manutencao_sustentabilidade_raw.csv::00425|SCOPUS::scopus_nucleo_a4_gestao_ativos_ciclo_vida_raw.csv::00688|WOS::WOS_NUCLEO_01_20260708_part01.ris::00137|WOS::WOS_NUCLEO_04_20260708_part01.ris::00148
REG_00426,doi_e_titulo,3,Scopus|WoS,scopus_nucleo_a1_manutencao_sustentabilidade|scopus_nucleo_a4_gestao_ativos_ciclo_vida|wos_nucleo_04,Environmental impacts of the rental business model compared to the conventional business model: a Korean case of water purifier for home use,SCOPUS::scopus_nucleo_a1_manutencao_sustentabilidade_raw.csv::00426|SCOPUS::scopus_nucleo_a4_gestao_ativos_ciclo_vida_raw.csv::00689|WOS::WOS_NUCLEO_04_20260708_part01.ris::00123
REG_00431,doi,2,Scopus|WoS,scopus_nucleo_a1_manutencao_sustentabilidade|wos_nucleo_01,Hierarchy based information requirements for sustainable operations of buildings in Qatar || Hierarchy based information requirements for sustainable operations of buildings in QatarSergio,SCOPUS::scopus_nucleo_a1_manutencao_sustentabilidade_raw.csv::00431|WOS::WOS_NUCLEO_01_20260708_part01.ris::00368
REG_00438,doi_e_titulo,2,Scopus,scopus_nucleo_a1_manutencao_sustentabilidade|scopus_nucleo_a4_gestao_ativos_ciclo_vida,Life Cycle Energy Assessment of a Multi-storey Residential Building,SCOPUS::scopus_nucleo_a1_manutencao_sustentabilidade_raw.csv::00438|SCOPUS::scopus_nucleo_a4_gestao_ativos_ciclo_vida_raw.csv::00690
REG_00440,doi_e_titulo,2,Scopus|WoS,scopus_nucleo_a1_manutencao_sustentabilidade|wos_nucleo_01,"Life-Cycle Approach to Collecting, Managing, and Sharing Transportation Infrastructure Asset Data",SCOPUS::scopus_nucleo_a1_manutencao_sustentabilidade_raw.csv::00440|WOS::WOS_NUCLEO_01_20260708_part01.ris::00354
REG_00443,doi_e_titulo,2,Scopus|WoS,scopus_nucleo_a1_manutencao_sustentabilidade|wos_nucleo_01,Improved Methodology of Weather Window Prediction for Offshore Operations Based on Probabilities of Operation Failure || Improved methodology of weather window prediction for offshore operations based on probabilities of operation failure,SCOPUS::scopus_nucleo_a1_manutencao_sustentabilidade_raw.csv::00443|WOS::WOS_NUCLEO_01_20260708_part01.ris::00529
REG_00446,doi_e_titulo,3,Scopus|WoS,scopus_nucleo_a1_manutencao_sustentabilidade|scopus_nucleo_a4_gestao_ativos_ciclo_vida|wos_nucleo_04,Economic and Energy Life Cycle Assessment of aerogel-based thermal renders,SCOPUS::scopus_nucleo_a1_manutencao_sustentabilidade_raw.csv::00446|SCOPUS::scopus_nucleo_a4_gestao_ativos_ciclo_vida_raw.csv::00691|WOS::WOS_NUCLEO_04_20260708_part01.ris::00093
REG_00452,doi_e_titulo,3,Scopus|WoS,scopus_nucleo_a1_manutencao_sustentabilidade|scopus_nucleo_a4_gestao_ativos_ciclo_vida|wos_nucleo_04,Life cycle evaluation of hydrogen and other potential fuels for aircrafts,SCOPUS::scopus_nucleo_a1_manutencao_sustentabilidade_raw.csv::00452|SCOPUS::scopus_nucleo_a4_gestao_ativos_ciclo_vida_raw.csv::00692|WOS::WOS_NUCLEO_04_20260708_part01.ris::00138
REG_00453,doi_e_titulo,4,Scopus|WoS,scopus_nucleo_a1_manutencao_sustentabilidade|scopus_nucleo_a4_gestao_ativos_ciclo_vida|wos_nucleo_01|wos_nucleo_04,Analysis of the influence of wood cladding on the thermal behavior of building facades; characterization through simulation by using different tools and comparative testing validation || Analysis of the influence of wood cladding on the thermal behavior of building façades; characterization through simulation by using different tools and comparative testing validation,SCOPUS::scopus_nucleo_a1_manutencao_sustentabilidade_raw.csv::00453|SCOPUS::scopus_nucleo_a4_gestao_ativos_ciclo_vida_raw.csv::00693|WOS::WOS_NUCLEO_01_20260708_part01.ris::00480|WOS::WOS_NUCLEO_04_20260708_part01.ris::00323
REG_00463,doi_e_titulo,3,Scopus|WoS,scopus_nucleo_a1_manutencao_sustentabilidade|scopus_nucleo_a4_gestao_ativos_ciclo_vida|wos_nucleo_04,"One Year Temperature and Heat Pump Performance for a Micro-Community of low Carbon Dwellings, in Wales, UK || One year temperature and heat pump performance for a micro-community of low carbon dwellings, in Wales, UK",SCOPUS::scopus_nucleo_a1_manutencao_sustentabilidade_raw.csv::00463|SCOPUS::scopus_nucleo_a4_gestao_ativos_ciclo_vida_raw.csv::00694|WOS::WOS_NUCLEO_04_20260708_part01.ris::00455
REG_00464,doi_e_titulo,2,Scopus|WoS,scopus_nucleo_a1_manutencao_sustentabilidade|wos_nucleo_01,Quality of Care in Performance-Based Financing: How It Is Incorporated in 32 Programs Across 28 Countries || Quality of care in performance-based financing: How it is incorporated in 32 programs across 28 countries,SCOPUS::scopus_nucleo_a1_manutencao_sustentabilidade_raw.csv::00464|WOS::WOS_NUCLEO_01_20260708_part01.ris::00602
REG_00469,titulo_normalizado,2,Scopus,scopus_nucleo_a1_manutencao_sustentabilidade|scopus_nucleo_a4_gestao_ativos_ciclo_vida,Waste management in green building operations using GSCM,SCOPUS::scopus_nucleo_a1_manutencao_sustentabilidade_raw.csv::00469|SCOPUS::scopus_nucleo_a4_gestao_ativos_ciclo_vida_raw.csv::00695
REG_00475,doi_e_titulo,2,Scopus,scopus_nucleo_a1_manutencao_sustentabilidade|scopus_nucleo_a4_gestao_ativos_ciclo_vida,Asset management for buildings within the framework of building information modeling development,SCOPUS::scopus_nucleo_a1_manutencao_sustentabilidade_raw.csv::00475|SCOPUS::scopus_nucleo_a4_gestao_ativos_ciclo_vida_raw.csv::00696
REG_00476,doi_e_titulo,2,Scopus|WoS,scopus_nucleo_a1_manutencao_sustentabilidade|wos_nucleo_04,Carbon management of infrastructure performance: Integrated big data analytics and pavement-vehicle-interactions,SCOPUS::scopus_nucleo_a1_manutencao_sustentabilidade_raw.csv::00476|WOS::WOS_NUCLEO_04_20260708_part01.ris::00404
REG_00478,doi_e_titulo,2,Scopus|WoS,scopus_nucleo_a1_manutencao_sustentabilidade|wos_nucleo_02,Efficient Energy Solutions Enabling Smart City Deployment || Efficient energy solutions: Enabling smart city deployment,SCOPUS::scopus_nucleo_a1_manutencao_sustentabilidade_raw.csv::00478|WOS::WOS_NUCLEO_02_20260708_part01.ris::00415
REG_00485,titulo_normalizado,2,Scopus,scopus_nucleo_a1_manutencao_sustentabilidade|scopus_nucleo_a4_gestao_ativos_ciclo_vida,Life cycle cost analysis: Green vs conventional buildings in Sri Lanka,SCOPUS::scopus_nucleo_a1_manutencao_sustentabilidade_raw.csv::00485|SCOPUS::scopus_nucleo_a4_gestao_ativos_ciclo_vida_raw.csv::00697
REG_00486,doi_e_titulo,2,Scopus|WoS,scopus_nucleo_a1_manutencao_sustentabilidade|wos_nucleo_04,Developing a research framework for the green maintainability of buildings,SCOPUS::scopus_nucleo_a1_manutencao_sustentabilidade_raw.csv::00486|WOS::WOS_NUCLEO_04_20260708_part01.ris::00132
REG_00488,doi_e_titulo,2,Scopus|WoS,scopus_nucleo_a1_manutencao_sustentabilidade|wos_nucleo_01,Development of an energy efficiency rating system for existing buildings using Analytic Hierarchy Process - The case of Egypt || Development of an energy efficiency rating system for existing buildings using Analytic Hierarchy Process – The case of Egypt,SCOPUS::scopus_nucleo_a1_manutencao_sustentabilidade_raw.csv::00488|WOS::WOS_NUCLEO_01_20260708_part01.ris::00007
REG_00489,doi_e_titulo,3,Scopus|WoS,scopus_nucleo_a1_manutencao_sustentabilidade|scopus_nucleo_a3_priorizacao_estrategia_manutencao|wos_nucleo_01,Knowledge-based Lean Six Sigma maintenance system for sustainable buildings,SCOPUS::scopus_nucleo_a1_manutencao_sustentabilidade_raw.csv::00489|SCOPUS::scopus_nucleo_a3_priorizacao_estrategia_manutencao_raw.csv::00404|WOS::WOS_NUCLEO_01_20260708_part01.ris::00013
REG_00492,doi_e_titulo,2,Scopus,scopus_nucleo_a1_manutencao_sustentabilidade|scopus_nucleo_a4_gestao_ativos_ciclo_vida,Proposal of a methodology for achieving a LEED O+M certification in historic buildings,SCOPUS::scopus_nucleo_a1_manutencao_sustentabilidade_raw.csv::00492|SCOPUS::scopus_nucleo_a4_gestao_ativos_ciclo_vida_raw.csv::00713
REG_00496,doi,3,Scopus|WoS,scopus_nucleo_a1_manutencao_sustentabilidade|scopus_nucleo_a2_contexto_publico_universitario|wos_nucleo_02,ASSESSMENT OF EFFECTIVE ENERGY RETROFIT STRATEGIES AND RELATED IMPACT ON INDOOR ENVIRONMENTAL QUALITY || Assessment of effective energy retrofit strategies and related impact on indoor environmental quality: A case study of an elementary school in the state of Maryland,SCOPUS::scopus_nucleo_a1_manutencao_sustentabilidade_raw.csv::00496|SCOPUS::scopus_nucleo_a2_contexto_publico_universitario_raw.csv::00342|WOS::WOS_NUCLEO_02_20260708_part01.ris::00063
REG_00497,doi_e_titulo,2,Scopus,scopus_nucleo_a1_manutencao_sustentabilidade|scopus_nucleo_a3_priorizacao_estrategia_manutencao,Positioning the facilities manager’s role throughout the building lifecycle,SCOPUS::scopus_nucleo_a1_manutencao_sustentabilidade_raw.csv::00497|SCOPUS::scopus_nucleo_a3_priorizacao_estrategia_manutencao_raw.csv::00390
REG_00501,doi_e_titulo,3,Scopus|WoS,scopus_nucleo_a1_manutencao_sustentabilidade|scopus_nucleo_a4_gestao_ativos_ciclo_vida|wos_nucleo_04,An Economic Analysis of BIM-Based Data Collection Systems in Facility Management,SCOPUS::scopus_nucleo_a1_manutencao_sustentabilidade_raw.csv::00501|SCOPUS::scopus_nucleo_a4_gestao_ativos_ciclo_vida_raw.csv::00700|WOS::WOS_NUCLEO_04_20260708_part01.ris::00216
REG_00502,doi_e_titulo,4,Scopus|WoS,scopus_nucleo_a1_manutencao_sustentabilidade|scopus_nucleo_a4_gestao_ativos_ciclo_vida|wos_nucleo_01|wos_nucleo_04,Digital Technologies in Facility Management - The state of Practice and Research Challenges || Digital technologies in Facility Management - the state of practice and research challenges,SCOPUS::scopus_nucleo_a1_manutencao_sustentabilidade_raw.csv::00502|SCOPUS::scopus_nucleo_a4_gestao_ativos_ciclo_vida_raw.csv::00699|WOS::WOS_NUCLEO_01_20260708_part01.ris::00172|WOS::WOS_NUCLEO_04_20260708_part01.ris::00242
REG_00503,titulo_normalizado,2,Scopus,scopus_nucleo_a1_manutencao_sustentabilidade|scopus_nucleo_a4_gestao_ativos_ciclo_vida,Assessing and mapping the carbon foot-print of a campus environment using BIM and geo-spatial techniques,SCOPUS::scopus_nucleo_a1_manutencao_sustentabilidade_raw.csv::00503|SCOPUS::scopus_nucleo_a4_gestao_ativos_ciclo_vida_raw.csv::00702
REG_00505,doi_e_titulo,2,Crossref|Scopus,crossref_nucleo_a2|scopus_nucleo_a1_manutencao_sustentabilidade,Building information modelling for facility management: Are we there yet? || Building information modelling for facility management: are we there yet?,SCOPUS::scopus_nucleo_a1_manutencao_sustentabilidade_raw.csv::00505|CROSSREF::crossref_nucleo_a2_raw.csv::00162
REG_00507,doi_e_titulo,2,Scopus,scopus_nucleo_a1_manutencao_sustentabilidade|scopus_nucleo_a4_gestao_ativos_ciclo_vida,Development of a building information modelling (BIM)-based real-time data integration system using a building management system (BMS),SCOPUS::scopus_nucleo_a1_manutencao_sustentabilidade_raw.csv::00507|SCOPUS::scopus_nucleo_a4_gestao_ativos_ciclo_vida_raw.csv::00704
REG_00508,titulo_normalizado,4,Scopus,scopus_nucleo_a1_manutencao_sustentabilidade|scopus_nucleo_a2_contexto_publico_universitario|scopus_nucleo_a3_priorizacao_estrategia_manutencao|scopus_nucleo_a4_gestao_ativos_ciclo_vida,A semi-automated approach for detecting building spaces with deteriorating performance using IFC-BIM and energy simulations,SCOPUS::scopus_nucleo_a1_manutencao_sustentabilidade_raw.csv::00508|SCOPUS::scopus_nucleo_a2_contexto_publico_universitario_raw.csv::00340|SCOPUS::scopus_nucleo_a3_priorizacao_estrategia_manutencao_raw.csv::00391|SCOPUS::scopus_nucleo_a4_gestao_ativos_ciclo_vida_raw.csv::00710
REG_00512,doi_e_titulo,3,Scopus|WoS,scopus_nucleo_a1_manutencao_sustentabilidade|wos_nucleo_01|wos_nucleo_04,Practice vs theory: short-term financials trumps long-term value creation,SCOPUS::scopus_nucleo_a1_manutencao_sustentabilidade_raw.csv::00512|WOS::WOS_NUCLEO_01_20260708_part01.ris::00312|WOS::WOS_NUCLEO_04_20260708_part01.ris::00258
REG_00516,doi_e_titulo,2,Scopus|WoS,scopus_nucleo_a1_manutencao_sustentabilidade|wos_nucleo_04,"The atmospheric environmental impact of a Korean traditional building's life cycle, along with carbon footprint analysis",SCOPUS::scopus_nucleo_a1_manutencao_sustentabilidade_raw.csv::00516|WOS::WOS_NUCLEO_04_20260708_part01.ris::00051
REG_00521,doi_e_titulo,2,Scopus,scopus_nucleo_a1_manutencao_sustentabilidade|scopus_nucleo_a4_gestao_ativos_ciclo_vida,Sustainability performance in sport facilities management,SCOPUS::scopus_nucleo_a1_manutencao_sustentabilidade_raw.csv::00521|SCOPUS::scopus_nucleo_a4_gestao_ativos_ciclo_vida_raw.csv::00703
REG_00522,titulo_normalizado,2,Scopus,scopus_nucleo_a1_manutencao_sustentabilidade|scopus_nucleo_a3_priorizacao_estrategia_manutencao,Occupants’ perspective on building maintenance and workers’ maintenance performance in residential buildings - An empirical study,SCOPUS::scopus_nucleo_a1_manutencao_sustentabilidade_raw.csv::00522|SCOPUS::scopus_nucleo_a3_priorizacao_estrategia_manutencao_raw.csv::00398
REG_00523,titulo_normalizado,4,Scopus,scopus_nucleo_a1_manutencao_sustentabilidade|scopus_nucleo_a2_contexto_publico_universitario|scopus_nucleo_a3_priorizacao_estrategia_manutencao|scopus_nucleo_a4_gestao_ativos_ciclo_vida,Condition-based building maintenance strategy selection using constraint programming,SCOPUS::scopus_nucleo_a1_manutencao_sustentabilidade_raw.csv::00523|SCOPUS::scopus_nucleo_a2_contexto_publico_universitario_raw.csv::00343|SCOPUS::scopus_nucleo_a3_priorizacao_estrategia_manutencao_raw.csv::00389|SCOPUS::scopus_nucleo_a4_gestao_ativos_ciclo_vida_raw.csv::00708
REG_00524,titulo_normalizado,3,Scopus|WoS,scopus_nucleo_a1_manutencao_sustentabilidade|scopus_nucleo_a4_gestao_ativos_ciclo_vida|wos_nucleo_04,New methods of optimizing building maintenance,SCOPUS::scopus_nucleo_a1_manutencao_sustentabilidade_raw.csv::00524|SCOPUS::scopus_nucleo_a4_gestao_ativos_ciclo_vida_raw.csv::00701|WOS::WOS_NUCLEO_04_20260708_part01.ris::00063
REG_00526,titulo_normalizado,2,Scopus,scopus_nucleo_a1_manutencao_sustentabilidade|scopus_nucleo_a4_gestao_ativos_ciclo_vida,"Trends, benefits and challenges in utilizing Building Information Modeling technology for Building operation and maintenance",SCOPUS::scopus_nucleo_a1_manutencao_sustentabilidade_raw.csv::00526|SCOPUS::scopus_nucleo_a4_gestao_ativos_ciclo_vida_raw.csv::00706
REG_00534,doi_e_titulo,2,Scopus,scopus_nucleo_a1_manutencao_sustentabilidade|scopus_nucleo_a3_priorizacao_estrategia_manutencao,BIM to facilities management: Presenting a proven workflow for information exchange,SCOPUS::scopus_nucleo_a1_manutencao_sustentabilidade_raw.csv::00534|SCOPUS::scopus_nucleo_a3_priorizacao_estrategia_manutencao_raw.csv::00392
REG_00536,doi_e_titulo,2,Scopus,scopus_nucleo_a1_manutencao_sustentabilidade|scopus_nucleo_a4_gestao_ativos_ciclo_vida,"Building design, construction and performance in tropical climates",SCOPUS::scopus_nucleo_a1_manutencao_sustentabilidade_raw.csv::00536|SCOPUS::scopus_nucleo_a4_gestao_ativos_ciclo_vida_raw.csv::00705
REG_00538,doi_e_titulo,3,Scopus|WoS,scopus_nucleo_a1_manutencao_sustentabilidade|scopus_nucleo_a4_gestao_ativos_ciclo_vida|wos_nucleo_04,The Environmental Performance of Prefabricated Building and Construction: A Critical Review,SCOPUS::scopus_nucleo_a1_manutencao_sustentabilidade_raw.csv::00538|SCOPUS::scopus_nucleo_a4_gestao_ativos_ciclo_vida_raw.csv::00709|WOS::WOS_NUCLEO_04_20260708_part01.ris::00185
REG_00544,doi_e_titulo,2,Crossref|Scopus,crossref_nucleo_a2|scopus_nucleo_a1_manutencao_sustentabilidade,"Managing sustainability efforts in building design, construction, consulting, and facility management firms",SCOPUS::scopus_nucleo_a1_manutencao_sustentabilidade_raw.csv::00544|CROSSREF::crossref_nucleo_a2_raw.csv::00003
REG_00545,doi_e_titulo,2,Scopus|WoS,scopus_nucleo_a1_manutencao_sustentabilidade|wos_nucleo_01,Leveraging BIM and Big Data to deliver well maintained highways,SCOPUS::scopus_nucleo_a1_manutencao_sustentabilidade_raw.csv::00545|WOS::WOS_NUCLEO_01_20260708_part01.ris::00422
REG_00556,titulo_normalizado,2,Scopus,scopus_nucleo_a1_manutencao_sustentabilidade|scopus_nucleo_a4_gestao_ativos_ciclo_vida,Synchronised monitoring of sustainability and life cycle costs with a modular maritime IT-platform,SCOPUS::scopus_nucleo_a1_manutencao_sustentabilidade_raw.csv::00556|SCOPUS::scopus_nucleo_a4_gestao_ativos_ciclo_vida_raw.csv::00698
REG_00562,doi_e_titulo,2,Crossref|Scopus,crossref_nucleo_a5|scopus_nucleo_a1_manutencao_sustentabilidade,Environmental Impact Analysis on Residential Building in Malaysia Using Life Cycle Assessment || Environmental impact analysis on residential building in Malaysia using life cycle assessment,SCOPUS::scopus_nucleo_a1_manutencao_sustentabilidade_raw.csv::00562|CROSSREF::crossref_nucleo_a5_raw.csv::00129
REG_00563,doi_e_titulo,2,Scopus,scopus_nucleo_a1_manutencao_sustentabilidade|scopus_nucleo_a4_gestao_ativos_ciclo_vida,To demolish or not to demolish: Life cycle consideration of repurposing buildings,SCOPUS::scopus_nucleo_a1_manutencao_sustentabilidade_raw.csv::00563|SCOPUS::scopus_nucleo_a4_gestao_ativos_ciclo_vida_raw.csv::00707
REG_00565,doi_e_titulo,3,Scopus|WoS,scopus_nucleo_a1_manutencao_sustentabilidade|scopus_nucleo_a4_gestao_ativos_ciclo_vida|wos_nucleo_04,Application of nD BIM Integrated Knowledge-based Building Management System (BIM-IKBMS) for inspecting post-construction energy efficiency,SCOPUS::scopus_nucleo_a1_manutencao_sustentabilidade_raw.csv::00565|SCOPUS::scopus_nucleo_a4_gestao_ativos_ciclo_vida_raw.csv::00716|WOS::WOS_NUCLEO_04_20260708_part01.ris::00275
REG_00570,doi_e_titulo,2,Scopus|WoS,scopus_nucleo_a1_manutencao_sustentabilidade|wos_nucleo_01,Economical selection of optimum pressurized hollow fiber membrane modules in water purification system using RbLCC,SCOPUS::scopus_nucleo_a1_manutencao_sustentabilidade_raw.csv::00570|WOS::WOS_NUCLEO_01_20260708_part01.ris::00267
REG_00576,doi_e_titulo,2,Scopus|WoS,scopus_nucleo_a1_manutencao_sustentabilidade|wos_nucleo_01,"Ecology, energy efficiency and resource efficiency as the objectives of rail vehicles renewal",SCOPUS::scopus_nucleo_a1_manutencao_sustentabilidade_raw.csv::00576|WOS::WOS_NUCLEO_01_20260708_part01.ris::00183
REG_00586,titulo_normalizado,2,Scopus,scopus_nucleo_a1_manutencao_sustentabilidade|scopus_nucleo_a3_priorizacao_estrategia_manutencao,Challenges in naval ship maintenance,SCOPUS::scopus_nucleo_a1_manutencao_sustentabilidade_raw.csv::00586|SCOPUS::scopus_nucleo_a3_priorizacao_estrategia_manutencao_raw.csv::00395
REG_00587,doi_e_titulo,2,Scopus,scopus_nucleo_a1_manutencao_sustentabilidade|scopus_nucleo_a4_gestao_ativos_ciclo_vida,Occupancy-driven facility management and building performance analysis,SCOPUS::scopus_nucleo_a1_manutencao_sustentabilidade_raw.csv::00587|SCOPUS::scopus_nucleo_a4_gestao_ativos_ciclo_vida_raw.csv::00711
REG_00589,doi_e_titulo,3,Crossref|Scopus,crossref_nucleo_a1|scopus_nucleo_a1_manutencao_sustentabilidade|scopus_nucleo_a3_priorizacao_estrategia_manutencao,Bibliometric review of improvements in building maintenance,SCOPUS::scopus_nucleo_a1_manutencao_sustentabilidade_raw.csv::00589|SCOPUS::scopus_nucleo_a3_priorizacao_estrategia_manutencao_raw.csv::00401|CROSSREF::crossref_nucleo_a1_raw.csv::00175
REG_00594,doi_e_titulo,3,Scopus|WoS,scopus_nucleo_a1_manutencao_sustentabilidade|scopus_nucleo_a4_gestao_ativos_ciclo_vida|wos_nucleo_04,Planning of Maintenance Resources for the Service of Offshore Wind Turbines by Means of Simulation,SCOPUS::scopus_nucleo_a1_manutencao_sustentabilidade_raw.csv::00594|SCOPUS::scopus_nucleo_a4_gestao_ativos_ciclo_vida_raw.csv::00712|WOS::WOS_NUCLEO_04_20260708_part01.ris::00175
REG_00597,doi_e_titulo,2,Scopus|WoS,scopus_nucleo_a1_manutencao_sustentabilidade|wos_nucleo_02,"Modelling energy consumption behaviour using ""energy culture"" concept for student accommodations in Malaysian public universities || Modelling energy consumption behaviour using “energy culture” concept for student accommodations in Malaysian public universities",SCOPUS::scopus_nucleo_a1_manutencao_sustentabilidade_raw.csv::00597|WOS::WOS_NUCLEO_02_20260708_part01.ris::00440
REG_00598,doi_e_titulo,3,Scopus|WoS,scopus_nucleo_a1_manutencao_sustentabilidade|scopus_nucleo_a4_gestao_ativos_ciclo_vida|wos_nucleo_04,Measuring perception about sustainability of building materials in Kosovo,SCOPUS::scopus_nucleo_a1_manutencao_sustentabilidade_raw.csv::00598|SCOPUS::scopus_nucleo_a4_gestao_ativos_ciclo_vida_raw.csv::00720|WOS::WOS_NUCLEO_04_20260708_part01.ris::00312
REG_00600,titulo_normalizado,2,Scopus,scopus_nucleo_a1_manutencao_sustentabilidade|scopus_nucleo_a4_gestao_ativos_ciclo_vida,From biogas to boiler fuel - Cleaning up digester gas biologically at a large scale,SCOPUS::scopus_nucleo_a1_manutencao_sustentabilidade_raw.csv::00600|SCOPUS::scopus_nucleo_a4_gestao_ativos_ciclo_vida_raw.csv::00715
REG_00601,doi_e_titulo,2,Scopus,scopus_nucleo_a1_manutencao_sustentabilidade|scopus_nucleo_a4_gestao_ativos_ciclo_vida,Engineering for sustainable communities: Principles and practices,SCOPUS::scopus_nucleo_a1_manutencao_sustentabilidade_raw.csv::00601|SCOPUS::scopus_nucleo_a4_gestao_ativos_ciclo_vida_raw.csv::00717
REG_00612,doi_e_titulo,3,Scopus,scopus_nucleo_a1_manutencao_sustentabilidade|scopus_nucleo_a3_priorizacao_estrategia_manutencao|scopus_nucleo_a4_gestao_ativos_ciclo_vida,A unique approach to rejuvenating a high rise building with deteriorating precast cladding,SCOPUS::scopus_nucleo_a1_manutencao_sustentabilidade_raw.csv::00612|SCOPUS::scopus_nucleo_a3_priorizacao_estrategia_manutencao_raw.csv::00402|SCOPUS::scopus_nucleo_a4_gestao_ativos_ciclo_vida_raw.csv::00714
REG_00613,doi_e_titulo,2,Scopus|WoS,scopus_nucleo_a1_manutencao_sustentabilidade|wos_nucleo_01,Sustainability assessment of groundwater remediation technologies based on multi-criteria decision making method,SCOPUS::scopus_nucleo_a1_manutencao_sustentabilidade_raw.csv::00613|WOS::WOS_NUCLEO_01_20260708_part01.ris::00035
REG_00634,doi_e_titulo,2,Scopus|WoS,scopus_nucleo_a1_manutencao_sustentabilidade|wos_nucleo_02,Use of Low-quality Biogenic Fuels in a Decentralized Biomass Boiler for Thermal Energy Generation,SCOPUS::scopus_nucleo_a1_manutencao_sustentabilidade_raw.csv::00634|WOS::WOS_NUCLEO_02_20260708_part01.ris::00476
REG_00635,doi_e_titulo,3,Scopus|WoS,scopus_nucleo_a1_manutencao_sustentabilidade|scopus_nucleo_a4_gestao_ativos_ciclo_vida|wos_nucleo_04,The afterlife clause; towards a strategy for improved adaptation in retail property,SCOPUS::scopus_nucleo_a1_manutencao_sustentabilidade_raw.csv::00635|SCOPUS::scopus_nucleo_a4_gestao_ativos_ciclo_vida_raw.csv::00719|WOS::WOS_NUCLEO_04_20260708_part01.ris::00501
REG_00638,doi_e_titulo,2,Scopus,scopus_nucleo_a1_manutencao_sustentabilidade|scopus_nucleo_a4_gestao_ativos_ciclo_vida,The mistralwind project-towards a remaining useful lifetime analysis and holistic asset management approach for more sustainability of wind turbine structures,SCOPUS::scopus_nucleo_a1_manutencao_sustentabilidade_raw.csv::00638|SCOPUS::scopus_nucleo_a4_gestao_ativos_ciclo_vida_raw.csv::00718
REG_00654,doi_e_titulo,2,Scopus|WoS,scopus_nucleo_a1_manutencao_sustentabilidade|wos_nucleo_01,Developing a new optimization framework for power generation expansion planning with the inclusion of renewable energy - A case study of Iran || Developing a new optimization framework for power generation expansion planning with the inclusion of renewable energy-A case study of Iran,SCOPUS::scopus_nucleo_a1_manutencao_sustentabilidade_raw.csv::00654|WOS::WOS_NUCLEO_01_20260708_part01.ris::00122
REG_00662,doi_e_titulo,2,Scopus|WoS,scopus_nucleo_a1_manutencao_sustentabilidade|wos_nucleo_01,Determination of an economically-suitable and sustainable standalone power system for an off-grid town in Western Australia,SCOPUS::scopus_nucleo_a1_manutencao_sustentabilidade_raw.csv::00662|WOS::WOS_NUCLEO_01_20260708_part01.ris::00537
REG_00665,doi_e_titulo,2,Scopus|WoS,scopus_nucleo_a1_manutencao_sustentabilidade|wos_nucleo_01,Smart Solution to Improve Water-energy Nexus for Water Supply Systems || Smart solution to improve water-energy nexus for water supply systems,SCOPUS::scopus_nucleo_a1_manutencao_sustentabilidade_raw.csv::00665|WOS::WOS_NUCLEO_01_20260708_part01.ris::00349
REG_00670,doi_e_titulo,2,Scopus|WoS,scopus_nucleo_a1_manutencao_sustentabilidade|wos_nucleo_02,Data Flow Requirements for Integrating Smart Buildings and a Smart Grid through Model Predictive Control || Data flow requirements for integrating smart buildings and a smart grid through model predictive control,SCOPUS::scopus_nucleo_a1_manutencao_sustentabilidade_raw.csv::00670|WOS::WOS_NUCLEO_02_20260708_part01.ris::00459
REG_00672,doi_e_titulo,3,Scopus|WoS,scopus_nucleo_a1_manutencao_sustentabilidade|scopus_nucleo_a3_priorizacao_estrategia_manutencao|wos_nucleo_01,Control problems in building energy retrofit and maintenance planning,SCOPUS::scopus_nucleo_a1_manutencao_sustentabilidade_raw.csv::00672|SCOPUS::scopus_nucleo_a3_priorizacao_estrategia_manutencao_raw.csv::00399|WOS::WOS_NUCLEO_01_20260708_part01.ris::00562
REG_00681,doi_e_titulo,2,Scopus|WoS,scopus_nucleo_a1_manutencao_sustentabilidade|wos_nucleo_02,"Applying a transportation rating system to advance sustainability evaluation, planning and partnerships",SCOPUS::scopus_nucleo_a1_manutencao_sustentabilidade_raw.csv::00681|WOS::WOS_NUCLEO_02_20260708_part01.ris::00402
REG_00695,doi_e_titulo,2,Scopus|WoS,scopus_nucleo_a1_manutencao_sustentabilidade|wos_nucleo_01,Multi-objective design optimization of distributed energy systems through cost and exergy assessments || Multi-objective design optimization of distributed-energy systems through cost and exergy assessments,SCOPUS::scopus_nucleo_a1_manutencao_sustentabilidade_raw.csv::00695|WOS::WOS_NUCLEO_01_20260708_part01.ris::00603
REG_00697,titulo_normalizado,2,Scopus,scopus_nucleo_a1_manutencao_sustentabilidade|scopus_nucleo_a4_gestao_ativos_ciclo_vida,Current challenges and conceptual model of green and sustainable software engineering,SCOPUS::scopus_nucleo_a1_manutencao_sustentabilidade_raw.csv::00697|SCOPUS::scopus_nucleo_a4_gestao_ativos_ciclo_vida_raw.csv::00721
REG_00704,doi_e_titulo,4,Scopus|WoS,scopus_nucleo_a1_manutencao_sustentabilidade|scopus_nucleo_a4_gestao_ativos_ciclo_vida|wos_nucleo_01|wos_nucleo_04,Integrated environmental sustainability and resilience assessment model for coastal flood hazards,SCOPUS::scopus_nucleo_a1_manutencao_sustentabilidade_raw.csv::00704|SCOPUS::scopus_nucleo_a4_gestao_ativos_ciclo_vida_raw.csv::00723|WOS::WOS_NUCLEO_01_20260708_part01.ris::00031|WOS::WOS_NUCLEO_04_20260708_part01.ris::00157
REG_00707,doi_e_titulo,2,Scopus|WoS,scopus_nucleo_a1_manutencao_sustentabilidade|wos_nucleo_01,Environmental Relative Burden Index: A Streamlined Life Cycle Assessment Method for Facilities Pollution Prevention || Environmental relative burden index: A streamlined life cycle assessment method for facilities pollution prevention,SCOPUS::scopus_nucleo_a1_manutencao_sustentabilidade_raw.csv::00707|WOS::WOS_NUCLEO_01_20260708_part01.ris::00193
REG_00710,doi_e_titulo,3,Scopus|WoS,scopus_nucleo_a1_manutencao_sustentabilidade|scopus_nucleo_a4_gestao_ativos_ciclo_vida|wos_nucleo_04,Teaching life cycle assessment in environmental engineering: a disinfection case study for students,SCOPUS::scopus_nucleo_a1_manutencao_sustentabilidade_raw.csv::00710|SCOPUS::scopus_nucleo_a4_gestao_ativos_ciclo_vida_raw.csv::00722|WOS::WOS_NUCLEO_04_20260708_part01.ris::00202
REG_00711,doi_e_titulo,4,Scopus|WoS,scopus_nucleo_a1_manutencao_sustentabilidade|wos_nucleo_01|wos_nucleo_02|wos_nucleo_04,Ranking the indicators of building performance and the users' risk via Analytical Hierarchy Process (AHP): Case of Malaysia || Ranking the indicators of building performance and the users’ risk via Analytical Hierarchy Process (AHP): Case of Malaysia,SCOPUS::scopus_nucleo_a1_manutencao_sustentabilidade_raw.csv::00711|WOS::WOS_NUCLEO_01_20260708_part01.ris::00406|WOS::WOS_NUCLEO_02_20260708_part01.ris::00022|WOS::WOS_NUCLEO_04_20260708_part01.ris::00420
REG_00712,doi_e_titulo,2,Scopus|WoS,scopus_nucleo_a1_manutencao_sustentabilidade|wos_nucleo_01,Life Cycle Cost Evaluation of Noise and Vibration Control Methods at Urban Railway Turnouts || Life cycle cost evaluation of noise and vibration control methods at urban railway turnouts,SCOPUS::scopus_nucleo_a1_manutencao_sustentabilidade_raw.csv::00712|WOS::WOS_NUCLEO_01_20260708_part01.ris::00399
REG_00714,doi_e_titulo,3,Scopus|WoS,scopus_nucleo_a1_manutencao_sustentabilidade|scopus_nucleo_a4_gestao_ativos_ciclo_vida|wos_nucleo_04,Integrating and optimizing metrics of sustainable building performance using human-focused agent-based modeling,SCOPUS::scopus_nucleo_a1_manutencao_sustentabilidade_raw.csv::00714|SCOPUS::scopus_nucleo_a4_gestao_ativos_ciclo_vida_raw.csv::00724|WOS::WOS_NUCLEO_04_20260708_part01.ris::00402
REG_00725,doi_e_titulo,2,Scopus|WoS,scopus_nucleo_a1_manutencao_sustentabilidade|wos_nucleo_01,"Exploring the determinants of migrant workers' housing tenure choice towards public rental housing: A case study in Chongqing, China",SCOPUS::scopus_nucleo_a1_manutencao_sustentabilidade_raw.csv::00725|WOS::WOS_NUCLEO_01_20260708_part01.ris::00441
REG_00727,doi_e_titulo,2,Scopus|WoS,scopus_nucleo_a1_manutencao_sustentabilidade|wos_nucleo_01,Mixture of primary and secondary municipal wastewater sludge as a short-term substrate in 2 MW agricultural biogas plant: site-specific sustainability of enzymatic and ultrasound pretreatments,SCOPUS::scopus_nucleo_a1_manutencao_sustentabilidade_raw.csv::00727|WOS::WOS_NUCLEO_01_20260708_part01.ris::00412
REG_00731,doi_e_titulo,2,Scopus|WoS,scopus_nucleo_a1_manutencao_sustentabilidade|wos_nucleo_01,A new green index as an overall quantitative green performance indicator of a facility,SCOPUS::scopus_nucleo_a1_manutencao_sustentabilidade_raw.csv::00731|WOS::WOS_NUCLEO_01_20260708_part01.ris::00028
REG_00732,doi_e_titulo,5,Scopus|WoS,scopus_nucleo_a1_manutencao_sustentabilidade|scopus_nucleo_a4_gestao_ativos_ciclo_vida|wos_nucleo_01|wos_nucleo_02|wos_nucleo_04,Holistic Postoccupancy Evaluation Framework for Campus Residential Housing Facilities,SCOPUS::scopus_nucleo_a1_manutencao_sustentabilidade_raw.csv::00732|SCOPUS::scopus_nucleo_a4_gestao_ativos_ciclo_vida_raw.csv::00725|WOS::WOS_NUCLEO_01_20260708_part01.ris::00450|WOS::WOS_NUCLEO_02_20260708_part01.ris::00303|WOS::WOS_NUCLEO_04_20260708_part01.ris::00417
REG_00736,doi_e_titulo,2,Scopus|WoS,scopus_nucleo_a1_manutencao_sustentabilidade|wos_nucleo_01,Intelligent monitoring-based safety system of massage robot,SCOPUS::scopus_nucleo_a1_manutencao_sustentabilidade_raw.csv::00736|WOS::WOS_NUCLEO_01_20260708_part01.ris::00316
REG_00747,doi_e_titulo,3,Scopus|WoS,scopus_nucleo_a1_manutencao_sustentabilidade|scopus_nucleo_a4_gestao_ativos_ciclo_vida|wos_nucleo_04,Upgrading of biogas to bio-methane with chemical absorption process: Simulation and environmental impact || Upgrading of biogas to bio-methane with chemical absorption process: simulation and environmental impact,SCOPUS::scopus_nucleo_a1_manutencao_sustentabilidade_raw.csv::00747|SCOPUS::scopus_nucleo_a4_gestao_ativos_ciclo_vida_raw.csv::00726|WOS::WOS_NUCLEO_04_20260708_part01.ris::00335
REG_00752,doi_e_titulo,3,Scopus|WoS,scopus_nucleo_a1_manutencao_sustentabilidade|scopus_nucleo_a4_gestao_ativos_ciclo_vida|wos_nucleo_04,Sustainable Reverse Osmosis application for wastewater treatment in the steel industry,SCOPUS::scopus_nucleo_a1_manutencao_sustentabilidade_raw.csv::00752|SCOPUS::scopus_nucleo_a4_gestao_ativos_ciclo_vida_raw.csv::00727|WOS::WOS_NUCLEO_04_20260708_part01.ris::00475
REG_00753,doi_e_titulo,2,Scopus|WoS,scopus_nucleo_a1_manutencao_sustentabilidade|wos_nucleo_04,An approach towards sustainable renovation-A tool for decision support in early project stages,SCOPUS::scopus_nucleo_a1_manutencao_sustentabilidade_raw.csv::00753|WOS::WOS_NUCLEO_04_20260708_part01.ris::00414
REG_00757,doi_e_titulo,2,Scopus|WoS,scopus_nucleo_a1_manutencao_sustentabilidade|wos_nucleo_01,FUZZY ACTIVITY BASED LIFE CYCLE COSTING FOR REPAIRABLE EQUIPMENT || Fuzzy Activity Based Life Cycle Costing for Repairable Equipment,SCOPUS::scopus_nucleo_a1_manutencao_sustentabilidade_raw.csv::00757|WOS::WOS_NUCLEO_01_20260708_part01.ris::00132
REG_00763,doi_e_titulo,2,Scopus|WoS,scopus_nucleo_a1_manutencao_sustentabilidade|wos_nucleo_01,Assessing Sustainable Rural Community Tourism Using the AHP and TOPSIS Approaches under Fuzzy Environment,SCOPUS::scopus_nucleo_a1_manutencao_sustentabilidade_raw.csv::00763|WOS::WOS_NUCLEO_01_20260708_part01.ris::00151
REG_00766,doi_e_titulo,2,Scopus|WoS,scopus_nucleo_a1_manutencao_sustentabilidade|wos_nucleo_01,Using failure mode and effects analysis to evaluate barriers to the greening of existing buildings using the Leadership in Energy and Environmental Design rating system,SCOPUS::scopus_nucleo_a1_manutencao_sustentabilidade_raw.csv::00766|WOS::WOS_NUCLEO_01_20260708_part01.ris::00018
REG_00771,doi_e_titulo,4,Scopus|WoS,scopus_nucleo_a1_manutencao_sustentabilidade|wos_nucleo_01|wos_nucleo_02|wos_nucleo_04,Analytical Hierarchy Process for Developing a Building Performance-Risk Rating Tool,SCOPUS::scopus_nucleo_a1_manutencao_sustentabilidade_raw.csv::00771|WOS::WOS_NUCLEO_01_20260708_part01.ris::00379|WOS::WOS_NUCLEO_02_20260708_part01.ris::00104|WOS::WOS_NUCLEO_04_20260708_part01.ris::00363
REG_00773,doi_e_titulo,2,Scopus|WoS,scopus_nucleo_a1_manutencao_sustentabilidade|wos_nucleo_01,A review of sustainable facilities management knowledge and practice,SCOPUS::scopus_nucleo_a1_manutencao_sustentabilidade_raw.csv::00773|WOS::WOS_NUCLEO_01_20260708_part01.ris::00520
REG_00777,doi_e_titulo,2,Scopus|WoS,scopus_nucleo_a1_manutencao_sustentabilidade|wos_nucleo_01,Building management system for sustainable built environment in Sri Lanka,SCOPUS::scopus_nucleo_a1_manutencao_sustentabilidade_raw.csv::00777|WOS::WOS_NUCLEO_01_20260708_part01.ris::00395
REG_00781,titulo_normalizado,2,Scopus,scopus_nucleo_a1_manutencao_sustentabilidade|scopus_nucleo_a4_gestao_ativos_ciclo_vida,Application of BIM in sustainable community maintenance management system,SCOPUS::scopus_nucleo_a1_manutencao_sustentabilidade_raw.csv::00781|SCOPUS::scopus_nucleo_a4_gestao_ativos_ciclo_vida_raw.csv::00730
REG_00782,titulo_normalizado,2,Scopus,scopus_nucleo_a1_manutencao_sustentabilidade|scopus_nucleo_a4_gestao_ativos_ciclo_vida,To build and operate sustainable buildings - Completion of the national assessment methodology,SCOPUS::scopus_nucleo_a1_manutencao_sustentabilidade_raw.csv::00782|SCOPUS::scopus_nucleo_a4_gestao_ativos_ciclo_vida_raw.csv::00729
REG_00783,doi_e_titulo,2,Scopus,scopus_nucleo_a1_manutencao_sustentabilidade|scopus_nucleo_a4_gestao_ativos_ciclo_vida,"The life-cycle costs of school water, sanitation and hygiene access in Kenyan primary schools",SCOPUS::scopus_nucleo_a1_manutencao_sustentabilidade_raw.csv::00783|SCOPUS::scopus_nucleo_a4_gestao_ativos_ciclo_vida_raw.csv::00728
REG_00791,doi_e_titulo,2,Scopus,scopus_nucleo_a1_manutencao_sustentabilidade|scopus_nucleo_a4_gestao_ativos_ciclo_vida,Macroscopically sustainable networking: On internet quines,SCOPUS::scopus_nucleo_a1_manutencao_sustentabilidade_raw.csv::00791|SCOPUS::scopus_nucleo_a4_gestao_ativos_ciclo_vida_raw.csv::00731
REG_00793,doi_e_titulo,3,Scopus|WoS,scopus_nucleo_a1_manutencao_sustentabilidade|scopus_nucleo_a2_contexto_publico_universitario|wos_nucleo_02,WATER CONSERVATION: OBSERVATIONS FROM A HIGHER EDUCATION FACILITY MANAGEMENT PERSPECTIVE || Water conservation: Observations from a higher education facility management perspective,SCOPUS::scopus_nucleo_a1_manutencao_sustentabilidade_raw.csv::00793|SCOPUS::scopus_nucleo_a2_contexto_publico_universitario_raw.csv::00350|WOS::WOS_NUCLEO_02_20260708_part01.ris::00215
REG_00799,doi_e_titulo,2,Scopus,scopus_nucleo_a1_manutencao_sustentabilidade|scopus_nucleo_a4_gestao_ativos_ciclo_vida,Sustainability Assessment of Infrastructure Elements with Integrated Energy Harvesting Technologies,SCOPUS::scopus_nucleo_a1_manutencao_sustentabilidade_raw.csv::00799|SCOPUS::scopus_nucleo_a4_gestao_ativos_ciclo_vida_raw.csv::00732
REG_00806,doi_e_titulo,2,Scopus|WoS,scopus_nucleo_a1_manutencao_sustentabilidade|wos_nucleo_01,Decision Support Model for Determining Cost-Effective Renovation Time,SCOPUS::scopus_nucleo_a1_manutencao_sustentabilidade_raw.csv::00806|WOS::WOS_NUCLEO_01_20260708_part01.ris::00150
REG_00811,doi_e_titulo,2,Scopus|WoS,scopus_nucleo_a1_manutencao_sustentabilidade|wos_nucleo_01,Examining budget policies for new and existing facilities: A system dynamics approach || Examining budget policies for new and existing facilities: a system dynamics approach,SCOPUS::scopus_nucleo_a1_manutencao_sustentabilidade_raw.csv::00811|WOS::WOS_NUCLEO_01_20260708_part01.ris::00300
REG_00814,doi_e_titulo,6,Scopus|WoS,scopus_nucleo_a1_manutencao_sustentabilidade|scopus_nucleo_a2_contexto_publico_universitario|scopus_nucleo_a4_gestao_ativos_ciclo_vida|wos_nucleo_01|wos_nucleo_02|wos_nucleo_04,ASSESSING THE DISABILITY INCLUSIVENESS OF UNIVERSITY BUILDINGS IN HONG KONG || Assessing the disability inclusiveness of university buildings in Hong Kong,SCOPUS::scopus_nucleo_a1_manutencao_sustentabilidade_raw.csv::00814|SCOPUS::scopus_nucleo_a2_contexto_publico_universitario_raw.csv::00352|SCOPUS::scopus_nucleo_a4_gestao_ativos_ciclo_vida_raw.csv::00733|WOS::WOS_NUCLEO_01_20260708_part01.ris::00414|WOS::WOS_NUCLEO_02_20260708_part01.ris::00006|WOS::WOS_NUCLEO_04_20260708_part01.ris::00440
REG_00815,doi_e_titulo,2,Scopus|WoS,scopus_nucleo_a1_manutencao_sustentabilidade|wos_nucleo_02,Sustainability and Recreational Sports Facilities: An Exploratory Study Regarding Levels of Institutional Adoption || Sustainability and Recreational Sports Facilities: An Exploratory Study regarding Levels of Institutional Adoption,SCOPUS::scopus_nucleo_a1_manutencao_sustentabilidade_raw.csv::00815|WOS::WOS_NUCLEO_02_20260708_part01.ris::00306
REG_00826,doi_e_titulo,3,Scopus|WoS,scopus_nucleo_a1_manutencao_sustentabilidade|scopus_nucleo_a4_gestao_ativos_ciclo_vida|wos_nucleo_04,Energy performance assessment of an intelligent energy management system,SCOPUS::scopus_nucleo_a1_manutencao_sustentabilidade_raw.csv::00826|SCOPUS::scopus_nucleo_a4_gestao_ativos_ciclo_vida_raw.csv::00734|WOS::WOS_NUCLEO_04_20260708_part01.ris::00309
REG_00832,doi,2,Scopus,scopus_nucleo_a1_manutencao_sustentabilidade,Building cost planning for the design team: 3rd edition || Building cost planning for the design team: Third edition,SCOPUS::scopus_nucleo_a1_manutencao_sustentabilidade_raw.csv::00832|SCOPUS::scopus_nucleo_a1_manutencao_sustentabilidade_raw.csv::00948
REG_00834,doi_e_titulo,2,Scopus|WoS,scopus_nucleo_a1_manutencao_sustentabilidade|wos_nucleo_01,Strategy for sustainability of the Joint European Research Infrastructure Network for Coastal Observatories - JERICO,SCOPUS::scopus_nucleo_a1_manutencao_sustentabilidade_raw.csv::00834|WOS::WOS_NUCLEO_01_20260708_part01.ris::00607
REG_00835,doi_e_titulo,2,Crossref|Scopus,crossref_nucleo_a2|scopus_nucleo_a1_manutencao_sustentabilidade,A new approach to measure sustainability in German facility management,SCOPUS::scopus_nucleo_a1_manutencao_sustentabilidade_raw.csv::00835|CROSSREF::crossref_nucleo_a2_raw.csv::00130
REG_00838,doi_e_titulo,3,Scopus|WoS,scopus_nucleo_a1_manutencao_sustentabilidade|scopus_nucleo_a4_gestao_ativos_ciclo_vida|wos_nucleo_04,Interoperability requirements for automated manufacturing systems in construction,SCOPUS::scopus_nucleo_a1_manutencao_sustentabilidade_raw.csv::00838|SCOPUS::scopus_nucleo_a4_gestao_ativos_ciclo_vida_raw.csv::00735|WOS::WOS_NUCLEO_04_20260708_part01.ris::00345
REG_00841,doi_e_titulo,5,Scopus|WoS,scopus_nucleo_a1_manutencao_sustentabilidade|scopus_nucleo_a2_contexto_publico_universitario|scopus_nucleo_a4_gestao_ativos_ciclo_vida|wos_nucleo_02|wos_nucleo_04,The performance-risk indicators (PRI) in building performance rating tool for higher education buildings,SCOPUS::scopus_nucleo_a1_manutencao_sustentabilidade_raw.csv::00841|SCOPUS::scopus_nucleo_a2_contexto_publico_universitario_raw.csv::00353|SCOPUS::scopus_nucleo_a4_gestao_ativos_ciclo_vida_raw.csv::00736|WOS::WOS_NUCLEO_02_20260708_part01.ris::00073|WOS::WOS_NUCLEO_04_20260708_part01.ris::00418
REG_00842,doi_e_titulo,2,Scopus|WoS,scopus_nucleo_a1_manutencao_sustentabilidade|wos_nucleo_04,"Evaluating Sustainable Building-Maintenance Projects: Balancing Economic, Social, and Environmental Impacts in the Case of Hong Kong || Evaluating sustainable building-maintenance projects: Balancing economic, social, and environmental impacts in the case of Hong Kong",SCOPUS::scopus_nucleo_a1_manutencao_sustentabilidade_raw.csv::00842|WOS::WOS_NUCLEO_04_20260708_part01.ris::00269
REG_00846,doi_e_titulo,4,Scopus|WoS,scopus_nucleo_a1_manutencao_sustentabilidade|scopus_nucleo_a4_gestao_ativos_ciclo_vida|wos_nucleo_01|wos_nucleo_04,Prognostics on Energy Efficiency Performance for Maintenance Decision-Making: Application to Industrial Platform TELMA || Prognostics on energy efficiency performance for maintenance decision-making: Application to industrial platform TELMA,SCOPUS::scopus_nucleo_a1_manutencao_sustentabilidade_raw.csv::00846|SCOPUS::scopus_nucleo_a4_gestao_ativos_ciclo_vida_raw.csv::00737|WOS::WOS_NUCLEO_01_20260708_part01.ris::00269|WOS::WOS_NUCLEO_04_20260708_part01.ris::00304
REG_00850,doi_e_titulo,4,Scopus|WoS,scopus_nucleo_a1_manutencao_sustentabilidade|scopus_nucleo_a4_gestao_ativos_ciclo_vida|wos_nucleo_01|wos_nucleo_04,Embodied intelligence: changing expectations in building performance,SCOPUS::scopus_nucleo_a1_manutencao_sustentabilidade_raw.csv::00850|SCOPUS::scopus_nucleo_a4_gestao_ativos_ciclo_vida_raw.csv::00738|WOS::WOS_NUCLEO_01_20260708_part01.ris::00472|WOS::WOS_NUCLEO_04_20260708_part01.ris::00441
REG_00852,doi_e_titulo,2,Scopus|WoS,scopus_nucleo_a1_manutencao_sustentabilidade|wos_nucleo_04,Developing a green maintainability framework for green walls in Singapore,SCOPUS::scopus_nucleo_a1_manutencao_sustentabilidade_raw.csv::00852|WOS::WOS_NUCLEO_04_20260708_part01.ris::00354
REG_00860,doi_e_titulo,2,Crossref|Scopus,crossref_nucleo_a2|scopus_nucleo_a1_manutencao_sustentabilidade,Facility Sustainment Management System Automated Population from Building Information Models,SCOPUS::scopus_nucleo_a1_manutencao_sustentabilidade_raw.csv::00860|CROSSREF::crossref_nucleo_a2_raw.csv::00054
REG_00861,doi_e_titulo,2,Scopus,scopus_nucleo_a1_manutencao_sustentabilidade|scopus_nucleo_a4_gestao_ativos_ciclo_vida,ICT-Based facilities management tools for buildings,SCOPUS::scopus_nucleo_a1_manutencao_sustentabilidade_raw.csv::00861|SCOPUS::scopus_nucleo_a4_gestao_ativos_ciclo_vida_raw.csv::00743
REG_00863,doi_e_titulo,3,Scopus|WoS,scopus_nucleo_a1_manutencao_sustentabilidade|scopus_nucleo_a4_gestao_ativos_ciclo_vida|wos_nucleo_04,Reducing carbon footprint of facilities using a facility management approach,SCOPUS::scopus_nucleo_a1_manutencao_sustentabilidade_raw.csv::00863|SCOPUS::scopus_nucleo_a4_gestao_ativos_ciclo_vida_raw.csv::00742|WOS::WOS_NUCLEO_04_20260708_part01.ris::00011
REG_00864,titulo_normalizado,2,Scopus,scopus_nucleo_a1_manutencao_sustentabilidade|scopus_nucleo_a4_gestao_ativos_ciclo_vida,Life cycle costing from the investor's and facility manager's point of view,SCOPUS::scopus_nucleo_a1_manutencao_sustentabilidade_raw.csv::00864|SCOPUS::scopus_nucleo_a4_gestao_ativos_ciclo_vida_raw.csv::00740
REG_00865,doi_e_titulo,2,Scopus|WoS,scopus_nucleo_a1_manutencao_sustentabilidade|wos_nucleo_01,Developing BIM-Enabled Facility Management Information System in Interior Design || Developing BIM-enabled facility management information system in interior design,SCOPUS::scopus_nucleo_a1_manutencao_sustentabilidade_raw.csv::00865|WOS::WOS_NUCLEO_01_20260708_part01.ris::00109
REG_00871,doi_e_titulo,2,Scopus,scopus_nucleo_a1_manutencao_sustentabilidade|scopus_nucleo_a3_priorizacao_estrategia_manutencao,An Interoperable ICT Tool for Asset and Maintenance Management,SCOPUS::scopus_nucleo_a1_manutencao_sustentabilidade_raw.csv::00871|SCOPUS::scopus_nucleo_a3_priorizacao_estrategia_manutencao_raw.csv::00410
REG_00872,titulo_normalizado,2,Scopus,scopus_nucleo_a1_manutencao_sustentabilidade|scopus_nucleo_a4_gestao_ativos_ciclo_vida,Sustainability assessment of family house -Case study,SCOPUS::scopus_nucleo_a1_manutencao_sustentabilidade_raw.csv::00872|SCOPUS::scopus_nucleo_a4_gestao_ativos_ciclo_vida_raw.csv::00748
REG_00873,doi_e_titulo,3,Scopus|WoS,scopus_nucleo_a1_manutencao_sustentabilidade|scopus_nucleo_a3_priorizacao_estrategia_manutencao|wos_nucleo_01,DESIGN CONSIDERATIONS FOR MAINTENANCE: FACILITY MANAGERS' PERSPECTIVE || Design considerations for maintenance: Facility managers’ perspective,SCOPUS::scopus_nucleo_a1_manutencao_sustentabilidade_raw.csv::00873|SCOPUS::scopus_nucleo_a3_priorizacao_estrategia_manutencao_raw.csv::00411|WOS::WOS_NUCLEO_01_20260708_part01.ris::00179
REG_00876,doi_e_titulo,2,Scopus|WoS,scopus_nucleo_a1_manutencao_sustentabilidade|wos_nucleo_01,A DECISION-MAKING FRAMEWORK FOR EFFECTIVE MAINTENANCE MANAGEMENT USING LIFE CYCLE COSTING (LCC) IN A ROLLING STOCK ENVIRONMENT || A decision-making framework for effective maintenance management using life cycle costing (LCC) in a rolling stock environment,SCOPUS::scopus_nucleo_a1_manutencao_sustentabilidade_raw.csv::00876|WOS::WOS_NUCLEO_01_20260708_part01.ris::00178
REG_00879,doi_e_titulo,2,Scopus,scopus_nucleo_a1_manutencao_sustentabilidade|scopus_nucleo_a4_gestao_ativos_ciclo_vida,Interpretive structural modelling of people capability factors to promote sustainable facility management practices,SCOPUS::scopus_nucleo_a1_manutencao_sustentabilidade_raw.csv::00879|SCOPUS::scopus_nucleo_a4_gestao_ativos_ciclo_vida_raw.csv::00746
REG_00882,doi_e_titulo,3,Scopus|WoS,scopus_nucleo_a1_manutencao_sustentabilidade|scopus_nucleo_a4_gestao_ativos_ciclo_vida|wos_nucleo_04,Insulation Cork Boards-Environmental Life Cycle Assessment of an Organic Construction Material || Insulation cork boards-environmental life cycle assessment of an organic construction material,SCOPUS::scopus_nucleo_a1_manutencao_sustentabilidade_raw.csv::00882|SCOPUS::scopus_nucleo_a4_gestao_ativos_ciclo_vida_raw.csv::00747|WOS::WOS_NUCLEO_04_20260708_part01.ris::00045
REG_00887,doi_e_titulo,4,Scopus|WoS,scopus_nucleo_a1_manutencao_sustentabilidade|scopus_nucleo_a4_gestao_ativos_ciclo_vida|wos_nucleo_01|wos_nucleo_04,Criticality Analysis for optimising OPEX cost lifecycle,SCOPUS::scopus_nucleo_a1_manutencao_sustentabilidade_raw.csv::00887|SCOPUS::scopus_nucleo_a4_gestao_ativos_ciclo_vida_raw.csv::00758|WOS::WOS_NUCLEO_01_20260708_part01.ris::00347|WOS::WOS_NUCLEO_04_20260708_part01.ris::00385
REG_00888,doi_e_titulo,3,Scopus|WoS,scopus_nucleo_a1_manutencao_sustentabilidade|scopus_nucleo_a4_gestao_ativos_ciclo_vida|wos_nucleo_04,Optimization of Sustainability and Flood Hazard Resilience for Home Designs,SCOPUS::scopus_nucleo_a1_manutencao_sustentabilidade_raw.csv::00888|SCOPUS::scopus_nucleo_a4_gestao_ativos_ciclo_vida_raw.csv::00749|WOS::WOS_NUCLEO_04_20260708_part01.ris::00127
REG_00890,titulo_normalizado,2,Scopus,scopus_nucleo_a1_manutencao_sustentabilidade|scopus_nucleo_a4_gestao_ativos_ciclo_vida,Bridge performance and tendering based on life cycle costs,SCOPUS::scopus_nucleo_a1_manutencao_sustentabilidade_raw.csv::00890|SCOPUS::scopus_nucleo_a4_gestao_ativos_ciclo_vida_raw.csv::00745
REG_00892,doi_e_titulo,3,Scopus|WoS,scopus_nucleo_a1_manutencao_sustentabilidade|scopus_nucleo_a4_gestao_ativos_ciclo_vida|wos_nucleo_04,A Framework to Evaluate the Life Cycle Costs and Environmental Impacts of Water Pipelines,SCOPUS::scopus_nucleo_a1_manutencao_sustentabilidade_raw.csv::00892|SCOPUS::scopus_nucleo_a4_gestao_ativos_ciclo_vida_raw.csv::00741|WOS::WOS_NUCLEO_04_20260708_part01.ris::00013
REG_00894,titulo_normalizado,2,Scopus,scopus_nucleo_a1_manutencao_sustentabilidade|scopus_nucleo_a4_gestao_ativos_ciclo_vida,Scope of BIM implementation in the investment phase of a construction project: System of assessment,SCOPUS::scopus_nucleo_a1_manutencao_sustentabilidade_raw.csv::00894|SCOPUS::scopus_nucleo_a4_gestao_ativos_ciclo_vida_raw.csv::00750
REG_00897,doi_e_titulo,3,Crossref|Scopus|WoS,crossref_nucleo_a2|scopus_nucleo_a1_manutencao_sustentabilidade|wos_nucleo_01,Developing a people capability framework to promote sustainability in facility management practices,SCOPUS::scopus_nucleo_a1_manutencao_sustentabilidade_raw.csv::00897|CROSSREF::crossref_nucleo_a2_raw.csv::00191|WOS::WOS_NUCLEO_01_20260708_part01.ris::00340
REG_00900,doi_e_titulo,2,Scopus|WoS,scopus_nucleo_a1_manutencao_sustentabilidade|wos_nucleo_01,Adding Value by Hospital Real Estate: An Exploration of Dutch Practice,SCOPUS::scopus_nucleo_a1_manutencao_sustentabilidade_raw.csv::00900|WOS::WOS_NUCLEO_01_20260708_part01.ris::00528
REG_00906,titulo_normalizado,2,Scopus,scopus_nucleo_a1_manutencao_sustentabilidade|scopus_nucleo_a4_gestao_ativos_ciclo_vida,Life cycle cost of air plant green roofs in hot and humid climate,SCOPUS::scopus_nucleo_a1_manutencao_sustentabilidade_raw.csv::00906|SCOPUS::scopus_nucleo_a4_gestao_ativos_ciclo_vida_raw.csv::00744
REG_00909,doi_e_titulo,3,Scopus|WoS,scopus_nucleo_a1_manutencao_sustentabilidade|scopus_nucleo_a4_gestao_ativos_ciclo_vida|wos_nucleo_04,Utilizing BIM and Carbon Estimating Methods for Meaningful Data Representation,SCOPUS::scopus_nucleo_a1_manutencao_sustentabilidade_raw.csv::00909|SCOPUS::scopus_nucleo_a4_gestao_ativos_ciclo_vida_raw.csv::00755|WOS::WOS_NUCLEO_04_20260708_part01.ris::00250
REG_00910,doi_e_titulo,3,Scopus|WoS,scopus_nucleo_a1_manutencao_sustentabilidade|scopus_nucleo_a4_gestao_ativos_ciclo_vida|wos_nucleo_04,An Analysis of Problems with Current Indicators for Evaluating Carbon Performance in the Construction Industry || An analysis of problems with current indicators for evaluating carbon performance in the construction industry,SCOPUS::scopus_nucleo_a1_manutencao_sustentabilidade_raw.csv::00910|SCOPUS::scopus_nucleo_a4_gestao_ativos_ciclo_vida_raw.csv::00754|WOS::WOS_NUCLEO_04_20260708_part01.ris::00268
REG_00920,doi_e_titulo,2,Scopus,scopus_nucleo_a1_manutencao_sustentabilidade|scopus_nucleo_a4_gestao_ativos_ciclo_vida,Assessment of the Energy Use and CO2 Emissions from a Construction Site: An Integrated BIM-DES-LCA Framework,SCOPUS::scopus_nucleo_a1_manutencao_sustentabilidade_raw.csv::00920|SCOPUS::scopus_nucleo_a4_gestao_ativos_ciclo_vida_raw.csv::00756
REG_00922,titulo_normalizado,2,Scopus,scopus_nucleo_a1_manutencao_sustentabilidade|scopus_nucleo_a4_gestao_ativos_ciclo_vida,Exploring feasibility thresholds for neutralizing lifecycle energy of a NZEB case study,SCOPUS::scopus_nucleo_a1_manutencao_sustentabilidade_raw.csv::00922|SCOPUS::scopus_nucleo_a4_gestao_ativos_ciclo_vida_raw.csv::00757
REG_00924,doi_e_titulo,2,Scopus,scopus_nucleo_a1_manutencao_sustentabilidade,Maintenance best way for meeting the challenge of regeneration,SCOPUS::scopus_nucleo_a1_manutencao_sustentabilidade_raw.csv::00924|SCOPUS::scopus_nucleo_a1_manutencao_sustentabilidade_raw.csv::00925
REG_00925,doi_e_titulo,2,Scopus,scopus_nucleo_a1_manutencao_sustentabilidade|scopus_nucleo_a4_gestao_ativos_ciclo_vida,Introduction,SCOPUS::scopus_nucleo_a1_manutencao_sustentabilidade_raw.csv::00926|SCOPUS::scopus_nucleo_a4_gestao_ativos_ciclo_vida_raw.csv::00752
REG_00928,doi_e_titulo,3,Scopus|WoS,scopus_nucleo_a1_manutencao_sustentabilidade|scopus_nucleo_a4_gestao_ativos_ciclo_vida|wos_nucleo_04,In the Arabian Gulf maintenance is the key to sustainability || In the Arabian gulf maintenance is the key to sustainability,SCOPUS::scopus_nucleo_a1_manutencao_sustentabilidade_raw.csv::00929|SCOPUS::scopus_nucleo_a4_gestao_ativos_ciclo_vida_raw.csv::00751|WOS::WOS_NUCLEO_04_20260708_part01.ris::00322
REG_00929,doi_e_titulo,2,Scopus,scopus_nucleo_a1_manutencao_sustentabilidade|scopus_nucleo_a4_gestao_ativos_ciclo_vida,Studying the Life-cycle Performance of Gravity Sewer Rehabilitation Liners in North America,SCOPUS::scopus_nucleo_a1_manutencao_sustentabilidade_raw.csv::00930|SCOPUS::scopus_nucleo_a4_gestao_ativos_ciclo_vida_raw.csv::00753
REG_00933,doi_e_titulo,2,Scopus|WoS,scopus_nucleo_a1_manutencao_sustentabilidade|wos_nucleo_01,"Adding value by health care real estate: parameters, priorities, and interventions",SCOPUS::scopus_nucleo_a1_manutencao_sustentabilidade_raw.csv::00934|WOS::WOS_NUCLEO_01_20260708_part01.ris::00553
REG_00941,doi_e_titulo,2,Scopus|WoS,scopus_nucleo_a1_manutencao_sustentabilidade|wos_nucleo_02,Sustainable facility development: perceived benefits and challenges,SCOPUS::scopus_nucleo_a1_manutencao_sustentabilidade_raw.csv::00942|WOS::WOS_NUCLEO_02_20260708_part01.ris::00238
REG_00950,doi_e_titulo,2,Scopus,scopus_nucleo_a1_manutencao_sustentabilidade|scopus_nucleo_a4_gestao_ativos_ciclo_vida,Vallejo sanitation and flood control district – Using asset management for better infrastructure decision making,SCOPUS::scopus_nucleo_a1_manutencao_sustentabilidade_raw.csv::00952|SCOPUS::scopus_nucleo_a4_gestao_ativos_ciclo_vida_raw.csv::00760
REG_00963,doi_e_titulo,2,Scopus|WoS,scopus_nucleo_a1_manutencao_sustentabilidade|wos_nucleo_01,A Hybrid Knowledge-Based Lean Six Sigma Maintenance System for Sustainable Buildings,SCOPUS::scopus_nucleo_a1_manutencao_sustentabilidade_raw.csv::00965|WOS::WOS_NUCLEO_01_20260708_part01.ris::00194
REG_00971,titulo_normalizado,2,Scopus,scopus_nucleo_a1_manutencao_sustentabilidade|scopus_nucleo_a4_gestao_ativos_ciclo_vida,Post occupancy evaluation (POE): A BREEAM excellent case study,SCOPUS::scopus_nucleo_a1_manutencao_sustentabilidade_raw.csv::00973|SCOPUS::scopus_nucleo_a4_gestao_ativos_ciclo_vida_raw.csv::00759
REG_00986,titulo_normalizado,2,Scopus|WoS,scopus_nucleo_a1_manutencao_sustentabilidade|wos_nucleo_01,DEA AS A USEFUL TOOL FOR ASSESSING THE ECONOMIC EFFICIENCY OF WASTEWATER TREATMENT PLANTS || Dea as a useful tool for assessing the economic efficiency of wastewater treatment plants,SCOPUS::scopus_nucleo_a1_manutencao_sustentabilidade_raw.csv::00988|WOS::WOS_NUCLEO_01_20260708_part01.ris::00461
REG_01004,doi_e_titulo,2,Scopus,scopus_nucleo_a1_manutencao_sustentabilidade|scopus_nucleo_a4_gestao_ativos_ciclo_vida,Impact perception NBR 15575 in sustainability of building,SCOPUS::scopus_nucleo_a1_manutencao_sustentabilidade_raw.csv::01006|SCOPUS::scopus_nucleo_a4_gestao_ativos_ciclo_vida_raw.csv::00761
REG_01006,doi_e_titulo,3,Scopus|WoS,scopus_nucleo_a1_manutencao_sustentabilidade|scopus_nucleo_a4_gestao_ativos_ciclo_vida|wos_nucleo_04,Investigating Building Construction Process and Developing a Performance Index,SCOPUS::scopus_nucleo_a1_manutencao_sustentabilidade_raw.csv::01008|SCOPUS::scopus_nucleo_a4_gestao_ativos_ciclo_vida_raw.csv::00762|WOS::WOS_NUCLEO_04_20260708_part01.ris::00502
REG_01017,doi_e_titulo,3,Scopus|WoS,scopus_nucleo_a1_manutencao_sustentabilidade|scopus_nucleo_a4_gestao_ativos_ciclo_vida|wos_nucleo_04,"The nexus among employment opportunities, life-cycle costs, and carbon emissions: A case study of sustainable building maintenance in Hong Kong || The nexus among employment opportunities, life-cycle costs, and carbon emissions: a case study of sustainable building maintenance in Hong Kong",SCOPUS::scopus_nucleo_a1_manutencao_sustentabilidade_raw.csv::01019|SCOPUS::scopus_nucleo_a4_gestao_ativos_ciclo_vida_raw.csv::00763|WOS::WOS_NUCLEO_04_20260708_part01.ris::00021
REG_01022,doi_e_titulo,4,Scopus|WoS,scopus_nucleo_a1_manutencao_sustentabilidade|scopus_nucleo_a4_gestao_ativos_ciclo_vida|wos_nucleo_01|wos_nucleo_04,An integrated model for structure optimization and technology screening of urban wastewater systems,SCOPUS::scopus_nucleo_a1_manutencao_sustentabilidade_raw.csv::01024|SCOPUS::scopus_nucleo_a4_gestao_ativos_ciclo_vida_raw.csv::00764|WOS::WOS_NUCLEO_01_20260708_part01.ris::00346|WOS::WOS_NUCLEO_04_20260708_part01.ris::00381
REG_01025,doi_e_titulo,2,Scopus|WoS,scopus_nucleo_a1_manutencao_sustentabilidade|wos_nucleo_01,"Achieving sustainable water supply through better institutions, design innovations and Water Safety Plans - an experience from Nepal || Achieving sustainable water supply through better institutions, design innovations and Water Safety Plans – An experience from Nepal",SCOPUS::scopus_nucleo_a1_manutencao_sustentabilidade_raw.csv::01027|WOS::WOS_NUCLEO_01_20260708_part01.ris::00551
REG_01028,doi_e_titulo,3,Scopus|WoS,scopus_nucleo_a1_manutencao_sustentabilidade|scopus_nucleo_a4_gestao_ativos_ciclo_vida|wos_nucleo_04,Learning from failure: Understanding the anticipated-achieved building energy performance gap || Learning from failure: understanding the anticipated-achieved building energy performance gap,SCOPUS::scopus_nucleo_a1_manutencao_sustentabilidade_raw.csv::01030|SCOPUS::scopus_nucleo_a4_gestao_ativos_ciclo_vida_raw.csv::00765|WOS::WOS_NUCLEO_04_20260708_part01.ris::00166
REG_01030,doi_e_titulo,2,Scopus,scopus_nucleo_a1_manutencao_sustentabilidade|scopus_nucleo_a4_gestao_ativos_ciclo_vida,Implementing BIM on infrastructure: Comparison of two bridge construction projects,SCOPUS::scopus_nucleo_a1_manutencao_sustentabilidade_raw.csv::01032|SCOPUS::scopus_nucleo_a4_gestao_ativos_ciclo_vida_raw.csv::00766
REG_01042,doi_e_titulo,2,Scopus|WoS,scopus_nucleo_a1_manutencao_sustentabilidade|wos_nucleo_01,"A review on sustainable construction management strategies for monitoring, diagnosing, and retrofitting the building's dynamic energy performance: Focused on the operation and maintenance phase",SCOPUS::scopus_nucleo_a1_manutencao_sustentabilidade_raw.csv::01044|WOS::WOS_NUCLEO_01_20260708_part01.ris::00455
REG_01048,doi_e_titulo,2,Scopus|WoS,scopus_nucleo_a1_manutencao_sustentabilidade|wos_nucleo_01,Coupling and quantifying resilience and sustainability in facilities management,SCOPUS::scopus_nucleo_a1_manutencao_sustentabilidade_raw.csv::01050|WOS::WOS_NUCLEO_01_20260708_part01.ris::00435
REG_01049,doi_e_titulo,2,Scopus|WoS,scopus_nucleo_a1_manutencao_sustentabilidade|wos_nucleo_02,Case study of an Australian residential college,SCOPUS::scopus_nucleo_a1_manutencao_sustentabilidade_raw.csv::01051|WOS::WOS_NUCLEO_02_20260708_part01.ris::00263
REG_01051,doi_e_titulo,4,Scopus|WoS,scopus_nucleo_a1_manutencao_sustentabilidade|scopus_nucleo_a3_priorizacao_estrategia_manutencao|wos_nucleo_01|wos_nucleo_04,A program-level management system for the life cycle environmental and economic assessment of complex building projects,SCOPUS::scopus_nucleo_a1_manutencao_sustentabilidade_raw.csv::01053|SCOPUS::scopus_nucleo_a3_priorizacao_estrategia_manutencao_raw.csv::00419|WOS::WOS_NUCLEO_01_20260708_part01.ris::00143|WOS::WOS_NUCLEO_04_20260708_part01.ris::00019
REG_01053,doi_e_titulo,2,Scopus|WoS,scopus_nucleo_a1_manutencao_sustentabilidade|wos_nucleo_01,Optimal Planning and Learning in Uncertain Environments for the Management of Wind Farms,SCOPUS::scopus_nucleo_a1_manutencao_sustentabilidade_raw.csv::01055|WOS::WOS_NUCLEO_01_20260708_part01.ris::00430
REG_01055,doi_e_titulo,3,Crossref|Scopus,crossref_nucleo_a2|scopus_nucleo_a1_manutencao_sustentabilidade|scopus_nucleo_a4_gestao_ativos_ciclo_vida,FACILITY MANAGEMENT VARIABLES THAT INFLUENCE SUSTAINABILITY OF BUILDING FACILITIES || Facility management variables that influence sustainability of building facilities,SCOPUS::scopus_nucleo_a1_manutencao_sustentabilidade_raw.csv::01057|SCOPUS::scopus_nucleo_a4_gestao_ativos_ciclo_vida_raw.csv::00767|CROSSREF::crossref_nucleo_a2_raw.csv::00007
REG_01056,doi_e_titulo,3,Scopus|WoS,scopus_nucleo_a1_manutencao_sustentabilidade|scopus_nucleo_a4_gestao_ativos_ciclo_vida|wos_nucleo_04,FACADE MATERIAL SELECTION CRITERIA FOR OPTIMISING BUILDING MAINTAINABILITY || Façade material selection criteria for optimising building maintainability,SCOPUS::scopus_nucleo_a1_manutencao_sustentabilidade_raw.csv::01058|SCOPUS::scopus_nucleo_a4_gestao_ativos_ciclo_vida_raw.csv::00768|WOS::WOS_NUCLEO_04_20260708_part01.ris::00457
REG_01058,doi_e_titulo,4,Scopus|WoS,scopus_nucleo_a1_manutencao_sustentabilidade|wos_nucleo_01|wos_nucleo_02|wos_nucleo_04,A SURVEY ON THE PERFORMANCE-RISK RATING INDEX FOR BUILDING PERFORMANCE ASSESSMENT IN HIGHER EDUCATION BUILDINGS || A survey on the performance-risk rating index for building performance assessment in higher education buildings,SCOPUS::scopus_nucleo_a1_manutencao_sustentabilidade_raw.csv::01060|WOS::WOS_NUCLEO_01_20260708_part01.ris::00327|WOS::WOS_NUCLEO_02_20260708_part01.ris::00199|WOS::WOS_NUCLEO_04_20260708_part01.ris::00356
REG_01062,doi_e_titulo,4,Scopus|WoS,scopus_nucleo_a1_manutencao_sustentabilidade|scopus_nucleo_a4_gestao_ativos_ciclo_vida|wos_nucleo_01|wos_nucleo_04,Social problems of green buildings: From the humanistic needs to social acceptance,SCOPUS::scopus_nucleo_a1_manutencao_sustentabilidade_raw.csv::01064|SCOPUS::scopus_nucleo_a4_gestao_ativos_ciclo_vida_raw.csv::00770|WOS::WOS_NUCLEO_01_20260708_part01.ris::00006|WOS::WOS_NUCLEO_04_20260708_part01.ris::00437
REG_01063,doi_e_titulo,3,Scopus|WoS,scopus_nucleo_a1_manutencao_sustentabilidade|scopus_nucleo_a4_gestao_ativos_ciclo_vida|wos_nucleo_04,Experimental study on the physical-mechanical durability of innovative hemp-based composites for the building industry,SCOPUS::scopus_nucleo_a1_manutencao_sustentabilidade_raw.csv::01065|SCOPUS::scopus_nucleo_a4_gestao_ativos_ciclo_vida_raw.csv::00769|WOS::WOS_NUCLEO_04_20260708_part01.ris::00332
REG_01064,doi_e_titulo,2,Scopus,scopus_nucleo_a1_manutencao_sustentabilidade|scopus_nucleo_a2_contexto_publico_universitario,Asset management using a hybrid backcasting/forecasting approach,SCOPUS::scopus_nucleo_a1_manutencao_sustentabilidade_raw.csv::01066|SCOPUS::scopus_nucleo_a2_contexto_publico_universitario_raw.csv::00363
REG_01065,doi_e_titulo,2,Scopus,scopus_nucleo_a1_manutencao_sustentabilidade|scopus_nucleo_a2_contexto_publico_universitario,Access over ownership – a typology of shared space,SCOPUS::scopus_nucleo_a1_manutencao_sustentabilidade_raw.csv::01067|SCOPUS::scopus_nucleo_a2_contexto_publico_universitario_raw.csv::00364
REG_01074,doi_e_titulo,3,Scopus|WoS,scopus_nucleo_a1_manutencao_sustentabilidade|scopus_nucleo_a4_gestao_ativos_ciclo_vida|wos_nucleo_04,Eu.bac System || eu.bac System,SCOPUS::scopus_nucleo_a1_manutencao_sustentabilidade_raw.csv::01076|SCOPUS::scopus_nucleo_a4_gestao_ativos_ciclo_vida_raw.csv::00771|WOS::WOS_NUCLEO_04_20260708_part01.ris::00365
REG_01076,doi_e_titulo,3,Scopus|WoS,scopus_nucleo_a1_manutencao_sustentabilidade|scopus_nucleo_a4_gestao_ativos_ciclo_vida|wos_nucleo_04,Towards green building performance evaluation using asset information modelling,SCOPUS::scopus_nucleo_a1_manutencao_sustentabilidade_raw.csv::01078|SCOPUS::scopus_nucleo_a4_gestao_ativos_ciclo_vida_raw.csv::00772|WOS::WOS_NUCLEO_04_20260708_part01.ris::00320
REG_01081,doi_e_titulo,3,Scopus|WoS,scopus_nucleo_a1_manutencao_sustentabilidade|scopus_nucleo_a4_gestao_ativos_ciclo_vida|wos_nucleo_04,Enhancing environmental sustainability over building life cycles through green BIM: A review,SCOPUS::scopus_nucleo_a1_manutencao_sustentabilidade_raw.csv::01083|SCOPUS::scopus_nucleo_a4_gestao_ativos_ciclo_vida_raw.csv::00773|WOS::WOS_NUCLEO_04_20260708_part01.ris::00289
REG_01083,doi_e_titulo,2,Scopus|WoS,scopus_nucleo_a1_manutencao_sustentabilidade|wos_nucleo_02,Design Methodology for Identifying Optimum Photovoltaic System Configuration at UNC Charlotte || Design methodology for identifying optimum photovoltaic system configuration at UNC Charlotte,SCOPUS::scopus_nucleo_a1_manutencao_sustentabilidade_raw.csv::01085|WOS::WOS_NUCLEO_02_20260708_part01.ris::00370
REG_01089,doi_e_titulo,3,Scopus|WoS,scopus_nucleo_a1_manutencao_sustentabilidade|scopus_nucleo_a4_gestao_ativos_ciclo_vida|wos_nucleo_04,Remaining service life estimation of reinforced concrete buildings based on fuzzy approach,SCOPUS::scopus_nucleo_a1_manutencao_sustentabilidade_raw.csv::01091|SCOPUS::scopus_nucleo_a4_gestao_ativos_ciclo_vida_raw.csv::00774|WOS::WOS_NUCLEO_04_20260708_part01.ris::00313
REG_01090,doi_e_titulo,2,Scopus|WoS,scopus_nucleo_a1_manutencao_sustentabilidade|wos_nucleo_01,Sustainability Evaluation of Surface Water Quality Management Options in Developing Countries: Multicriteria Analysis Using Fuzzy UTASTAR Method,SCOPUS::scopus_nucleo_a1_manutencao_sustentabilidade_raw.csv::01092|WOS::WOS_NUCLEO_01_20260708_part01.ris::00226
REG_01091,doi_e_titulo,3,Scopus|WoS,scopus_nucleo_a1_manutencao_sustentabilidade|scopus_nucleo_a2_contexto_publico_universitario|wos_nucleo_02,Energy Management Study: A Proposed Case of Government Building || Energy management study: A proposed case of government building,SCOPUS::scopus_nucleo_a1_manutencao_sustentabilidade_raw.csv::01093|SCOPUS::scopus_nucleo_a2_contexto_publico_universitario_raw.csv::00365|WOS::WOS_NUCLEO_02_20260708_part01.ris::00093
REG_01095,doi_e_titulo,4,Scopus|WoS,scopus_nucleo_a1_manutencao_sustentabilidade|scopus_nucleo_a4_gestao_ativos_ciclo_vida|wos_nucleo_01|wos_nucleo_04,Sustainability and shared smart and mutual - green growth (SSaM-GG) in Korean medical waste management,SCOPUS::scopus_nucleo_a1_manutencao_sustentabilidade_raw.csv::01097|SCOPUS::scopus_nucleo_a4_gestao_ativos_ciclo_vida_raw.csv::00775|WOS::WOS_NUCLEO_01_20260708_part01.ris::00205|WOS::WOS_NUCLEO_04_20260708_part01.ris::00030
REG_01100,titulo_normalizado,2,Scopus,scopus_nucleo_a1_manutencao_sustentabilidade|scopus_nucleo_a3_priorizacao_estrategia_manutencao,Strategy of use and maintenance of Clinical hospital center Rijeka in accordance with key performance indicators for strategic healthcare facilities maintenance,SCOPUS::scopus_nucleo_a1_manutencao_sustentabilidade_raw.csv::01102|SCOPUS::scopus_nucleo_a3_priorizacao_estrategia_manutencao_raw.csv::00421
REG_01104,doi_e_titulo,2,Scopus,scopus_nucleo_a1_manutencao_sustentabilidade|scopus_nucleo_a4_gestao_ativos_ciclo_vida,Building information modeling for indoor environmental performance analysis,SCOPUS::scopus_nucleo_a1_manutencao_sustentabilidade_raw.csv::01106|SCOPUS::scopus_nucleo_a4_gestao_ativos_ciclo_vida_raw.csv::00776
REG_01106,doi_e_titulo,3,Scopus|WoS,scopus_nucleo_a1_manutencao_sustentabilidade|scopus_nucleo_a4_gestao_ativos_ciclo_vida|wos_nucleo_04,Incorporating sustainable development principles into building design: A review from a structural perspective including case study || Incorporating sustainable development principles into building design: a review from a structural perspective including case study,SCOPUS::scopus_nucleo_a1_manutencao_sustentabilidade_raw.csv::01108|SCOPUS::scopus_nucleo_a4_gestao_ativos_ciclo_vida_raw.csv::00777|WOS::WOS_NUCLEO_04_20260708_part01.ris::00129
REG_01111,doi_e_titulo,3,Scopus|WoS,scopus_nucleo_a1_manutencao_sustentabilidade|scopus_nucleo_a4_gestao_ativos_ciclo_vida|wos_nucleo_04,An empirical survey of the perceived benefits of implementing the Mandatory Building Inspection Scheme (MBIS) in Hong Kong || An empirical survey of the perceived benefits of implementing the mandatory building inspection scheme (MBIS) in Hong Kong,SCOPUS::scopus_nucleo_a1_manutencao_sustentabilidade_raw.csv::01113|SCOPUS::scopus_nucleo_a4_gestao_ativos_ciclo_vida_raw.csv::00778|WOS::WOS_NUCLEO_04_20260708_part01.ris::00488
REG_01118,doi_e_titulo,2,Crossref|Scopus,crossref_nucleo_a3|scopus_nucleo_a1_manutencao_sustentabilidade,Key performance indicators for the maintenance of public hospitals buildings in the Gaza Strip || Key performance indicators for the maintenance of public hospitals buildings in the Gaza strip,SCOPUS::scopus_nucleo_a1_manutencao_sustentabilidade_raw.csv::01120|CROSSREF::crossref_nucleo_a3_raw.csv::00130
REG_01120,doi,3,Scopus|WoS,scopus_nucleo_a1_manutencao_sustentabilidade|scopus_nucleo_a4_gestao_ativos_ciclo_vida|wos_nucleo_04,PASSIVE DESIGN TECHNIQUES APLIED TO GREEN BUILDINGS AS AN AESTHETIC AND SPATIAL DESIGN CONCEPT || Passive design techniques applied to green buildings as an aesthetic and spatial design concept,SCOPUS::scopus_nucleo_a1_manutencao_sustentabilidade_raw.csv::01122|SCOPUS::scopus_nucleo_a4_gestao_ativos_ciclo_vida_raw.csv::00779|WOS::WOS_NUCLEO_04_20260708_part01.ris::00328
REG_01130,doi_e_titulo,3,Scopus|WoS,scopus_nucleo_a1_manutencao_sustentabilidade|scopus_nucleo_a4_gestao_ativos_ciclo_vida|wos_nucleo_04,Life Cycle Assessment modelling of stormwater treatment systems,SCOPUS::scopus_nucleo_a1_manutencao_sustentabilidade_raw.csv::01132|SCOPUS::scopus_nucleo_a4_gestao_ativos_ciclo_vida_raw.csv::00780|WOS::WOS_NUCLEO_04_20260708_part01.ris::00260
REG_01133,doi_e_titulo,2,Scopus|WoS,scopus_nucleo_a1_manutencao_sustentabilidade|wos_nucleo_01,MARINE LOGISTICS DECISION SUPPORT FOR OPERATION AND MAINTENANCE OF OFFSHORE WIND PARKS WITH A MULTI METHOD SIMULATION MODEL || Marine logistics decision support for operation and maintenance of offshore wind parks with a multi method simulation model,SCOPUS::scopus_nucleo_a1_manutencao_sustentabilidade_raw.csv::01135|WOS::WOS_NUCLEO_01_20260708_part01.ris::00096
REG_01141,doi_e_titulo,2,Scopus,scopus_nucleo_a1_manutencao_sustentabilidade|scopus_nucleo_a4_gestao_ativos_ciclo_vida,Life cycle assessment of green buildings: A literature review,SCOPUS::scopus_nucleo_a1_manutencao_sustentabilidade_raw.csv::01143|SCOPUS::scopus_nucleo_a4_gestao_ativos_ciclo_vida_raw.csv::00786
REG_01146,doi_e_titulo,3,Scopus|WoS,scopus_nucleo_a1_manutencao_sustentabilidade|wos_nucleo_01|wos_nucleo_02,Development of an Energy-Aware Intelligent Facility Management System for Campus Facilities,SCOPUS::scopus_nucleo_a1_manutencao_sustentabilidade_raw.csv::01148|WOS::WOS_NUCLEO_01_20260708_part01.ris::00027|WOS::WOS_NUCLEO_02_20260708_part01.ris::00185
REG_01150,doi_e_titulo,2,Crossref|Scopus,crossref_nucleo_a2|scopus_nucleo_a1_manutencao_sustentabilidade,Knowledge Management and Information Tools for Building Maintenance and Facility Management || Knowledge management and information tools for building maintenance and facility management,SCOPUS::scopus_nucleo_a1_manutencao_sustentabilidade_raw.csv::01152|CROSSREF::crossref_nucleo_a2_raw.csv::00017
REG_01151,doi_e_titulo,4,Scopus|WoS,scopus_nucleo_a1_manutencao_sustentabilidade|scopus_nucleo_a2_contexto_publico_universitario|wos_nucleo_01|wos_nucleo_02,Important Activities in Activity-based Life Cycle Cost in Building Facilities Maintenance: A Case Study || Important activities in activity-based life cycle cost in building facilities maintenance: A case study,SCOPUS::scopus_nucleo_a1_manutencao_sustentabilidade_raw.csv::01153|SCOPUS::scopus_nucleo_a2_contexto_publico_universitario_raw.csv::00373|WOS::WOS_NUCLEO_01_20260708_part01.ris::00229|WOS::WOS_NUCLEO_02_20260708_part01.ris::00049
REG_01154,doi_e_titulo,3,Scopus,scopus_nucleo_a1_manutencao_sustentabilidade|scopus_nucleo_a2_contexto_publico_universitario|scopus_nucleo_a4_gestao_ativos_ciclo_vida,Building maintenance processes and practices: The case of a fast developing country,SCOPUS::scopus_nucleo_a1_manutencao_sustentabilidade_raw.csv::01156|SCOPUS::scopus_nucleo_a2_contexto_publico_universitario_raw.csv::00374|SCOPUS::scopus_nucleo_a4_gestao_ativos_ciclo_vida_raw.csv::00785
REG_01155,doi_e_titulo,2,Scopus,scopus_nucleo_a1_manutencao_sustentabilidade|scopus_nucleo_a4_gestao_ativos_ciclo_vida,Building information modeling for facilities management: Current practices and future prospects,SCOPUS::scopus_nucleo_a1_manutencao_sustentabilidade_raw.csv::01157|SCOPUS::scopus_nucleo_a4_gestao_ativos_ciclo_vida_raw.csv::00782
REG_01158,doi_e_titulo,2,Scopus,scopus_nucleo_a1_manutencao_sustentabilidade|scopus_nucleo_a2_contexto_publico_universitario,The benefits of BIM integration with facilities management: A preliminary case study,SCOPUS::scopus_nucleo_a1_manutencao_sustentabilidade_raw.csv::01160|SCOPUS::scopus_nucleo_a2_contexto_publico_universitario_raw.csv::00376
REG_01159,doi_e_titulo,2,Scopus,scopus_nucleo_a1_manutencao_sustentabilidade|scopus_nucleo_a4_gestao_ativos_ciclo_vida,Life Cycle Approach for Facility Resilience Information Modeling (FRIM),SCOPUS::scopus_nucleo_a1_manutencao_sustentabilidade_raw.csv::01161|SCOPUS::scopus_nucleo_a4_gestao_ativos_ciclo_vida_raw.csv::00784
REG_01161,titulo_normalizado,2,Scopus,scopus_nucleo_a1_manutencao_sustentabilidade|scopus_nucleo_a4_gestao_ativos_ciclo_vida,Building Information Modeling (BIM) from the perspective of Facilities Management (FM) in Malaysia,SCOPUS::scopus_nucleo_a1_manutencao_sustentabilidade_raw.csv::01163|SCOPUS::scopus_nucleo_a4_gestao_ativos_ciclo_vida_raw.csv::00783
REG_01164,doi_e_titulo,3,Scopus|WoS,scopus_nucleo_a1_manutencao_sustentabilidade|scopus_nucleo_a4_gestao_ativos_ciclo_vida|wos_nucleo_04,Mobility for 'Immovables' - Clouds Supporting the Business with Real Estates || Mobility for 'Immovables' - Clouds supporting the business with real estates,SCOPUS::scopus_nucleo_a1_manutencao_sustentabilidade_raw.csv::01166|SCOPUS::scopus_nucleo_a4_gestao_ativos_ciclo_vida_raw.csv::00789|WOS::WOS_NUCLEO_04_20260708_part01.ris::00248
REG_01172,doi_e_titulo,5,Crossref|Scopus|WoS,crossref_nucleo_a1|crossref_nucleo_a4|scopus_nucleo_a1_manutencao_sustentabilidade|scopus_nucleo_a2_contexto_publico_universitario|wos_nucleo_02,"A Building Information Management (BIM) Framework and Supporting Case Study for Existing Building Operations, Maintenance and Sustainability || A building information management (BIM) framework and supporting case study for existing building operations, maintenance and sustainability",SCOPUS::scopus_nucleo_a1_manutencao_sustentabilidade_raw.csv::01174|SCOPUS::scopus_nucleo_a2_contexto_publico_universitario_raw.csv::00375|CROSSREF::crossref_nucleo_a1_raw.csv::00008|CROSSREF::crossref_nucleo_a4_raw.csv::00121|WOS::WOS_NUCLEO_02_20260708_part01.ris::00087
REG_01173,doi_e_titulo,2,Scopus,scopus_nucleo_a1_manutencao_sustentabilidade|scopus_nucleo_a4_gestao_ativos_ciclo_vida,Laboratory Optimization,SCOPUS::scopus_nucleo_a1_manutencao_sustentabilidade_raw.csv::01175|SCOPUS::scopus_nucleo_a4_gestao_ativos_ciclo_vida_raw.csv::00798
REG_01180,doi_e_titulo,2,Crossref|Scopus,crossref_nucleo_a2|scopus_nucleo_a1_manutencao_sustentabilidade,Integrating Augmented Reality into Building Information Modeling for Facility Management Case Studies || Integrating augmented reality into building information modeling for facility management case studies,SCOPUS::scopus_nucleo_a1_manutencao_sustentabilidade_raw.csv::01182|CROSSREF::crossref_nucleo_a2_raw.csv::00095
REG_01184,doi_e_titulo,3,Scopus,scopus_nucleo_a1_manutencao_sustentabilidade|scopus_nucleo_a2_contexto_publico_universitario|scopus_nucleo_a4_gestao_ativos_ciclo_vida,Post Occupancy Evaluation in Higher Education,SCOPUS::scopus_nucleo_a1_manutencao_sustentabilidade_raw.csv::01186|SCOPUS::scopus_nucleo_a2_contexto_publico_universitario_raw.csv::00372|SCOPUS::scopus_nucleo_a4_gestao_ativos_ciclo_vida_raw.csv::00797
REG_01186,doi_e_titulo,2,Scopus|WoS,scopus_nucleo_a1_manutencao_sustentabilidade|wos_nucleo_01,Carbon footprint analysis of two different types of hydropower schemes: Comparing earth-rockfill dams and concrete gravity dams using hybrid life cycle assessment || Carbon footprint analysis of two different types of hydropower schemes: comparing earth-rockfill dams and concrete gravity dams using hybrid life cycle assessment,SCOPUS::scopus_nucleo_a1_manutencao_sustentabilidade_raw.csv::01188|WOS::WOS_NUCLEO_01_20260708_part01.ris::00170
REG_01188,doi_e_titulo,2,Scopus|WoS,scopus_nucleo_a1_manutencao_sustentabilidade|wos_nucleo_01,Use of Information Technology in Asset Management for Sewage Treatment Plants in the Drainage Services Department || Use of information technology in asset management for sewage treatment plants in the drainage services department,SCOPUS::scopus_nucleo_a1_manutencao_sustentabilidade_raw.csv::01190|WOS::WOS_NUCLEO_01_20260708_part01.ris::00431
REG_01189,doi_e_titulo,2,Scopus,scopus_nucleo_a1_manutencao_sustentabilidade|scopus_nucleo_a4_gestao_ativos_ciclo_vida,Comparative Life Cycle Analysis of Materials in Wastewater Piping Systems,SCOPUS::scopus_nucleo_a1_manutencao_sustentabilidade_raw.csv::01191|SCOPUS::scopus_nucleo_a4_gestao_ativos_ciclo_vida_raw.csv::00787
REG_01191,doi_e_titulo,2,Scopus|WoS,scopus_nucleo_a1_manutencao_sustentabilidade|wos_nucleo_01,Confidence in life-cycle civil engineering decisions based on uncertain information,SCOPUS::scopus_nucleo_a1_manutencao_sustentabilidade_raw.csv::01193|WOS::WOS_NUCLEO_01_20260708_part01.ris::00141
REG_01199,titulo_normalizado,3,Scopus|WoS,scopus_nucleo_a1_manutencao_sustentabilidade|wos_nucleo_01|wos_nucleo_02,Strategic Recycling Operations for Institutional Organisations in Malaysia || Strategic recycling operations for institutional organisations in Malaysia,SCOPUS::scopus_nucleo_a1_manutencao_sustentabilidade_raw.csv::01201|WOS::WOS_NUCLEO_01_20260708_part01.ris::00552|WOS::WOS_NUCLEO_02_20260708_part01.ris::00328
REG_01202,doi_e_titulo,2,Scopus|WoS,scopus_nucleo_a1_manutencao_sustentabilidade|wos_nucleo_01,Evaluation of Engineering Asset Acquisitions in EAM Based on DEA || Evaluation of engineering asset acquisitions in EAM based on DEA,SCOPUS::scopus_nucleo_a1_manutencao_sustentabilidade_raw.csv::01204|WOS::WOS_NUCLEO_01_20260708_part01.ris::00197
REG_01203,titulo_normalizado,4,Scopus|WoS,scopus_nucleo_a1_manutencao_sustentabilidade|scopus_nucleo_a2_contexto_publico_universitario|wos_nucleo_01|wos_nucleo_02,Socially Sustainable Academic Buildings || Socially sustainable academic buildings,SCOPUS::scopus_nucleo_a1_manutencao_sustentabilidade_raw.csv::01205|SCOPUS::scopus_nucleo_a2_contexto_publico_universitario_raw.csv::00368|WOS::WOS_NUCLEO_01_20260708_part01.ris::00559|WOS::WOS_NUCLEO_02_20260708_part01.ris::00287
REG_01211,doi_e_titulo,2,Scopus|WoS,scopus_nucleo_a1_manutencao_sustentabilidade|wos_nucleo_01,The Role of Life Cycle Cost in Engineering Asset Management || The role of life cycle cost in engineering asset management,SCOPUS::scopus_nucleo_a1_manutencao_sustentabilidade_raw.csv::01213|WOS::WOS_NUCLEO_01_20260708_part01.ris::00127
REG_01212,titulo_normalizado,2,Scopus,scopus_nucleo_a1_manutencao_sustentabilidade|scopus_nucleo_a4_gestao_ativos_ciclo_vida,Learnings from power transformer failures in tata power,SCOPUS::scopus_nucleo_a1_manutencao_sustentabilidade_raw.csv::01214|SCOPUS::scopus_nucleo_a4_gestao_ativos_ciclo_vida_raw.csv::00792
REG_01217,doi_e_titulo,2,Scopus,scopus_nucleo_a1_manutencao_sustentabilidade|scopus_nucleo_a4_gestao_ativos_ciclo_vida,Framework for Life Cycle Assessment (LCA) Based Environmental Decision Making during the Conceptual Design Phase for Commercial Buildings,SCOPUS::scopus_nucleo_a1_manutencao_sustentabilidade_raw.csv::01219|SCOPUS::scopus_nucleo_a4_gestao_ativos_ciclo_vida_raw.csv::00788
REG_01219,titulo_normalizado,2,Scopus,scopus_nucleo_a1_manutencao_sustentabilidade|scopus_nucleo_a2_contexto_publico_universitario,Building maintenance management in Malaysia: An overview,SCOPUS::scopus_nucleo_a1_manutencao_sustentabilidade_raw.csv::01221|SCOPUS::scopus_nucleo_a2_contexto_publico_universitario_raw.csv::00370
REG_01220,doi_e_titulo,2,Scopus,scopus_nucleo_a1_manutencao_sustentabilidade|scopus_nucleo_a4_gestao_ativos_ciclo_vida,Managing Metallic Corrosion on Winter Maintenance Equipment Assets,SCOPUS::scopus_nucleo_a1_manutencao_sustentabilidade_raw.csv::01222|SCOPUS::scopus_nucleo_a4_gestao_ativos_ciclo_vida_raw.csv::00790
REG_01221,doi_e_titulo,2,Scopus|WoS,scopus_nucleo_a1_manutencao_sustentabilidade|wos_nucleo_01,Assessing feasibility of operations and maintenance automation - A case of small hydropower plants || Assessing feasibility of operations and maintenance automation - a case of small hydropower plants,SCOPUS::scopus_nucleo_a1_manutencao_sustentabilidade_raw.csv::01223|WOS::WOS_NUCLEO_01_20260708_part01.ris::00297
REG_01222,titulo_normalizado,2,Scopus,scopus_nucleo_a1_manutencao_sustentabilidade|scopus_nucleo_a4_gestao_ativos_ciclo_vida,Research on the exergy and CO2 emissions of the energy-saving design of building envelope,SCOPUS::scopus_nucleo_a1_manutencao_sustentabilidade_raw.csv::01224|SCOPUS::scopus_nucleo_a4_gestao_ativos_ciclo_vida_raw.csv::00795
REG_01226,titulo_normalizado,2,Scopus,scopus_nucleo_a1_manutencao_sustentabilidade|scopus_nucleo_a2_contexto_publico_universitario,"Proceedings of the 25th International Business Information Management Association Conference - Innovation Vision 2020: From Regional Development Sustainability to Global Economic Growth, IBIMA 2015",SCOPUS::scopus_nucleo_a1_manutencao_sustentabilidade_raw.csv::01228|SCOPUS::scopus_nucleo_a2_contexto_publico_universitario_raw.csv::00369
REG_01240,doi_e_titulo,2,Scopus,scopus_nucleo_a1_manutencao_sustentabilidade|scopus_nucleo_a4_gestao_ativos_ciclo_vida,Developing a basis for design-embodied carbon in structures,SCOPUS::scopus_nucleo_a1_manutencao_sustentabilidade_raw.csv::01242|SCOPUS::scopus_nucleo_a4_gestao_ativos_ciclo_vida_raw.csv::00793
REG_01245,doi_e_titulo,2,Scopus,scopus_nucleo_a1_manutencao_sustentabilidade|scopus_nucleo_a3_priorizacao_estrategia_manutencao,Towards a Comprehensive Service Business Management Environment for Equipment Manufacturers,SCOPUS::scopus_nucleo_a1_manutencao_sustentabilidade_raw.csv::01247|SCOPUS::scopus_nucleo_a3_priorizacao_estrategia_manutencao_raw.csv::00426
REG_01256,titulo_normalizado,2,Scopus,scopus_nucleo_a1_manutencao_sustentabilidade|scopus_nucleo_a4_gestao_ativos_ciclo_vida,Evaluating and integrating active and passive sustainable design technologies during the preconstruction BIM process,SCOPUS::scopus_nucleo_a1_manutencao_sustentabilidade_raw.csv::01258|SCOPUS::scopus_nucleo_a4_gestao_ativos_ciclo_vida_raw.csv::00791
REG_01261,titulo_normalizado,2,Scopus|WoS,scopus_nucleo_a1_manutencao_sustentabilidade|wos_nucleo_01,Energy Efficiency Assessment of Retrofits' Land Reclamation Pumping Stations || Energy efficiency assessment of retrofits’ land reclamation pumping stations,SCOPUS::scopus_nucleo_a1_manutencao_sustentabilidade_raw.csv::01263|WOS::WOS_NUCLEO_01_20260708_part01.ris::00494
REG_01263,doi_e_titulo,3,Scopus|WoS,scopus_nucleo_a1_manutencao_sustentabilidade|scopus_nucleo_a4_gestao_ativos_ciclo_vida|wos_nucleo_04,Linking design and energy performance in U.S. military hospitals,SCOPUS::scopus_nucleo_a1_manutencao_sustentabilidade_raw.csv::01265|SCOPUS::scopus_nucleo_a4_gestao_ativos_ciclo_vida_raw.csv::00799|WOS::WOS_NUCLEO_04_20260708_part01.ris::00461
REG_01265,titulo_normalizado,2,Scopus,scopus_nucleo_a1_manutencao_sustentabilidade|scopus_nucleo_a4_gestao_ativos_ciclo_vida,"Behavioral change and building performance: Strategies for significant, persistent, and measurable institutional change",SCOPUS::scopus_nucleo_a1_manutencao_sustentabilidade_raw.csv::01267|SCOPUS::scopus_nucleo_a4_gestao_ativos_ciclo_vida_raw.csv::00796
REG_01273,doi_e_titulo,2,Scopus,scopus_nucleo_a1_manutencao_sustentabilidade|scopus_nucleo_a4_gestao_ativos_ciclo_vida,Using business cases and triple-bottom-line analysis to mange and prioritize capital improvement program (CIP) investment decisions,SCOPUS::scopus_nucleo_a1_manutencao_sustentabilidade_raw.csv::01275|SCOPUS::scopus_nucleo_a4_gestao_ativos_ciclo_vida_raw.csv::00794
REG_01274,titulo_normalizado,2,Scopus|WoS,scopus_nucleo_a1_manutencao_sustentabilidade|wos_nucleo_01,A Conceptual Model for a Hybrid Knowledge-based Lean Six Sigma Maintenance System for Sustainable Buildings || A conceptual model for a hybrid knowledge-based lean six sigma maintenance system for sustainable buildings,SCOPUS::scopus_nucleo_a1_manutencao_sustentabilidade_raw.csv::01276|WOS::WOS_NUCLEO_01_20260708_part01.ris::00076
REG_01283,doi_e_titulo,2,Scopus,scopus_nucleo_a1_manutencao_sustentabilidade,Australia's First Build Own Operate CSG Produced Water Treatment and Beneficial Reuse Project || Australia's first build own operate CSG produced water treatment and beneficial reuse project,SCOPUS::scopus_nucleo_a1_manutencao_sustentabilidade_raw.csv::01285|SCOPUS::scopus_nucleo_a1_manutencao_sustentabilidade_raw.csv::01309
REG_01288,doi_e_titulo,2,Scopus|WoS,scopus_nucleo_a1_manutencao_sustentabilidade|wos_nucleo_01,"The factors affecting functionality and sustainability of mechanized elements of water supply systems in Mbeere South Sub-County, Kenya || The factors affecting functionality and sustainability of mechanized elements of water supply systems in mbeere South Sub-County, Kenya",SCOPUS::scopus_nucleo_a1_manutencao_sustentabilidade_raw.csv::01290|WOS::WOS_NUCLEO_01_20260708_part01.ris::00531
REG_01301,doi_e_titulo,2,Scopus|WoS,scopus_nucleo_a1_manutencao_sustentabilidade|wos_nucleo_01,SUSTAINABLE DESIGN AND CONSTRUCTION ELEMENTS IN GREEN HIGHWAY || Sustainable design and construction elements in green highway,SCOPUS::scopus_nucleo_a1_manutencao_sustentabilidade_raw.csv::01303|WOS::WOS_NUCLEO_01_20260708_part01.ris::00555
REG_01314,doi_e_titulo,2,Scopus|WoS,scopus_nucleo_a1_manutencao_sustentabilidade|wos_nucleo_04,How Carbon-Friendly Is Nuclear Energy? A Hybrid MRIO-LCA Model of a Spanish Facility || How carbon-friendly is nuclear energy? A hybrid MRIO-LCA model of a Spanish facility,SCOPUS::scopus_nucleo_a1_manutencao_sustentabilidade_raw.csv::01317|WOS::WOS_NUCLEO_04_20260708_part01.ris::00264
REG_01317,doi_e_titulo,3,Scopus|WoS,scopus_nucleo_a1_manutencao_sustentabilidade|scopus_nucleo_a4_gestao_ativos_ciclo_vida|wos_nucleo_04,Development of an Algorithm for Sustainability Based Assessment of Reservoir Life Cycle Cost Using Fuzzy Theory,SCOPUS::scopus_nucleo_a1_manutencao_sustentabilidade_raw.csv::01320|SCOPUS::scopus_nucleo_a4_gestao_ativos_ciclo_vida_raw.csv::00800|WOS::WOS_NUCLEO_04_20260708_part01.ris::00038
REG_01333,doi_e_titulo,3,Scopus|WoS,scopus_nucleo_a1_manutencao_sustentabilidade|scopus_nucleo_a4_gestao_ativos_ciclo_vida|wos_nucleo_04,Assessing the environmental impact of inland waterway transport using a life-cycle assessment approach: The case of Flanders,SCOPUS::scopus_nucleo_a1_manutencao_sustentabilidade_raw.csv::01336|SCOPUS::scopus_nucleo_a4_gestao_ativos_ciclo_vida_raw.csv::00801|WOS::WOS_NUCLEO_04_20260708_part01.ris::00213
REG_01337,doi_e_titulo,3,Scopus,scopus_nucleo_a1_manutencao_sustentabilidade|scopus_nucleo_a3_priorizacao_estrategia_manutencao|scopus_nucleo_a4_gestao_ativos_ciclo_vida,Using business cases and triple bottom line analysis to manage capital decisions,SCOPUS::scopus_nucleo_a1_manutencao_sustentabilidade_raw.csv::01340|SCOPUS::scopus_nucleo_a3_priorizacao_estrategia_manutencao_raw.csv::00435|SCOPUS::scopus_nucleo_a4_gestao_ativos_ciclo_vida_raw.csv::00802
REG_01339,doi_e_titulo,2,Scopus|WoS,scopus_nucleo_a1_manutencao_sustentabilidade|wos_nucleo_01,Smart Microgrids as a Solution for Rural Electrification: Ensuring Long-Term Sustainability Through Cadastre and Business Models || Smart microgrids as a solution for rural electrification: Ensuring long-term sustainability through cadastre and business models,SCOPUS::scopus_nucleo_a1_manutencao_sustentabilidade_raw.csv::01342|WOS::WOS_NUCLEO_01_20260708_part01.ris::00568
REG_01359,doi_e_titulo,2,Scopus|WoS,scopus_nucleo_a1_manutencao_sustentabilidade|wos_nucleo_01,Building integrated project and asset management teams for sustainable built infrastructure development,SCOPUS::scopus_nucleo_a1_manutencao_sustentabilidade_raw.csv::01362|WOS::WOS_NUCLEO_01_20260708_part01.ris::00593
REG_01362,doi_e_titulo,3,Scopus|WoS,scopus_nucleo_a1_manutencao_sustentabilidade|scopus_nucleo_a4_gestao_ativos_ciclo_vida|wos_nucleo_04,Buildings' impact on effective hospital services The means of the property management role in Norwegian hospitals || Buildings’ impact on effective hospital services: The means of the property management role in Norwegian hospitals,SCOPUS::scopus_nucleo_a1_manutencao_sustentabilidade_raw.csv::01365|SCOPUS::scopus_nucleo_a4_gestao_ativos_ciclo_vida_raw.csv::00803|WOS::WOS_NUCLEO_04_20260708_part01.ris::00470
REG_01363,doi_e_titulo,3,Scopus|WoS,scopus_nucleo_a1_manutencao_sustentabilidade|scopus_nucleo_a3_priorizacao_estrategia_manutencao|wos_nucleo_01,"Knowledge-Based Optimization of Building Maintenance, Repair, and Renovation Activities to Improve Facility Life Cycle Investments || Knowledge-based optimization of building maintenance, repair, and renovation activities to improve facility life cycle investments",SCOPUS::scopus_nucleo_a1_manutencao_sustentabilidade_raw.csv::01366|SCOPUS::scopus_nucleo_a3_priorizacao_estrategia_manutencao_raw.csv::00436|WOS::WOS_NUCLEO_01_20260708_part01.ris::00254
REG_01373,doi_e_titulo,2,Scopus,scopus_nucleo_a1_manutencao_sustentabilidade|scopus_nucleo_a2_contexto_publico_universitario,Method for energy performance integration in corporate public real estate management,SCOPUS::scopus_nucleo_a1_manutencao_sustentabilidade_raw.csv::01376|SCOPUS::scopus_nucleo_a2_contexto_publico_universitario_raw.csv::00382
REG_01377,doi_e_titulo,4,Scopus|WoS,scopus_nucleo_a1_manutencao_sustentabilidade|scopus_nucleo_a4_gestao_ativos_ciclo_vida|wos_nucleo_01|wos_nucleo_04,"Achieving Sustainable Building Maintenance through Optimizing Life-Cycle Carbon, Cost, and Labor: Case in Hong Kong || Achieving sustainable building maintenance through optimizing life-cycle carbon, cost, and labor: Case in Hong Kong",SCOPUS::scopus_nucleo_a1_manutencao_sustentabilidade_raw.csv::01380|SCOPUS::scopus_nucleo_a4_gestao_ativos_ciclo_vida_raw.csv::00804|WOS::WOS_NUCLEO_01_20260708_part01.ris::00087|WOS::WOS_NUCLEO_04_20260708_part01.ris::00070
REG_01384,doi_e_titulo,2,Scopus|WoS,scopus_nucleo_a1_manutencao_sustentabilidade|wos_nucleo_01,Development of Generic Life Cycle Costing Model for Analysis of Power Transmission Lines || Development of generic life cycle costing model for analysis of power transmission lines,SCOPUS::scopus_nucleo_a1_manutencao_sustentabilidade_raw.csv::01387|WOS::WOS_NUCLEO_01_20260708_part01.ris::00163
REG_01388,doi_e_titulo,3,Scopus|WoS,scopus_nucleo_a1_manutencao_sustentabilidade|scopus_nucleo_a2_contexto_publico_universitario|wos_nucleo_04,Remote energy management benefits in retail building portfolios,SCOPUS::scopus_nucleo_a1_manutencao_sustentabilidade_raw.csv::01391|SCOPUS::scopus_nucleo_a2_contexto_publico_universitario_raw.csv::00383|WOS::WOS_NUCLEO_04_20260708_part01.ris::00251
REG_01389,doi_e_titulo,2,Scopus|WoS,scopus_nucleo_a1_manutencao_sustentabilidade|wos_nucleo_01,Research on Maintenance Model of Main Equipment Based on UMM || Research on maintenance model of main equipment based on UMM,SCOPUS::scopus_nucleo_a1_manutencao_sustentabilidade_raw.csv::01392|WOS::WOS_NUCLEO_01_20260708_part01.ris::00080
REG_01392,doi_e_titulo,2,Scopus|WoS,scopus_nucleo_a1_manutencao_sustentabilidade|wos_nucleo_01,Renewable energies and their impact on local value added and employment,SCOPUS::scopus_nucleo_a1_manutencao_sustentabilidade_raw.csv::01395|WOS::WOS_NUCLEO_01_20260708_part01.ris::00514
REG_01395,doi_e_titulo,2,Scopus,scopus_nucleo_a1_manutencao_sustentabilidade|scopus_nucleo_a4_gestao_ativos_ciclo_vida,Application of BIM technology in green building engineering construction,SCOPUS::scopus_nucleo_a1_manutencao_sustentabilidade_raw.csv::01398|SCOPUS::scopus_nucleo_a4_gestao_ativos_ciclo_vida_raw.csv::00805
REG_01404,titulo_normalizado,2,Scopus,scopus_nucleo_a1_manutencao_sustentabilidade|scopus_nucleo_a4_gestao_ativos_ciclo_vida,"3rd International Conference on Green Buildings Technologies and Materials, GBTM 2013",SCOPUS::scopus_nucleo_a1_manutencao_sustentabilidade_raw.csv::01407|SCOPUS::scopus_nucleo_a4_gestao_ativos_ciclo_vida_raw.csv::00811
REG_01405,doi_e_titulo,2,Scopus,scopus_nucleo_a1_manutencao_sustentabilidade|scopus_nucleo_a4_gestao_ativos_ciclo_vida,Leadership in Energy and Environmental Design (LEED) and its impact on building operational expenditures,SCOPUS::scopus_nucleo_a1_manutencao_sustentabilidade_raw.csv::01408|SCOPUS::scopus_nucleo_a4_gestao_ativos_ciclo_vida_raw.csv::00816
REG_01413,doi_e_titulo,3,Scopus|WoS,scopus_nucleo_a1_manutencao_sustentabilidade|scopus_nucleo_a4_gestao_ativos_ciclo_vida|wos_nucleo_04,Context Awareness and Augmented Reality in Facility Management || Context awareness and augmented reality in facility management,SCOPUS::scopus_nucleo_a1_manutencao_sustentabilidade_raw.csv::01416|SCOPUS::scopus_nucleo_a4_gestao_ativos_ciclo_vida_raw.csv::00806|WOS::WOS_NUCLEO_04_20260708_part01.ris::00091
REG_01415,doi,3,Scopus,scopus_nucleo_a1_manutencao_sustentabilidade,A methodology for determining component service life || A review of service life and durability issues || Factors affecting components in the life-time costs of buildings,SCOPUS::scopus_nucleo_a1_manutencao_sustentabilidade_raw.csv::01418|SCOPUS::scopus_nucleo_a1_manutencao_sustentabilidade_raw.csv::01420|SCOPUS::scopus_nucleo_a1_manutencao_sustentabilidade_raw.csv::01463
REG_01417,titulo_normalizado,2,Scopus,scopus_nucleo_a1_manutencao_sustentabilidade|scopus_nucleo_a4_gestao_ativos_ciclo_vida,Framework for transforming buildings sector in developing economies based on lessons learned from energy efficiency & sustainability initiatives by the US federal agencies and cities,SCOPUS::scopus_nucleo_a1_manutencao_sustentabilidade_raw.csv::01421|SCOPUS::scopus_nucleo_a4_gestao_ativos_ciclo_vida_raw.csv::00807
REG_01418,titulo_normalizado,2,Scopus,scopus_nucleo_a1_manutencao_sustentabilidade|scopus_nucleo_a2_contexto_publico_universitario,Requisite facilities management competencies for sustainable development at higher education institutions,SCOPUS::scopus_nucleo_a1_manutencao_sustentabilidade_raw.csv::01422|SCOPUS::scopus_nucleo_a2_contexto_publico_universitario_raw.csv::00385
REG_01423,doi_e_titulo,2,Scopus,scopus_nucleo_a1_manutencao_sustentabilidade|scopus_nucleo_a3_priorizacao_estrategia_manutencao,A study to develop critical success factors of roads maintenance management system for sustainable facility management,SCOPUS::scopus_nucleo_a1_manutencao_sustentabilidade_raw.csv::01427|SCOPUS::scopus_nucleo_a3_priorizacao_estrategia_manutencao_raw.csv::00443
REG_01425,doi_e_titulo,3,Scopus|WoS,scopus_nucleo_a1_manutencao_sustentabilidade|scopus_nucleo_a4_gestao_ativos_ciclo_vida|wos_nucleo_04,Sustainable asset integrity management: Strategic imperatives for economic renewable energy generation,SCOPUS::scopus_nucleo_a1_manutencao_sustentabilidade_raw.csv::01429|SCOPUS::scopus_nucleo_a4_gestao_ativos_ciclo_vida_raw.csv::00808|WOS::WOS_NUCLEO_04_20260708_part01.ris::00431
REG_01436,titulo_normalizado,2,Scopus|WoS,scopus_nucleo_a1_manutencao_sustentabilidade|wos_nucleo_01,Strategic Road Performance Model: An Approach to Sustainable Facilities Management || Strategic road performance model: An approach to sustainable facilities management,SCOPUS::scopus_nucleo_a1_manutencao_sustentabilidade_raw.csv::01440|WOS::WOS_NUCLEO_01_20260708_part01.ris::00270
REG_01438,doi_e_titulo,2,Scopus|WoS,scopus_nucleo_a1_manutencao_sustentabilidade|wos_nucleo_01,Challenges within Life Cycle Cost (LCC) studies and Life Cycle Assessment (LCA) || Challenges within life cycle cost (LCC) studies and life cycle assessment (LCA),SCOPUS::scopus_nucleo_a1_manutencao_sustentabilidade_raw.csv::01442|WOS::WOS_NUCLEO_01_20260708_part01.ris::00110
REG_01453,doi_e_titulo,2,Scopus|WoS,scopus_nucleo_a1_manutencao_sustentabilidade|wos_nucleo_01,Using maintenance options to maximize the benefits of prognostics for wind farms,SCOPUS::scopus_nucleo_a1_manutencao_sustentabilidade_raw.csv::01457|WOS::WOS_NUCLEO_01_20260708_part01.ris::00224
REG_01455,doi_e_titulo,3,Crossref|Scopus,crossref_nucleo_a3|scopus_nucleo_a1_manutencao_sustentabilidade|scopus_nucleo_a2_contexto_publico_universitario,Buildings Renovation and Maintenance in the Public Sector || Buildings renovation and maintenance in the public sector,SCOPUS::scopus_nucleo_a1_manutencao_sustentabilidade_raw.csv::01459|SCOPUS::scopus_nucleo_a2_contexto_publico_universitario_raw.csv::00390|CROSSREF::crossref_nucleo_a3_raw.csv::00056
REG_01456,doi_e_titulo,2,Scopus|WoS,scopus_nucleo_a1_manutencao_sustentabilidade|wos_nucleo_01,Ambient intelligence environments for accessing building information A healthcare facility management scenario || Ambient intelligence environments for accessing building information: A healthcare facility management scenario,SCOPUS::scopus_nucleo_a1_manutencao_sustentabilidade_raw.csv::01460|WOS::WOS_NUCLEO_01_20260708_part01.ris::00138
REG_01457,doi_e_titulo,2,Scopus|WoS,scopus_nucleo_a1_manutencao_sustentabilidade|wos_nucleo_04,Life Cycle Assessment and Service Life Prediction A Case Study of Building Envelope Materials || Life cycle assessment and service life prediction: A case study of building envelope materials,SCOPUS::scopus_nucleo_a1_manutencao_sustentabilidade_raw.csv::01461|WOS::WOS_NUCLEO_04_20260708_part01.ris::00015
REG_01461,doi_e_titulo,3,Scopus|WoS,scopus_nucleo_a1_manutencao_sustentabilidade|scopus_nucleo_a4_gestao_ativos_ciclo_vida|wos_nucleo_04,Life cycle assessment of concentrated solar power (CSP) and the influence of hybridising with natural gas,SCOPUS::scopus_nucleo_a1_manutencao_sustentabilidade_raw.csv::01466|SCOPUS::scopus_nucleo_a4_gestao_ativos_ciclo_vida_raw.csv::00810|WOS::WOS_NUCLEO_04_20260708_part01.ris::00219
REG_01462,doi_e_titulo,2,Scopus,scopus_nucleo_a1_manutencao_sustentabilidade|scopus_nucleo_a3_priorizacao_estrategia_manutencao,A case study of embedding real-time infrastructure sensor data to BIM,SCOPUS::scopus_nucleo_a1_manutencao_sustentabilidade_raw.csv::01467|SCOPUS::scopus_nucleo_a3_priorizacao_estrategia_manutencao_raw.csv::00444
REG_01466,titulo_normalizado,2,Scopus,scopus_nucleo_a1_manutencao_sustentabilidade|scopus_nucleo_a4_gestao_ativos_ciclo_vida,Developing a method to analyse the electricity cost of wind power,SCOPUS::scopus_nucleo_a1_manutencao_sustentabilidade_raw.csv::01471|SCOPUS::scopus_nucleo_a4_gestao_ativos_ciclo_vida_raw.csv::00809
REG_01469,doi_e_titulo,3,Scopus|WoS,scopus_nucleo_a1_manutencao_sustentabilidade|scopus_nucleo_a4_gestao_ativos_ciclo_vida|wos_nucleo_04,"Assessment of alternative solutions of lower structure, taking into account energy and environmental impacts",SCOPUS::scopus_nucleo_a1_manutencao_sustentabilidade_raw.csv::01474|SCOPUS::scopus_nucleo_a4_gestao_ativos_ciclo_vida_raw.csv::00812|WOS::WOS_NUCLEO_04_20260708_part01.ris::00233
REG_01471,doi_e_titulo,3,Scopus|WoS,scopus_nucleo_a1_manutencao_sustentabilidade|scopus_nucleo_a4_gestao_ativos_ciclo_vida|wos_nucleo_04,Evaluation of Structures Design Concept of Lower Structure from Embodied Energy and Emissions || Evaluation of structures design concept of lower structure from embodied energy and emissions,SCOPUS::scopus_nucleo_a1_manutencao_sustentabilidade_raw.csv::01476|SCOPUS::scopus_nucleo_a4_gestao_ativos_ciclo_vida_raw.csv::00813|WOS::WOS_NUCLEO_04_20260708_part01.ris::00243
REG_01472,doi_e_titulo,2,Scopus|WoS,scopus_nucleo_a1_manutencao_sustentabilidade|wos_nucleo_01,Wind turbine condition monitoring,SCOPUS::scopus_nucleo_a1_manutencao_sustentabilidade_raw.csv::01477|WOS::WOS_NUCLEO_01_20260708_part01.ris::00120
REG_01486,doi_e_titulo,3,Scopus|WoS,scopus_nucleo_a1_manutencao_sustentabilidade|scopus_nucleo_a4_gestao_ativos_ciclo_vida|wos_nucleo_04,Identification of Maintenance Related Issues as Noise Strategy in Building Design || Identification of maintenance related issues as noise strategy in building design,SCOPUS::scopus_nucleo_a1_manutencao_sustentabilidade_raw.csv::01491|SCOPUS::scopus_nucleo_a4_gestao_ativos_ciclo_vida_raw.csv::00817|WOS::WOS_NUCLEO_04_20260708_part01.ris::00293
REG_01487,doi_e_titulo,2,Scopus,scopus_nucleo_a1_manutencao_sustentabilidade|scopus_nucleo_a4_gestao_ativos_ciclo_vida,System boundaries of zero carbon buildings,SCOPUS::scopus_nucleo_a1_manutencao_sustentabilidade_raw.csv::01492|SCOPUS::scopus_nucleo_a4_gestao_ativos_ciclo_vida_raw.csv::00822
REG_01491,titulo_normalizado,2,Scopus,scopus_nucleo_a1_manutencao_sustentabilidade|scopus_nucleo_a4_gestao_ativos_ciclo_vida,"Information and control systems to support planning, operation, and maintenance activities for sustainability of water supply and sewage facilities",SCOPUS::scopus_nucleo_a1_manutencao_sustentabilidade_raw.csv::01496|SCOPUS::scopus_nucleo_a4_gestao_ativos_ciclo_vida_raw.csv::00815
REG_01494,doi_e_titulo,2,Scopus,scopus_nucleo_a1_manutencao_sustentabilidade|scopus_nucleo_a3_priorizacao_estrategia_manutencao,A control system approach to corrective maintenance planning of building retrofitted facilities,SCOPUS::scopus_nucleo_a1_manutencao_sustentabilidade_raw.csv::01499|SCOPUS::scopus_nucleo_a3_priorizacao_estrategia_manutencao_raw.csv::00446
REG_01496,doi_e_titulo,2,Scopus,scopus_nucleo_a1_manutencao_sustentabilidade|scopus_nucleo_a4_gestao_ativos_ciclo_vida,Strategies for integrating design and construction and operations and maintenance supply chains in Singapore,SCOPUS::scopus_nucleo_a1_manutencao_sustentabilidade_raw.csv::01501|SCOPUS::scopus_nucleo_a4_gestao_ativos_ciclo_vida_raw.csv::00814
REG_01503,doi_e_titulo,2,Scopus,scopus_nucleo_a1_manutencao_sustentabilidade|scopus_nucleo_a4_gestao_ativos_ciclo_vida,The impact of maintenance and technology change on remanufacturing as a recovery alternative for used wind turbines,SCOPUS::scopus_nucleo_a1_manutencao_sustentabilidade_raw.csv::01508|SCOPUS::scopus_nucleo_a4_gestao_ativos_ciclo_vida_raw.csv::00823
REG_01513,doi_e_titulo,2,Scopus,scopus_nucleo_a1_manutencao_sustentabilidade|scopus_nucleo_a4_gestao_ativos_ciclo_vida,"How to recruit, retrain, and retain asset integrity management professionals in our industry",SCOPUS::scopus_nucleo_a1_manutencao_sustentabilidade_raw.csv::01518|SCOPUS::scopus_nucleo_a4_gestao_ativos_ciclo_vida_raw.csv::00821
REG_01519,doi_e_titulo,2,Scopus,scopus_nucleo_a1_manutencao_sustentabilidade|scopus_nucleo_a4_gestao_ativos_ciclo_vida,Virtual and augmented reality in the nuclear plant lifecycle perspective,SCOPUS::scopus_nucleo_a1_manutencao_sustentabilidade_raw.csv::01524|SCOPUS::scopus_nucleo_a4_gestao_ativos_ciclo_vida_raw.csv::00824
REG_01524,doi_e_titulo,2,Scopus,scopus_nucleo_a1_manutencao_sustentabilidade|scopus_nucleo_a4_gestao_ativos_ciclo_vida,Interoperable ICT platform for energy efficient smart buildings,SCOPUS::scopus_nucleo_a1_manutencao_sustentabilidade_raw.csv::01529|SCOPUS::scopus_nucleo_a4_gestao_ativos_ciclo_vida_raw.csv::00819
REG_01532,titulo_normalizado,2,Scopus,scopus_nucleo_a1_manutencao_sustentabilidade|scopus_nucleo_a3_priorizacao_estrategia_manutencao,"Technical inspections of bridges, buildings and sewers as a basis for strategic maintenance management",SCOPUS::scopus_nucleo_a1_manutencao_sustentabilidade_raw.csv::01537|SCOPUS::scopus_nucleo_a3_priorizacao_estrategia_manutencao_raw.csv::00449
REG_01537,doi_e_titulo,2,Scopus,scopus_nucleo_a1_manutencao_sustentabilidade|scopus_nucleo_a4_gestao_ativos_ciclo_vida,Tactical asset management plans for linear assets,SCOPUS::scopus_nucleo_a1_manutencao_sustentabilidade_raw.csv::01542|SCOPUS::scopus_nucleo_a4_gestao_ativos_ciclo_vida_raw.csv::00820
REG_01547,doi_e_titulo,2,Scopus|WoS,scopus_nucleo_a1_manutencao_sustentabilidade|wos_nucleo_01,Risk assessment of sewer condition using artificial intelligence tools: Application to the SANEST sewer system || Risk assessment of sewer condition using artificial intelligence tools: application to the SANEST sewer system,SCOPUS::scopus_nucleo_a1_manutencao_sustentabilidade_raw.csv::01552|WOS::WOS_NUCLEO_01_20260708_part01.ris::00411
REG_01582,doi_e_titulo,2,Scopus|WoS,scopus_nucleo_a1_manutencao_sustentabilidade|wos_nucleo_04,Sustainable housing: Emergy evaluation of an off-grid residence,SCOPUS::scopus_nucleo_a1_manutencao_sustentabilidade_raw.csv::01587|WOS::WOS_NUCLEO_04_20260708_part01.ris::00366
REG_01584,doi_e_titulo,2,Scopus|WoS,scopus_nucleo_a1_manutencao_sustentabilidade|wos_nucleo_01,ENERGY EFFICIENCY LANDSCAPES: AN ENERGY EFFICIENCY VISUAL TOOL FOR SUPPORTING DECISION MAKING IN BUILDINGS || Energy efficiency landscapes: An energy efficiency visual tool for supporting decision making in buildings,SCOPUS::scopus_nucleo_a1_manutencao_sustentabilidade_raw.csv::01589|WOS::WOS_NUCLEO_01_20260708_part01.ris::00223
REG_01586,doi_e_titulo,2,Scopus|WoS,scopus_nucleo_a1_manutencao_sustentabilidade|wos_nucleo_01,Access to electricity in Small Island Developing States of the Pacific: Issues and challenges,SCOPUS::scopus_nucleo_a1_manutencao_sustentabilidade_raw.csv::01591|WOS::WOS_NUCLEO_01_20260708_part01.ris::00586
REG_01597,doi_e_titulo,2,Scopus,scopus_nucleo_a1_manutencao_sustentabilidade|scopus_nucleo_a4_gestao_ativos_ciclo_vida,Life cycle greenhouse gas analysis of foam stabilizing base,SCOPUS::scopus_nucleo_a1_manutencao_sustentabilidade_raw.csv::01602|SCOPUS::scopus_nucleo_a4_gestao_ativos_ciclo_vida_raw.csv::00825
REG_01600,doi_e_titulo,2,Scopus,scopus_nucleo_a1_manutencao_sustentabilidade|scopus_nucleo_a3_priorizacao_estrategia_manutencao,A novel and reliable track condition prediction model for condition based track maintenance,SCOPUS::scopus_nucleo_a1_manutencao_sustentabilidade_raw.csv::01605|SCOPUS::scopus_nucleo_a3_priorizacao_estrategia_manutencao_raw.csv::00451
REG_01605,doi_e_titulo,2,Scopus,scopus_nucleo_a1_manutencao_sustentabilidade|scopus_nucleo_a4_gestao_ativos_ciclo_vida,A Semiotic Framework for Information Representation of Energy Consumption in Office Buildings,SCOPUS::scopus_nucleo_a1_manutencao_sustentabilidade_raw.csv::01610|SCOPUS::scopus_nucleo_a4_gestao_ativos_ciclo_vida_raw.csv::00826
REG_01606,doi_e_titulo,2,Scopus,scopus_nucleo_a1_manutencao_sustentabilidade|scopus_nucleo_a2_contexto_publico_universitario,Industry-Specific Needs,SCOPUS::scopus_nucleo_a1_manutencao_sustentabilidade_raw.csv::01611|SCOPUS::scopus_nucleo_a2_contexto_publico_universitario_raw.csv::00393
REG_01610,titulo_normalizado,2,Scopus,scopus_nucleo_a1_manutencao_sustentabilidade|scopus_nucleo_a4_gestao_ativos_ciclo_vida,Beyond leed: The future of energy management & sustainable development at Duke university,SCOPUS::scopus_nucleo_a1_manutencao_sustentabilidade_raw.csv::01615|SCOPUS::scopus_nucleo_a4_gestao_ativos_ciclo_vida_raw.csv::00827
REG_01625,doi_e_titulo,2,Scopus|WoS,scopus_nucleo_a1_manutencao_sustentabilidade|wos_nucleo_01,Sustaining participation in irrigation systems of Ethiopia: What have we learned about water user associations? || Sustaining participation in irrigation systems of Ethiopia: what have we learned about water user associations?,SCOPUS::scopus_nucleo_a1_manutencao_sustentabilidade_raw.csv::01630|WOS::WOS_NUCLEO_01_20260708_part01.ris::00359
REG_01627,titulo_normalizado,2,Scopus,scopus_nucleo_a1_manutencao_sustentabilidade|scopus_nucleo_a3_priorizacao_estrategia_manutencao,Naval District Washington smart shore initiative,SCOPUS::scopus_nucleo_a1_manutencao_sustentabilidade_raw.csv::01632|SCOPUS::scopus_nucleo_a3_priorizacao_estrategia_manutencao_raw.csv::00453
REG_01629,doi_e_titulo,2,Scopus|WoS,scopus_nucleo_a1_manutencao_sustentabilidade|wos_nucleo_01,Semantic Data Model for Operation and Maintenance of the Engineering Asset || Semantic data model for operation and maintenance of the engineering asset,SCOPUS::scopus_nucleo_a1_manutencao_sustentabilidade_raw.csv::01634|WOS::WOS_NUCLEO_01_20260708_part01.ris::00128
REG_01630,titulo_normalizado,2,Scopus,scopus_nucleo_a1_manutencao_sustentabilidade|scopus_nucleo_a4_gestao_ativos_ciclo_vida,"IFIP WG 5.7 International Conference on Advances in Production Management Systems, APMS 2012",SCOPUS::scopus_nucleo_a1_manutencao_sustentabilidade_raw.csv::01635|SCOPUS::scopus_nucleo_a4_gestao_ativos_ciclo_vida_raw.csv::00828
REG_01637,doi_e_titulo,2,Scopus,scopus_nucleo_a1_manutencao_sustentabilidade|scopus_nucleo_a3_priorizacao_estrategia_manutencao,"Asset management program development and implementation for the Port of Tacoma Port of Tacoma, Tacoma, WASHINGTON",SCOPUS::scopus_nucleo_a1_manutencao_sustentabilidade_raw.csv::01642|SCOPUS::scopus_nucleo_a3_priorizacao_estrategia_manutencao_raw.csv::00455
REG_01649,doi_e_titulo,2,Scopus,scopus_nucleo_a1_manutencao_sustentabilidade|scopus_nucleo_a4_gestao_ativos_ciclo_vida,Facilities management,SCOPUS::scopus_nucleo_a1_manutencao_sustentabilidade_raw.csv::01654|SCOPUS::scopus_nucleo_a4_gestao_ativos_ciclo_vida_raw.csv::00829
REG_01658,doi_e_titulo,2,Scopus,scopus_nucleo_a1_manutencao_sustentabilidade|scopus_nucleo_a4_gestao_ativos_ciclo_vida,How effective are the new wash security guidelines for india? an empirical case study of andhra pradesh,SCOPUS::scopus_nucleo_a1_manutencao_sustentabilidade_raw.csv::01663|SCOPUS::scopus_nucleo_a4_gestao_ativos_ciclo_vida_raw.csv::00830
REG_01660,doi_e_titulo,5,Crossref|Scopus|WoS,crossref_nucleo_a2|scopus_nucleo_a1_manutencao_sustentabilidade|scopus_nucleo_a4_gestao_ativos_ciclo_vida|wos_nucleo_01|wos_nucleo_04,Intelligent Facility Management for Sustainability and Risk Management,SCOPUS::scopus_nucleo_a1_manutencao_sustentabilidade_raw.csv::01665|SCOPUS::scopus_nucleo_a4_gestao_ativos_ciclo_vida_raw.csv::00831|CROSSREF::crossref_nucleo_a2_raw.csv::00166|WOS::WOS_NUCLEO_01_20260708_part01.ris::00290|WOS::WOS_NUCLEO_04_20260708_part01.ris::00352
REG_01667,titulo_normalizado,2,Scopus,scopus_nucleo_a1_manutencao_sustentabilidade|scopus_nucleo_a4_gestao_ativos_ciclo_vida,The research of whole life cycle emissions analysis of rural residential in Liaoning,SCOPUS::scopus_nucleo_a1_manutencao_sustentabilidade_raw.csv::01672|SCOPUS::scopus_nucleo_a4_gestao_ativos_ciclo_vida_raw.csv::00832
REG_01673,doi_e_titulo,2,Scopus,scopus_nucleo_a1_manutencao_sustentabilidade|scopus_nucleo_a2_contexto_publico_universitario,An exploratory study of rework causality in Uganda,SCOPUS::scopus_nucleo_a1_manutencao_sustentabilidade_raw.csv::01678|SCOPUS::scopus_nucleo_a2_contexto_publico_universitario_raw.csv::00394
REG_01687,doi_e_titulo,2,Scopus|WoS,scopus_nucleo_a1_manutencao_sustentabilidade|wos_nucleo_01,Assessing Sustainable Municipal Solid Waste Management Factors for Johor-Bahru by Analytical Hierarchy Process || Assessing sustainable municipal solid waste management factors for Johor-Bahru by analytical hierarchy process,SCOPUS::scopus_nucleo_a1_manutencao_sustentabilidade_raw.csv::01692|WOS::WOS_NUCLEO_01_20260708_part01.ris::00085
REG_01691,doi_e_titulo,3,Scopus|WoS,scopus_nucleo_a1_manutencao_sustentabilidade|wos_nucleo_01|wos_nucleo_04,Prognosis-Informed Wind Farm Operation and Maintenance for Concurrent Economic and Environmental Benefits || Prognosis-informed wind farm operation and maintenance for concurrent economic and environmental benefits,SCOPUS::scopus_nucleo_a1_manutencao_sustentabilidade_raw.csv::01696|WOS::WOS_NUCLEO_01_20260708_part01.ris::00099|WOS::WOS_NUCLEO_04_20260708_part01.ris::00162
REG_01694,doi_e_titulo,2,Scopus|WoS,scopus_nucleo_a1_manutencao_sustentabilidade|wos_nucleo_01,PANEL BUILDING REFURBISHMENT ELEMENTS EFFECTIVE SELECTION BY APPLYING MULTIPLE-CRITERIA METHODS || Panel building refurbishment elements effective selection by applying multiple-criteria methods,SCOPUS::scopus_nucleo_a1_manutencao_sustentabilidade_raw.csv::01699|WOS::WOS_NUCLEO_01_20260708_part01.ris::00074
REG_01703,doi_e_titulo,2,Scopus|WoS,scopus_nucleo_a1_manutencao_sustentabilidade|wos_nucleo_01,Challenges faced by facilities managers in the Australasian universities,SCOPUS::scopus_nucleo_a1_manutencao_sustentabilidade_raw.csv::01708|WOS::WOS_NUCLEO_01_20260708_part01.ris::00604
REG_01708,doi_e_titulo,2,Scopus|WoS,scopus_nucleo_a1_manutencao_sustentabilidade|wos_nucleo_01,Knowledge-based navigation system for building health diagnosis,SCOPUS::scopus_nucleo_a1_manutencao_sustentabilidade_raw.csv::01713|WOS::WOS_NUCLEO_01_20260708_part01.ris::00103
REG_01709,doi_e_titulo,2,Scopus|WoS,scopus_nucleo_a1_manutencao_sustentabilidade|wos_nucleo_04,Impact of building service life models on life cycle assessment,SCOPUS::scopus_nucleo_a1_manutencao_sustentabilidade_raw.csv::01714|WOS::WOS_NUCLEO_04_20260708_part01.ris::00003
REG_01710,doi_e_titulo,3,Scopus|WoS,scopus_nucleo_a1_manutencao_sustentabilidade|scopus_nucleo_a4_gestao_ativos_ciclo_vida|wos_nucleo_04,"A cloud approach to unified lifecycle data management in architecture, engineering, construction and facilities management: Integrating BIMs and SNS",SCOPUS::scopus_nucleo_a1_manutencao_sustentabilidade_raw.csv::01715|SCOPUS::scopus_nucleo_a4_gestao_ativos_ciclo_vida_raw.csv::00833|WOS::WOS_NUCLEO_04_20260708_part01.ris::00401
REG_01717,doi_e_titulo,3,Scopus|WoS,scopus_nucleo_a1_manutencao_sustentabilidade|scopus_nucleo_a2_contexto_publico_universitario|wos_nucleo_02,Innovation characteristics and intention to adopt sustainable facilities management practices,SCOPUS::scopus_nucleo_a1_manutencao_sustentabilidade_raw.csv::01722|SCOPUS::scopus_nucleo_a2_contexto_publico_universitario_raw.csv::00395|WOS::WOS_NUCLEO_02_20260708_part01.ris::00109
REG_01724,doi_e_titulo,2,Scopus|WoS,scopus_nucleo_a1_manutencao_sustentabilidade|wos_nucleo_01,Decision support model for energy-efficient improvement of entire building stocks,SCOPUS::scopus_nucleo_a1_manutencao_sustentabilidade_raw.csv::01729|WOS::WOS_NUCLEO_01_20260708_part01.ris::00444
REG_01726,titulo_normalizado,2,Scopus,scopus_nucleo_a1_manutencao_sustentabilidade|scopus_nucleo_a4_gestao_ativos_ciclo_vida,"Energy efficient production - Interdisciplinary, systemic approach through integrated simulation",SCOPUS::scopus_nucleo_a1_manutencao_sustentabilidade_raw.csv::01731|SCOPUS::scopus_nucleo_a4_gestao_ativos_ciclo_vida_raw.csv::00834
REG_01737,doi_e_titulo,2,Scopus,scopus_nucleo_a1_manutencao_sustentabilidade|scopus_nucleo_a4_gestao_ativos_ciclo_vida,Directional drivers of sustainable manufacturing: The impact of sustainable building codes and standards on the manufacturers of materials,SCOPUS::scopus_nucleo_a1_manutencao_sustentabilidade_raw.csv::01742|SCOPUS::scopus_nucleo_a4_gestao_ativos_ciclo_vida_raw.csv::00846
REG_01739,doi_e_titulo,2,Scopus,scopus_nucleo_a1_manutencao_sustentabilidade|scopus_nucleo_a4_gestao_ativos_ciclo_vida,"The David Lawrence Convention Center: How green building design and operations can save money, drive local economic opportunity, and transform an industry",SCOPUS::scopus_nucleo_a1_manutencao_sustentabilidade_raw.csv::01744|SCOPUS::scopus_nucleo_a4_gestao_ativos_ciclo_vida_raw.csv::00849
REG_01740,titulo_normalizado,2,Scopus,scopus_nucleo_a1_manutencao_sustentabilidade|scopus_nucleo_a4_gestao_ativos_ciclo_vida,Green choices: The influence of socio-technical parameters on householder decision making in green retrofit projects,SCOPUS::scopus_nucleo_a1_manutencao_sustentabilidade_raw.csv::01745|SCOPUS::scopus_nucleo_a4_gestao_ativos_ciclo_vida_raw.csv::00850
REG_01741,titulo_normalizado,2,Scopus,scopus_nucleo_a1_manutencao_sustentabilidade|scopus_nucleo_a4_gestao_ativos_ciclo_vida,Benefits of applying Building Information Modeling in Facility Management,SCOPUS::scopus_nucleo_a1_manutencao_sustentabilidade_raw.csv::01746|SCOPUS::scopus_nucleo_a4_gestao_ativos_ciclo_vida_raw.csv::00835
REG_01742,titulo_normalizado,3,Scopus,scopus_nucleo_a1_manutencao_sustentabilidade|scopus_nucleo_a2_contexto_publico_universitario|scopus_nucleo_a3_priorizacao_estrategia_manutencao,The conceptual model of activity-based life cycle cost in public university building facilities maintenance,SCOPUS::scopus_nucleo_a1_manutencao_sustentabilidade_raw.csv::01747|SCOPUS::scopus_nucleo_a2_contexto_publico_universitario_raw.csv::00398|SCOPUS::scopus_nucleo_a3_priorizacao_estrategia_manutencao_raw.csv::00464
REG_01750,doi_e_titulo,2,Scopus,scopus_nucleo_a1_manutencao_sustentabilidade|scopus_nucleo_a4_gestao_ativos_ciclo_vida,"Grand challenges in simulation for the architecture, engineering, construction, and facility management industries",SCOPUS::scopus_nucleo_a1_manutencao_sustentabilidade_raw.csv::01755|SCOPUS::scopus_nucleo_a4_gestao_ativos_ciclo_vida_raw.csv::00839
REG_01753,doi_e_titulo,2,Scopus,scopus_nucleo_a1_manutencao_sustentabilidade|scopus_nucleo_a4_gestao_ativos_ciclo_vida,It's all about your people [New York power authority],SCOPUS::scopus_nucleo_a1_manutencao_sustentabilidade_raw.csv::01758|SCOPUS::scopus_nucleo_a4_gestao_ativos_ciclo_vida_raw.csv::00837
REG_01754,titulo_normalizado,2,Scopus,scopus_nucleo_a1_manutencao_sustentabilidade|scopus_nucleo_a2_contexto_publico_universitario,Case study of BIM handover to support building operations,SCOPUS::scopus_nucleo_a1_manutencao_sustentabilidade_raw.csv::01759|SCOPUS::scopus_nucleo_a2_contexto_publico_universitario_raw.csv::00400
REG_01756,doi_e_titulo,2,Scopus|WoS,scopus_nucleo_a1_manutencao_sustentabilidade|wos_nucleo_01,"SITUATION AWARENESS (SA), A QUALITATIVE USER-CENTERED INFORMATION NEEDS ASSESSMENT APPROACH || Situation Awareness (SA), a qualitative user-centered information needs assessment approach",SCOPUS::scopus_nucleo_a1_manutencao_sustentabilidade_raw.csv::01761|WOS::WOS_NUCLEO_01_20260708_part01.ris::00101
REG_01757,doi_e_titulo,2,Scopus,scopus_nucleo_a1_manutencao_sustentabilidade|scopus_nucleo_a4_gestao_ativos_ciclo_vida,Energy retrofit of a single-family house: Life cycle net energy saving and environmental benefits,SCOPUS::scopus_nucleo_a1_manutencao_sustentabilidade_raw.csv::01762|SCOPUS::scopus_nucleo_a4_gestao_ativos_ciclo_vida_raw.csv::00840
REG_01761,doi_e_titulo,3,Scopus|WoS,scopus_nucleo_a1_manutencao_sustentabilidade|scopus_nucleo_a4_gestao_ativos_ciclo_vida|wos_nucleo_04,Manchester Civil Justice Centre: Procuring and Managing an Institutional Building with a Mixed Mode Ventilation System-A Case for Post-Occupancy Evaluation || Manchester Civil Justice centre: Procuring and managing an institutional building with a mixed mode ventilation system - A case for post-occupancy evaluation,SCOPUS::scopus_nucleo_a1_manutencao_sustentabilidade_raw.csv::01766|SCOPUS::scopus_nucleo_a4_gestao_ativos_ciclo_vida_raw.csv::00843|WOS::WOS_NUCLEO_04_20260708_part01.ris::00458
REG_01764,doi_e_titulo,2,Scopus,scopus_nucleo_a1_manutencao_sustentabilidade|scopus_nucleo_a4_gestao_ativos_ciclo_vida,Technology transfer of hand pumps in rural communities ofSwaziland: Towards sustainable project life cycle management,SCOPUS::scopus_nucleo_a1_manutencao_sustentabilidade_raw.csv::01769|SCOPUS::scopus_nucleo_a4_gestao_ativos_ciclo_vida_raw.csv::00841
REG_01765,titulo_normalizado,2,Scopus,scopus_nucleo_a1_manutencao_sustentabilidade|scopus_nucleo_a4_gestao_ativos_ciclo_vida,ECO-design of solar driven systems: A performance comparison between the Italian and the Brazilian context,SCOPUS::scopus_nucleo_a1_manutencao_sustentabilidade_raw.csv::01770|SCOPUS::scopus_nucleo_a4_gestao_ativos_ciclo_vida_raw.csv::00842
REG_01767,doi_e_titulo,2,Scopus|WoS,scopus_nucleo_a1_manutencao_sustentabilidade|wos_nucleo_02,Campus sustainability involvement and opinions: A survey of operational decision makers and faculty in the USA || Campus sustainability involvement and opinions: a survey of operational decision makers and faculty in the USA,SCOPUS::scopus_nucleo_a1_manutencao_sustentabilidade_raw.csv::01772|WOS::WOS_NUCLEO_02_20260708_part01.ris::00187
REG_01771,doi_e_titulo,2,Scopus,scopus_nucleo_a1_manutencao_sustentabilidade|scopus_nucleo_a4_gestao_ativos_ciclo_vida,Eco-efficiency of CdTe photovoltaics with tracking systems,SCOPUS::scopus_nucleo_a1_manutencao_sustentabilidade_raw.csv::01776|SCOPUS::scopus_nucleo_a4_gestao_ativos_ciclo_vida_raw.csv::00845
REG_01773,doi_e_titulo,3,Scopus|WoS,scopus_nucleo_a1_manutencao_sustentabilidade|scopus_nucleo_a4_gestao_ativos_ciclo_vida|wos_nucleo_04,Life cycle cost analysis of a sustainable solar water distillation technique,SCOPUS::scopus_nucleo_a1_manutencao_sustentabilidade_raw.csv::01778|SCOPUS::scopus_nucleo_a4_gestao_ativos_ciclo_vida_raw.csv::00836|WOS::WOS_NUCLEO_04_20260708_part01.ris::00039
REG_01778,titulo_normalizado,3,Scopus|WoS,scopus_nucleo_a1_manutencao_sustentabilidade|scopus_nucleo_a4_gestao_ativos_ciclo_vida|wos_nucleo_04,THE INFLUENCE OF ENERGY BALANCE OF BUILDINGS ON THE SBTOOLCZ ASSESSMENT METHODOLOGY - STATISTICAL EVALUATION OF STUDENT PROJECTS || The influence of energy balance of buildings on the sbtoolcz assessment methodology - statistical evaluation of student projects,SCOPUS::scopus_nucleo_a1_manutencao_sustentabilidade_raw.csv::01783|SCOPUS::scopus_nucleo_a4_gestao_ativos_ciclo_vida_raw.csv::00844|WOS::WOS_NUCLEO_04_20260708_part01.ris::00203
REG_01783,doi_e_titulo,6,Scopus|WoS,scopus_nucleo_a1_manutencao_sustentabilidade|scopus_nucleo_a2_contexto_publico_universitario|scopus_nucleo_a4_gestao_ativos_ciclo_vida|wos_nucleo_01|wos_nucleo_02|wos_nucleo_04,Selection of Efficient Retrofit Scenarios for Public Buildings || Selection of efficient retrofit scenarios for public buildings,SCOPUS::scopus_nucleo_a1_manutencao_sustentabilidade_raw.csv::01788|SCOPUS::scopus_nucleo_a2_contexto_publico_universitario_raw.csv::00399|SCOPUS::scopus_nucleo_a4_gestao_ativos_ciclo_vida_raw.csv::00838|WOS::WOS_NUCLEO_01_20260708_part01.ris::00077|WOS::WOS_NUCLEO_02_20260708_part01.ris::00047|WOS::WOS_NUCLEO_04_20260708_part01.ris::00080
REG_01784,doi_e_titulo,2,Scopus|WoS,scopus_nucleo_a1_manutencao_sustentabilidade|wos_nucleo_01,"Advances in PHM Application Frameworks: Processing Methods, Prognosis Models, Decision Making || Advances in PHM application frameworks: Processing methods, prognosis models, decision making",SCOPUS::scopus_nucleo_a1_manutencao_sustentabilidade_raw.csv::01789|WOS::WOS_NUCLEO_01_20260708_part01.ris::00251
REG_01785,doi_e_titulo,2,Scopus|WoS,scopus_nucleo_a1_manutencao_sustentabilidade|wos_nucleo_04,Life cycle primary energy use and carbon footprint of wood-frame conventional and passive houses with biomass-based energy supply,SCOPUS::scopus_nucleo_a1_manutencao_sustentabilidade_raw.csv::01790|WOS::WOS_NUCLEO_04_20260708_part01.ris::00146
REG_01792,doi_e_titulo,2,Scopus|WoS,scopus_nucleo_a1_manutencao_sustentabilidade|wos_nucleo_01,NOWIcob - A tool for reducing the maintenance costs of offshore wind farms || NOWIcob-A tool for reducing the maintenance costs of offshore wind farms,SCOPUS::scopus_nucleo_a1_manutencao_sustentabilidade_raw.csv::01797|WOS::WOS_NUCLEO_01_20260708_part01.ris::00152
REG_01793,doi_e_titulo,2,Scopus,scopus_nucleo_a1_manutencao_sustentabilidade|scopus_nucleo_a4_gestao_ativos_ciclo_vida,"Uniting lifecycle information – from items to assets, from concepts to practice",SCOPUS::scopus_nucleo_a1_manutencao_sustentabilidade_raw.csv::01798|SCOPUS::scopus_nucleo_a4_gestao_ativos_ciclo_vida_raw.csv::00848
REG_01801,titulo_normalizado,3,Scopus|WoS,scopus_nucleo_a1_manutencao_sustentabilidade|scopus_nucleo_a4_gestao_ativos_ciclo_vida|wos_nucleo_04,AIR HOUSE - A SOLAR DECATHLON COMPETITION PROTOTYPE - IN-DEPTH ENERGY ANALYSES AS A TOOL FOR A HIGH-QUALITY DESIGN || Air house - a solar decathlon competition prototype - in-depth energy analyses as a tool for a high-quality design,SCOPUS::scopus_nucleo_a1_manutencao_sustentabilidade_raw.csv::01806|SCOPUS::scopus_nucleo_a4_gestao_ativos_ciclo_vida_raw.csv::00847|WOS::WOS_NUCLEO_04_20260708_part01.ris::00351
REG_01802,doi_e_titulo,2,Scopus|WoS,scopus_nucleo_a1_manutencao_sustentabilidade|wos_nucleo_01,Regional policies for sustainability in the Mediterranean countries: the role of a proper HVAC system maintenance in museums || Regional policies for sustainability in the mediterranean countries: The role of a proper HVAC system maintenance in museums,SCOPUS::scopus_nucleo_a1_manutencao_sustentabilidade_raw.csv::01807|WOS::WOS_NUCLEO_01_20260708_part01.ris::00345
REG_01834,doi_e_titulo,3,Scopus|WoS,scopus_nucleo_a1_manutencao_sustentabilidade|scopus_nucleo_a2_contexto_publico_universitario|wos_nucleo_02,"Optimizing water use in the University of Sonora, Mexico",SCOPUS::scopus_nucleo_a1_manutencao_sustentabilidade_raw.csv::01839|SCOPUS::scopus_nucleo_a2_contexto_publico_universitario_raw.csv::00397|WOS::WOS_NUCLEO_02_20260708_part01.ris::00202
REG_01839,doi_e_titulo,2,Scopus|WoS,scopus_nucleo_a1_manutencao_sustentabilidade|wos_nucleo_01,"Centralized versus Decentralized Wastewater Reclamation in the Houghton Area of Tucson, Arizona || Centralized versus decentralized wastewater reclamation in the houghton area of Tucson, Arizona",SCOPUS::scopus_nucleo_a1_manutencao_sustentabilidade_raw.csv::01844|WOS::WOS_NUCLEO_01_20260708_part01.ris::00443
REG_01845,doi_e_titulo,4,Scopus|WoS,scopus_nucleo_a1_manutencao_sustentabilidade|scopus_nucleo_a4_gestao_ativos_ciclo_vida|wos_nucleo_01|wos_nucleo_04,Selection of an appropriate wastewater treatment technology: A scenario-based multiple-attribute decision-making approach,SCOPUS::scopus_nucleo_a1_manutencao_sustentabilidade_raw.csv::01850|SCOPUS::scopus_nucleo_a4_gestao_ativos_ciclo_vida_raw.csv::00851|WOS::WOS_NUCLEO_01_20260708_part01.ris::00054|WOS::WOS_NUCLEO_04_20260708_part01.ris::00206
REG_01856,titulo_normalizado,3,Scopus,scopus_nucleo_a1_manutencao_sustentabilidade|scopus_nucleo_a2_contexto_publico_universitario|scopus_nucleo_a4_gestao_ativos_ciclo_vida,A framework for life cycle cost analysis of sustainability features in buildings,SCOPUS::scopus_nucleo_a1_manutencao_sustentabilidade_raw.csv::01861|SCOPUS::scopus_nucleo_a2_contexto_publico_universitario_raw.csv::00401|SCOPUS::scopus_nucleo_a4_gestao_ativos_ciclo_vida_raw.csv::00852
REG_01860,titulo_normalizado,2,Scopus,scopus_nucleo_a1_manutencao_sustentabilidade|scopus_nucleo_a4_gestao_ativos_ciclo_vida,"Proceedings - 28th International PLEA Conference on Sustainable Architecture + Urban Design: Opportunities, Limits and Needs - Towards an Environmentally Responsible Architecture, PLEA 2012",SCOPUS::scopus_nucleo_a1_manutencao_sustentabilidade_raw.csv::01865|SCOPUS::scopus_nucleo_a4_gestao_ativos_ciclo_vida_raw.csv::00855
REG_01861,titulo_normalizado,2,Scopus,scopus_nucleo_a1_manutencao_sustentabilidade|scopus_nucleo_a4_gestao_ativos_ciclo_vida,Integration of principles for energy-efficient architecture and sustainable facilities management,SCOPUS::scopus_nucleo_a1_manutencao_sustentabilidade_raw.csv::01866|SCOPUS::scopus_nucleo_a4_gestao_ativos_ciclo_vida_raw.csv::00853
REG_01862,titulo_normalizado,2,Scopus,scopus_nucleo_a1_manutencao_sustentabilidade|scopus_nucleo_a2_contexto_publico_universitario,Post occupancy evaluation study on tainan municipal cultural center in Taiwan,SCOPUS::scopus_nucleo_a1_manutencao_sustentabilidade_raw.csv::01867|SCOPUS::scopus_nucleo_a2_contexto_publico_universitario_raw.csv::00402
REG_01865,doi_e_titulo,3,Scopus|WoS,scopus_nucleo_a1_manutencao_sustentabilidade|scopus_nucleo_a4_gestao_ativos_ciclo_vida|wos_nucleo_04,Environmental Impact of Non Metallic Hull Ships || Environmental impact of Non Metallic Hull Ships,SCOPUS::scopus_nucleo_a1_manutencao_sustentabilidade_raw.csv::01870|SCOPUS::scopus_nucleo_a4_gestao_ativos_ciclo_vida_raw.csv::00858|WOS::WOS_NUCLEO_04_20260708_part01.ris::00238
REG_01867,doi_e_titulo,3,Scopus|WoS,scopus_nucleo_a1_manutencao_sustentabilidade|scopus_nucleo_a4_gestao_ativos_ciclo_vida|wos_nucleo_04,Using Life Cycle Assessment to Evaluate Green and Grey Combined Sewer Overflow Control Strategies,SCOPUS::scopus_nucleo_a1_manutencao_sustentabilidade_raw.csv::01872|SCOPUS::scopus_nucleo_a4_gestao_ativos_ciclo_vida_raw.csv::00857|WOS::WOS_NUCLEO_04_20260708_part01.ris::00257
REG_01869,titulo_normalizado,2,Scopus,scopus_nucleo_a1_manutencao_sustentabilidade|scopus_nucleo_a4_gestao_ativos_ciclo_vida,Edmonton's North LRT extension: Sustainability throughout the project life cycle,SCOPUS::scopus_nucleo_a1_manutencao_sustentabilidade_raw.csv::01874|SCOPUS::scopus_nucleo_a4_gestao_ativos_ciclo_vida_raw.csv::00856
REG_01871,doi_e_titulo,3,Scopus|WoS,scopus_nucleo_a1_manutencao_sustentabilidade|scopus_nucleo_a4_gestao_ativos_ciclo_vida|wos_nucleo_04,"Life-cycle costs approach (LCCA) for sustainable water service delivery: A study in rural Andhra Pradesh, India || Life-cycle costs approach (LCCA) for sustainable water service delivery: a study in rural Andhra Pradesh, India",SCOPUS::scopus_nucleo_a1_manutencao_sustentabilidade_raw.csv::01876|SCOPUS::scopus_nucleo_a4_gestao_ativos_ciclo_vida_raw.csv::00854|WOS::WOS_NUCLEO_04_20260708_part01.ris::00214
REG_01874,titulo_normalizado,2,Scopus,scopus_nucleo_a1_manutencao_sustentabilidade|scopus_nucleo_a4_gestao_ativos_ciclo_vida,Selection of a sewer rehabilitation method: A risk-based lifecycle analysis,SCOPUS::scopus_nucleo_a1_manutencao_sustentabilidade_raw.csv::01879|SCOPUS::scopus_nucleo_a4_gestao_ativos_ciclo_vida_raw.csv::00859
REG_01887,titulo_normalizado,2,Scopus,scopus_nucleo_a1_manutencao_sustentabilidade|scopus_nucleo_a4_gestao_ativos_ciclo_vida,Designing energy efficient buildings amethodological approach based on computer simulation,SCOPUS::scopus_nucleo_a1_manutencao_sustentabilidade_raw.csv::01892|SCOPUS::scopus_nucleo_a4_gestao_ativos_ciclo_vida_raw.csv::00860
REG_01906,titulo_normalizado,2,Scopus,scopus_nucleo_a1_manutencao_sustentabilidade|scopus_nucleo_a4_gestao_ativos_ciclo_vida,Life-cycle cost analysis for real estate,SCOPUS::scopus_nucleo_a1_manutencao_sustentabilidade_raw.csv::01911|SCOPUS::scopus_nucleo_a4_gestao_ativos_ciclo_vida_raw.csv::00861
REG_01913,titulo_normalizado,2,Scopus,scopus_nucleo_a1_manutencao_sustentabilidade|scopus_nucleo_a2_contexto_publico_universitario,The challenge of existing building stocks,SCOPUS::scopus_nucleo_a1_manutencao_sustentabilidade_raw.csv::01918|SCOPUS::scopus_nucleo_a2_contexto_publico_universitario_raw.csv::00404
REG_01917,doi_e_titulo,2,Scopus|WoS,scopus_nucleo_a1_manutencao_sustentabilidade|wos_nucleo_01,Factors affecting sustainability of rural water schemes in Swaziland,SCOPUS::scopus_nucleo_a1_manutencao_sustentabilidade_raw.csv::01922|WOS::WOS_NUCLEO_01_20260708_part01.ris::00131
REG_01924,doi_e_titulo,6,Scopus|WoS,scopus_nucleo_a1_manutencao_sustentabilidade|scopus_nucleo_a2_contexto_publico_universitario|scopus_nucleo_a3_priorizacao_estrategia_manutencao|wos_nucleo_01|wos_nucleo_02|wos_nucleo_03,Are we heading towards mature facilities management in Norwegian municipalities?,SCOPUS::scopus_nucleo_a1_manutencao_sustentabilidade_raw.csv::01929|SCOPUS::scopus_nucleo_a2_contexto_publico_universitario_raw.csv::00406|SCOPUS::scopus_nucleo_a3_priorizacao_estrategia_manutencao_raw.csv::00476|WOS::WOS_NUCLEO_01_20260708_part01.ris::00534|WOS::WOS_NUCLEO_02_20260708_part01.ris::00129|WOS::WOS_NUCLEO_03_20260708_part01.ris::00004
REG_01927,doi_e_titulo,2,Scopus,scopus_nucleo_a1_manutencao_sustentabilidade|scopus_nucleo_a4_gestao_ativos_ciclo_vida,Sustainability in water supply,SCOPUS::scopus_nucleo_a1_manutencao_sustentabilidade_raw.csv::01932|SCOPUS::scopus_nucleo_a4_gestao_ativos_ciclo_vida_raw.csv::00862
REG_01933,doi_e_titulo,3,Scopus|WoS,scopus_nucleo_a1_manutencao_sustentabilidade|scopus_nucleo_a2_contexto_publico_universitario|wos_nucleo_02,A Sustainability Initiative to Quantify Carbon Sequestration by Campus Trees,SCOPUS::scopus_nucleo_a1_manutencao_sustentabilidade_raw.csv::01938|SCOPUS::scopus_nucleo_a2_contexto_publico_universitario_raw.csv::00407|WOS::WOS_NUCLEO_02_20260708_part01.ris::00181
REG_01940,doi_e_titulo,2,Crossref|Scopus,crossref_nucleo_a5|scopus_nucleo_a1_manutencao_sustentabilidade,Building asset management with deficiency tracking and integrated life cycle optimisation,SCOPUS::scopus_nucleo_a1_manutencao_sustentabilidade_raw.csv::01945|CROSSREF::crossref_nucleo_a5_raw.csv::00050
REG_01941,doi_e_titulo,2,Scopus|WoS,scopus_nucleo_a1_manutencao_sustentabilidade|wos_nucleo_02,Facilities management directors' conceptualizations of sustainability in higher education,SCOPUS::scopus_nucleo_a1_manutencao_sustentabilidade_raw.csv::01946|WOS::WOS_NUCLEO_02_20260708_part01.ris::00247
REG_01955,doi_e_titulo,2,Scopus|WoS,scopus_nucleo_a1_manutencao_sustentabilidade|wos_nucleo_01,Multicriteria Decision Making for Homeowners' Participation in Building Maintenance,SCOPUS::scopus_nucleo_a1_manutencao_sustentabilidade_raw.csv::01960|WOS::WOS_NUCLEO_01_20260708_part01.ris::00063
REG_01956,doi_e_titulo,3,Scopus|WoS,scopus_nucleo_a1_manutencao_sustentabilidade|scopus_nucleo_a4_gestao_ativos_ciclo_vida|wos_nucleo_04,Research on the Application of BIM in the Operation Stage of Green Building || Research on the application of BIM in the operation stage of green building,SCOPUS::scopus_nucleo_a1_manutencao_sustentabilidade_raw.csv::01961|SCOPUS::scopus_nucleo_a4_gestao_ativos_ciclo_vida_raw.csv::00863|WOS::WOS_NUCLEO_04_20260708_part01.ris::00314
REG_01960,doi_e_titulo,2,Scopus|WoS,scopus_nucleo_a1_manutencao_sustentabilidade|wos_nucleo_01,Maintenance Integrated Design and Manufacture of Buildings: Toward a Sustainable Model || Maintenance integrated design and manufacture of buildings: Toward a sustainable model,SCOPUS::scopus_nucleo_a1_manutencao_sustentabilidade_raw.csv::01965|WOS::WOS_NUCLEO_01_20260708_part01.ris::00428
REG_01981,doi_e_titulo,3,Scopus|WoS,scopus_nucleo_a1_manutencao_sustentabilidade|scopus_nucleo_a4_gestao_ativos_ciclo_vida|wos_nucleo_04,Life cycle energy consumption and CO2 emission of an office building in China,SCOPUS::scopus_nucleo_a1_manutencao_sustentabilidade_raw.csv::01986|SCOPUS::scopus_nucleo_a4_gestao_ativos_ciclo_vida_raw.csv::00864|WOS::WOS_NUCLEO_04_20260708_part01.ris::00035
REG_01984,doi_e_titulo,2,Scopus|WoS,scopus_nucleo_a1_manutencao_sustentabilidade|wos_nucleo_01,Validation of the adaptive reuse potential (ARP) model using iconCUR,SCOPUS::scopus_nucleo_a1_manutencao_sustentabilidade_raw.csv::01989|WOS::WOS_NUCLEO_01_20260708_part01.ris::00446
REG_01985,doi_e_titulo,2,Crossref|Scopus,crossref_nucleo_a5|scopus_nucleo_a1_manutencao_sustentabilidade,MOST-FIT: Support techniques for inspection and life cycle optimization in building asset management || MOST‐FIT: Support Techniques for Inspection and Life Cycle Optimization in Building Asset Management,SCOPUS::scopus_nucleo_a1_manutencao_sustentabilidade_raw.csv::01990|CROSSREF::crossref_nucleo_a5_raw.csv::00169
REG_01995,titulo_normalizado,2,Scopus,scopus_nucleo_a1_manutencao_sustentabilidade|scopus_nucleo_a4_gestao_ativos_ciclo_vida,"Sustainability evaluation, life cycle assessment and facilities management for geelong retail development",SCOPUS::scopus_nucleo_a1_manutencao_sustentabilidade_raw.csv::02000|SCOPUS::scopus_nucleo_a4_gestao_ativos_ciclo_vida_raw.csv::00865
REG_01996,doi_e_titulo,2,Scopus,scopus_nucleo_a1_manutencao_sustentabilidade|scopus_nucleo_a4_gestao_ativos_ciclo_vida,Building information modeling supporting facilities management,SCOPUS::scopus_nucleo_a1_manutencao_sustentabilidade_raw.csv::02001|SCOPUS::scopus_nucleo_a4_gestao_ativos_ciclo_vida_raw.csv::00868
REG_01997,titulo_normalizado,2,Scopus,scopus_nucleo_a1_manutencao_sustentabilidade|scopus_nucleo_a4_gestao_ativos_ciclo_vida,Optimising the role of facilities management (FM) in the development process (DP): The development of FM-DP integration framework for sustainable property development,SCOPUS::scopus_nucleo_a1_manutencao_sustentabilidade_raw.csv::02002|SCOPUS::scopus_nucleo_a4_gestao_ativos_ciclo_vida_raw.csv::00867
REG_01999,doi_e_titulo,3,Scopus|WoS,scopus_nucleo_a1_manutencao_sustentabilidade|scopus_nucleo_a4_gestao_ativos_ciclo_vida|wos_nucleo_04,Life cycle cost assessment of a rain water harvesting system for toilet flushing,SCOPUS::scopus_nucleo_a1_manutencao_sustentabilidade_raw.csv::02004|SCOPUS::scopus_nucleo_a4_gestao_ativos_ciclo_vida_raw.csv::00866|WOS::WOS_NUCLEO_04_20260708_part01.ris::00004
REG_02004,doi_e_titulo,2,Scopus|WoS,scopus_nucleo_a1_manutencao_sustentabilidade|wos_nucleo_01,Failure Rate Prediction in Various Life Cycle Phases: A Framework for Updating || Failure rate prediction in various life cycle phases: A framework for updating,SCOPUS::scopus_nucleo_a1_manutencao_sustentabilidade_raw.csv::02009|WOS::WOS_NUCLEO_01_20260708_part01.ris::00158
REG_02005,titulo_normalizado,2,Scopus,scopus_nucleo_a1_manutencao_sustentabilidade|scopus_nucleo_a4_gestao_ativos_ciclo_vida,Life cycle analysis in the energy sector,SCOPUS::scopus_nucleo_a1_manutencao_sustentabilidade_raw.csv::02010|SCOPUS::scopus_nucleo_a4_gestao_ativos_ciclo_vida_raw.csv::00870
REG_02006,doi_e_titulo,2,Scopus,scopus_nucleo_a1_manutencao_sustentabilidade|scopus_nucleo_a4_gestao_ativos_ciclo_vida,Analysing the life cycle greenhouse gas emission and energy consumption of a multi-storied commercial building in Singapore from an extended system boundary perspective,SCOPUS::scopus_nucleo_a1_manutencao_sustentabilidade_raw.csv::02011|SCOPUS::scopus_nucleo_a4_gestao_ativos_ciclo_vida_raw.csv::00869
REG_02012,doi_e_titulo,2,Scopus,scopus_nucleo_a1_manutencao_sustentabilidade|scopus_nucleo_a4_gestao_ativos_ciclo_vida,Sustainability evaluation of Viennese housing estates in the passive house standard - a post occupancy reflection of selected criteria,SCOPUS::scopus_nucleo_a1_manutencao_sustentabilidade_raw.csv::02017|SCOPUS::scopus_nucleo_a4_gestao_ativos_ciclo_vida_raw.csv::00871
REG_02018,doi_e_titulo,2,Scopus|WoS,scopus_nucleo_a1_manutencao_sustentabilidade|wos_nucleo_01,System assurance of subsea petroleum production systems: A case study mapping factors influencing the sourcing strategy || System assurance of subsea petroleum production systems: a case study mapping factors influencing the sourcing strategy,SCOPUS::scopus_nucleo_a1_manutencao_sustentabilidade_raw.csv::02023|WOS::WOS_NUCLEO_01_20260708_part01.ris::00281
REG_02030,doi_e_titulo,2,Scopus|WoS,scopus_nucleo_a1_manutencao_sustentabilidade|wos_nucleo_02,Higher education's sustainability imperative: How to practically respond? || Higher education's sustainability imperative: how to practically respond?,SCOPUS::scopus_nucleo_a1_manutencao_sustentabilidade_raw.csv::02035|WOS::WOS_NUCLEO_02_20260708_part01.ris::00204
REG_02032,doi_e_titulo,2,Scopus|WoS,scopus_nucleo_a1_manutencao_sustentabilidade|wos_nucleo_01,A PROBABILISTIC APPROACH TO INTRODUCE RISK MEASUREMENT INDICATORS TO AN OFFSHORE WIND PROJECT EVALUATION - IMPROVEMENT TO AN EXISTING TOOL ECUME || A probabilistic approach to introduce risk measurement indicators to an offshore wind project evaluation - Improvement to an existing tool ECUME,SCOPUS::scopus_nucleo_a1_manutencao_sustentabilidade_raw.csv::02037|WOS::WOS_NUCLEO_01_20260708_part01.ris::00367
REG_02035,doi_e_titulo,3,Scopus|WoS,scopus_nucleo_a1_manutencao_sustentabilidade|wos_nucleo_01|wos_nucleo_04,PROGNOSIS INFORMED DESIGN FRAMEWORK FOR OPERATION AND MAINTENANCE OF WIND TURBINES || Prognosis informed design framework for operation and maintenance of wind turbines,SCOPUS::scopus_nucleo_a1_manutencao_sustentabilidade_raw.csv::02040|WOS::WOS_NUCLEO_01_20260708_part01.ris::00091|WOS::WOS_NUCLEO_04_20260708_part01.ris::00143
REG_02038,doi_e_titulo,3,Scopus|WoS,scopus_nucleo_a1_manutencao_sustentabilidade|wos_nucleo_01|wos_nucleo_04,PROGNOSIS INFORMED STOCHASTIC DECISION MAKING FRAMEWORK FOR OPERATION AND MAINTENANCE OF WIND TURBINES || Prognosis informed stochastic decision making framework for operation and maintenance of wind turbines,SCOPUS::scopus_nucleo_a1_manutencao_sustentabilidade_raw.csv::02043|WOS::WOS_NUCLEO_01_20260708_part01.ris::00089|WOS::WOS_NUCLEO_04_20260708_part01.ris::00163
REG_02040,titulo_normalizado,2,Scopus,scopus_nucleo_a1_manutencao_sustentabilidade|scopus_nucleo_a2_contexto_publico_universitario,SAVES: A sustainable multiagent application to conserve building energy considering occupants,SCOPUS::scopus_nucleo_a1_manutencao_sustentabilidade_raw.csv::02045|SCOPUS::scopus_nucleo_a2_contexto_publico_universitario_raw.csv::00410
REG_02065,titulo_normalizado,2,Scopus,scopus_nucleo_a1_manutencao_sustentabilidade|scopus_nucleo_a4_gestao_ativos_ciclo_vida,A data collection framework to study post occupancy performance of green buildings,SCOPUS::scopus_nucleo_a1_manutencao_sustentabilidade_raw.csv::02070|SCOPUS::scopus_nucleo_a4_gestao_ativos_ciclo_vida_raw.csv::00875
REG_02069,doi_e_titulo,2,Scopus|WoS,scopus_nucleo_a1_manutencao_sustentabilidade|wos_nucleo_01,Outsourcing in Facilities Management- A Literature Review || Outsourcing in facilities management - A literature review,SCOPUS::scopus_nucleo_a1_manutencao_sustentabilidade_raw.csv::02074|WOS::WOS_NUCLEO_01_20260708_part01.ris::00125
REG_02071,titulo_normalizado,2,Scopus,scopus_nucleo_a1_manutencao_sustentabilidade|scopus_nucleo_a4_gestao_ativos_ciclo_vida,The study of BIM-based MRT structural inspection system,SCOPUS::scopus_nucleo_a1_manutencao_sustentabilidade_raw.csv::02076|SCOPUS::scopus_nucleo_a4_gestao_ativos_ciclo_vida_raw.csv::00873
REG_02075,doi_e_titulo,2,Scopus|WoS,scopus_nucleo_a1_manutencao_sustentabilidade|wos_nucleo_02,An Approach to Facilities Management (FM) Practices in Higher Learning Institutions to Attain a Sustainable Campus (Case Study: University Technology Mara - UiTM) || An approach to facilities management (FM) practices in higher learning institutions to attain a sustainable campus (Case Study: University Technology Mara - UiTM),SCOPUS::scopus_nucleo_a1_manutencao_sustentabilidade_raw.csv::02080|WOS::WOS_NUCLEO_02_20260708_part01.ris::00228
REG_02079,doi_e_titulo,3,Scopus|WoS,scopus_nucleo_a1_manutencao_sustentabilidade|scopus_nucleo_a4_gestao_ativos_ciclo_vida|wos_nucleo_04,A comparative life cycle assessment of a transparent composite facade system and a glass curtain wall system || A comparative life cycle assessment of a transparent composite façade system and a glass curtain wall system,SCOPUS::scopus_nucleo_a1_manutencao_sustentabilidade_raw.csv::02084|SCOPUS::scopus_nucleo_a4_gestao_ativos_ciclo_vida_raw.csv::00872|WOS::WOS_NUCLEO_04_20260708_part01.ris::00081
REG_02085,doi_e_titulo,2,Scopus,scopus_nucleo_a1_manutencao_sustentabilidade|scopus_nucleo_a4_gestao_ativos_ciclo_vida,Information modelling for sustainable buildings,SCOPUS::scopus_nucleo_a1_manutencao_sustentabilidade_raw.csv::02090|SCOPUS::scopus_nucleo_a4_gestao_ativos_ciclo_vida_raw.csv::00874
REG_02096,titulo_normalizado,2,Scopus,scopus_nucleo_a1_manutencao_sustentabilidade|scopus_nucleo_a2_contexto_publico_universitario,"2nd International Building Control Conference, IBCC 2011",SCOPUS::scopus_nucleo_a1_manutencao_sustentabilidade_raw.csv::02101|SCOPUS::scopus_nucleo_a2_contexto_publico_universitario_raw.csv::00413
REG_02097,titulo_normalizado,2,Scopus,scopus_nucleo_a1_manutencao_sustentabilidade|scopus_nucleo_a4_gestao_ativos_ciclo_vida,A case study into the relation between temperature and work productivity in offices in the UK,SCOPUS::scopus_nucleo_a1_manutencao_sustentabilidade_raw.csv::02102|SCOPUS::scopus_nucleo_a4_gestao_ativos_ciclo_vida_raw.csv::00877
REG_02098,titulo_normalizado,2,Scopus,scopus_nucleo_a1_manutencao_sustentabilidade|scopus_nucleo_a4_gestao_ativos_ciclo_vida,Building information modeling (BIM) - Based design of energy efficient buildings,SCOPUS::scopus_nucleo_a1_manutencao_sustentabilidade_raw.csv::02103|SCOPUS::scopus_nucleo_a4_gestao_ativos_ciclo_vida_raw.csv::00876
REG_02115,titulo_normalizado,2,Scopus,scopus_nucleo_a1_manutencao_sustentabilidade|scopus_nucleo_a4_gestao_ativos_ciclo_vida,Measures for maintaining low energy use in commercial buildings over their life-cycle,SCOPUS::scopus_nucleo_a1_manutencao_sustentabilidade_raw.csv::02120|SCOPUS::scopus_nucleo_a4_gestao_ativos_ciclo_vida_raw.csv::00878
REG_02118,doi_e_titulo,4,Scopus|WoS,scopus_nucleo_a1_manutencao_sustentabilidade|scopus_nucleo_a4_gestao_ativos_ciclo_vida|wos_nucleo_01|wos_nucleo_04,Green maintenance for historic masonry buildings: an emerging concept,SCOPUS::scopus_nucleo_a1_manutencao_sustentabilidade_raw.csv::02123|SCOPUS::scopus_nucleo_a4_gestao_ativos_ciclo_vida_raw.csv::00879|WOS::WOS_NUCLEO_01_20260708_part01.ris::00075|WOS::WOS_NUCLEO_04_20260708_part01.ris::00252
REG_02122,doi_e_titulo,2,Scopus|WoS,scopus_nucleo_a1_manutencao_sustentabilidade|wos_nucleo_01,Sustainability Criteria for Industrialised Building Systems (IBS) in Malaysia || Sustainability criteria for Industrialised Building Systems (IBS) in Malaysia,SCOPUS::scopus_nucleo_a1_manutencao_sustentabilidade_raw.csv::02127|WOS::WOS_NUCLEO_01_20260708_part01.ris::00463
REG_02134,doi_e_titulo,2,Scopus|WoS,scopus_nucleo_a1_manutencao_sustentabilidade|wos_nucleo_01,Basic Principles for Sustainable Participatory Irrigation Management || Basic principles for sustainable participatory irrigation management,SCOPUS::scopus_nucleo_a1_manutencao_sustentabilidade_raw.csv::02139|WOS::WOS_NUCLEO_01_20260708_part01.ris::00498
REG_02140,doi_e_titulo,3,Scopus|WoS,scopus_nucleo_a1_manutencao_sustentabilidade|scopus_nucleo_a4_gestao_ativos_ciclo_vida|wos_nucleo_04,Sustainable workplaces and building user comfort and satisfaction,SCOPUS::scopus_nucleo_a1_manutencao_sustentabilidade_raw.csv::02145|SCOPUS::scopus_nucleo_a4_gestao_ativos_ciclo_vida_raw.csv::00880|WOS::WOS_NUCLEO_04_20260708_part01.ris::00472
REG_02146,doi_e_titulo,2,Scopus|WoS,scopus_nucleo_a1_manutencao_sustentabilidade|wos_nucleo_02,Evolution of a campus sustainability network: A case study in organizational change || Evolution of a campus sustainability network: a case study in organizational change,SCOPUS::scopus_nucleo_a1_manutencao_sustentabilidade_raw.csv::02151|WOS::WOS_NUCLEO_02_20260708_part01.ris::00315
REG_02150,doi_e_titulo,2,Scopus,scopus_nucleo_a1_manutencao_sustentabilidade|scopus_nucleo_a4_gestao_ativos_ciclo_vida,"Building information modeling and simulation for the mechanical, electrical, and plumbing systems",SCOPUS::scopus_nucleo_a1_manutencao_sustentabilidade_raw.csv::02155|SCOPUS::scopus_nucleo_a4_gestao_ativos_ciclo_vida_raw.csv::00881
REG_02161,doi_e_titulo,2,Scopus,scopus_nucleo_a1_manutencao_sustentabilidade|scopus_nucleo_a3_priorizacao_estrategia_manutencao,Study on in-service bridge LCC decision model based on maintenance management system,SCOPUS::scopus_nucleo_a1_manutencao_sustentabilidade_raw.csv::02166|SCOPUS::scopus_nucleo_a3_priorizacao_estrategia_manutencao_raw.csv::00491
REG_02169,doi_e_titulo,3,Scopus|WoS,scopus_nucleo_a1_manutencao_sustentabilidade|scopus_nucleo_a4_gestao_ativos_ciclo_vida|wos_nucleo_04,Sustainable Earthen and Straw Bale Construction in North American Buildings: Codes and Practice || Sustainable earthen and straw bale construction in north american buildings: Codes and practice,SCOPUS::scopus_nucleo_a1_manutencao_sustentabilidade_raw.csv::02174|SCOPUS::scopus_nucleo_a4_gestao_ativos_ciclo_vida_raw.csv::00882|WOS::WOS_NUCLEO_04_20260708_part01.ris::00253
REG_02172,doi_e_titulo,5,Scopus|WoS,scopus_nucleo_a1_manutencao_sustentabilidade|scopus_nucleo_a2_contexto_publico_universitario|wos_nucleo_01|wos_nucleo_02|wos_nucleo_04,SELECTION OF FACADE'S ALTERNATIVES OF COMMERCIAL AND PUBLIC BUILDINGS BASED ON MULTIPLE CRITERIA || Selection of Facade's Alternatives of Commercial and Public Buildings Based on Multiple Criteria,SCOPUS::scopus_nucleo_a1_manutencao_sustentabilidade_raw.csv::02177|SCOPUS::scopus_nucleo_a2_contexto_publico_universitario_raw.csv::00414|WOS::WOS_NUCLEO_01_20260708_part01.ris::00187|WOS::WOS_NUCLEO_02_20260708_part01.ris::00062|WOS::WOS_NUCLEO_04_20260708_part01.ris::00196
REG_02173,doi,2,Scopus|WoS,scopus_nucleo_a1_manutencao_sustentabilidade|wos_nucleo_04,"Analysis of chemicals and energy consumption in water and wastewater treatment, as cost components: Case study of Oslo, Norway || Case study: Analysis of chemicals and energy consumption in water and wastewater treatment, as cost components: Case study of Oslo, Norway",SCOPUS::scopus_nucleo_a1_manutencao_sustentabilidade_raw.csv::02178|WOS::WOS_NUCLEO_04_20260708_part01.ris::00429
REG_02175,titulo_normalizado,3,Scopus,scopus_nucleo_a1_manutencao_sustentabilidade|scopus_nucleo_a2_contexto_publico_universitario|scopus_nucleo_a4_gestao_ativos_ciclo_vida,Building user manual: A vital component of the Malaysian green building index,SCOPUS::scopus_nucleo_a1_manutencao_sustentabilidade_raw.csv::02180|SCOPUS::scopus_nucleo_a2_contexto_publico_universitario_raw.csv::00415|SCOPUS::scopus_nucleo_a4_gestao_ativos_ciclo_vida_raw.csv::00883
REG_02176,titulo_normalizado,2,Scopus,scopus_nucleo_a1_manutencao_sustentabilidade|scopus_nucleo_a3_priorizacao_estrategia_manutencao,Performance measurement for maintenance management of real estate,SCOPUS::scopus_nucleo_a1_manutencao_sustentabilidade_raw.csv::02181|SCOPUS::scopus_nucleo_a3_priorizacao_estrategia_manutencao_raw.csv::00492
REG_02184,titulo_normalizado,2,Scopus,scopus_nucleo_a1_manutencao_sustentabilidade|scopus_nucleo_a4_gestao_ativos_ciclo_vida,Decision support model for building renovation strategies,SCOPUS::scopus_nucleo_a1_manutencao_sustentabilidade_raw.csv::02189|SCOPUS::scopus_nucleo_a4_gestao_ativos_ciclo_vida_raw.csv::00884
REG_02191,titulo_normalizado,2,Scopus,scopus_nucleo_a1_manutencao_sustentabilidade|scopus_nucleo_a4_gestao_ativos_ciclo_vida,Spotlight on: Concrete asset management,SCOPUS::scopus_nucleo_a1_manutencao_sustentabilidade_raw.csv::02196|SCOPUS::scopus_nucleo_a4_gestao_ativos_ciclo_vida_raw.csv::00885
REG_02193,doi_e_titulo,2,Scopus|WoS,scopus_nucleo_a1_manutencao_sustentabilidade|wos_nucleo_04,"Cost-Estimating Tools for Low-Impact Development Best Management Practices: Challenges, Limitations, and Implications",SCOPUS::scopus_nucleo_a1_manutencao_sustentabilidade_raw.csv::02198|WOS::WOS_NUCLEO_04_20260708_part01.ris::00355
REG_02199,titulo_normalizado,2,Scopus,scopus_nucleo_a1_manutencao_sustentabilidade|scopus_nucleo_a3_priorizacao_estrategia_manutencao,On the use of open bim and 4D visualisation in a predictive life cycle management system for construction works,SCOPUS::scopus_nucleo_a1_manutencao_sustentabilidade_raw.csv::02204|SCOPUS::scopus_nucleo_a3_priorizacao_estrategia_manutencao_raw.csv::00493
REG_02201,doi_e_titulo,2,Scopus|WoS,scopus_nucleo_a1_manutencao_sustentabilidade|wos_nucleo_01,A Review of Decision Support Models for Offshore Wind Farms with an Emphasis on Operation and Maintenance Strategies || A review of decision support models for offshore wind farms with an emphasis on operation and maintenance strategies,SCOPUS::scopus_nucleo_a1_manutencao_sustentabilidade_raw.csv::02206|WOS::WOS_NUCLEO_01_20260708_part01.ris::00084
REG_02204,doi_e_titulo,4,Scopus|WoS,scopus_nucleo_a1_manutencao_sustentabilidade|scopus_nucleo_a4_gestao_ativos_ciclo_vida|wos_nucleo_01|wos_nucleo_04,Sustainable carbon neutral building design: New simulation tools for teaching green buildings || Sustainable carbon neutral building design: new simulation tools for teaching green buildings,SCOPUS::scopus_nucleo_a1_manutencao_sustentabilidade_raw.csv::02209|SCOPUS::scopus_nucleo_a4_gestao_ativos_ciclo_vida_raw.csv::00891|WOS::WOS_NUCLEO_01_20260708_part01.ris::00015|WOS::WOS_NUCLEO_04_20260708_part01.ris::00358
REG_02207,doi_e_titulo,3,Scopus|WoS,scopus_nucleo_a1_manutencao_sustentabilidade|scopus_nucleo_a4_gestao_ativos_ciclo_vida|wos_nucleo_04,Health Outcomes and Green Renovation of Affordable Housing || Health outcomes and green renovation of affordable housing,SCOPUS::scopus_nucleo_a1_manutencao_sustentabilidade_raw.csv::02212|SCOPUS::scopus_nucleo_a4_gestao_ativos_ciclo_vida_raw.csv::00894|WOS::WOS_NUCLEO_04_20260708_part01.ris::00424
REG_02208,doi_e_titulo,2,Scopus,scopus_nucleo_a1_manutencao_sustentabilidade|scopus_nucleo_a4_gestao_ativos_ciclo_vida,Impact of new European facility management standards on building cost structures,SCOPUS::scopus_nucleo_a1_manutencao_sustentabilidade_raw.csv::02213|SCOPUS::scopus_nucleo_a4_gestao_ativos_ciclo_vida_raw.csv::00887
REG_02211,titulo_normalizado,3,Scopus,scopus_nucleo_a1_manutencao_sustentabilidade|scopus_nucleo_a2_contexto_publico_universitario|scopus_nucleo_a4_gestao_ativos_ciclo_vida,Exploring the potential of the O&M manual as the designers' tool for solving maintenance problems of public buildings in Nigeria,SCOPUS::scopus_nucleo_a1_manutencao_sustentabilidade_raw.csv::02216|SCOPUS::scopus_nucleo_a2_contexto_publico_universitario_raw.csv::00417|SCOPUS::scopus_nucleo_a4_gestao_ativos_ciclo_vida_raw.csv::00888
REG_02212,doi_e_titulo,3,Crossref|Scopus|WoS,crossref_nucleo_a2|scopus_nucleo_a1_manutencao_sustentabilidade|wos_nucleo_01,An analytical method to evaluate facility management services for residential buildings,SCOPUS::scopus_nucleo_a1_manutencao_sustentabilidade_raw.csv::02217|CROSSREF::crossref_nucleo_a2_raw.csv::00056|WOS::WOS_NUCLEO_01_20260708_part01.ris::00335
REG_02216,titulo_normalizado,4,Scopus|WoS,scopus_nucleo_a1_manutencao_sustentabilidade|scopus_nucleo_a4_gestao_ativos_ciclo_vida|wos_nucleo_01|wos_nucleo_04,"LIFE-CYCLE ANALYSIS OF A SUSTAINABLE BUILDING, APLYING MULTI-CRITERIA DECISION MAKING METHOD || Life-cycle analysis of a sustainable building, aplying multi-criteria decision making method",SCOPUS::scopus_nucleo_a1_manutencao_sustentabilidade_raw.csv::02221|SCOPUS::scopus_nucleo_a4_gestao_ativos_ciclo_vida_raw.csv::00889|WOS::WOS_NUCLEO_01_20260708_part01.ris::00042|WOS::WOS_NUCLEO_04_20260708_part01.ris::00173
REG_02220,titulo_normalizado,2,Scopus,scopus_nucleo_a1_manutencao_sustentabilidade|scopus_nucleo_a4_gestao_ativos_ciclo_vida,Guidelines for decision-makers with regard to high-speed rail track and infrastructure,SCOPUS::scopus_nucleo_a1_manutencao_sustentabilidade_raw.csv::02225|SCOPUS::scopus_nucleo_a4_gestao_ativos_ciclo_vida_raw.csv::00890
REG_02228,titulo_normalizado,2,Scopus,scopus_nucleo_a1_manutencao_sustentabilidade|scopus_nucleo_a4_gestao_ativos_ciclo_vida,Site selection and project planning resulting in sustainable buildings,SCOPUS::scopus_nucleo_a1_manutencao_sustentabilidade_raw.csv::02233|SCOPUS::scopus_nucleo_a4_gestao_ativos_ciclo_vida_raw.csv::00892
REG_02233,doi_e_titulo,2,Scopus,scopus_nucleo_a1_manutencao_sustentabilidade|scopus_nucleo_a4_gestao_ativos_ciclo_vida,Façade cleaning process analysis and evaluation for the development of an intelligent robotic system for high-rise building maintenance,SCOPUS::scopus_nucleo_a1_manutencao_sustentabilidade_raw.csv::02238|SCOPUS::scopus_nucleo_a4_gestao_ativos_ciclo_vida_raw.csv::00893
REG_02251,titulo_normalizado,2,Scopus,scopus_nucleo_a1_manutencao_sustentabilidade|scopus_nucleo_a4_gestao_ativos_ciclo_vida,"Sustainable construction materials: Current construction practices, concerns and limitations",SCOPUS::scopus_nucleo_a1_manutencao_sustentabilidade_raw.csv::02256|SCOPUS::scopus_nucleo_a4_gestao_ativos_ciclo_vida_raw.csv::00896
REG_02254,doi_e_titulo,4,Scopus|WoS,scopus_nucleo_a1_manutencao_sustentabilidade|scopus_nucleo_a4_gestao_ativos_ciclo_vida|wos_nucleo_01|wos_nucleo_04,RESEARCH ON ASSESSMENT METHOD OF GREEN BUILDINGS IN CHINA || Research on assessment method of green buildings in China,SCOPUS::scopus_nucleo_a1_manutencao_sustentabilidade_raw.csv::02259|SCOPUS::scopus_nucleo_a4_gestao_ativos_ciclo_vida_raw.csv::00897|WOS::WOS_NUCLEO_01_20260708_part01.ris::00000|WOS::WOS_NUCLEO_04_20260708_part01.ris::00333
REG_02288,titulo_normalizado,2,Scopus,scopus_nucleo_a1_manutencao_sustentabilidade|scopus_nucleo_a3_priorizacao_estrategia_manutencao,The development of a Condition Survey Protocol (CSP) 1 Matrix for visual building inspection,SCOPUS::scopus_nucleo_a1_manutencao_sustentabilidade_raw.csv::02293|SCOPUS::scopus_nucleo_a3_priorizacao_estrategia_manutencao_raw.csv::00500
REG_02290,doi_e_titulo,2,Scopus,scopus_nucleo_a1_manutencao_sustentabilidade|scopus_nucleo_a4_gestao_ativos_ciclo_vida,Pipeline rehabilitation systems for service life extension,SCOPUS::scopus_nucleo_a1_manutencao_sustentabilidade_raw.csv::02295|SCOPUS::scopus_nucleo_a4_gestao_ativos_ciclo_vida_raw.csv::00898
REG_02294,doi_e_titulo,3,Scopus|WoS,scopus_nucleo_a1_manutencao_sustentabilidade|scopus_nucleo_a4_gestao_ativos_ciclo_vida|wos_nucleo_04,LCA-based environmental assessment of the use and maintenance of heating and ventilation systems in Dutch dwellings,SCOPUS::scopus_nucleo_a1_manutencao_sustentabilidade_raw.csv::02299|SCOPUS::scopus_nucleo_a4_gestao_ativos_ciclo_vida_raw.csv::00899|WOS::WOS_NUCLEO_04_20260708_part01.ris::00125
REG_02306,doi_e_titulo,2,Scopus,scopus_nucleo_a1_manutencao_sustentabilidade|scopus_nucleo_a4_gestao_ativos_ciclo_vida,Life cycle cost analysis and real option theory for improved sustainability in existing buildings,SCOPUS::scopus_nucleo_a1_manutencao_sustentabilidade_raw.csv::02311|SCOPUS::scopus_nucleo_a4_gestao_ativos_ciclo_vida_raw.csv::00900
REG_02319,doi_e_titulo,2,Scopus|WoS,scopus_nucleo_a1_manutencao_sustentabilidade|wos_nucleo_04,Inadequate documentation in published life cycle energy reports on buildings,SCOPUS::scopus_nucleo_a1_manutencao_sustentabilidade_raw.csv::02324|WOS::WOS_NUCLEO_04_20260708_part01.ris::00121
REG_02320,doi_e_titulo,2,Scopus,scopus_nucleo_a1_manutencao_sustentabilidade|scopus_nucleo_a2_contexto_publico_universitario,Retail shopping centre recycling initiatives,SCOPUS::scopus_nucleo_a1_manutencao_sustentabilidade_raw.csv::02325|SCOPUS::scopus_nucleo_a2_contexto_publico_universitario_raw.csv::00423
REG_02334,doi_e_titulo,2,Scopus|WoS,scopus_nucleo_a1_manutencao_sustentabilidade|wos_nucleo_01,Study on Facility System Control of Integrated Traffic Terminal with Public Security as Priority || Study on facility system control of integrated traffic terminal with public security as priority,SCOPUS::scopus_nucleo_a1_manutencao_sustentabilidade_raw.csv::02339|WOS::WOS_NUCLEO_01_20260708_part01.ris::00308
REG_02337,doi_e_titulo,3,Scopus|WoS,scopus_nucleo_a1_manutencao_sustentabilidade|scopus_nucleo_a4_gestao_ativos_ciclo_vida|wos_nucleo_04,Asset Management for Urban Wastewater Pipeline Networks || Asset management for urban wastewater pipeline networks,SCOPUS::scopus_nucleo_a1_manutencao_sustentabilidade_raw.csv::02342|SCOPUS::scopus_nucleo_a4_gestao_ativos_ciclo_vida_raw.csv::00901|WOS::WOS_NUCLEO_04_20260708_part01.ris::00298
REG_02338,doi_e_titulo,2,Crossref|Scopus,crossref_nucleo_a2|scopus_nucleo_a1_manutencao_sustentabilidade,Environmental Sustainability in Sport Facility Management: A Delphi Study || Environmental sustainability in sport facility management: A Delphi study,SCOPUS::scopus_nucleo_a1_manutencao_sustentabilidade_raw.csv::02343|CROSSREF::crossref_nucleo_a2_raw.csv::00103
REG_02340,doi_e_titulo,2,Scopus|WoS,scopus_nucleo_a1_manutencao_sustentabilidade|wos_nucleo_01,Development of a life cycle cost estimate system for structures of light rail transit infrastructure,SCOPUS::scopus_nucleo_a1_manutencao_sustentabilidade_raw.csv::02345|WOS::WOS_NUCLEO_01_20260708_part01.ris::00355
REG_02345,doi_e_titulo,2,Scopus,scopus_nucleo_a1_manutencao_sustentabilidade|scopus_nucleo_a4_gestao_ativos_ciclo_vida,Operation and maintenance budgeting for commercial buildings in Hong Kong,SCOPUS::scopus_nucleo_a1_manutencao_sustentabilidade_raw.csv::02350|SCOPUS::scopus_nucleo_a4_gestao_ativos_ciclo_vida_raw.csv::00902
REG_02357,doi_e_titulo,2,Scopus|WoS,scopus_nucleo_a1_manutencao_sustentabilidade|wos_nucleo_04,Life cycle primary energy use and carbon emission of an eight-storey wood-framed apartment building,SCOPUS::scopus_nucleo_a1_manutencao_sustentabilidade_raw.csv::02362|WOS::WOS_NUCLEO_04_20260708_part01.ris::00042
REG_02366,titulo_normalizado,3,Scopus|WoS,scopus_nucleo_a1_manutencao_sustentabilidade|scopus_nucleo_a4_gestao_ativos_ciclo_vida|wos_nucleo_01,BUILDING MAINTENANCE AND RENOVATION || Building maintenance and renovation,SCOPUS::scopus_nucleo_a1_manutencao_sustentabilidade_raw.csv::02371|SCOPUS::scopus_nucleo_a4_gestao_ativos_ciclo_vida_raw.csv::00903|WOS::WOS_NUCLEO_01_20260708_part01.ris::00264
REG_02369,doi_e_titulo,2,Scopus,scopus_nucleo_a1_manutencao_sustentabilidade|scopus_nucleo_a4_gestao_ativos_ciclo_vida,"The management of sharing, integrating, tracking, and maintaining data-sets, is a new and rather complex task",SCOPUS::scopus_nucleo_a1_manutencao_sustentabilidade_raw.csv::02374|SCOPUS::scopus_nucleo_a4_gestao_ativos_ciclo_vida_raw.csv::00906
REG_02370,doi_e_titulo,2,Scopus,scopus_nucleo_a1_manutencao_sustentabilidade|scopus_nucleo_a4_gestao_ativos_ciclo_vida,The evaluation of LCCO2 basic unit of 2 MW domestic wind turbines,SCOPUS::scopus_nucleo_a1_manutencao_sustentabilidade_raw.csv::02375|SCOPUS::scopus_nucleo_a4_gestao_ativos_ciclo_vida_raw.csv::00905
REG_02373,doi_e_titulo,3,Scopus|WoS,scopus_nucleo_a1_manutencao_sustentabilidade|scopus_nucleo_a4_gestao_ativos_ciclo_vida|wos_nucleo_04,Photovoltaic systems: A cost competitive option to supply energy to off-grid agricultural communities in arid regions,SCOPUS::scopus_nucleo_a1_manutencao_sustentabilidade_raw.csv::02378|SCOPUS::scopus_nucleo_a4_gestao_ativos_ciclo_vida_raw.csv::00904|WOS::WOS_NUCLEO_04_20260708_part01.ris::00360
REG_02383,doi_e_titulo,3,Scopus,scopus_nucleo_a1_manutencao_sustentabilidade|scopus_nucleo_a2_contexto_publico_universitario|scopus_nucleo_a3_priorizacao_estrategia_manutencao,Application of back-propagation artificial neural network to predict maintenance costs and budget for University buildings,SCOPUS::scopus_nucleo_a1_manutencao_sustentabilidade_raw.csv::02388|SCOPUS::scopus_nucleo_a2_contexto_publico_universitario_raw.csv::00426|SCOPUS::scopus_nucleo_a3_priorizacao_estrategia_manutencao_raw.csv::00507
REG_02385,titulo_normalizado,3,Scopus|WoS,scopus_nucleo_a1_manutencao_sustentabilidade|scopus_nucleo_a4_gestao_ativos_ciclo_vida|wos_nucleo_04,EDUCATION AND TRAINING IN THE FIELD OF SUSTAINABLE BUILDING DESIGN || Education and training in the field of sustainable building design,SCOPUS::scopus_nucleo_a1_manutencao_sustentabilidade_raw.csv::02390|SCOPUS::scopus_nucleo_a4_gestao_ativos_ciclo_vida_raw.csv::00907|WOS::WOS_NUCLEO_04_20260708_part01.ris::00386
REG_02388,doi_e_titulo,2,Scopus,scopus_nucleo_a1_manutencao_sustentabilidade|scopus_nucleo_a4_gestao_ativos_ciclo_vida,Towards a Process warehouse based energy building information model,SCOPUS::scopus_nucleo_a1_manutencao_sustentabilidade_raw.csv::02393|SCOPUS::scopus_nucleo_a4_gestao_ativos_ciclo_vida_raw.csv::00908
REG_02390,doi_e_titulo,3,Scopus|WoS,scopus_nucleo_a1_manutencao_sustentabilidade|scopus_nucleo_a2_contexto_publico_universitario|wos_nucleo_02,Building operation and maintenance: Education needs in Hong Kong || Building operation and maintenance: education needs in Hong Kong,SCOPUS::scopus_nucleo_a1_manutencao_sustentabilidade_raw.csv::02395|SCOPUS::scopus_nucleo_a2_contexto_publico_universitario_raw.csv::00424|WOS::WOS_NUCLEO_02_20260708_part01.ris::00223
REG_02391,titulo_normalizado,3,Scopus|WoS,scopus_nucleo_a1_manutencao_sustentabilidade|scopus_nucleo_a2_contexto_publico_universitario|wos_nucleo_02,BIM FOR GEO-ANALYSIS (BIM4GEOA): SET UP OF 3D INFORMATION SYSTEM WITH OPEN SOURCE SOFTWARE AND OPEN SPECIFICATION (OS). || Bim for geo-analysis (BIM4GEOA): Set up of 3D information system with open source software and open specification (OS),SCOPUS::scopus_nucleo_a1_manutencao_sustentabilidade_raw.csv::02396|SCOPUS::scopus_nucleo_a2_contexto_publico_universitario_raw.csv::00428|WOS::WOS_NUCLEO_02_20260708_part01.ris::00269
REG_02416,doi_e_titulo,2,Scopus|WoS,scopus_nucleo_a1_manutencao_sustentabilidade|wos_nucleo_01,Inventory proposal for gravity-based support structures in offshore wind farms,SCOPUS::scopus_nucleo_a1_manutencao_sustentabilidade_raw.csv::02421|WOS::WOS_NUCLEO_01_20260708_part01.ris::00462
REG_02421,doi_e_titulo,2,Scopus,scopus_nucleo_a1_manutencao_sustentabilidade|scopus_nucleo_a3_priorizacao_estrategia_manutencao,Innovative Optimization Model for Planning Upgrade and Maintenance Interventions for Buildings,SCOPUS::scopus_nucleo_a1_manutencao_sustentabilidade_raw.csv::02426|SCOPUS::scopus_nucleo_a3_priorizacao_estrategia_manutencao_raw.csv::00232
REG_02422,doi_e_titulo,2,Scopus,scopus_nucleo_a1_manutencao_sustentabilidade|scopus_nucleo_a4_gestao_ativos_ciclo_vida,Life Cycle Assessment of Advanced Building Components towards NZEBs,SCOPUS::scopus_nucleo_a1_manutencao_sustentabilidade_raw.csv::02427|SCOPUS::scopus_nucleo_a4_gestao_ativos_ciclo_vida_raw.csv::00412
REG_02427,doi_e_titulo,2,Scopus|WoS,scopus_nucleo_a1_manutencao_sustentabilidade|wos_nucleo_04,The resiliency of photovoltaic applied fuelling station in Malaysia: A dynamic urban emission displacement assessment,SCOPUS::scopus_nucleo_a1_manutencao_sustentabilidade_raw.csv::02432|WOS::WOS_NUCLEO_04_20260708_part01.ris::00067
REG_02431,doi_e_titulo,2,Scopus|WoS,scopus_nucleo_a1_manutencao_sustentabilidade|wos_nucleo_01,Application of analytical-network-process (ANP) for evaluation of key-performance-indicators (KPI) for application of blockchain technology in infrastructure projects,SCOPUS::scopus_nucleo_a1_manutencao_sustentabilidade_raw.csv::02436|WOS::WOS_NUCLEO_01_20260708_part01.ris::00041
REG_02434,doi_e_titulo,2,Scopus|WoS,scopus_nucleo_a1_manutencao_sustentabilidade|wos_nucleo_01,Testing of a Multiple Criteria Assessment Tool for Healthcare Facilities Quality and Sustainability: The Case of German Hospitals,SCOPUS::scopus_nucleo_a1_manutencao_sustentabilidade_raw.csv::02439|WOS::WOS_NUCLEO_01_20260708_part01.ris::00523
REG_02445,doi_e_titulo,2,Scopus|WoS,scopus_nucleo_a1_manutencao_sustentabilidade|wos_nucleo_01,A multicriteria analysis of groundwater development pathways in three river basins in Sub-Saharan Africa,SCOPUS::scopus_nucleo_a1_manutencao_sustentabilidade_raw.csv::02450|WOS::WOS_NUCLEO_01_20260708_part01.ris::00227
REG_02452,doi_e_titulo,2,Scopus|WoS,scopus_nucleo_a1_manutencao_sustentabilidade|wos_nucleo_04,Towards sustainable commercial buildings: an analysis of operation and maintenance (O&M) costs in Sri Lanka,SCOPUS::scopus_nucleo_a1_manutencao_sustentabilidade_raw.csv::02457|WOS::WOS_NUCLEO_04_20260708_part01.ris::00330
REG_02454,doi_e_titulo,2,Scopus|WoS,scopus_nucleo_a1_manutencao_sustentabilidade|wos_nucleo_01,An integrated lean production-sustainability framework for evaluation and improvement of the performance of pharmaceutical factory,SCOPUS::scopus_nucleo_a1_manutencao_sustentabilidade_raw.csv::02459|WOS::WOS_NUCLEO_01_20260708_part01.ris::00181
REG_02460,doi_e_titulo,2,Scopus|WoS,scopus_nucleo_a1_manutencao_sustentabilidade|wos_nucleo_01,Ensuring the Safety of Buildings by Reducing the Noise Impact through the Use of Green Wall Systems,SCOPUS::scopus_nucleo_a1_manutencao_sustentabilidade_raw.csv::02465|WOS::WOS_NUCLEO_01_20260708_part01.ris::00017
REG_02467,doi_e_titulo,2,Scopus|WoS,scopus_nucleo_a1_manutencao_sustentabilidade|wos_nucleo_01,Intelligent Campus System Design Based on Digital Twin,SCOPUS::scopus_nucleo_a1_manutencao_sustentabilidade_raw.csv::02472|WOS::WOS_NUCLEO_01_20260708_part01.ris::00362
REG_02479,doi_e_titulo,3,Scopus|WoS,scopus_nucleo_a1_manutencao_sustentabilidade|scopus_nucleo_a4_gestao_ativos_ciclo_vida|wos_nucleo_04,"Sustainability appraisal of arsenic mitigation policy innovations in West Bengal, India",SCOPUS::scopus_nucleo_a1_manutencao_sustentabilidade_raw.csv::02484|SCOPUS::scopus_nucleo_a4_gestao_ativos_ciclo_vida_raw.csv::00413|WOS::WOS_NUCLEO_04_20260708_part01.ris::00392
REG_02481,doi_e_titulo,2,Scopus|WoS,scopus_nucleo_a1_manutencao_sustentabilidade|wos_nucleo_01,Assessing decarbonisation pathways in the food and beverage sector: A multi-criteria decision analysis approach,SCOPUS::scopus_nucleo_a1_manutencao_sustentabilidade_raw.csv::02486|WOS::WOS_NUCLEO_01_20260708_part01.ris::00051
REG_02482,doi_e_titulo,2,Scopus|WoS,scopus_nucleo_a1_manutencao_sustentabilidade|wos_nucleo_01,BUILDING DIGITAL TWINS FOR SMART CITIES: A CASE STUDY IN GREECE || Building Digital Twins for Smart Cities: A Case Study in Greece,SCOPUS::scopus_nucleo_a1_manutencao_sustentabilidade_raw.csv::02487|WOS::WOS_NUCLEO_01_20260708_part01.ris::00326
REG_02486,doi_e_titulo,3,Scopus|WoS,scopus_nucleo_a1_manutencao_sustentabilidade|scopus_nucleo_a4_gestao_ativos_ciclo_vida|wos_nucleo_04,Green building performance assessment in China using a cloud model,SCOPUS::scopus_nucleo_a1_manutencao_sustentabilidade_raw.csv::02491|SCOPUS::scopus_nucleo_a4_gestao_ativos_ciclo_vida_raw.csv::00416|WOS::WOS_NUCLEO_04_20260708_part01.ris::00482
REG_02487,doi_e_titulo,2,Crossref|Scopus,crossref_nucleo_a4|scopus_nucleo_a1_manutencao_sustentabilidade,Simultaneity in Renewable Building Energy Supply—A Case Study on a Lecturing and Exhibition Building on a University Campus Located in the Cfb Climate Zone,SCOPUS::scopus_nucleo_a1_manutencao_sustentabilidade_raw.csv::02492|CROSSREF::crossref_nucleo_a4_raw.csv::00007
REG_02489,doi_e_titulo,2,Scopus|WoS,scopus_nucleo_a1_manutencao_sustentabilidade|wos_nucleo_01,Development of a Framework to Support Whole-Life-Cycle Net-Zero-Carbon Buildings through Integration of Building Information Modelling and Digital Twins,SCOPUS::scopus_nucleo_a1_manutencao_sustentabilidade_raw.csv::02494|WOS::WOS_NUCLEO_01_20260708_part01.ris::00133
REG_02490,doi_e_titulo,3,Scopus|WoS,scopus_nucleo_a1_manutencao_sustentabilidade|scopus_nucleo_a4_gestao_ativos_ciclo_vida|wos_nucleo_04,Life cycle assessment of a wind farm in Turkey,SCOPUS::scopus_nucleo_a1_manutencao_sustentabilidade_raw.csv::02495|SCOPUS::scopus_nucleo_a4_gestao_ativos_ciclo_vida_raw.csv::00414|WOS::WOS_NUCLEO_04_20260708_part01.ris::00261
REG_02492,doi_e_titulo,2,Scopus,scopus_nucleo_a1_manutencao_sustentabilidade|scopus_nucleo_a4_gestao_ativos_ciclo_vida,Trends and innovations in photovoltaic operations and maintenance,SCOPUS::scopus_nucleo_a1_manutencao_sustentabilidade_raw.csv::02497|SCOPUS::scopus_nucleo_a4_gestao_ativos_ciclo_vida_raw.csv::00415
REG_02494,doi_e_titulo,2,Scopus|WoS,scopus_nucleo_a1_manutencao_sustentabilidade|wos_nucleo_01,Knowledge Graphs' Ontologies and Applications for Energy Efficiency in Buildings: A Review || Knowledge Graphs’ Ontologies and Applications for Energy Efficiency in Buildings: A Review,SCOPUS::scopus_nucleo_a1_manutencao_sustentabilidade_raw.csv::02499|WOS::WOS_NUCLEO_01_20260708_part01.ris::00098
REG_02497,doi_e_titulo,2,Scopus|WoS,scopus_nucleo_a1_manutencao_sustentabilidade|wos_nucleo_02,"A capability perspective on sustainable employability: A Dutch focus group study on organizational, work and personal conversion factors",SCOPUS::scopus_nucleo_a1_manutencao_sustentabilidade_raw.csv::02502|WOS::WOS_NUCLEO_02_20260708_part01.ris::00474
REG_02502,doi_e_titulo,2,Scopus,scopus_nucleo_a1_manutencao_sustentabilidade|scopus_nucleo_a4_gestao_ativos_ciclo_vida,Molecular design and experiment of ion transport inhibitors towards concrete sustainability,SCOPUS::scopus_nucleo_a1_manutencao_sustentabilidade_raw.csv::02507|SCOPUS::scopus_nucleo_a4_gestao_ativos_ciclo_vida_raw.csv::00417
REG_02503,doi_e_titulo,2,Scopus|WoS,scopus_nucleo_a1_manutencao_sustentabilidade|wos_nucleo_01,Validation of the UNICEF fiscal diagnostic tool for SDGs 6.1 and 6.2 in East and Southern Africa using the analytical hierarchy process (AHP),SCOPUS::scopus_nucleo_a1_manutencao_sustentabilidade_raw.csv::02508|WOS::WOS_NUCLEO_01_20260708_part01.ris::00180
REG_02504,doi_e_titulo,2,Scopus,scopus_nucleo_a1_manutencao_sustentabilidade|scopus_nucleo_a4_gestao_ativos_ciclo_vida,Collaborative platform of lifecycle value chain for nuclear power equipment,SCOPUS::scopus_nucleo_a1_manutencao_sustentabilidade_raw.csv::02509|SCOPUS::scopus_nucleo_a4_gestao_ativos_ciclo_vida_raw.csv::00418
REG_02506,doi_e_titulo,3,Scopus|WoS,scopus_nucleo_a1_manutencao_sustentabilidade|scopus_nucleo_a4_gestao_ativos_ciclo_vida|wos_nucleo_04,Financial Viability and Environmental Sustainability of Fecal Sludge Treatment with Pyrolysis Omni Processors,SCOPUS::scopus_nucleo_a1_manutencao_sustentabilidade_raw.csv::02511|SCOPUS::scopus_nucleo_a4_gestao_ativos_ciclo_vida_raw.csv::00419|WOS::WOS_NUCLEO_04_20260708_part01.ris::00459
REG_02508,doi_e_titulo,3,Scopus|WoS,scopus_nucleo_a1_manutencao_sustentabilidade|scopus_nucleo_a2_contexto_publico_universitario|wos_nucleo_02,Digitization and Energy Transition of the Built Environment - Towards a Redefinition of Models of Use in Energy Management of Real Estate Assets || Digitization and energy transition of the built environment-towards a redefinition of models of use in energy management of real estate assets,SCOPUS::scopus_nucleo_a1_manutencao_sustentabilidade_raw.csv::02513|SCOPUS::scopus_nucleo_a2_contexto_publico_universitario_raw.csv::00197|WOS::WOS_NUCLEO_02_20260708_part01.ris::00113
REG_02517,doi_e_titulo,3,Scopus|WoS,scopus_nucleo_a1_manutencao_sustentabilidade|scopus_nucleo_a4_gestao_ativos_ciclo_vida|wos_nucleo_04,"Application of deep learning in facility management and maintenance for heating, ventilation, and air conditioning",SCOPUS::scopus_nucleo_a1_manutencao_sustentabilidade_raw.csv::02522|SCOPUS::scopus_nucleo_a4_gestao_ativos_ciclo_vida_raw.csv::00420|WOS::WOS_NUCLEO_04_20260708_part01.ris::00342
REG_02530,doi_e_titulo,2,Scopus|WoS,scopus_nucleo_a1_manutencao_sustentabilidade|wos_nucleo_04,Guidelines for the Implementation of BIM for Post-Occupancy Management of Social Housing in Brazil,SCOPUS::scopus_nucleo_a1_manutencao_sustentabilidade_raw.csv::02535|WOS::WOS_NUCLEO_04_20260708_part01.ris::00372
REG_02537,doi,2,Scopus|WoS,scopus_nucleo_a1_manutencao_sustentabilidade|wos_nucleo_01,Drivers and Challenges Associated With the Implementation of Big Data Within U.K. Facilities Management Sector: An Exploratory Factor Analysis Approach || Drivers and Challenges Associated With the Implementation of Big Data Within UK Facilities Management Sector: An Exploratory Factor Analysis Approach,SCOPUS::scopus_nucleo_a1_manutencao_sustentabilidade_raw.csv::02542|WOS::WOS_NUCLEO_01_20260708_part01.ris::00389
REG_02538,doi_e_titulo,3,Scopus|WoS,scopus_nucleo_a1_manutencao_sustentabilidade|scopus_nucleo_a4_gestao_ativos_ciclo_vida|wos_nucleo_04,Evaluating Life-Cycle Energy Costs of Heritage Buildings,SCOPUS::scopus_nucleo_a1_manutencao_sustentabilidade_raw.csv::02543|SCOPUS::scopus_nucleo_a4_gestao_ativos_ciclo_vida_raw.csv::00421|WOS::WOS_NUCLEO_04_20260708_part01.ris::00060
REG_02540,doi_e_titulo,3,Scopus|WoS,scopus_nucleo_a1_manutencao_sustentabilidade|scopus_nucleo_a2_contexto_publico_universitario|wos_nucleo_02,An Integrated Fuzzy-Based Sustainability Framework for Post-Secondary Educational Buildings: A User-Perspective Approach,SCOPUS::scopus_nucleo_a1_manutencao_sustentabilidade_raw.csv::02545|SCOPUS::scopus_nucleo_a2_contexto_publico_universitario_raw.csv::00200|WOS::WOS_NUCLEO_02_20260708_part01.ris::00014
REG_02550,doi_e_titulo,2,Scopus,scopus_nucleo_a1_manutencao_sustentabilidade|scopus_nucleo_a2_contexto_publico_universitario,Comparative Study Between Energy Performances of Non-Renewable and Renewable Source Based Grid-Tied HVAC Systems in Subtropical Climates,SCOPUS::scopus_nucleo_a1_manutencao_sustentabilidade_raw.csv::02555|SCOPUS::scopus_nucleo_a2_contexto_publico_universitario_raw.csv::00199
REG_02552,doi_e_titulo,2,Scopus,scopus_nucleo_a1_manutencao_sustentabilidade|scopus_nucleo_a4_gestao_ativos_ciclo_vida,How Many Air Changes Are Required For Safety? A Risk-Based Approach for Establishing Ventilation Specifications in Laboratories and Critical Workspaces,SCOPUS::scopus_nucleo_a1_manutencao_sustentabilidade_raw.csv::02557|SCOPUS::scopus_nucleo_a4_gestao_ativos_ciclo_vida_raw.csv::00422
REG_02555,doi_e_titulo,2,Scopus|WoS,scopus_nucleo_a1_manutencao_sustentabilidade|wos_nucleo_01,Nexus Between Energy Poverty and Technological Innovations: A Pathway for Addressing Energy Sustainability,SCOPUS::scopus_nucleo_a1_manutencao_sustentabilidade_raw.csv::02560|WOS::WOS_NUCLEO_01_20260708_part01.ris::00573
REG_02556,doi_e_titulo,3,Scopus|WoS,scopus_nucleo_a1_manutencao_sustentabilidade|scopus_nucleo_a4_gestao_ativos_ciclo_vida|wos_nucleo_04,A spatio-temporal framework for sustainable planning of buildings based on carbon emissions at the city scale,SCOPUS::scopus_nucleo_a1_manutencao_sustentabilidade_raw.csv::02561|SCOPUS::scopus_nucleo_a4_gestao_ativos_ciclo_vida_raw.csv::00424|WOS::WOS_NUCLEO_04_20260708_part01.ris::00303
REG_02558,doi_e_titulo,4,Scopus|WoS,scopus_nucleo_a1_manutencao_sustentabilidade|scopus_nucleo_a4_gestao_ativos_ciclo_vida|wos_nucleo_01|wos_nucleo_04,Life Cycle Sustainability Assessment of Wastewater Systems under Applying Water Demand Management Policies,SCOPUS::scopus_nucleo_a1_manutencao_sustentabilidade_raw.csv::02563|SCOPUS::scopus_nucleo_a4_gestao_ativos_ciclo_vida_raw.csv::00423|WOS::WOS_NUCLEO_01_20260708_part01.ris::00067|WOS::WOS_NUCLEO_04_20260708_part01.ris::00007
REG_02565,doi_e_titulo,3,Scopus|WoS,scopus_nucleo_a1_manutencao_sustentabilidade|scopus_nucleo_a4_gestao_ativos_ciclo_vida|wos_nucleo_04,Convolutional Neural Network and Support Vector Machine for Prediction of Damage Intensity to Multi-Storey Prefabricated RC Buildings,SCOPUS::scopus_nucleo_a1_manutencao_sustentabilidade_raw.csv::02570|SCOPUS::scopus_nucleo_a4_gestao_ativos_ciclo_vida_raw.csv::00425|WOS::WOS_NUCLEO_04_20260708_part01.ris::00337
REG_02581,doi_e_titulo,2,Scopus|WoS,scopus_nucleo_a1_manutencao_sustentabilidade|wos_nucleo_01,An Integrated DPSIR-SD Framework for Sustainability Assessment of Roads in Australia,SCOPUS::scopus_nucleo_a1_manutencao_sustentabilidade_raw.csv::02586|WOS::WOS_NUCLEO_01_20260708_part01.ris::00030
REG_02586,doi_e_titulo,4,Crossref|Scopus|WoS,crossref_nucleo_a2|crossref_nucleo_a5|scopus_nucleo_a1_manutencao_sustentabilidade|wos_nucleo_04,Social Housing Life Cycle Management: Workflow for the Enhancement of Digital Management Based on Building Information Modelling (BIM),SCOPUS::scopus_nucleo_a1_manutencao_sustentabilidade_raw.csv::02591|CROSSREF::crossref_nucleo_a2_raw.csv::00177|CROSSREF::crossref_nucleo_a5_raw.csv::00042|WOS::WOS_NUCLEO_04_20260708_part01.ris::00192
REG_02587,doi_e_titulo,3,Scopus|WoS,scopus_nucleo_a1_manutencao_sustentabilidade|scopus_nucleo_a4_gestao_ativos_ciclo_vida|wos_nucleo_04,Sustainability-oriented maintenance management of highway bridge networks based on Q-learning,SCOPUS::scopus_nucleo_a1_manutencao_sustentabilidade_raw.csv::02592|SCOPUS::scopus_nucleo_a4_gestao_ativos_ciclo_vida_raw.csv::00426|WOS::WOS_NUCLEO_04_20260708_part01.ris::00344
REG_02589,doi_e_titulo,2,Scopus|WoS,scopus_nucleo_a1_manutencao_sustentabilidade|wos_nucleo_01,Optimization of preventive maintenance schedule of subway train components based on a game model from the perspective of failure risk,SCOPUS::scopus_nucleo_a1_manutencao_sustentabilidade_raw.csv::02594|WOS::WOS_NUCLEO_01_20260708_part01.ris::00220
REG_02592,doi_e_titulo,2,Scopus|WoS,scopus_nucleo_a1_manutencao_sustentabilidade|wos_nucleo_01,"To build or not to build, that is the uncertainty: Fuzzy synthetic evaluation of risks for sustainable housing in developing economies",SCOPUS::scopus_nucleo_a1_manutencao_sustentabilidade_raw.csv::02597|WOS::WOS_NUCLEO_01_20260708_part01.ris::00465
REG_02595,doi_e_titulo,3,Scopus|WoS,scopus_nucleo_a1_manutencao_sustentabilidade|scopus_nucleo_a3_priorizacao_estrategia_manutencao|wos_nucleo_01,Integrating BIM into sensor-based facilities management operations,SCOPUS::scopus_nucleo_a1_manutencao_sustentabilidade_raw.csv::02600|SCOPUS::scopus_nucleo_a3_priorizacao_estrategia_manutencao_raw.csv::00238|WOS::WOS_NUCLEO_01_20260708_part01.ris::00405
REG_02596,doi_e_titulo,2,Scopus|WoS,scopus_nucleo_a1_manutencao_sustentabilidade|wos_nucleo_01,Research on the refinancing capital structure of highway PPP projects based on dynamic capital demand,SCOPUS::scopus_nucleo_a1_manutencao_sustentabilidade_raw.csv::02601|WOS::WOS_NUCLEO_01_20260708_part01.ris::00456
REG_02600,doi_e_titulo,2,Scopus|WoS,scopus_nucleo_a1_manutencao_sustentabilidade|wos_nucleo_01,Organizational workplace relocation: assessment of facilities and real estate managers' practices,SCOPUS::scopus_nucleo_a1_manutencao_sustentabilidade_raw.csv::02605|WOS::WOS_NUCLEO_01_20260708_part01.ris::00234
REG_02613,doi_e_titulo,2,Scopus,scopus_nucleo_a1_manutencao_sustentabilidade|scopus_nucleo_a4_gestao_ativos_ciclo_vida,Universal water service delivery: Insights on what it takes from Ghana,SCOPUS::scopus_nucleo_a1_manutencao_sustentabilidade_raw.csv::02618|SCOPUS::scopus_nucleo_a4_gestao_ativos_ciclo_vida_raw.csv::00427
REG_02615,doi_e_titulo,3,Scopus|WoS,scopus_nucleo_a1_manutencao_sustentabilidade|scopus_nucleo_a2_contexto_publico_universitario|wos_nucleo_02,Project Design and Management of Optimized Self-Protection Plans: A Case Study for Spanish Public Buildings,SCOPUS::scopus_nucleo_a1_manutencao_sustentabilidade_raw.csv::02620|SCOPUS::scopus_nucleo_a2_contexto_publico_universitario_raw.csv::00206|WOS::WOS_NUCLEO_02_20260708_part01.ris::00030
REG_02616,doi_e_titulo,3,Scopus|WoS,scopus_nucleo_a1_manutencao_sustentabilidade|scopus_nucleo_a4_gestao_ativos_ciclo_vida|wos_nucleo_01,A review: Challenges and opportunities for artificial intelligence and robotics in the offshore wind sector,SCOPUS::scopus_nucleo_a1_manutencao_sustentabilidade_raw.csv::02621|SCOPUS::scopus_nucleo_a4_gestao_ativos_ciclo_vida_raw.csv::00428|WOS::WOS_NUCLEO_01_20260708_part01.ris::00580
REG_02622,doi_e_titulo,2,Scopus|WoS,scopus_nucleo_a1_manutencao_sustentabilidade|wos_nucleo_01,Socio-Economic Aspects of Centralized Wastewater System for Rural Settlement under Conditions of Eastern Poland,SCOPUS::scopus_nucleo_a1_manutencao_sustentabilidade_raw.csv::02627|WOS::WOS_NUCLEO_01_20260708_part01.ris::00509
REG_02627,doi_e_titulo,4,Scopus|WoS,scopus_nucleo_a1_manutencao_sustentabilidade|scopus_nucleo_a2_contexto_publico_universitario|scopus_nucleo_a4_gestao_ativos_ciclo_vida|wos_nucleo_04,Factors affecting the number of building defects and the approaches to reduce their negative impacts in Malaysian public universities' buildings || Factors affecting the number of building defects and the approaches to reduce their negative impacts in Malaysian public universities’ buildings,SCOPUS::scopus_nucleo_a1_manutencao_sustentabilidade_raw.csv::02632|SCOPUS::scopus_nucleo_a2_contexto_publico_universitario_raw.csv::00207|SCOPUS::scopus_nucleo_a4_gestao_ativos_ciclo_vida_raw.csv::00429|WOS::WOS_NUCLEO_04_20260708_part01.ris::00266
REG_02629,doi_e_titulo,3,Scopus|WoS,scopus_nucleo_a1_manutencao_sustentabilidade|scopus_nucleo_a4_gestao_ativos_ciclo_vida|wos_nucleo_04,"Low-energy buildings in combination with grid decarbonization, life cycle assessment of passive house buildings in Northern Ireland",SCOPUS::scopus_nucleo_a1_manutencao_sustentabilidade_raw.csv::02634|SCOPUS::scopus_nucleo_a4_gestao_ativos_ciclo_vida_raw.csv::00430|WOS::WOS_NUCLEO_04_20260708_part01.ris::00194
REG_02634,doi_e_titulo,3,Crossref|Scopus|WoS,crossref_nucleo_a2|scopus_nucleo_a1_manutencao_sustentabilidade|wos_nucleo_01,Barriers to the implementation of Building Information Modelling (BIM) for facility management,SCOPUS::scopus_nucleo_a1_manutencao_sustentabilidade_raw.csv::02639|CROSSREF::crossref_nucleo_a2_raw.csv::00040|WOS::WOS_NUCLEO_01_20260708_part01.ris::00107
REG_02642,doi_e_titulo,2,Scopus|WoS,scopus_nucleo_a1_manutencao_sustentabilidade|wos_nucleo_02,Exploring Factors Promoting Recycling Behavior in Student Housing,SCOPUS::scopus_nucleo_a1_manutencao_sustentabilidade_raw.csv::02647|WOS::WOS_NUCLEO_02_20260708_part01.ris::00417
REG_02652,doi_e_titulo,2,Crossref|Scopus,crossref_nucleo_a2|scopus_nucleo_a1_manutencao_sustentabilidade,Reality Model-Based Facility Management Framework for Existing Building,SCOPUS::scopus_nucleo_a1_manutencao_sustentabilidade_raw.csv::02657|CROSSREF::crossref_nucleo_a2_raw.csv::00113
REG_02656,doi_e_titulo,2,Scopus|WoS,scopus_nucleo_a1_manutencao_sustentabilidade|wos_nucleo_01,Evaluation of Complexity Issues in Building Information Modeling Diffusion Research,SCOPUS::scopus_nucleo_a1_manutencao_sustentabilidade_raw.csv::02661|WOS::WOS_NUCLEO_01_20260708_part01.ris::00012
REG_02658,doi_e_titulo,2,Scopus|WoS,scopus_nucleo_a1_manutencao_sustentabilidade|wos_nucleo_01,Transferability between input variables of life cycle cost analyses for concrete bridges,SCOPUS::scopus_nucleo_a1_manutencao_sustentabilidade_raw.csv::02663|WOS::WOS_NUCLEO_01_20260708_part01.ris::00218
REG_02668,doi_e_titulo,2,Scopus|WoS,scopus_nucleo_a1_manutencao_sustentabilidade|wos_nucleo_01,Inventory proposal for monopiles in offshore wind farms,SCOPUS::scopus_nucleo_a1_manutencao_sustentabilidade_raw.csv::02673|WOS::WOS_NUCLEO_01_20260708_part01.ris::00566
REG_02675,doi_e_titulo,2,Scopus|WoS,scopus_nucleo_a1_manutencao_sustentabilidade|wos_nucleo_01,Performance evaluation of textile wastewater treatment techniques using sustainability index: An integrated fuzzy approach of assessment,SCOPUS::scopus_nucleo_a1_manutencao_sustentabilidade_raw.csv::02680|WOS::WOS_NUCLEO_01_20260708_part01.ris::00159
REG_02678,doi_e_titulo,3,Scopus|WoS,scopus_nucleo_a1_manutencao_sustentabilidade|scopus_nucleo_a4_gestao_ativos_ciclo_vida|wos_nucleo_04,Revamping construction supply chain processes with circular economy strategies: A systematic literature review,SCOPUS::scopus_nucleo_a1_manutencao_sustentabilidade_raw.csv::02683|SCOPUS::scopus_nucleo_a4_gestao_ativos_ciclo_vida_raw.csv::00431|WOS::WOS_NUCLEO_04_20260708_part01.ris::00428
REG_02679,doi_e_titulo,2,Scopus|WoS,scopus_nucleo_a1_manutencao_sustentabilidade|wos_nucleo_04,Review and assessment of factors affecting adaptive reuse of commercial projects in Saudi Arabia,SCOPUS::scopus_nucleo_a1_manutencao_sustentabilidade_raw.csv::02684|WOS::WOS_NUCLEO_04_20260708_part01.ris::00112
REG_02684,doi_e_titulo,2,Scopus,scopus_nucleo_a1_manutencao_sustentabilidade|scopus_nucleo_a3_priorizacao_estrategia_manutencao,"Postoccupancy Evaluation for Student Housing with a Focus on Maintenance Planning, Design Process, and Client Requirement",SCOPUS::scopus_nucleo_a1_manutencao_sustentabilidade_raw.csv::02689|SCOPUS::scopus_nucleo_a3_priorizacao_estrategia_manutencao_raw.csv::00241
REG_02687,doi_e_titulo,2,Scopus|WoS,scopus_nucleo_a1_manutencao_sustentabilidade|wos_nucleo_01,Life cycle assessment of floating offshore wind farms: An evaluation of operation and maintenance,SCOPUS::scopus_nucleo_a1_manutencao_sustentabilidade_raw.csv::02692|WOS::WOS_NUCLEO_01_20260708_part01.ris::00208
REG_02688,doi_e_titulo,2,Scopus,scopus_nucleo_a1_manutencao_sustentabilidade|scopus_nucleo_a4_gestao_ativos_ciclo_vida,Whole-building life-cycle analysis with a new GREET® tool: Embodied greenhouse gas emissions and payback period of a LEED-Certified library,SCOPUS::scopus_nucleo_a1_manutencao_sustentabilidade_raw.csv::02693|SCOPUS::scopus_nucleo_a4_gestao_ativos_ciclo_vida_raw.csv::00432
REG_02691,doi_e_titulo,2,Scopus,scopus_nucleo_a1_manutencao_sustentabilidade|scopus_nucleo_a4_gestao_ativos_ciclo_vida,From reservoir greenhouse gas emissions to hydropower carbon footprint: methodology and advances,SCOPUS::scopus_nucleo_a1_manutencao_sustentabilidade_raw.csv::02696|SCOPUS::scopus_nucleo_a4_gestao_ativos_ciclo_vida_raw.csv::00433
REG_02694,titulo_normalizado,2,Scopus,scopus_nucleo_a1_manutencao_sustentabilidade|scopus_nucleo_a4_gestao_ativos_ciclo_vida,Eco-design as a systemic innovation method for offshore substations,SCOPUS::scopus_nucleo_a1_manutencao_sustentabilidade_raw.csv::02699|SCOPUS::scopus_nucleo_a4_gestao_ativos_ciclo_vida_raw.csv::00434
REG_02697,doi_e_titulo,2,Scopus|WoS,scopus_nucleo_a1_manutencao_sustentabilidade|wos_nucleo_01,Managing the corruption risk at the operation and maintenance stage in the construction projects in Iraq,SCOPUS::scopus_nucleo_a1_manutencao_sustentabilidade_raw.csv::02702|WOS::WOS_NUCLEO_01_20260708_part01.ris::00493
REG_02707,doi_e_titulo,2,Scopus,scopus_nucleo_a1_manutencao_sustentabilidade|scopus_nucleo_a4_gestao_ativos_ciclo_vida,A Review of Joint Management Body and Life Cycle Cost Analysis for Green Building Project Facilities Management,SCOPUS::scopus_nucleo_a1_manutencao_sustentabilidade_raw.csv::02712|SCOPUS::scopus_nucleo_a4_gestao_ativos_ciclo_vida_raw.csv::00435
REG_02714,titulo_normalizado,2,Scopus,scopus_nucleo_a1_manutencao_sustentabilidade|scopus_nucleo_a4_gestao_ativos_ciclo_vida,BUILDING INFORMATION MODELING (BIM) TOWARDS A SUSTAINABLE BUILDING DESIGN: A SURVEY,SCOPUS::scopus_nucleo_a1_manutencao_sustentabilidade_raw.csv::02719|SCOPUS::scopus_nucleo_a4_gestao_ativos_ciclo_vida_raw.csv::00447
REG_02718,doi_e_titulo,4,Scopus|WoS,scopus_nucleo_a1_manutencao_sustentabilidade|scopus_nucleo_a4_gestao_ativos_ciclo_vida|wos_nucleo_01|wos_nucleo_04,The DEMATEL approach for integrating resilience indicators into building sustainability assessment frameworks,SCOPUS::scopus_nucleo_a1_manutencao_sustentabilidade_raw.csv::02723|SCOPUS::scopus_nucleo_a4_gestao_ativos_ciclo_vida_raw.csv::00449|WOS::WOS_NUCLEO_01_20260708_part01.ris::00014|WOS::WOS_NUCLEO_04_20260708_part01.ris::00273
REG_02722,doi_e_titulo,3,Scopus|WoS,scopus_nucleo_a1_manutencao_sustentabilidade|scopus_nucleo_a4_gestao_ativos_ciclo_vida|wos_nucleo_04,Green Facility Management: The Wuli-Shili-Renli Framework and System Dynamics Model,SCOPUS::scopus_nucleo_a1_manutencao_sustentabilidade_raw.csv::02727|SCOPUS::scopus_nucleo_a4_gestao_ativos_ciclo_vida_raw.csv::00437|WOS::WOS_NUCLEO_04_20260708_part01.ris::00215
REG_02727,doi_e_titulo,2,Scopus,scopus_nucleo_a1_manutencao_sustentabilidade|scopus_nucleo_a3_priorizacao_estrategia_manutencao,Framework for Bridge Management Systems (BMS) Using Digital Twins,SCOPUS::scopus_nucleo_a1_manutencao_sustentabilidade_raw.csv::02732|SCOPUS::scopus_nucleo_a3_priorizacao_estrategia_manutencao_raw.csv::00245
REG_02731,doi_e_titulo,2,Scopus,scopus_nucleo_a1_manutencao_sustentabilidade|scopus_nucleo_a4_gestao_ativos_ciclo_vida,Conceptualizing the identification of critical success factors for heritage building maintenance management (HBMM),SCOPUS::scopus_nucleo_a1_manutencao_sustentabilidade_raw.csv::02736|SCOPUS::scopus_nucleo_a4_gestao_ativos_ciclo_vida_raw.csv::00442
REG_02736,doi_e_titulo,2,Crossref|Scopus,crossref_nucleo_a1|scopus_nucleo_a1_manutencao_sustentabilidade,Strategic approaches towards achieving sustainable and effective building maintenance practices in maintenance-managed buildings: A combination of expert interviews and a literature review,SCOPUS::scopus_nucleo_a1_manutencao_sustentabilidade_raw.csv::02741|CROSSREF::crossref_nucleo_a1_raw.csv::00070
REG_02737,doi_e_titulo,2,Scopus,scopus_nucleo_a1_manutencao_sustentabilidade|scopus_nucleo_a4_gestao_ativos_ciclo_vida,Discussion of digital transition impact in Facility Management of buildings,SCOPUS::scopus_nucleo_a1_manutencao_sustentabilidade_raw.csv::02742|SCOPUS::scopus_nucleo_a4_gestao_ativos_ciclo_vida_raw.csv::00438
REG_02747,titulo_normalizado,2,Scopus,scopus_nucleo_a1_manutencao_sustentabilidade|scopus_nucleo_a4_gestao_ativos_ciclo_vida,THE MANAGEMENT OF MAINTAINABILITY THROUGHOUT THE LIFE CYCLE OF BUILDINGS AND ITS CONTRIBUTION TO SUSTAINABILITY,SCOPUS::scopus_nucleo_a1_manutencao_sustentabilidade_raw.csv::02752|SCOPUS::scopus_nucleo_a4_gestao_ativos_ciclo_vida_raw.csv::00440
REG_02750,doi_e_titulo,2,Scopus,scopus_nucleo_a1_manutencao_sustentabilidade|scopus_nucleo_a4_gestao_ativos_ciclo_vida,Developing Indicators of Green Operation and Maintenance of Green Supply Chain Management in Construction Industry,SCOPUS::scopus_nucleo_a1_manutencao_sustentabilidade_raw.csv::02755|SCOPUS::scopus_nucleo_a4_gestao_ativos_ciclo_vida_raw.csv::00444
REG_02756,doi_e_titulo,2,Scopus,scopus_nucleo_a1_manutencao_sustentabilidade|scopus_nucleo_a3_priorizacao_estrategia_manutencao,Get smart: The importance of urban facilities management to smart neighbourhoods and their citizens in a project's early stages,SCOPUS::scopus_nucleo_a1_manutencao_sustentabilidade_raw.csv::02761|SCOPUS::scopus_nucleo_a3_priorizacao_estrategia_manutencao_raw.csv::00246
REG_02757,doi_e_titulo,4,Scopus|WoS,scopus_nucleo_a1_manutencao_sustentabilidade|scopus_nucleo_a4_gestao_ativos_ciclo_vida|wos_nucleo_01|wos_nucleo_04,Life Cycle Cost Analysis of Complex Systems: an application to shipbuilding,SCOPUS::scopus_nucleo_a1_manutencao_sustentabilidade_raw.csv::02762|SCOPUS::scopus_nucleo_a4_gestao_ativos_ciclo_vida_raw.csv::00436|WOS::WOS_NUCLEO_01_20260708_part01.ris::00100|WOS::WOS_NUCLEO_04_20260708_part01.ris::00008
REG_02761,doi_e_titulo,3,Scopus|WoS,scopus_nucleo_a1_manutencao_sustentabilidade|scopus_nucleo_a4_gestao_ativos_ciclo_vida|wos_nucleo_04,"Integrated LCA-LCC assessment model of offsite, onsite, and conventional construction systems",SCOPUS::scopus_nucleo_a1_manutencao_sustentabilidade_raw.csv::02766|SCOPUS::scopus_nucleo_a4_gestao_ativos_ciclo_vida_raw.csv::00441|WOS::WOS_NUCLEO_04_20260708_part01.ris::00057
REG_02769,doi_e_titulo,2,Scopus|WoS,scopus_nucleo_a1_manutencao_sustentabilidade|wos_nucleo_01,Sustainable building renovation in residential buildings: barriers and potential motivations in Norwegian culture,SCOPUS::scopus_nucleo_a1_manutencao_sustentabilidade_raw.csv::02774|WOS::WOS_NUCLEO_01_20260708_part01.ris::00417
REG_02770,doi_e_titulo,2,Scopus,scopus_nucleo_a1_manutencao_sustentabilidade|scopus_nucleo_a4_gestao_ativos_ciclo_vida,Organizational-Technological Genesis as the Basis for Information Modeling of the Building Systems Changes,SCOPUS::scopus_nucleo_a1_manutencao_sustentabilidade_raw.csv::02775|SCOPUS::scopus_nucleo_a4_gestao_ativos_ciclo_vida_raw.csv::00448
REG_02773,titulo_normalizado,2,Scopus,scopus_nucleo_a1_manutencao_sustentabilidade|scopus_nucleo_a4_gestao_ativos_ciclo_vida,Environmental Sustainability Assessment of Wastewater Treatment Processes: Case Study,SCOPUS::scopus_nucleo_a1_manutencao_sustentabilidade_raw.csv::02778|SCOPUS::scopus_nucleo_a4_gestao_ativos_ciclo_vida_raw.csv::00446
REG_02774,doi_e_titulo,2,Scopus,scopus_nucleo_a1_manutencao_sustentabilidade|scopus_nucleo_a4_gestao_ativos_ciclo_vida,Sustainable and Responsible Exploration and Production Operations Through Sustainable Risk Assessment Register and Matrix - A Suggestion for the Industry,SCOPUS::scopus_nucleo_a1_manutencao_sustentabilidade_raw.csv::02779|SCOPUS::scopus_nucleo_a4_gestao_ativos_ciclo_vida_raw.csv::00452
REG_02782,doi_e_titulo,2,Scopus,scopus_nucleo_a1_manutencao_sustentabilidade|scopus_nucleo_a4_gestao_ativos_ciclo_vida,Improving of Life Cycles of Renewable Energy Production Systems,SCOPUS::scopus_nucleo_a1_manutencao_sustentabilidade_raw.csv::02787|SCOPUS::scopus_nucleo_a4_gestao_ativos_ciclo_vida_raw.csv::00443
REG_02787,doi_e_titulo,2,Scopus,scopus_nucleo_a1_manutencao_sustentabilidade|scopus_nucleo_a4_gestao_ativos_ciclo_vida,Economic evaluation of a small wastewater treatment plant under different design and operation scenarios by life cycle costing,SCOPUS::scopus_nucleo_a1_manutencao_sustentabilidade_raw.csv::02792|SCOPUS::scopus_nucleo_a4_gestao_ativos_ciclo_vida_raw.csv::00439
REG_02804,doi_e_titulo,3,Scopus,scopus_nucleo_a1_manutencao_sustentabilidade|scopus_nucleo_a2_contexto_publico_universitario|scopus_nucleo_a3_priorizacao_estrategia_manutencao,Models for estimating costs of public buildings maintaining - Review and assessment,SCOPUS::scopus_nucleo_a1_manutencao_sustentabilidade_raw.csv::02809|SCOPUS::scopus_nucleo_a2_contexto_publico_universitario_raw.csv::00215|SCOPUS::scopus_nucleo_a3_priorizacao_estrategia_manutencao_raw.csv::00243
REG_02807,doi_e_titulo,3,Scopus|WoS,scopus_nucleo_a1_manutencao_sustentabilidade|scopus_nucleo_a4_gestao_ativos_ciclo_vida|wos_nucleo_04,Life Cycle Assessment and its Application to the Aviation Sector,SCOPUS::scopus_nucleo_a1_manutencao_sustentabilidade_raw.csv::02812|SCOPUS::scopus_nucleo_a4_gestao_ativos_ciclo_vida_raw.csv::00445|WOS::WOS_NUCLEO_04_20260708_part01.ris::00200
REG_02811,doi_e_titulo,2,Scopus,scopus_nucleo_a1_manutencao_sustentabilidade|scopus_nucleo_a4_gestao_ativos_ciclo_vida,Social Environmental Profitability Index (SEPI) and BIM to Support Decision-Making Processes in Public Green Infrastructure Investments,SCOPUS::scopus_nucleo_a1_manutencao_sustentabilidade_raw.csv::02816|SCOPUS::scopus_nucleo_a4_gestao_ativos_ciclo_vida_raw.csv::00450
REG_02813,doi_e_titulo,2,Scopus,scopus_nucleo_a1_manutencao_sustentabilidade|scopus_nucleo_a2_contexto_publico_universitario,Maintenance costs of public utility buildings on the example of university facilities,SCOPUS::scopus_nucleo_a1_manutencao_sustentabilidade_raw.csv::02818|SCOPUS::scopus_nucleo_a2_contexto_publico_universitario_raw.csv::00214
REG_02823,titulo_normalizado,2,Scopus,scopus_nucleo_a1_manutencao_sustentabilidade|scopus_nucleo_a4_gestao_ativos_ciclo_vida,Digitalized Cross-organizational Interoperability in Industrial Business Ecosystems: Implications and Models for Process Industry,SCOPUS::scopus_nucleo_a1_manutencao_sustentabilidade_raw.csv::02828|SCOPUS::scopus_nucleo_a4_gestao_ativos_ciclo_vida_raw.csv::00455
REG_02825,doi_e_titulo,2,Scopus|WoS,scopus_nucleo_a1_manutencao_sustentabilidade|wos_nucleo_01,Life cycle cost analysis of an electric centrifugal chiller integrated with a district cooling plant,SCOPUS::scopus_nucleo_a1_manutencao_sustentabilidade_raw.csv::02830|WOS::WOS_NUCLEO_01_20260708_part01.ris::00323
REG_02829,doi_e_titulo,3,Crossref|Scopus,crossref_nucleo_a1|crossref_nucleo_a4|scopus_nucleo_a1_manutencao_sustentabilidade,Machine Learning Framework for the Sustainable Maintenance of Building Facilities,SCOPUS::scopus_nucleo_a1_manutencao_sustentabilidade_raw.csv::02834|CROSSREF::crossref_nucleo_a1_raw.csv::00007|CROSSREF::crossref_nucleo_a4_raw.csv::00118
REG_02833,doi_e_titulo,2,Scopus,scopus_nucleo_a1_manutencao_sustentabilidade|scopus_nucleo_a4_gestao_ativos_ciclo_vida,Environmental lifecycle impact assessment for CULTURAL-E climate and cultural based solution sets,SCOPUS::scopus_nucleo_a1_manutencao_sustentabilidade_raw.csv::02838|SCOPUS::scopus_nucleo_a4_gestao_ativos_ciclo_vida_raw.csv::00454
REG_02838,doi_e_titulo,3,Scopus|WoS,scopus_nucleo_a1_manutencao_sustentabilidade|scopus_nucleo_a4_gestao_ativos_ciclo_vida|wos_nucleo_01,Reinforcement learning based optimal decision making towards product lifecycle sustainability,SCOPUS::scopus_nucleo_a1_manutencao_sustentabilidade_raw.csv::02843|SCOPUS::scopus_nucleo_a4_gestao_ativos_ciclo_vida_raw.csv::00457|WOS::WOS_NUCLEO_01_20260708_part01.ris::00154
REG_02843,doi_e_titulo,3,Scopus|WoS,scopus_nucleo_a1_manutencao_sustentabilidade|scopus_nucleo_a4_gestao_ativos_ciclo_vida|wos_nucleo_04,A design method for an intelligent manufacturing and service system for rehabilitation assistive devices and special groups,SCOPUS::scopus_nucleo_a1_manutencao_sustentabilidade_raw.csv::02848|SCOPUS::scopus_nucleo_a4_gestao_ativos_ciclo_vida_raw.csv::00453|WOS::WOS_NUCLEO_04_20260708_part01.ris::00318
REG_02844,doi_e_titulo,2,Scopus,scopus_nucleo_a1_manutencao_sustentabilidade|scopus_nucleo_a4_gestao_ativos_ciclo_vida,An Advanced Operation Mode with Product-Service System Using Lifecycle Big Data and Deep Learning,SCOPUS::scopus_nucleo_a1_manutencao_sustentabilidade_raw.csv::02849|SCOPUS::scopus_nucleo_a4_gestao_ativos_ciclo_vida_raw.csv::00456
REG_02861,doi_e_titulo,2,Scopus,scopus_nucleo_a1_manutencao_sustentabilidade|scopus_nucleo_a4_gestao_ativos_ciclo_vida,A DEEP LEARNING-BASED BUILDING DEFECTS DETECTION TOOL FOR SUSTAINABILITY MONITORING,SCOPUS::scopus_nucleo_a1_manutencao_sustentabilidade_raw.csv::02866|SCOPUS::scopus_nucleo_a4_gestao_ativos_ciclo_vida_raw.csv::00451
REG_02863,titulo_normalizado,2,Scopus,scopus_nucleo_a1_manutencao_sustentabilidade|scopus_nucleo_a3_priorizacao_estrategia_manutencao,Innovations and Requirements of Strategy for Digital Maintenance Management in Construction Project,SCOPUS::scopus_nucleo_a1_manutencao_sustentabilidade_raw.csv::02868|SCOPUS::scopus_nucleo_a3_priorizacao_estrategia_manutencao_raw.csv::00256
REG_02880,titulo_normalizado,3,Scopus,scopus_nucleo_a1_manutencao_sustentabilidade|scopus_nucleo_a2_contexto_publico_universitario|scopus_nucleo_a3_priorizacao_estrategia_manutencao,"30th International Conference on Organization and Technology of Maintenance, OTO 2021",SCOPUS::scopus_nucleo_a1_manutencao_sustentabilidade_raw.csv::02885|SCOPUS::scopus_nucleo_a2_contexto_publico_universitario_raw.csv::00217|SCOPUS::scopus_nucleo_a3_priorizacao_estrategia_manutencao_raw.csv::00251
REG_02891,doi_e_titulo,2,Scopus,scopus_nucleo_a1_manutencao_sustentabilidade|scopus_nucleo_a4_gestao_ativos_ciclo_vida,"Digital Control Tower - Instantaneous Visibility, Granularity and Decision Support for an LNG Mega Project",SCOPUS::scopus_nucleo_a1_manutencao_sustentabilidade_raw.csv::02896|SCOPUS::scopus_nucleo_a4_gestao_ativos_ciclo_vida_raw.csv::00459
REG_02892,doi_e_titulo,2,Scopus,scopus_nucleo_a1_manutencao_sustentabilidade|scopus_nucleo_a4_gestao_ativos_ciclo_vida,Estimation of Greenhouse Gas Emissions from Road in China: A Province-Level and Hierarchical Analysis,SCOPUS::scopus_nucleo_a1_manutencao_sustentabilidade_raw.csv::02897|SCOPUS::scopus_nucleo_a4_gestao_ativos_ciclo_vida_raw.csv::00458
REG_02893,doi_e_titulo,2,Scopus,scopus_nucleo_a1_manutencao_sustentabilidade|scopus_nucleo_a3_priorizacao_estrategia_manutencao,"ARTIFICIAL INTELLIGENCE IN CONSTRUCTION ASSET MANAGEMENT: A REVIEW OF PRESENT STATUS, CHALLENGES AND FUTURE OPPORTUNITIES",SCOPUS::scopus_nucleo_a1_manutencao_sustentabilidade_raw.csv::02898|SCOPUS::scopus_nucleo_a3_priorizacao_estrategia_manutencao_raw.csv::00255
REG_02909,doi_e_titulo,2,Scopus,scopus_nucleo_a1_manutencao_sustentabilidade,7.10 - Shallow Systems—Geothermal Heat Pumps || 7.10 Shallow Systems—Geothermal Heat Pumps,SCOPUS::scopus_nucleo_a1_manutencao_sustentabilidade_raw.csv::02914|SCOPUS::scopus_nucleo_a1_manutencao_sustentabilidade_raw.csv::02930
REG_02921,doi_e_titulo,2,Scopus|WoS,scopus_nucleo_a1_manutencao_sustentabilidade|wos_nucleo_01,A Human-Centric Model for Sustainable Asset Management in Railway: A Case Study,SCOPUS::scopus_nucleo_a1_manutencao_sustentabilidade_raw.csv::02926|WOS::WOS_NUCLEO_01_20260708_part01.ris::00201
REG_02928,doi_e_titulo,2,Scopus|WoS,scopus_nucleo_a1_manutencao_sustentabilidade|wos_nucleo_01,Asset management in the Mining Sector Based on Reliable & Sustainable Supplier Selection: A South African Case Scenario,SCOPUS::scopus_nucleo_a1_manutencao_sustentabilidade_raw.csv::02934|WOS::WOS_NUCLEO_01_20260708_part01.ris::00078
REG_02943,doi_e_titulo,2,Scopus,scopus_nucleo_a1_manutencao_sustentabilidade|scopus_nucleo_a2_contexto_publico_universitario,Effect of Indoor Environmental Quality on Work Productivity in Educational Buildings: A Review.,SCOPUS::scopus_nucleo_a1_manutencao_sustentabilidade_raw.csv::02949|SCOPUS::scopus_nucleo_a2_contexto_publico_universitario_raw.csv::00211
REG_02959,doi_e_titulo,2,Scopus|WoS,scopus_nucleo_a1_manutencao_sustentabilidade|wos_nucleo_01,Renewable Energy Investment Decision Evaluation for Local Authorities,SCOPUS::scopus_nucleo_a1_manutencao_sustentabilidade_raw.csv::02965|WOS::WOS_NUCLEO_01_20260708_part01.ris::00231
REG_02974,doi_e_titulo,2,Scopus,scopus_nucleo_a1_manutencao_sustentabilidade,Vaca Muerta Oil Production Facility Energy Efficiency Analysis,SCOPUS::scopus_nucleo_a1_manutencao_sustentabilidade_raw.csv::02980|SCOPUS::scopus_nucleo_a1_manutencao_sustentabilidade_raw.csv::02984
REG_02992,doi_e_titulo,3,Scopus|WoS,scopus_nucleo_a1_manutencao_sustentabilidade|scopus_nucleo_a4_gestao_ativos_ciclo_vida|wos_nucleo_04,An Actor-Network Approach to Developing a Life Cycle BIM Maturity Model (LCBMM) || An actor–network approach to developing a life cycle bim maturity model (Lcbmm),SCOPUS::scopus_nucleo_a1_manutencao_sustentabilidade_raw.csv::02999|SCOPUS::scopus_nucleo_a4_gestao_ativos_ciclo_vida_raw.csv::00460|WOS::WOS_NUCLEO_04_20260708_part01.ris::00054
REG_02993,doi_e_titulo,2,Crossref|Scopus,crossref_nucleo_a2|scopus_nucleo_a1_manutencao_sustentabilidade,Facility management information taxonomy framework for queries in healthcare buildings,SCOPUS::scopus_nucleo_a1_manutencao_sustentabilidade_raw.csv::03000|CROSSREF::crossref_nucleo_a2_raw.csv::00048
REG_02998,doi_e_titulo,2,Scopus|WoS,scopus_nucleo_a1_manutencao_sustentabilidade|wos_nucleo_01,Integrating complex asset health modelling techniques with continuous time simulation modelling: A practical tool for maintenance and capital investments analysis,SCOPUS::scopus_nucleo_a1_manutencao_sustentabilidade_raw.csv::03005|WOS::WOS_NUCLEO_01_20260708_part01.ris::00275
REG_03002,doi_e_titulo,6,Crossref|Scopus|WoS,crossref_nucleo_a1|scopus_nucleo_a1_manutencao_sustentabilidade|scopus_nucleo_a3_priorizacao_estrategia_manutencao|scopus_nucleo_a4_gestao_ativos_ciclo_vida|wos_nucleo_01|wos_nucleo_04,A model to support long-term building maintenance planning for multifamily housing,SCOPUS::scopus_nucleo_a1_manutencao_sustentabilidade_raw.csv::03009|SCOPUS::scopus_nucleo_a3_priorizacao_estrategia_manutencao_raw.csv::00260|SCOPUS::scopus_nucleo_a4_gestao_ativos_ciclo_vida_raw.csv::00461|CROSSREF::crossref_nucleo_a1_raw.csv::00145|WOS::WOS_NUCLEO_01_20260708_part01.ris::00112|WOS::WOS_NUCLEO_04_20260708_part01.ris::00387
REG_03004,doi_e_titulo,2,Scopus,scopus_nucleo_a1_manutencao_sustentabilidade|scopus_nucleo_a4_gestao_ativos_ciclo_vida,Water Distribution and Non-Revenue Water Management Scenario in Asian countries: Malaysian Perspective,SCOPUS::scopus_nucleo_a1_manutencao_sustentabilidade_raw.csv::03011|SCOPUS::scopus_nucleo_a4_gestao_ativos_ciclo_vida_raw.csv::00462
REG_03012,doi_e_titulo,2,Scopus|WoS,scopus_nucleo_a1_manutencao_sustentabilidade|wos_nucleo_01,A performance evaluation of an integrated solar combined cycle power plant with solar tower in Saudi Arabia,SCOPUS::scopus_nucleo_a1_manutencao_sustentabilidade_raw.csv::03019|WOS::WOS_NUCLEO_01_20260708_part01.ris::00530
REG_03014,titulo_normalizado,2,Scopus,scopus_nucleo_a1_manutencao_sustentabilidade|scopus_nucleo_a4_gestao_ativos_ciclo_vida,Energy and economic implications of buildings and construction,SCOPUS::scopus_nucleo_a1_manutencao_sustentabilidade_raw.csv::03021|SCOPUS::scopus_nucleo_a4_gestao_ativos_ciclo_vida_raw.csv::00463
REG_03026,doi_e_titulo,3,Crossref|Scopus,crossref_nucleo_a1|crossref_nucleo_a4|scopus_nucleo_a1_manutencao_sustentabilidade,Analysis of the Impact of Input Data on the Planned Costs of Building Maintenance || Analysis of the impact of input data on the planned costs of building maintenance,SCOPUS::scopus_nucleo_a1_manutencao_sustentabilidade_raw.csv::03033|CROSSREF::crossref_nucleo_a1_raw.csv::00003|CROSSREF::crossref_nucleo_a4_raw.csv::00054
REG_03027,doi_e_titulo,3,Scopus|WoS,scopus_nucleo_a1_manutencao_sustentabilidade|scopus_nucleo_a4_gestao_ativos_ciclo_vida|wos_nucleo_04,Exergy-Based Life Cycle Assessment Model for Evaluating the Environmental Impact of Bridge: Principle and Case Study || Exergy-based life cycle assessment model for evaluating the environmental impact of bridge: Principle and case study,SCOPUS::scopus_nucleo_a1_manutencao_sustentabilidade_raw.csv::03034|SCOPUS::scopus_nucleo_a4_gestao_ativos_ciclo_vida_raw.csv::00464|WOS::WOS_NUCLEO_04_20260708_part01.ris::00229
REG_03042,doi_e_titulo,2,Scopus|WoS,scopus_nucleo_a1_manutencao_sustentabilidade|wos_nucleo_01,Co-creating social value in placemaking: the grand balancing act,SCOPUS::scopus_nucleo_a1_manutencao_sustentabilidade_raw.csv::03049|WOS::WOS_NUCLEO_01_20260708_part01.ris::00453
REG_03044,doi_e_titulo,2,Scopus|WoS,scopus_nucleo_a1_manutencao_sustentabilidade|wos_nucleo_01,Sustainable design of the household water treatment systems using a novel integrated fuzzy QFD and LINMAP approach: a case study of Iran,SCOPUS::scopus_nucleo_a1_manutencao_sustentabilidade_raw.csv::03051|WOS::WOS_NUCLEO_01_20260708_part01.ris::00020
REG_03045,doi_e_titulo,2,Scopus|WoS,scopus_nucleo_a1_manutencao_sustentabilidade|wos_nucleo_01,Heritage building maintenance management (HBMM): A bibliometric-qualitative analysis of literature,SCOPUS::scopus_nucleo_a1_manutencao_sustentabilidade_raw.csv::03052|WOS::WOS_NUCLEO_01_20260708_part01.ris::00115
REG_03046,doi_e_titulo,2,Scopus|WoS,scopus_nucleo_a1_manutencao_sustentabilidade|wos_nucleo_01,"Implementation of Facility Management for Port Infrastructure through the Use of UAVs, Photogrammetry and BIM || Implementation of facility management for port infrastructure through the use of uavs, photogrammetry and bim",SCOPUS::scopus_nucleo_a1_manutencao_sustentabilidade_raw.csv::03053|WOS::WOS_NUCLEO_01_20260708_part01.ris::00416
REG_03051,doi_e_titulo,2,Scopus,scopus_nucleo_a1_manutencao_sustentabilidade|scopus_nucleo_a4_gestao_ativos_ciclo_vida,"Renewable electricity generation for off grid remote communities; Life Cycle Assessment Study in Alaska, USA",SCOPUS::scopus_nucleo_a1_manutencao_sustentabilidade_raw.csv::03058|SCOPUS::scopus_nucleo_a4_gestao_ativos_ciclo_vida_raw.csv::00465
REG_03059,doi_e_titulo,2,Scopus|WoS,scopus_nucleo_a1_manutencao_sustentabilidade|wos_nucleo_01,"A Participatory, State-Community-Academic Model to Improve Pregnancy Outcomes in Texas: The Healthy Families Initiative || A Participatory, State–Community–Academic Model to Improve Pregnancy Outcomes in Texas: The Healthy Families Initiative",SCOPUS::scopus_nucleo_a1_manutencao_sustentabilidade_raw.csv::03066|WOS::WOS_NUCLEO_01_20260708_part01.ris::00570
REG_03065,doi_e_titulo,2,Scopus,scopus_nucleo_a1_manutencao_sustentabilidade|scopus_nucleo_a4_gestao_ativos_ciclo_vida,Institutional model development for implementation of track access charge in Indonesia,SCOPUS::scopus_nucleo_a1_manutencao_sustentabilidade_raw.csv::03072|SCOPUS::scopus_nucleo_a4_gestao_ativos_ciclo_vida_raw.csv::00466
REG_03071,doi_e_titulo,5,Scopus|WoS,scopus_nucleo_a1_manutencao_sustentabilidade|scopus_nucleo_a3_priorizacao_estrategia_manutencao|scopus_nucleo_a4_gestao_ativos_ciclo_vida|wos_nucleo_01|wos_nucleo_04,Sequential Model for Long-Term Planning of Building Renewal and Capital Improvement || Sequential model for long‐term planning of building renewal and capital improvement,SCOPUS::scopus_nucleo_a1_manutencao_sustentabilidade_raw.csv::03078|SCOPUS::scopus_nucleo_a3_priorizacao_estrategia_manutencao_raw.csv::00264|SCOPUS::scopus_nucleo_a4_gestao_ativos_ciclo_vida_raw.csv::00468|WOS::WOS_NUCLEO_01_20260708_part01.ris::00069|WOS::WOS_NUCLEO_04_20260708_part01.ris::00400
REG_03074,doi_e_titulo,4,Scopus|WoS,scopus_nucleo_a1_manutencao_sustentabilidade|scopus_nucleo_a4_gestao_ativos_ciclo_vida|wos_nucleo_01|wos_nucleo_04,The Engineering Machine-Learning Automation Platform (EMAP): A Big-Data-Driven AI Tool for Contractors' Sustainable Management Solutions for Plant Projects || The engineering machine-learning automation platform (Emap): A big-data-driven ai tool for contractors’ sustainable management solutions for plant projects,SCOPUS::scopus_nucleo_a1_manutencao_sustentabilidade_raw.csv::03081|SCOPUS::scopus_nucleo_a4_gestao_ativos_ciclo_vida_raw.csv::00467|WOS::WOS_NUCLEO_01_20260708_part01.ris::00209|WOS::WOS_NUCLEO_04_20260708_part01.ris::00426
REG_03085,doi_e_titulo,2,Scopus|WoS,scopus_nucleo_a1_manutencao_sustentabilidade|wos_nucleo_04,"Environmental and financial assessments of open burning, open dumping and integrated municipal solid waste disposal schemes among different income groups",SCOPUS::scopus_nucleo_a1_manutencao_sustentabilidade_raw.csv::03092|WOS::WOS_NUCLEO_04_20260708_part01.ris::00059
REG_03086,doi_e_titulo,2,Scopus,scopus_nucleo_a1_manutencao_sustentabilidade|scopus_nucleo_a4_gestao_ativos_ciclo_vida,The Validity of Internal Support and Facilitating Content on Sustainable Green Building Management in Indonesia,SCOPUS::scopus_nucleo_a1_manutencao_sustentabilidade_raw.csv::03093|SCOPUS::scopus_nucleo_a4_gestao_ativos_ciclo_vida_raw.csv::00469
REG_03091,doi_e_titulo,2,Scopus|WoS,scopus_nucleo_a1_manutencao_sustentabilidade|wos_nucleo_01,A Decision Support System for Scenario Analysis in Energy Refurbishment of Residential Buildings || A decision support system for scenario analysis in energy refurbishment of residential buildings,SCOPUS::scopus_nucleo_a1_manutencao_sustentabilidade_raw.csv::03098|WOS::WOS_NUCLEO_01_20260708_part01.ris::00303
REG_03096,doi_e_titulo,2,Scopus|WoS,scopus_nucleo_a1_manutencao_sustentabilidade|wos_nucleo_04,Digital Twin Research in the AECO-FM Industry,SCOPUS::scopus_nucleo_a1_manutencao_sustentabilidade_raw.csv::03103|WOS::WOS_NUCLEO_04_20260708_part01.ris::00413
REG_03100,doi_e_titulo,3,Scopus|WoS,scopus_nucleo_a1_manutencao_sustentabilidade|scopus_nucleo_a4_gestao_ativos_ciclo_vida|wos_nucleo_04,Environmental evaluation of pump replacement period in water supply systems of buildings,SCOPUS::scopus_nucleo_a1_manutencao_sustentabilidade_raw.csv::03107|SCOPUS::scopus_nucleo_a4_gestao_ativos_ciclo_vida_raw.csv::00470|WOS::WOS_NUCLEO_04_20260708_part01.ris::00291
REG_03108,doi_e_titulo,3,Scopus|WoS,scopus_nucleo_a1_manutencao_sustentabilidade|scopus_nucleo_a3_priorizacao_estrategia_manutencao|wos_nucleo_03,Implications of climate change in the implementation of maintenance planning and use of building inspection systems,SCOPUS::scopus_nucleo_a1_manutencao_sustentabilidade_raw.csv::03115|SCOPUS::scopus_nucleo_a3_priorizacao_estrategia_manutencao_raw.csv::00265|WOS::WOS_NUCLEO_03_20260708_part01.ris::00005
REG_03111,doi_e_titulo,2,Crossref|Scopus,crossref_nucleo_a1|scopus_nucleo_a1_manutencao_sustentabilidade,D-distance Risk Factor for Transmission Line Maintenance Management and Cost Analysis || D-distance risk factor for transmission line maintenance management and cost analysis,SCOPUS::scopus_nucleo_a1_manutencao_sustentabilidade_raw.csv::03118|CROSSREF::crossref_nucleo_a1_raw.csv::00187
REG_03116,doi_e_titulo,2,Scopus,scopus_nucleo_a1_manutencao_sustentabilidade|scopus_nucleo_a4_gestao_ativos_ciclo_vida,Stakeholder Behavior Analysis of Low-carbon Housing Promotion,SCOPUS::scopus_nucleo_a1_manutencao_sustentabilidade_raw.csv::03123|SCOPUS::scopus_nucleo_a4_gestao_ativos_ciclo_vida_raw.csv::00471
REG_03124,doi_e_titulo,2,Scopus,scopus_nucleo_a1_manutencao_sustentabilidade|scopus_nucleo_a4_gestao_ativos_ciclo_vida,Integration of emergy analysis with building information modeling,SCOPUS::scopus_nucleo_a1_manutencao_sustentabilidade_raw.csv::03131|SCOPUS::scopus_nucleo_a4_gestao_ativos_ciclo_vida_raw.csv::00472
REG_03126,doi_e_titulo,3,Scopus|WoS,scopus_nucleo_a1_manutencao_sustentabilidade|scopus_nucleo_a4_gestao_ativos_ciclo_vida|wos_nucleo_04,A performance data integrated BIM framework for building life-cycle energy efficiency and environmental optimization design,SCOPUS::scopus_nucleo_a1_manutencao_sustentabilidade_raw.csv::03133|SCOPUS::scopus_nucleo_a4_gestao_ativos_ciclo_vida_raw.csv::00474|WOS::WOS_NUCLEO_04_20260708_part01.ris::00040
REG_03127,doi_e_titulo,3,Crossref|Scopus,crossref_nucleo_a2|scopus_nucleo_a1_manutencao_sustentabilidade|scopus_nucleo_a3_priorizacao_estrategia_manutencao,Enhancing a Building Information Model for an Existing Building with Data from a Sustainable Facility Management Database || Enhancing a building information model for an existing building with data from a sustainable facility management database,SCOPUS::scopus_nucleo_a1_manutencao_sustentabilidade_raw.csv::03134|SCOPUS::scopus_nucleo_a3_priorizacao_estrategia_manutencao_raw.csv::00266|CROSSREF::crossref_nucleo_a2_raw.csv::00000
REG_03128,doi_e_titulo,3,Scopus|WoS,scopus_nucleo_a1_manutencao_sustentabilidade|scopus_nucleo_a4_gestao_ativos_ciclo_vida|wos_nucleo_01,Applying Harmonised Geothermal Life Cycle Assessment Guidelines to the Rittershoffen Geothermal Heat Plant || Applying harmonised geothermal life cycle assessment guidelines to the rittershoffen geothermal heat plant,SCOPUS::scopus_nucleo_a1_manutencao_sustentabilidade_raw.csv::03135|SCOPUS::scopus_nucleo_a4_gestao_ativos_ciclo_vida_raw.csv::00475|WOS::WOS_NUCLEO_01_20260708_part01.ris::00161
REG_03129,doi_e_titulo,4,Scopus|WoS,scopus_nucleo_a1_manutencao_sustentabilidade|scopus_nucleo_a4_gestao_ativos_ciclo_vida|wos_nucleo_01|wos_nucleo_04,Life Cycle Costing for Exterior Materials on Building Facade || Life Cycle Costing for Exterior Materials on Building Façade,SCOPUS::scopus_nucleo_a1_manutencao_sustentabilidade_raw.csv::03136|SCOPUS::scopus_nucleo_a4_gestao_ativos_ciclo_vida_raw.csv::00473|WOS::WOS_NUCLEO_01_20260708_part01.ris::00192|WOS::WOS_NUCLEO_04_20260708_part01.ris::00009
REG_03131,doi_e_titulo,4,Scopus|WoS,scopus_nucleo_a1_manutencao_sustentabilidade|scopus_nucleo_a4_gestao_ativos_ciclo_vida|wos_nucleo_01|wos_nucleo_04,Offshore wind turbine operations and maintenance: A state-of-the-art review,SCOPUS::scopus_nucleo_a1_manutencao_sustentabilidade_raw.csv::03138|SCOPUS::scopus_nucleo_a4_gestao_ativos_ciclo_vida_raw.csv::00476|WOS::WOS_NUCLEO_01_20260708_part01.ris::00322|WOS::WOS_NUCLEO_04_20260708_part01.ris::00367
REG_03132,doi_e_titulo,2,Scopus|WoS,scopus_nucleo_a1_manutencao_sustentabilidade|wos_nucleo_01,"A Modular Framework for the Life Cycle Based Evaluation of Aircraft Technologies, Maintenance Strategies, and Operational Decision Making Using Discrete Event Simulation || A modular framework for the life cycle based evaluation of aircraft technologies, maintenance strategies, and operational decision making using discrete event simulation",SCOPUS::scopus_nucleo_a1_manutencao_sustentabilidade_raw.csv::03139|WOS::WOS_NUCLEO_01_20260708_part01.ris::00123
REG_03135,doi_e_titulo,3,Scopus|WoS,scopus_nucleo_a1_manutencao_sustentabilidade|scopus_nucleo_a4_gestao_ativos_ciclo_vida|wos_nucleo_04,Failure Mechanisms of the Wellbore Mechanical Barrier Systems: Implications for Well Integrity || Failure mechanisms of the wellbore mechanical barrier systems: Implications for well integrity,SCOPUS::scopus_nucleo_a1_manutencao_sustentabilidade_raw.csv::03142|SCOPUS::scopus_nucleo_a4_gestao_ativos_ciclo_vida_raw.csv::00477|WOS::WOS_NUCLEO_04_20260708_part01.ris::00445
REG_03139,doi_e_titulo,3,Scopus|WoS,scopus_nucleo_a1_manutencao_sustentabilidade|scopus_nucleo_a4_gestao_ativos_ciclo_vida|wos_nucleo_04,State-of-the-art in integrated prognostics and health management control for utility-scale wind turbines,SCOPUS::scopus_nucleo_a1_manutencao_sustentabilidade_raw.csv::03146|SCOPUS::scopus_nucleo_a4_gestao_ativos_ciclo_vida_raw.csv::00479|WOS::WOS_NUCLEO_04_20260708_part01.ris::00451
REG_03141,doi_e_titulo,3,Scopus|WoS,scopus_nucleo_a1_manutencao_sustentabilidade|scopus_nucleo_a4_gestao_ativos_ciclo_vida|wos_nucleo_04,Durability of Ternary Cements Based on New Supplementary Cementitious Materials from Industrial Waste || Durability of ternary cements based on new supplementary cementitious materials from industrial waste,SCOPUS::scopus_nucleo_a1_manutencao_sustentabilidade_raw.csv::03148|SCOPUS::scopus_nucleo_a4_gestao_ativos_ciclo_vida_raw.csv::00478|WOS::WOS_NUCLEO_04_20260708_part01.ris::00423
REG_03145,doi_e_titulo,2,Scopus|WoS,scopus_nucleo_a1_manutencao_sustentabilidade|wos_nucleo_01,IDENTIFYING AND PRIORITIZING THE SELECTION CRITERIA OF APPROPRIATE REPAIR AND MAINTENANCE METHODS FOR COMMERCIAL BUILDINGS || Identifying and prioritizing the selection criteria of appropriate repair and maintenance methods for commercial buildings,SCOPUS::scopus_nucleo_a1_manutencao_sustentabilidade_raw.csv::03152|WOS::WOS_NUCLEO_01_20260708_part01.ris::00086
REG_03147,doi_e_titulo,2,Scopus|WoS,scopus_nucleo_a1_manutencao_sustentabilidade|wos_nucleo_01,Application of Assistive Technologies in Smart Cities || Application of assistive technologies in smart cities,SCOPUS::scopus_nucleo_a1_manutencao_sustentabilidade_raw.csv::03154|WOS::WOS_NUCLEO_01_20260708_part01.ris::00598
REG_03153,doi_e_titulo,2,Scopus,scopus_nucleo_a1_manutencao_sustentabilidade|scopus_nucleo_a4_gestao_ativos_ciclo_vida,Research on Intelligent Construction Intensive Management Based on Building Information Modeling Technology,SCOPUS::scopus_nucleo_a1_manutencao_sustentabilidade_raw.csv::03160|SCOPUS::scopus_nucleo_a4_gestao_ativos_ciclo_vida_raw.csv::00480
REG_03156,doi_e_titulo,2,Scopus,scopus_nucleo_a1_manutencao_sustentabilidade|scopus_nucleo_a4_gestao_ativos_ciclo_vida,SEM-PLS Approach to Green Building,SCOPUS::scopus_nucleo_a1_manutencao_sustentabilidade_raw.csv::03163|SCOPUS::scopus_nucleo_a4_gestao_ativos_ciclo_vida_raw.csv::00483
REG_03157,doi_e_titulo,5,Scopus|WoS,scopus_nucleo_a1_manutencao_sustentabilidade|scopus_nucleo_a3_priorizacao_estrategia_manutencao|scopus_nucleo_a4_gestao_ativos_ciclo_vida|wos_nucleo_01|wos_nucleo_04,Building condition assessment supported by Building Information Modelling,SCOPUS::scopus_nucleo_a1_manutencao_sustentabilidade_raw.csv::03164|SCOPUS::scopus_nucleo_a3_priorizacao_estrategia_manutencao_raw.csv::00267|SCOPUS::scopus_nucleo_a4_gestao_ativos_ciclo_vida_raw.csv::00481|WOS::WOS_NUCLEO_01_20260708_part01.ris::00215|WOS::WOS_NUCLEO_04_20260708_part01.ris::00002
REG_03158,doi_e_titulo,2,Scopus|WoS,scopus_nucleo_a1_manutencao_sustentabilidade|wos_nucleo_01,Two-Level Quality Decision Support System for Building Structural Damage Prediction and Maintenance Solution Recommendation in the Operation and Maintenance Phase,SCOPUS::scopus_nucleo_a1_manutencao_sustentabilidade_raw.csv::03165|WOS::WOS_NUCLEO_01_20260708_part01.ris::00094
REG_03161,doi_e_titulo,3,Scopus|WoS,scopus_nucleo_a1_manutencao_sustentabilidade|scopus_nucleo_a2_contexto_publico_universitario|wos_nucleo_02,Use of BIM-FM to Transform Large Conventional Public Buildings into Efficient and Smart Sustainable Buildings || Use of bim-fm to transform large conventional public buildings into efficient and smart sustainable buildings,SCOPUS::scopus_nucleo_a1_manutencao_sustentabilidade_raw.csv::03168|SCOPUS::scopus_nucleo_a2_contexto_publico_universitario_raw.csv::00224|WOS::WOS_NUCLEO_02_20260708_part01.ris::00064
REG_03162,doi_e_titulo,2,Scopus,scopus_nucleo_a1_manutencao_sustentabilidade|scopus_nucleo_a4_gestao_ativos_ciclo_vida,Study on digital twin channel for the B5G and 6G communication,SCOPUS::scopus_nucleo_a1_manutencao_sustentabilidade_raw.csv::03169|SCOPUS::scopus_nucleo_a4_gestao_ativos_ciclo_vida_raw.csv::00482
REG_03164,doi_e_titulo,4,Crossref|Scopus,crossref_nucleo_a1|crossref_nucleo_a3|crossref_nucleo_a4|scopus_nucleo_a1_manutencao_sustentabilidade,Value-Based Building Maintenance Practices for Public Hospitals in Malaysia || Value-based building maintenance practices for public hospitals in malaysia,SCOPUS::scopus_nucleo_a1_manutencao_sustentabilidade_raw.csv::03171|CROSSREF::crossref_nucleo_a1_raw.csv::00004|CROSSREF::crossref_nucleo_a3_raw.csv::00055|CROSSREF::crossref_nucleo_a4_raw.csv::00057
REG_03167,doi_e_titulo,2,Scopus|WoS,scopus_nucleo_a1_manutencao_sustentabilidade|wos_nucleo_01,"Optimal selection of ""zero liquid discharge"" (ZLD) system using ""analytical hierarchy process"" (AHP) and ""grey relational analysis"" (GRA) || Optimal selection of “zero liquid discharge” (ZLD) system using “analytical hierarchy process” (AHP) and “grey relational analysis” (GRA)",SCOPUS::scopus_nucleo_a1_manutencao_sustentabilidade_raw.csv::03174|WOS::WOS_NUCLEO_01_20260708_part01.ris::00381
REG_03177,doi_e_titulo,2,Scopus,scopus_nucleo_a1_manutencao_sustentabilidade|scopus_nucleo_a4_gestao_ativos_ciclo_vida,Holistic energy efficient design approach to sustainable building using monitored energy management system,SCOPUS::scopus_nucleo_a1_manutencao_sustentabilidade_raw.csv::03184|SCOPUS::scopus_nucleo_a4_gestao_ativos_ciclo_vida_raw.csv::00484
REG_03180,doi_e_titulo,2,Crossref|Scopus,crossref_nucleo_a2|scopus_nucleo_a1_manutencao_sustentabilidade,A Sustainable Facility Management Outsourcing Relationships System: Artificial Neural Networks || A sustainable facility management outsourcing relationships system: Artificial neural networks,SCOPUS::scopus_nucleo_a1_manutencao_sustentabilidade_raw.csv::03187|CROSSREF::crossref_nucleo_a2_raw.csv::00029
REG_03182,doi_e_titulo,3,Scopus|WoS,scopus_nucleo_a1_manutencao_sustentabilidade|scopus_nucleo_a4_gestao_ativos_ciclo_vida|wos_nucleo_04,Improving Life Cycle Economic and Environmental Sustainability of Animal Manure Management in Marginalized Farming Communities Through Resource Recovery || Improving Life Cycle Economic and Environmental Sustainability of Animal Manure Management in Marginalized Farming Communities through Resource Recovery,SCOPUS::scopus_nucleo_a1_manutencao_sustentabilidade_raw.csv::03189|SCOPUS::scopus_nucleo_a4_gestao_ativos_ciclo_vida_raw.csv::00485|WOS::WOS_NUCLEO_04_20260708_part01.ris::00041
REG_03197,doi_e_titulo,2,Scopus,scopus_nucleo_a1_manutencao_sustentabilidade|scopus_nucleo_a4_gestao_ativos_ciclo_vida,Temporary Occupancy Permit ( SLF ) for Building Sustainable Strategy,SCOPUS::scopus_nucleo_a1_manutencao_sustentabilidade_raw.csv::03204|SCOPUS::scopus_nucleo_a4_gestao_ativos_ciclo_vida_raw.csv::00486
REG_03198,doi_e_titulo,2,Scopus,scopus_nucleo_a1_manutencao_sustentabilidade|scopus_nucleo_a4_gestao_ativos_ciclo_vida,"The digital management system of the tangible culture heritage for enhancing historic building governance in Malang, Indonesia",SCOPUS::scopus_nucleo_a1_manutencao_sustentabilidade_raw.csv::03205|SCOPUS::scopus_nucleo_a4_gestao_ativos_ciclo_vida_raw.csv::00488
REG_03199,doi_e_titulo,2,Scopus,scopus_nucleo_a1_manutencao_sustentabilidade|scopus_nucleo_a4_gestao_ativos_ciclo_vida,Pre-Design Study of Balai Warga Kelurahan Taman Sari's Building for Optimization Building Performance and Design Efficiency Strategies on Material Specification,SCOPUS::scopus_nucleo_a1_manutencao_sustentabilidade_raw.csv::03206|SCOPUS::scopus_nucleo_a4_gestao_ativos_ciclo_vida_raw.csv::00487
REG_03214,doi_e_titulo,2,Scopus,scopus_nucleo_a1_manutencao_sustentabilidade|scopus_nucleo_a4_gestao_ativos_ciclo_vida,Effect of LCA data sources on GBRS reference values: The envelope of an Italian passive house,SCOPUS::scopus_nucleo_a1_manutencao_sustentabilidade_raw.csv::03221|SCOPUS::scopus_nucleo_a4_gestao_ativos_ciclo_vida_raw.csv::00490
REG_03215,doi_e_titulo,2,Scopus|WoS,scopus_nucleo_a1_manutencao_sustentabilidade|wos_nucleo_01,Facility Defect and Cost Reduction by Incorporating Maintainability Knowledge Transfer Using Maintenance Management System Data,SCOPUS::scopus_nucleo_a1_manutencao_sustentabilidade_raw.csv::03222|WOS::WOS_NUCLEO_01_20260708_part01.ris::00292
REG_03216,doi_e_titulo,2,Scopus,scopus_nucleo_a1_manutencao_sustentabilidade|scopus_nucleo_a2_contexto_publico_universitario,Contribution of energy efficiency standards to life-cycle carbon footprint reduction in public buildings in Chile,SCOPUS::scopus_nucleo_a1_manutencao_sustentabilidade_raw.csv::03223|SCOPUS::scopus_nucleo_a2_contexto_publico_universitario_raw.csv::00228
REG_03218,doi_e_titulo,3,Scopus|WoS,scopus_nucleo_a1_manutencao_sustentabilidade|scopus_nucleo_a4_gestao_ativos_ciclo_vida|wos_nucleo_04,LCA comparison at component level,SCOPUS::scopus_nucleo_a1_manutencao_sustentabilidade_raw.csv::03225|SCOPUS::scopus_nucleo_a4_gestao_ativos_ciclo_vida_raw.csv::00489|WOS::WOS_NUCLEO_04_20260708_part01.ris::00142
REG_03224,doi_e_titulo,2,Scopus|WoS,scopus_nucleo_a1_manutencao_sustentabilidade|wos_nucleo_01,Performance benchmarking model for sustainability of aquatic centres in cold regions: Development and implementation,SCOPUS::scopus_nucleo_a1_manutencao_sustentabilidade_raw.csv::03231|WOS::WOS_NUCLEO_01_20260708_part01.ris::00525
REG_03225,doi_e_titulo,2,Scopus|WoS,scopus_nucleo_a1_manutencao_sustentabilidade|wos_nucleo_01,Energy-oriented joint optimization of machine maintenance and tool replacement in sustainable manufacturing,SCOPUS::scopus_nucleo_a1_manutencao_sustentabilidade_raw.csv::03232|WOS::WOS_NUCLEO_01_20260708_part01.ris::00475
REG_03230,doi_e_titulo,3,Scopus|WoS,scopus_nucleo_a1_manutencao_sustentabilidade|scopus_nucleo_a4_gestao_ativos_ciclo_vida|wos_nucleo_04,Improving lighting efficiency in existing art museums: a case study,SCOPUS::scopus_nucleo_a1_manutencao_sustentabilidade_raw.csv::03237|SCOPUS::scopus_nucleo_a4_gestao_ativos_ciclo_vida_raw.csv::00491|WOS::WOS_NUCLEO_04_20260708_part01.ris::00048
REG_03234,doi_e_titulo,2,Scopus|WoS,scopus_nucleo_a1_manutencao_sustentabilidade|wos_nucleo_04,Sustainability in the construction industry: A systematic review of the literature,SCOPUS::scopus_nucleo_a1_manutencao_sustentabilidade_raw.csv::03241|WOS::WOS_NUCLEO_04_20260708_part01.ris::00306
REG_03237,doi_e_titulo,2,Scopus|WoS,scopus_nucleo_a1_manutencao_sustentabilidade|wos_nucleo_01,Approach to manage parameter and choice uncertainty in life cycle optimisation of building design: Case study of optimal insulation thickness,SCOPUS::scopus_nucleo_a1_manutencao_sustentabilidade_raw.csv::03244|WOS::WOS_NUCLEO_01_20260708_part01.ris::00176
REG_03242,doi_e_titulo,3,Scopus|WoS,scopus_nucleo_a1_manutencao_sustentabilidade|scopus_nucleo_a4_gestao_ativos_ciclo_vida|wos_nucleo_04,Comparative life-cycle cost (LCC) study of green and traditional industrial buildings in Sri Lanka,SCOPUS::scopus_nucleo_a1_manutencao_sustentabilidade_raw.csv::03249|SCOPUS::scopus_nucleo_a4_gestao_ativos_ciclo_vida_raw.csv::00492|WOS::WOS_NUCLEO_04_20260708_part01.ris::00020
REG_03244,doi_e_titulo,2,Scopus|WoS,scopus_nucleo_a1_manutencao_sustentabilidade|wos_nucleo_04,Enhancing public building energy efficiency using the response surface method: An optimal design approach,SCOPUS::scopus_nucleo_a1_manutencao_sustentabilidade_raw.csv::03251|WOS::WOS_NUCLEO_04_20260708_part01.ris::00464
REG_03245,doi_e_titulo,4,Scopus|WoS,scopus_nucleo_a1_manutencao_sustentabilidade|scopus_nucleo_a4_gestao_ativos_ciclo_vida|wos_nucleo_01|wos_nucleo_04,Prioritizing Decision Factors of Energy Efficiency Retrofit for Facilities Portfolio Management,SCOPUS::scopus_nucleo_a1_manutencao_sustentabilidade_raw.csv::03252|SCOPUS::scopus_nucleo_a4_gestao_ativos_ciclo_vida_raw.csv::00493|WOS::WOS_NUCLEO_01_20260708_part01.ris::00438|WOS::WOS_NUCLEO_04_20260708_part01.ris::00161
REG_03247,doi_e_titulo,3,Scopus|WoS,scopus_nucleo_a1_manutencao_sustentabilidade|scopus_nucleo_a4_gestao_ativos_ciclo_vida|wos_nucleo_04,Digital Twin Technologies for Turbomachinery in a Life Cycle Perspective: A Review || Digital twin technologies for turbomachinery in a life cycle perspective: A review,SCOPUS::scopus_nucleo_a1_manutencao_sustentabilidade_raw.csv::03254|SCOPUS::scopus_nucleo_a4_gestao_ativos_ciclo_vida_raw.csv::00494|WOS::WOS_NUCLEO_04_20260708_part01.ris::00097
REG_03248,doi_e_titulo,3,Scopus|WoS,scopus_nucleo_a1_manutencao_sustentabilidade|scopus_nucleo_a4_gestao_ativos_ciclo_vida|wos_nucleo_04,A comparative life cycle assessment of structural flooring systems in Western Australia,SCOPUS::scopus_nucleo_a1_manutencao_sustentabilidade_raw.csv::03255|SCOPUS::scopus_nucleo_a4_gestao_ativos_ciclo_vida_raw.csv::00495|WOS::WOS_NUCLEO_04_20260708_part01.ris::00152
REG_03250,doi_e_titulo,2,Scopus|WoS,scopus_nucleo_a1_manutencao_sustentabilidade|wos_nucleo_01,An MCDM Model for Sustainable Decision-Making in Municipal Residential Buildings Facilities Management || An MCDM model for sustainable decision-making in municipal residential buildings facilities management,SCOPUS::scopus_nucleo_a1_manutencao_sustentabilidade_raw.csv::03257|WOS::WOS_NUCLEO_01_20260708_part01.ris::00038
REG_03267,doi_e_titulo,2,Scopus,scopus_nucleo_a1_manutencao_sustentabilidade|scopus_nucleo_a2_contexto_publico_universitario,The application of BIM technology in the whole life cycle of a project to explore,SCOPUS::scopus_nucleo_a1_manutencao_sustentabilidade_raw.csv::03274|SCOPUS::scopus_nucleo_a2_contexto_publico_universitario_raw.csv::00232
REG_03278,doi_e_titulo,2,Crossref|Scopus,crossref_nucleo_a2|scopus_nucleo_a1_manutencao_sustentabilidade,Critical review of building handover-related research in construction and facility management journals,SCOPUS::scopus_nucleo_a1_manutencao_sustentabilidade_raw.csv::03285|CROSSREF::crossref_nucleo_a2_raw.csv::00141
REG_03279,doi_e_titulo,2,Scopus,scopus_nucleo_a1_manutencao_sustentabilidade|scopus_nucleo_a3_priorizacao_estrategia_manutencao,Digital twin aided vulnerability assessment and risk-based maintenance planning of bridge infrastructures exposed to extreme conditions,SCOPUS::scopus_nucleo_a1_manutencao_sustentabilidade_raw.csv::03286|SCOPUS::scopus_nucleo_a3_priorizacao_estrategia_manutencao_raw.csv::00270
REG_03280,doi_e_titulo,2,Scopus|WoS,scopus_nucleo_a1_manutencao_sustentabilidade|wos_nucleo_01,New Tendencies in Wind Energy Operation and Maintenance || New tendencies in wind energy operation and maintenance,SCOPUS::scopus_nucleo_a1_manutencao_sustentabilidade_raw.csv::03287|WOS::WOS_NUCLEO_01_20260708_part01.ris::00240
REG_03281,doi_e_titulo,3,Crossref|Scopus,crossref_nucleo_a3|scopus_nucleo_a1_manutencao_sustentabilidade|scopus_nucleo_a3_priorizacao_estrategia_manutencao,Preventive Maintenance Model for National School Buildings in Indonesia Using a Constraint Programming Approach || Preventive maintenance model for national school buildings in indonesia using a constraint programming approach,SCOPUS::scopus_nucleo_a1_manutencao_sustentabilidade_raw.csv::03288|SCOPUS::scopus_nucleo_a3_priorizacao_estrategia_manutencao_raw.csv::00271|CROSSREF::crossref_nucleo_a3_raw.csv::00017
REG_03282,doi_e_titulo,2,Scopus|WoS,scopus_nucleo_a1_manutencao_sustentabilidade|wos_nucleo_01,A Fuzzy-ANP Approach for Comprehensive Benefit Evaluation of Grid-Side Commercial Storage Project || A fuzzy-ANP approach for comprehensive benefit evaluation of grid-side commercial storage project,SCOPUS::scopus_nucleo_a1_manutencao_sustentabilidade_raw.csv::03289|WOS::WOS_NUCLEO_01_20260708_part01.ris::00361
REG_03284,doi_e_titulo,4,Scopus|WoS,scopus_nucleo_a1_manutencao_sustentabilidade|scopus_nucleo_a2_contexto_publico_universitario|wos_nucleo_01|wos_nucleo_02,An integrated decision support system for building asset management based on BIM and Work Breakdown Structure,SCOPUS::scopus_nucleo_a1_manutencao_sustentabilidade_raw.csv::03291|SCOPUS::scopus_nucleo_a2_contexto_publico_universitario_raw.csv::00233|WOS::WOS_NUCLEO_01_20260708_part01.ris::00050|WOS::WOS_NUCLEO_02_20260708_part01.ris::00140
REG_03287,doi_e_titulo,2,Scopus|WoS,scopus_nucleo_a1_manutencao_sustentabilidade|wos_nucleo_01,The mediating effects of finance on the performance of hospital facilities management services,SCOPUS::scopus_nucleo_a1_manutencao_sustentabilidade_raw.csv::03294|WOS::WOS_NUCLEO_01_20260708_part01.ris::00544
REG_03293,doi_e_titulo,2,Scopus|WoS,scopus_nucleo_a1_manutencao_sustentabilidade|wos_nucleo_01,Social impacts of large-scale hydropower project in Myanmar: a social life cycle assessment of Shweli hydropower dam 1,SCOPUS::scopus_nucleo_a1_manutencao_sustentabilidade_raw.csv::03300|WOS::WOS_NUCLEO_01_20260708_part01.ris::00288
REG_03296,doi_e_titulo,3,Scopus|WoS,scopus_nucleo_a1_manutencao_sustentabilidade|scopus_nucleo_a4_gestao_ativos_ciclo_vida|wos_nucleo_04,Design and in-field testing of a multi-level system for continuous subjective occupant feedback on indoor climate,SCOPUS::scopus_nucleo_a1_manutencao_sustentabilidade_raw.csv::03303|SCOPUS::scopus_nucleo_a4_gestao_ativos_ciclo_vida_raw.csv::00496|WOS::WOS_NUCLEO_04_20260708_part01.ris::00481
REG_03299,doi_e_titulo,2,Scopus|WoS,scopus_nucleo_a1_manutencao_sustentabilidade|wos_nucleo_01,A multi-actor and bottom-up perspective on attaining rural water security: qualitative evidence from India,SCOPUS::scopus_nucleo_a1_manutencao_sustentabilidade_raw.csv::03306|WOS::WOS_NUCLEO_01_20260708_part01.ris::00546
REG_03301,doi_e_titulo,2,Scopus|WoS,scopus_nucleo_a1_manutencao_sustentabilidade|wos_nucleo_01,Sustainability of Batik wastewater quality management strategies: analytical hierarchy process,SCOPUS::scopus_nucleo_a1_manutencao_sustentabilidade_raw.csv::03308|WOS::WOS_NUCLEO_01_20260708_part01.ris::00396
REG_03314,doi_e_titulo,2,Scopus,scopus_nucleo_a1_manutencao_sustentabilidade|scopus_nucleo_a2_contexto_publico_universitario,Life cycle costing in public building projects in Vietnam,SCOPUS::scopus_nucleo_a1_manutencao_sustentabilidade_raw.csv::03321|SCOPUS::scopus_nucleo_a2_contexto_publico_universitario_raw.csv::00238
REG_03317,doi_e_titulo,2,Scopus,scopus_nucleo_a1_manutencao_sustentabilidade|scopus_nucleo_a4_gestao_ativos_ciclo_vida,Science mapping of sustainable green building operation and maintenance management research,SCOPUS::scopus_nucleo_a1_manutencao_sustentabilidade_raw.csv::03324|SCOPUS::scopus_nucleo_a4_gestao_ativos_ciclo_vida_raw.csv::00502
REG_03322,titulo_normalizado,3,Scopus,scopus_nucleo_a1_manutencao_sustentabilidade|scopus_nucleo_a2_contexto_publico_universitario|scopus_nucleo_a4_gestao_ativos_ciclo_vida,Environmental sustainability performance assessment framework – critical review of green building rating tools,SCOPUS::scopus_nucleo_a1_manutencao_sustentabilidade_raw.csv::03329|SCOPUS::scopus_nucleo_a2_contexto_publico_universitario_raw.csv::00242|SCOPUS::scopus_nucleo_a4_gestao_ativos_ciclo_vida_raw.csv::00517
REG_03326,doi_e_titulo,2,Crossref|Scopus,crossref_nucleo_a1|scopus_nucleo_a1_manutencao_sustentabilidade,Operational text-mining methods for enhancing building maintenance management,SCOPUS::scopus_nucleo_a1_manutencao_sustentabilidade_raw.csv::03333|CROSSREF::crossref_nucleo_a1_raw.csv::00169
REG_03327,doi_e_titulo,2,Scopus,scopus_nucleo_a1_manutencao_sustentabilidade|scopus_nucleo_a4_gestao_ativos_ciclo_vida,FACILITIES MANAGEMENT DOMAIN REVIEW: POTENTIAL CONTRIBUTIONS TOWARDS DIGITALISATION,SCOPUS::scopus_nucleo_a1_manutencao_sustentabilidade_raw.csv::03334|SCOPUS::scopus_nucleo_a4_gestao_ativos_ciclo_vida_raw.csv::00498
REG_03329,doi_e_titulo,2,Scopus|WoS,scopus_nucleo_a1_manutencao_sustentabilidade|wos_nucleo_01,Developing a Web-Based BIM Asset and Facility Management System of Building Digital Twins,SCOPUS::scopus_nucleo_a1_manutencao_sustentabilidade_raw.csv::03336|WOS::WOS_NUCLEO_01_20260708_part01.ris::00171
REG_03334,doi_e_titulo,3,Scopus|WoS,scopus_nucleo_a1_manutencao_sustentabilidade|scopus_nucleo_a4_gestao_ativos_ciclo_vida|wos_nucleo_04,Evaluation of facilities management sustainable parameters for improving operational efficiency,SCOPUS::scopus_nucleo_a1_manutencao_sustentabilidade_raw.csv::03341|SCOPUS::scopus_nucleo_a4_gestao_ativos_ciclo_vida_raw.csv::00500|WOS::WOS_NUCLEO_04_20260708_part01.ris::00302
REG_03338,titulo_normalizado,2,Scopus,scopus_nucleo_a1_manutencao_sustentabilidade|scopus_nucleo_a4_gestao_ativos_ciclo_vida,A holistic framework for information system for the management of indoor environmental qualities (IEQ) in built facilities,SCOPUS::scopus_nucleo_a1_manutencao_sustentabilidade_raw.csv::03345|SCOPUS::scopus_nucleo_a4_gestao_ativos_ciclo_vida_raw.csv::00514
REG_03339,doi_e_titulo,3,Scopus|WoS,scopus_nucleo_a1_manutencao_sustentabilidade|scopus_nucleo_a4_gestao_ativos_ciclo_vida|wos_nucleo_04,Challenge and Obstacles to Promote Sustainable Remanufacturing: A Cross Case Analysis,SCOPUS::scopus_nucleo_a1_manutencao_sustentabilidade_raw.csv::03346|SCOPUS::scopus_nucleo_a4_gestao_ativos_ciclo_vida_raw.csv::00505|WOS::WOS_NUCLEO_04_20260708_part01.ris::00341
REG_03349,doi_e_titulo,2,Scopus,scopus_nucleo_a1_manutencao_sustentabilidade|scopus_nucleo_a4_gestao_ativos_ciclo_vida,Exploring the Acceptance of Life Cycle Cost for Residential Projects in India,SCOPUS::scopus_nucleo_a1_manutencao_sustentabilidade_raw.csv::03356|SCOPUS::scopus_nucleo_a4_gestao_ativos_ciclo_vida_raw.csv::00497
REG_03350,titulo_normalizado,2,Scopus,scopus_nucleo_a1_manutencao_sustentabilidade|scopus_nucleo_a4_gestao_ativos_ciclo_vida,Key approaches to construction circularity: a systematic review of the current state and future opportunities,SCOPUS::scopus_nucleo_a1_manutencao_sustentabilidade_raw.csv::03357|SCOPUS::scopus_nucleo_a4_gestao_ativos_ciclo_vida_raw.csv::00509
REG_03354,doi_e_titulo,2,Scopus,scopus_nucleo_a1_manutencao_sustentabilidade|scopus_nucleo_a4_gestao_ativos_ciclo_vida,Environmental Life Cycle Assessment of a Small Wind Farm,SCOPUS::scopus_nucleo_a1_manutencao_sustentabilidade_raw.csv::03361|SCOPUS::scopus_nucleo_a4_gestao_ativos_ciclo_vida_raw.csv::00503
REG_03356,doi_e_titulo,2,Scopus|WoS,scopus_nucleo_a1_manutencao_sustentabilidade|wos_nucleo_01,Intelligent Prediction Method for Operation and Maintenance Safety of Prestressed Steel Structure Based on Digital Twin Technology,SCOPUS::scopus_nucleo_a1_manutencao_sustentabilidade_raw.csv::03363|WOS::WOS_NUCLEO_01_20260708_part01.ris::00148
REG_03359,doi_e_titulo,2,Scopus|WoS,scopus_nucleo_a1_manutencao_sustentabilidade|wos_nucleo_01,FROM BIM TO DIGITAL TWINS: A SYSTEMATIC REVIEW OF THE EVOLUTION OF INTELLIGENT BUILDING REPRESENTATIONS IN THE AEC-FM INDUSTRY || From BIM to digital twins: A systematic review of the evolution of intelligent building representations in the AEC-FM industry,SCOPUS::scopus_nucleo_a1_manutencao_sustentabilidade_raw.csv::03366|WOS::WOS_NUCLEO_01_20260708_part01.ris::00284
REG_03363,doi_e_titulo,4,Scopus|WoS,scopus_nucleo_a1_manutencao_sustentabilidade|scopus_nucleo_a4_gestao_ativos_ciclo_vida|wos_nucleo_01|wos_nucleo_04,Adaptive decision-making method of life cycle options by using process data collected over multiple life cycle stages,SCOPUS::scopus_nucleo_a1_manutencao_sustentabilidade_raw.csv::03370|SCOPUS::scopus_nucleo_a4_gestao_ativos_ciclo_vida_raw.csv::00504|WOS::WOS_NUCLEO_01_20260708_part01.ris::00211|WOS::WOS_NUCLEO_04_20260708_part01.ris::00119
REG_03364,doi_e_titulo,2,Scopus,scopus_nucleo_a1_manutencao_sustentabilidade|scopus_nucleo_a4_gestao_ativos_ciclo_vida,Life Cycle Cost (LCC) and Sustainability. Proposal of an IFC Structure to Implement LCC During the Design Stage of Buildings,SCOPUS::scopus_nucleo_a1_manutencao_sustentabilidade_raw.csv::03371|SCOPUS::scopus_nucleo_a4_gestao_ativos_ciclo_vida_raw.csv::00499
REG_03367,doi_e_titulo,2,Scopus|WoS,scopus_nucleo_a1_manutencao_sustentabilidade|wos_nucleo_01,Co-creators of wellbeing - Smarter engagement of older residents || Co-creators of wellbeing - smarter engagement of older residents,SCOPUS::scopus_nucleo_a1_manutencao_sustentabilidade_raw.csv::03374|WOS::WOS_NUCLEO_01_20260708_part01.ris::00397
REG_03369,doi_e_titulo,2,Scopus,scopus_nucleo_a1_manutencao_sustentabilidade|scopus_nucleo_a4_gestao_ativos_ciclo_vida,Comparison of alternative wastewater treatment plants using life cycle assessment (lca),SCOPUS::scopus_nucleo_a1_manutencao_sustentabilidade_raw.csv::03376|SCOPUS::scopus_nucleo_a4_gestao_ativos_ciclo_vida_raw.csv::00507
REG_03373,doi_e_titulo,2,Scopus,scopus_nucleo_a1_manutencao_sustentabilidade|scopus_nucleo_a4_gestao_ativos_ciclo_vida,Digital twins for managing railway maintenance and resilience [version 2; peer review: 2 approved],SCOPUS::scopus_nucleo_a1_manutencao_sustentabilidade_raw.csv::03380|SCOPUS::scopus_nucleo_a4_gestao_ativos_ciclo_vida_raw.csv::00506
REG_03378,doi_e_titulo,2,Scopus,scopus_nucleo_a1_manutencao_sustentabilidade|scopus_nucleo_a4_gestao_ativos_ciclo_vida,Overview of Multi-criteria Decision Analysis and Its Applications on Energy Systems,SCOPUS::scopus_nucleo_a1_manutencao_sustentabilidade_raw.csv::03385|SCOPUS::scopus_nucleo_a4_gestao_ativos_ciclo_vida_raw.csv::00513
REG_03381,doi_e_titulo,2,Scopus,scopus_nucleo_a1_manutencao_sustentabilidade|scopus_nucleo_a4_gestao_ativos_ciclo_vida,Predicting Service Life of External Wall Painting for the School Buildings in Indonesia,SCOPUS::scopus_nucleo_a1_manutencao_sustentabilidade_raw.csv::03388|SCOPUS::scopus_nucleo_a4_gestao_ativos_ciclo_vida_raw.csv::00501
REG_03383,doi_e_titulo,5,Crossref|Scopus,crossref_nucleo_a1|scopus_nucleo_a1_manutencao_sustentabilidade|scopus_nucleo_a2_contexto_publico_universitario|scopus_nucleo_a3_priorizacao_estrategia_manutencao|scopus_nucleo_a4_gestao_ativos_ciclo_vida,Occupants’ Behavioral Analysis for the Optimization of Building Operation and Maintenance: A Case Study to Improve the Use of Elevators in a University Building,SCOPUS::scopus_nucleo_a1_manutencao_sustentabilidade_raw.csv::03390|SCOPUS::scopus_nucleo_a2_contexto_publico_universitario_raw.csv::00236|SCOPUS::scopus_nucleo_a3_priorizacao_estrategia_manutencao_raw.csv::00274|SCOPUS::scopus_nucleo_a4_gestao_ativos_ciclo_vida_raw.csv::00511|CROSSREF::crossref_nucleo_a1_raw.csv::00068
REG_03388,doi_e_titulo,3,Scopus|WoS,scopus_nucleo_a1_manutencao_sustentabilidade|scopus_nucleo_a4_gestao_ativos_ciclo_vida|wos_nucleo_04,Performance-based economic analysis to find the sustainable aggregate option for a granular roadway,SCOPUS::scopus_nucleo_a1_manutencao_sustentabilidade_raw.csv::03395|SCOPUS::scopus_nucleo_a4_gestao_ativos_ciclo_vida_raw.csv::00512|WOS::WOS_NUCLEO_04_20260708_part01.ris::00099
REG_03391,doi_e_titulo,4,Scopus|WoS,scopus_nucleo_a1_manutencao_sustentabilidade|scopus_nucleo_a4_gestao_ativos_ciclo_vida|wos_nucleo_02|wos_nucleo_04,Life-Cycle Assessment of Carbon Footprint of Bike-Share and Bus Systems in Campus Transit || Life-cycle assessment of carbon footprint of bike-share and bus systems in campus transit,SCOPUS::scopus_nucleo_a1_manutencao_sustentabilidade_raw.csv::03398|SCOPUS::scopus_nucleo_a4_gestao_ativos_ciclo_vida_raw.csv::00508|WOS::WOS_NUCLEO_02_20260708_part01.ris::00242|WOS::WOS_NUCLEO_04_20260708_part01.ris::00259
REG_03396,doi_e_titulo,2,Crossref|Scopus,crossref_nucleo_a3|scopus_nucleo_a1_manutencao_sustentabilidade,Examining Relationship between Maintenance Management and Sustainability in Buildings: Literature Review || Examining relationship between maintenance management and sustainability in buildings: Literature review,SCOPUS::scopus_nucleo_a1_manutencao_sustentabilidade_raw.csv::03403|CROSSREF::crossref_nucleo_a3_raw.csv::00112
REG_03421,doi_e_titulo,2,Crossref|Scopus,crossref_nucleo_a1|scopus_nucleo_a1_manutencao_sustentabilidade,Application of bridge maintenance and management system with BIM technology,SCOPUS::scopus_nucleo_a1_manutencao_sustentabilidade_raw.csv::03428|CROSSREF::crossref_nucleo_a1_raw.csv::00149
REG_03429,titulo_normalizado,2,Scopus,scopus_nucleo_a1_manutencao_sustentabilidade|scopus_nucleo_a4_gestao_ativos_ciclo_vida,Smart resource management based on internet of things to support offearth manufacturing of lunar infrastructures (smartie),SCOPUS::scopus_nucleo_a1_manutencao_sustentabilidade_raw.csv::03436|SCOPUS::scopus_nucleo_a4_gestao_ativos_ciclo_vida_raw.csv::00515
REG_03430,doi_e_titulo,3,Scopus|WoS,scopus_nucleo_a1_manutencao_sustentabilidade|scopus_nucleo_a4_gestao_ativos_ciclo_vida|wos_nucleo_04,An investigation of the potential of dematerialization to reduce the life cycle embodied energy of buildings,SCOPUS::scopus_nucleo_a1_manutencao_sustentabilidade_raw.csv::03437|SCOPUS::scopus_nucleo_a4_gestao_ativos_ciclo_vida_raw.csv::00510|WOS::WOS_NUCLEO_04_20260708_part01.ris::00193
REG_03444,doi_e_titulo,2,Scopus,scopus_nucleo_a1_manutencao_sustentabilidade|scopus_nucleo_a4_gestao_ativos_ciclo_vida,Urban Planning in the Context of Seatropolis City Through the Public–Private Partnership Scheme,SCOPUS::scopus_nucleo_a1_manutencao_sustentabilidade_raw.csv::03451|SCOPUS::scopus_nucleo_a4_gestao_ativos_ciclo_vida_raw.csv::00516
REG_03466,doi_e_titulo,2,Scopus,scopus_nucleo_a1_manutencao_sustentabilidade|scopus_nucleo_a4_gestao_ativos_ciclo_vida,A real-time diagnostic tool for evaluating the thermal performance of nearly zero energy buildings,SCOPUS::scopus_nucleo_a1_manutencao_sustentabilidade_raw.csv::03473|SCOPUS::scopus_nucleo_a4_gestao_ativos_ciclo_vida_raw.csv::00520
REG_03467,titulo_normalizado,2,Scopus,scopus_nucleo_a1_manutencao_sustentabilidade|scopus_nucleo_a3_priorizacao_estrategia_manutencao,A Digital Twin Framework for Enhancing Predictive Maintenance of Pumps in Wastewater Treatment Plants,SCOPUS::scopus_nucleo_a1_manutencao_sustentabilidade_raw.csv::03474|SCOPUS::scopus_nucleo_a3_priorizacao_estrategia_manutencao_raw.csv::00289
REG_03500,doi_e_titulo,2,Scopus,scopus_nucleo_a1_manutencao_sustentabilidade|scopus_nucleo_a3_priorizacao_estrategia_manutencao,Managing Engineered Assets: Principles and Practical Concepts,SCOPUS::scopus_nucleo_a1_manutencao_sustentabilidade_raw.csv::03507|SCOPUS::scopus_nucleo_a3_priorizacao_estrategia_manutencao_raw.csv::00284
REG_03507,titulo_normalizado,2,Scopus,scopus_nucleo_a1_manutencao_sustentabilidade|scopus_nucleo_a3_priorizacao_estrategia_manutencao,Painting the Full Picture—Condition Assessments Upgraded to Comprehensive Asset Evaluations,SCOPUS::scopus_nucleo_a1_manutencao_sustentabilidade_raw.csv::03514|SCOPUS::scopus_nucleo_a3_priorizacao_estrategia_manutencao_raw.csv::00286
REG_03519,doi_e_titulo,2,Scopus,scopus_nucleo_a1_manutencao_sustentabilidade|scopus_nucleo_a4_gestao_ativos_ciclo_vida,Machine Learning Aided Rail Corrugation Monitoring for Railway Track Maintenance,SCOPUS::scopus_nucleo_a1_manutencao_sustentabilidade_raw.csv::03526|SCOPUS::scopus_nucleo_a4_gestao_ativos_ciclo_vida_raw.csv::00519
REG_03521,doi_e_titulo,3,Scopus|WoS,scopus_nucleo_a1_manutencao_sustentabilidade|scopus_nucleo_a4_gestao_ativos_ciclo_vida|wos_nucleo_04,Prioritization of Factors Affecting Sustainability Property Improvement by Using Analytical Hierarchy Process and Important-Satisfaction Model: The Case of TAIPEI 101 Tower || Prioritization of factors affecting sustainability property improvement by using analytical hierarchy process and important-satisfaction model: The case of TAIPEI 101 tower,SCOPUS::scopus_nucleo_a1_manutencao_sustentabilidade_raw.csv::03528|SCOPUS::scopus_nucleo_a4_gestao_ativos_ciclo_vida_raw.csv::00518|WOS::WOS_NUCLEO_04_20260708_part01.ris::00487
REG_03522,titulo_normalizado,2,Scopus,scopus_nucleo_a1_manutencao_sustentabilidade|scopus_nucleo_a2_contexto_publico_universitario,"European, Asian, Middle Eastern, North African Conference on Management and Information Systems, EAMMIS 2021",SCOPUS::scopus_nucleo_a1_manutencao_sustentabilidade_raw.csv::03529|SCOPUS::scopus_nucleo_a2_contexto_publico_universitario_raw.csv::00237
REG_03528,doi,2,Scopus|WoS,scopus_nucleo_a1_manutencao_sustentabilidade|wos_nucleo_04,A Spatio-Temporal Framework Based on Geographic Information System (GIS) to Evaluate the CO2 Emissions || A Spatio-Temporal Framework Based on Geographic Information System (GIS) to Evaluate the CO2Emissions,SCOPUS::scopus_nucleo_a1_manutencao_sustentabilidade_raw.csv::03535|WOS::WOS_NUCLEO_04_20260708_part01.ris::00453
REG_03538,doi_e_titulo,2,Scopus|WoS,scopus_nucleo_a1_manutencao_sustentabilidade|wos_nucleo_01,"Educational and digital tools as factors of service quality increase in Thailand 4.0 era (the case of Suvarnabhumi Airport, Bangkok)",SCOPUS::scopus_nucleo_a1_manutencao_sustentabilidade_raw.csv::03545|WOS::WOS_NUCLEO_01_20260708_part01.ris::00590
REG_03541,doi_e_titulo,3,Scopus|WoS,scopus_nucleo_a1_manutencao_sustentabilidade|scopus_nucleo_a2_contexto_publico_universitario|wos_nucleo_02,Application of Internet of Things in academic buildings for space use efficiency using occupancy and booking data,SCOPUS::scopus_nucleo_a1_manutencao_sustentabilidade_raw.csv::03548|SCOPUS::scopus_nucleo_a2_contexto_publico_universitario_raw.csv::00244|WOS::WOS_NUCLEO_02_20260708_part01.ris::00081
REG_03542,doi_e_titulo,4,Scopus|WoS,scopus_nucleo_a1_manutencao_sustentabilidade|scopus_nucleo_a4_gestao_ativos_ciclo_vida|wos_nucleo_01|wos_nucleo_04,"Who pays for water? Comparing life cycle costs of water services among several low, medium and high-income utilities",SCOPUS::scopus_nucleo_a1_manutencao_sustentabilidade_raw.csv::03549|SCOPUS::scopus_nucleo_a4_gestao_ativos_ciclo_vida_raw.csv::00521|WOS::WOS_NUCLEO_01_20260708_part01.ris::00403|WOS::WOS_NUCLEO_04_20260708_part01.ris::00133
REG_03545,doi_e_titulo,2,Scopus|WoS,scopus_nucleo_a1_manutencao_sustentabilidade|wos_nucleo_01,AN OVERVIEW OF GREEN HRM PRACTICES AMONG SMEs IN SAUDI ARABIA || An overview of green HRM practices among SMEs in Saudi Arabia,SCOPUS::scopus_nucleo_a1_manutencao_sustentabilidade_raw.csv::03552|WOS::WOS_NUCLEO_01_20260708_part01.ris::00060
REG_03549,doi_e_titulo,3,Scopus|WoS,scopus_nucleo_a1_manutencao_sustentabilidade|scopus_nucleo_a3_priorizacao_estrategia_manutencao|wos_nucleo_01,"Reliability of human environmental ""sensors"" : Evidence from first- and third-person methods || Reliability of human environmental “sensors”: Evidence from first- and third-person methods",SCOPUS::scopus_nucleo_a1_manutencao_sustentabilidade_raw.csv::03556|SCOPUS::scopus_nucleo_a3_priorizacao_estrategia_manutencao_raw.csv::00291|WOS::WOS_NUCLEO_01_20260708_part01.ris::00554
REG_03554,doi_e_titulo,2,Scopus|WoS,scopus_nucleo_a1_manutencao_sustentabilidade|wos_nucleo_01,Comparative performance of rural water supplies during drought,SCOPUS::scopus_nucleo_a1_manutencao_sustentabilidade_raw.csv::03561|WOS::WOS_NUCLEO_01_20260708_part01.ris::00491
REG_03555,doi_e_titulo,2,Scopus|WoS,scopus_nucleo_a1_manutencao_sustentabilidade|wos_nucleo_01,"Moving up the Sanitation Ladder while Considering Function: An Assessment of Indigenous Communities, Pit Latrine Users, and Their Perceptions of Resource Recovery Sanitation Technology in Panama",SCOPUS::scopus_nucleo_a1_manutencao_sustentabilidade_raw.csv::03562|WOS::WOS_NUCLEO_01_20260708_part01.ris::00565
REG_03561,doi_e_titulo,2,Scopus,scopus_nucleo_a1_manutencao_sustentabilidade|scopus_nucleo_a4_gestao_ativos_ciclo_vida,Strategies for commissioning processes to ensure sustainable building performance,SCOPUS::scopus_nucleo_a1_manutencao_sustentabilidade_raw.csv::03568|SCOPUS::scopus_nucleo_a4_gestao_ativos_ciclo_vida_raw.csv::00522
REG_03568,doi_e_titulo,2,Scopus,scopus_nucleo_a1_manutencao_sustentabilidade|scopus_nucleo_a4_gestao_ativos_ciclo_vida,BIM Implication of Life Cycle Cost Analysis in Construction Project: A Systematic Review,SCOPUS::scopus_nucleo_a1_manutencao_sustentabilidade_raw.csv::03575|SCOPUS::scopus_nucleo_a4_gestao_ativos_ciclo_vida_raw.csv::00523
REG_03569,doi_e_titulo,2,Scopus|WoS,scopus_nucleo_a1_manutencao_sustentabilidade|wos_nucleo_04,A life cycle assessment of a 'minus carbon' refugee house: global warming potential and sensitivity analysis || A life cycle assessment of a ‘minus carbon’ refugee house: global warming potential and sensitivity analysis,SCOPUS::scopus_nucleo_a1_manutencao_sustentabilidade_raw.csv::03576|WOS::WOS_NUCLEO_04_20260708_part01.ris::00300
REG_03572,doi_e_titulo,2,Scopus,scopus_nucleo_a1_manutencao_sustentabilidade|scopus_nucleo_a2_contexto_publico_universitario,Stochastic-based Deterioration Modeling of Elevators in Healthcare Facilities,SCOPUS::scopus_nucleo_a1_manutencao_sustentabilidade_raw.csv::03579|SCOPUS::scopus_nucleo_a2_contexto_publico_universitario_raw.csv::00246
REG_03579,doi_e_titulo,2,Scopus|WoS,scopus_nucleo_a1_manutencao_sustentabilidade|wos_nucleo_01,An openBIM Approach to IoT Integration with Incomplete As-Built Data || An openbim approach to iot integration with incomplete as-built data,SCOPUS::scopus_nucleo_a1_manutencao_sustentabilidade_raw.csv::03586|WOS::WOS_NUCLEO_01_20260708_part01.ris::00401
REG_03580,doi_e_titulo,2,Scopus|WoS,scopus_nucleo_a1_manutencao_sustentabilidade|wos_nucleo_01,Environmental Enhancement through High-Rise Building Refurbishment || Environmental enhancement through high-rise building refurbishment,SCOPUS::scopus_nucleo_a1_manutencao_sustentabilidade_raw.csv::03587|WOS::WOS_NUCLEO_01_20260708_part01.ris::00263
REG_03597,doi_e_titulo,3,Scopus|WoS,scopus_nucleo_a1_manutencao_sustentabilidade|scopus_nucleo_a4_gestao_ativos_ciclo_vida|wos_nucleo_04,Blade materials selection influence on sustainability: A case study through LCA || Blade materials selection influence on sustainability: a case study through LCA,SCOPUS::scopus_nucleo_a1_manutencao_sustentabilidade_raw.csv::03604|SCOPUS::scopus_nucleo_a4_gestao_ativos_ciclo_vida_raw.csv::00524|WOS::WOS_NUCLEO_04_20260708_part01.ris::00271
REG_03598,doi_e_titulo,2,Scopus,scopus_nucleo_a1_manutencao_sustentabilidade|scopus_nucleo_a3_priorizacao_estrategia_manutencao,Prospect for future renewals of equipment in use taking into account physical service life uncertainty and economics,SCOPUS::scopus_nucleo_a1_manutencao_sustentabilidade_raw.csv::03605|SCOPUS::scopus_nucleo_a3_priorizacao_estrategia_manutencao_raw.csv::00292
REG_03600,doi_e_titulo,3,Scopus|WoS,scopus_nucleo_a1_manutencao_sustentabilidade|scopus_nucleo_a4_gestao_ativos_ciclo_vida|wos_nucleo_04,"""Four integrations"" to solve the technical bottleneck of long-life asphalt pavement",SCOPUS::scopus_nucleo_a1_manutencao_sustentabilidade_raw.csv::03607|SCOPUS::scopus_nucleo_a4_gestao_ativos_ciclo_vida_raw.csv::00525|WOS::WOS_NUCLEO_04_20260708_part01.ris::00427
REG_03606,doi_e_titulo,4,Scopus|WoS,scopus_nucleo_a1_manutencao_sustentabilidade|scopus_nucleo_a4_gestao_ativos_ciclo_vida|wos_nucleo_01|wos_nucleo_04,Addressing Climate Change Impacts and Resiliency in Contaminated Site Remediation,SCOPUS::scopus_nucleo_a1_manutencao_sustentabilidade_raw.csv::03613|SCOPUS::scopus_nucleo_a4_gestao_ativos_ciclo_vida_raw.csv::00527|WOS::WOS_NUCLEO_01_20260708_part01.ris::00202|WOS::WOS_NUCLEO_04_20260708_part01.ris::00294
REG_03608,doi_e_titulo,3,Scopus|WoS,scopus_nucleo_a1_manutencao_sustentabilidade|scopus_nucleo_a4_gestao_ativos_ciclo_vida|wos_nucleo_04,Digital Twin Aided Sustainability and Vulnerability Audit for Subway Stations || Digital twin aided sustainability and vulnerability audit for subway stations,SCOPUS::scopus_nucleo_a1_manutencao_sustentabilidade_raw.csv::03615|SCOPUS::scopus_nucleo_a4_gestao_ativos_ciclo_vida_raw.csv::00526|WOS::WOS_NUCLEO_04_20260708_part01.ris::00053
REG_03612,doi_e_titulo,2,Scopus|WoS,scopus_nucleo_a1_manutencao_sustentabilidade|wos_nucleo_01,Bayesian Network Modelling for the Wind Energy Industry: An Overview,SCOPUS::scopus_nucleo_a1_manutencao_sustentabilidade_raw.csv::03619|WOS::WOS_NUCLEO_01_20260708_part01.ris::00454
REG_03618,doi_e_titulo,3,Scopus|WoS,scopus_nucleo_a1_manutencao_sustentabilidade|scopus_nucleo_a2_contexto_publico_universitario|wos_nucleo_02,Research on evaluation and optimization of sustainable indoor environment of public buildings in Xi'an in summer || Research on evaluation and optimization of sustainable indoor environment of public buildings in Xi’an in summer,SCOPUS::scopus_nucleo_a1_manutencao_sustentabilidade_raw.csv::03625|SCOPUS::scopus_nucleo_a2_contexto_publico_universitario_raw.csv::00247|WOS::WOS_NUCLEO_02_20260708_part01.ris::00028
REG_03624,doi_e_titulo,2,Scopus,scopus_nucleo_a1_manutencao_sustentabilidade|scopus_nucleo_a4_gestao_ativos_ciclo_vida,Bayesian networks and Support Vector Classifier in damage risk assessment of RC prefabricated building structures in mining areas,SCOPUS::scopus_nucleo_a1_manutencao_sustentabilidade_raw.csv::03631|SCOPUS::scopus_nucleo_a4_gestao_ativos_ciclo_vida_raw.csv::00528
REG_03631,doi_e_titulo,2,Scopus|WoS,scopus_nucleo_a1_manutencao_sustentabilidade|wos_nucleo_01,An interactive tool for citizens' involvement in the sustainable regeneration || An interactive tool for citizens’ involvement in the sustainable regeneration,SCOPUS::scopus_nucleo_a1_manutencao_sustentabilidade_raw.csv::03638|WOS::WOS_NUCLEO_01_20260708_part01.ris::00420
REG_03639,doi_e_titulo,4,Scopus|WoS,scopus_nucleo_a1_manutencao_sustentabilidade|scopus_nucleo_a4_gestao_ativos_ciclo_vida|wos_nucleo_01|wos_nucleo_04,Implications of sustainable features on life-cycle costs of green buildings,SCOPUS::scopus_nucleo_a1_manutencao_sustentabilidade_raw.csv::03646|SCOPUS::scopus_nucleo_a4_gestao_ativos_ciclo_vida_raw.csv::00529|WOS::WOS_NUCLEO_01_20260708_part01.ris::00004|WOS::WOS_NUCLEO_04_20260708_part01.ris::00065
REG_03641,doi_e_titulo,3,Scopus|WoS,scopus_nucleo_a1_manutencao_sustentabilidade|scopus_nucleo_a4_gestao_ativos_ciclo_vida|wos_nucleo_04,Global Warming Potentials Due to Railway Tunnel Construction and Maintenance || Global warming potentials due to railway tunnel construction and maintenance,SCOPUS::scopus_nucleo_a1_manutencao_sustentabilidade_raw.csv::03648|SCOPUS::scopus_nucleo_a4_gestao_ativos_ciclo_vida_raw.csv::00530|WOS::WOS_NUCLEO_04_20260708_part01.ris::00023
REG_03643,doi_e_titulo,2,Scopus|WoS,scopus_nucleo_a1_manutencao_sustentabilidade|wos_nucleo_04,Are large-scale dams environmentally detrimental? Life-cycle environmental consequences of mega-hydropower plants in Myanmar,SCOPUS::scopus_nucleo_a1_manutencao_sustentabilidade_raw.csv::03650|WOS::WOS_NUCLEO_04_20260708_part01.ris::00182
REG_03644,doi_e_titulo,2,Scopus,scopus_nucleo_a1_manutencao_sustentabilidade|scopus_nucleo_a4_gestao_ativos_ciclo_vida,Identifying risk indicators for natural hazard-related power outages as a component of risk assessment: An analysis using power outage data from Hurricane Irma,SCOPUS::scopus_nucleo_a1_manutencao_sustentabilidade_raw.csv::03651|SCOPUS::scopus_nucleo_a4_gestao_ativos_ciclo_vida_raw.csv::00531
REG_03645,doi_e_titulo,2,Scopus|WoS,scopus_nucleo_a1_manutencao_sustentabilidade|wos_nucleo_01,Construction and Application of Bridge Expansion and Contraction Installation Replacement Decision System Based on the Analytic Hierarchy Process || Construction and application of bridge expansion and contraction installation replacement decision system based on the analytic hierarchy process,SCOPUS::scopus_nucleo_a1_manutencao_sustentabilidade_raw.csv::03652|WOS::WOS_NUCLEO_01_20260708_part01.ris::00184
REG_03647,doi_e_titulo,3,Scopus|WoS,scopus_nucleo_a1_manutencao_sustentabilidade|scopus_nucleo_a4_gestao_ativos_ciclo_vida|wos_nucleo_04,Carbon footprint of constructed wetlands for winery wastewater treatment,SCOPUS::scopus_nucleo_a1_manutencao_sustentabilidade_raw.csv::03654|SCOPUS::scopus_nucleo_a4_gestao_ativos_ciclo_vida_raw.csv::00533|WOS::WOS_NUCLEO_04_20260708_part01.ris::00299
REG_03648,doi_e_titulo,4,Scopus|WoS,scopus_nucleo_a1_manutencao_sustentabilidade|scopus_nucleo_a4_gestao_ativos_ciclo_vida|wos_nucleo_01|wos_nucleo_04,A robust approach for comparing conventional and sustainable flood mitigation measures in urban basins,SCOPUS::scopus_nucleo_a1_manutencao_sustentabilidade_raw.csv::03655|SCOPUS::scopus_nucleo_a4_gestao_ativos_ciclo_vida_raw.csv::00532|WOS::WOS_NUCLEO_01_20260708_part01.ris::00380|WOS::WOS_NUCLEO_04_20260708_part01.ris::00281
REG_03652,doi_e_titulo,2,Scopus|WoS,scopus_nucleo_a1_manutencao_sustentabilidade|wos_nucleo_02,"Design, construction, and thermal performance evaluation of an innovative bio-based ventilated facade || Design, construction, and thermal performance evaluation of an innovative bio-based ventilated façade",SCOPUS::scopus_nucleo_a1_manutencao_sustentabilidade_raw.csv::03659|WOS::WOS_NUCLEO_02_20260708_part01.ris::00312
REG_03653,doi_e_titulo,2,Scopus|WoS,scopus_nucleo_a1_manutencao_sustentabilidade|wos_nucleo_04,Identification and Analysis of Impact Factors on the Economic Feasibility of Photovoltaic Energy Investments || Identification and analysis of impact factors on the economic feasibility of photovoltaic energy investments,SCOPUS::scopus_nucleo_a1_manutencao_sustentabilidade_raw.csv::03660|WOS::WOS_NUCLEO_04_20260708_part01.ris::00406
REG_03657,doi_e_titulo,3,Scopus|WoS,scopus_nucleo_a1_manutencao_sustentabilidade|scopus_nucleo_a4_gestao_ativos_ciclo_vida|wos_nucleo_04,"Bridge Carbon Emissions and Driving Factors Based on a Life-Cycle Assessment Case Study: Cable-Stayed Bridge over Hun He River in Liaoning, China || Bridge carbon emissions and driving factors based on a life-cycle assessment case study: Cable-stayed bridge over hun he river in liaoning, china",SCOPUS::scopus_nucleo_a1_manutencao_sustentabilidade_raw.csv::03664|SCOPUS::scopus_nucleo_a4_gestao_ativos_ciclo_vida_raw.csv::00534|WOS::WOS_NUCLEO_04_20260708_part01.ris::00086
REG_03660,titulo_normalizado,2,Scopus,scopus_nucleo_a1_manutencao_sustentabilidade|scopus_nucleo_a3_priorizacao_estrategia_manutencao,An integrated framework for managing building facilities,SCOPUS::scopus_nucleo_a1_manutencao_sustentabilidade_raw.csv::03667|SCOPUS::scopus_nucleo_a3_priorizacao_estrategia_manutencao_raw.csv::00295
REG_03671,doi_e_titulo,2,Scopus,scopus_nucleo_a1_manutencao_sustentabilidade|scopus_nucleo_a2_contexto_publico_universitario,A framework of developing machine learning models for facility life-cycle cost analysis,SCOPUS::scopus_nucleo_a1_manutencao_sustentabilidade_raw.csv::03678|SCOPUS::scopus_nucleo_a2_contexto_publico_universitario_raw.csv::00250
REG_03672,doi_e_titulo,2,Scopus,scopus_nucleo_a1_manutencao_sustentabilidade|scopus_nucleo_a3_priorizacao_estrategia_manutencao,Maintenance in hospitals with less than 200 beds: efficiency indicators,SCOPUS::scopus_nucleo_a1_manutencao_sustentabilidade_raw.csv::03679|SCOPUS::scopus_nucleo_a3_priorizacao_estrategia_manutencao_raw.csv::00297
REG_03680,doi_e_titulo,3,Scopus|WoS,scopus_nucleo_a1_manutencao_sustentabilidade|scopus_nucleo_a4_gestao_ativos_ciclo_vida|wos_nucleo_04,Waste Management and Operational Energy for Sustainable Buildings: A Review || Waste management and operational energy for sustainable buildings: A review,SCOPUS::scopus_nucleo_a1_manutencao_sustentabilidade_raw.csv::03687|SCOPUS::scopus_nucleo_a4_gestao_ativos_ciclo_vida_raw.csv::00535|WOS::WOS_NUCLEO_04_20260708_part01.ris::00217
REG_03683,doi_e_titulo,2,Scopus,scopus_nucleo_a1_manutencao_sustentabilidade|scopus_nucleo_a4_gestao_ativos_ciclo_vida,Holistic synergy analysis for building subsystem performance and innovation opportunities,SCOPUS::scopus_nucleo_a1_manutencao_sustentabilidade_raw.csv::03690|SCOPUS::scopus_nucleo_a4_gestao_ativos_ciclo_vida_raw.csv::00536
REG_03684,doi_e_titulo,2,Scopus|WoS,scopus_nucleo_a1_manutencao_sustentabilidade|wos_nucleo_04,Trend in environmental impact of the energy produced and distributed by wind power systems,SCOPUS::scopus_nucleo_a1_manutencao_sustentabilidade_raw.csv::03691|WOS::WOS_NUCLEO_04_20260708_part01.ris::00347
REG_03687,doi_e_titulo,2,Scopus|WoS,scopus_nucleo_a1_manutencao_sustentabilidade|wos_nucleo_01,Sustainable personnel scheduling supported by an artificial neural network model in a natural gas combined cycle power plant,SCOPUS::scopus_nucleo_a1_manutencao_sustentabilidade_raw.csv::03694|WOS::WOS_NUCLEO_01_20260708_part01.ris::00282
REG_03688,doi,2,Scopus|WoS,scopus_nucleo_a1_manutencao_sustentabilidade|wos_nucleo_04,UAV + BIM: Incorporation of photogrammetric techniques in architectural projects with building information modeling versus classical work processes || UAV plus BIM: Incorporation of Photogrammetric Techniques in Architectural Projects with Building Information Modeling Versus Classical Work Processes,SCOPUS::scopus_nucleo_a1_manutencao_sustentabilidade_raw.csv::03695|WOS::WOS_NUCLEO_04_20260708_part01.ris::00403
REG_03692,titulo_normalizado,3,Scopus,scopus_nucleo_a1_manutencao_sustentabilidade|scopus_nucleo_a2_contexto_publico_universitario|scopus_nucleo_a4_gestao_ativos_ciclo_vida,Student construction sustainability evaluations: A LEED lab case study,SCOPUS::scopus_nucleo_a1_manutencao_sustentabilidade_raw.csv::03699|SCOPUS::scopus_nucleo_a2_contexto_publico_universitario_raw.csv::00252|SCOPUS::scopus_nucleo_a4_gestao_ativos_ciclo_vida_raw.csv::00537
REG_03696,doi_e_titulo,2,Scopus,scopus_nucleo_a1_manutencao_sustentabilidade|scopus_nucleo_a4_gestao_ativos_ciclo_vida,"Integration of BIM and Archibus for Facility Management (FM) in FKAAS, UTHM Building",SCOPUS::scopus_nucleo_a1_manutencao_sustentabilidade_raw.csv::03703|SCOPUS::scopus_nucleo_a4_gestao_ativos_ciclo_vida_raw.csv::00538
REG_03698,doi_e_titulo,2,Scopus|WoS,scopus_nucleo_a1_manutencao_sustentabilidade|wos_nucleo_01,"Multi-criteria decision based waste to energy technology selection using entropy-weighted TOPSIS technique: The case study of Lagos, Nigeria",SCOPUS::scopus_nucleo_a1_manutencao_sustentabilidade_raw.csv::03705|WOS::WOS_NUCLEO_01_20260708_part01.ris::00048
REG_03699,doi_e_titulo,2,Scopus|WoS,scopus_nucleo_a1_manutencao_sustentabilidade|wos_nucleo_01,On the design of an urban data and modeling platform and its application to urban district analyses,SCOPUS::scopus_nucleo_a1_manutencao_sustentabilidade_raw.csv::03706|WOS::WOS_NUCLEO_01_20260708_part01.ris::00606
REG_03700,doi_e_titulo,2,Scopus,scopus_nucleo_a1_manutencao_sustentabilidade|scopus_nucleo_a2_contexto_publico_universitario,Landscape and housekeeping government building preventive maintenance guidebook based on work breakdown structure,SCOPUS::scopus_nucleo_a1_manutencao_sustentabilidade_raw.csv::03707|SCOPUS::scopus_nucleo_a2_contexto_publico_universitario_raw.csv::00253
REG_03701,doi_e_titulo,2,Scopus,scopus_nucleo_a1_manutencao_sustentabilidade|scopus_nucleo_a4_gestao_ativos_ciclo_vida,Development system on integrated regional building permit policy to enhance green building life cycle achievement,SCOPUS::scopus_nucleo_a1_manutencao_sustentabilidade_raw.csv::03708|SCOPUS::scopus_nucleo_a4_gestao_ativos_ciclo_vida_raw.csv::00539
REG_03704,doi_e_titulo,2,Scopus|WoS,scopus_nucleo_a1_manutencao_sustentabilidade|wos_nucleo_01,Risk Management and Control Model of Distribution Equipment Asset Life Cycle Management for Incremental Distribution Projects,SCOPUS::scopus_nucleo_a1_manutencao_sustentabilidade_raw.csv::03711|WOS::WOS_NUCLEO_01_20260708_part01.ris::00118
REG_03708,doi_e_titulo,2,Scopus,scopus_nucleo_a1_manutencao_sustentabilidade|scopus_nucleo_a4_gestao_ativos_ciclo_vida,Evolution of Korean Smart City Programs: Challenges and Opportunities,SCOPUS::scopus_nucleo_a1_manutencao_sustentabilidade_raw.csv::03715|SCOPUS::scopus_nucleo_a4_gestao_ativos_ciclo_vida_raw.csv::00541
REG_03710,doi_e_titulo,3,Scopus|WoS,scopus_nucleo_a1_manutencao_sustentabilidade|scopus_nucleo_a4_gestao_ativos_ciclo_vida|wos_nucleo_04,Digitalisation for hydraulic engineering,SCOPUS::scopus_nucleo_a1_manutencao_sustentabilidade_raw.csv::03717|SCOPUS::scopus_nucleo_a4_gestao_ativos_ciclo_vida_raw.csv::00540|WOS::WOS_NUCLEO_04_20260708_part01.ris::00135
REG_03714,doi_e_titulo,2,Scopus,scopus_nucleo_a1_manutencao_sustentabilidade|scopus_nucleo_a4_gestao_ativos_ciclo_vida,Natural hazard influence model of maintenance and repair cost for sustainable accommodation facilities,SCOPUS::scopus_nucleo_a1_manutencao_sustentabilidade_raw.csv::03721|SCOPUS::scopus_nucleo_a4_gestao_ativos_ciclo_vida_raw.csv::00542
REG_03715,doi_e_titulo,4,Scopus|WoS,scopus_nucleo_a1_manutencao_sustentabilidade|scopus_nucleo_a2_contexto_publico_universitario|wos_nucleo_01|wos_nucleo_02,Designing and Implementing Effective Campus Sustainability in Saudi Arabian Universities: An Assessment of Drivers and Barriers in a Rational Choice Theoretical Context || Designing and implementing effective campus sustainability in Saudi Arabian universities: An assessment of drivers and barriers in a rational choice theoretical context,SCOPUS::scopus_nucleo_a1_manutencao_sustentabilidade_raw.csv::03722|SCOPUS::scopus_nucleo_a2_contexto_publico_universitario_raw.csv::00254|WOS::WOS_NUCLEO_01_20260708_part01.ris::00464|WOS::WOS_NUCLEO_02_20260708_part01.ris::00209
REG_03717,doi_e_titulo,2,Scopus|WoS,scopus_nucleo_a1_manutencao_sustentabilidade|wos_nucleo_02,An Investigation into Stakeholders' Perception of Smart Campus Criteria: The American University of Sharjah as a Case Study || An investigation into stakeholders' perception of smart campus criteria: The American University of Sharjah as a case study,SCOPUS::scopus_nucleo_a1_manutencao_sustentabilidade_raw.csv::03724|WOS::WOS_NUCLEO_02_20260708_part01.ris::00227
REG_03720,doi_e_titulo,2,Crossref|Scopus,crossref_nucleo_a1|scopus_nucleo_a1_manutencao_sustentabilidade,Maintenance 4.0 technologies - new opportunities for sustainability driven maintenance || Maintenance 4.0 technologies – new opportunities for sustainability driven maintenance,SCOPUS::scopus_nucleo_a1_manutencao_sustentabilidade_raw.csv::03727|CROSSREF::crossref_nucleo_a1_raw.csv::00113
REG_03723,doi_e_titulo,3,Scopus|WoS,scopus_nucleo_a1_manutencao_sustentabilidade|scopus_nucleo_a4_gestao_ativos_ciclo_vida|wos_nucleo_04,Construction 4.0 and built assets in-use: Creating an e-topia or dystopia? || Construction 4.0 and built assets in-use: creating an e-topia or dystopia?,SCOPUS::scopus_nucleo_a1_manutencao_sustentabilidade_raw.csv::03730|SCOPUS::scopus_nucleo_a4_gestao_ativos_ciclo_vida_raw.csv::00543|WOS::WOS_NUCLEO_04_20260708_part01.ris::00167
REG_03736,doi_e_titulo,2,Scopus,scopus_nucleo_a1_manutencao_sustentabilidade|scopus_nucleo_a4_gestao_ativos_ciclo_vida,Interoperability in building information modeling for AECO/FM industry,SCOPUS::scopus_nucleo_a1_manutencao_sustentabilidade_raw.csv::03743|SCOPUS::scopus_nucleo_a4_gestao_ativos_ciclo_vida_raw.csv::00546
REG_03737,doi_e_titulo,2,Scopus,scopus_nucleo_a1_manutencao_sustentabilidade|scopus_nucleo_a4_gestao_ativos_ciclo_vida,Life-cycle performance integrated ternary index system for high performance steel structures,SCOPUS::scopus_nucleo_a1_manutencao_sustentabilidade_raw.csv::03744|SCOPUS::scopus_nucleo_a4_gestao_ativos_ciclo_vida_raw.csv::00544
REG_03738,doi_e_titulo,2,Scopus,scopus_nucleo_a1_manutencao_sustentabilidade|scopus_nucleo_a4_gestao_ativos_ciclo_vida,Environmental impact analysis of concentrated solar power plants in Morocco,SCOPUS::scopus_nucleo_a1_manutencao_sustentabilidade_raw.csv::03745|SCOPUS::scopus_nucleo_a4_gestao_ativos_ciclo_vida_raw.csv::00545
REG_03741,doi_e_titulo,2,Scopus|WoS,scopus_nucleo_a1_manutencao_sustentabilidade|wos_nucleo_01,Developing a Digital Twin at Building and City Levels: Case Study of West Cambridge Campus,SCOPUS::scopus_nucleo_a1_manutencao_sustentabilidade_raw.csv::03748|WOS::WOS_NUCLEO_01_20260708_part01.ris::00174
REG_03745,doi_e_titulo,2,Scopus,scopus_nucleo_a1_manutencao_sustentabilidade|scopus_nucleo_a4_gestao_ativos_ciclo_vida,Knowledge gap with the existing building energy assessment systems,SCOPUS::scopus_nucleo_a1_manutencao_sustentabilidade_raw.csv::03752|SCOPUS::scopus_nucleo_a4_gestao_ativos_ciclo_vida_raw.csv::00547
REG_03749,doi_e_titulo,2,Scopus|WoS,scopus_nucleo_a1_manutencao_sustentabilidade|wos_nucleo_01,"Economic analysis and probability of benefit of implementing onsite septic tank and resource-oriented sanitation systems in Seoul, South Korea",SCOPUS::scopus_nucleo_a1_manutencao_sustentabilidade_raw.csv::03756|WOS::WOS_NUCLEO_01_20260708_part01.ris::00489
REG_03750,doi_e_titulo,3,Scopus|WoS,scopus_nucleo_a1_manutencao_sustentabilidade|scopus_nucleo_a3_priorizacao_estrategia_manutencao|wos_nucleo_03,Sustainable built asset management performance indicators and attributes A UK social housing case study example || Sustainable built asset management performance indicators and attributes: A UK social housing case study example,SCOPUS::scopus_nucleo_a1_manutencao_sustentabilidade_raw.csv::03757|SCOPUS::scopus_nucleo_a3_priorizacao_estrategia_manutencao_raw.csv::00299|WOS::WOS_NUCLEO_03_20260708_part01.ris::00009
REG_03751,doi_e_titulo,2,Scopus|WoS,scopus_nucleo_a1_manutencao_sustentabilidade|wos_nucleo_01,Environmental sustainability of facilities management Analytical hierarchy process (AHP) based model for evaluation || Environmental sustainability of facilities management: Analytical hierarchy process (AHP) based model for evaluation,SCOPUS::scopus_nucleo_a1_manutencao_sustentabilidade_raw.csv::03758|WOS::WOS_NUCLEO_01_20260708_part01.ris::00009
REG_03755,doi_e_titulo,3,Scopus|WoS,scopus_nucleo_a1_manutencao_sustentabilidade|scopus_nucleo_a3_priorizacao_estrategia_manutencao|wos_nucleo_01,Integrated methodology for industrial facilities management and design based on FCA and lean manufacturing principles,SCOPUS::scopus_nucleo_a1_manutencao_sustentabilidade_raw.csv::03762|SCOPUS::scopus_nucleo_a3_priorizacao_estrategia_manutencao_raw.csv::00300|WOS::WOS_NUCLEO_01_20260708_part01.ris::00213
REG_03759,doi_e_titulo,3,Scopus|WoS,scopus_nucleo_a1_manutencao_sustentabilidade|scopus_nucleo_a4_gestao_ativos_ciclo_vida|wos_nucleo_04,Risk management in facility management for data centres: status and deficits,SCOPUS::scopus_nucleo_a1_manutencao_sustentabilidade_raw.csv::03766|SCOPUS::scopus_nucleo_a4_gestao_ativos_ciclo_vida_raw.csv::00548|WOS::WOS_NUCLEO_04_20260708_part01.ris::00101
REG_03763,doi_e_titulo,3,Scopus|WoS,scopus_nucleo_a1_manutencao_sustentabilidade|scopus_nucleo_a4_gestao_ativos_ciclo_vida|wos_nucleo_04,A review of sustainable facility management research,SCOPUS::scopus_nucleo_a1_manutencao_sustentabilidade_raw.csv::03770|SCOPUS::scopus_nucleo_a4_gestao_ativos_ciclo_vida_raw.csv::00549|WOS::WOS_NUCLEO_04_20260708_part01.ris::00331
REG_03766,doi_e_titulo,3,Scopus|WoS,scopus_nucleo_a1_manutencao_sustentabilidade|scopus_nucleo_a4_gestao_ativos_ciclo_vida|wos_nucleo_04,Emergy-based ecological footprint analysis of a wind farm in China,SCOPUS::scopus_nucleo_a1_manutencao_sustentabilidade_raw.csv::03773|SCOPUS::scopus_nucleo_a4_gestao_ativos_ciclo_vida_raw.csv::00550|WOS::WOS_NUCLEO_04_20260708_part01.ris::00134
REG_03768,doi_e_titulo,2,Scopus|WoS,scopus_nucleo_a1_manutencao_sustentabilidade|wos_nucleo_01,Research on the Barrier Analysis and Strength Measurement of a Prefabricated Building Design || Research on the barrier analysis and strength measurement of a prefabricated building design,SCOPUS::scopus_nucleo_a1_manutencao_sustentabilidade_raw.csv::03775|WOS::WOS_NUCLEO_01_20260708_part01.ris::00321
REG_03777,doi_e_titulo,2,Scopus|WoS,scopus_nucleo_a1_manutencao_sustentabilidade|wos_nucleo_02,Sustainable Solar Energy in Mexican Universities. Case Study: The National School of Higher Studies Juriquilla (UNAM) || Sustainable solar energy in Mexican universities. case study: The National School of Higher Studies Juriquilla (UNAM),SCOPUS::scopus_nucleo_a1_manutencao_sustentabilidade_raw.csv::03784|WOS::WOS_NUCLEO_02_20260708_part01.ris::00436
REG_03780,doi_e_titulo,2,Scopus|WoS,scopus_nucleo_a1_manutencao_sustentabilidade|wos_nucleo_01,Research hotspots and tendency of intelligent manufacturing,SCOPUS::scopus_nucleo_a1_manutencao_sustentabilidade_raw.csv::03787|WOS::WOS_NUCLEO_01_20260708_part01.ris::00574
REG_03781,doi_e_titulo,2,Scopus,scopus_nucleo_a1_manutencao_sustentabilidade|scopus_nucleo_a4_gestao_ativos_ciclo_vida,Green building incentive model during design recognition to ensure the reliability of green building operation and maintenance achievement,SCOPUS::scopus_nucleo_a1_manutencao_sustentabilidade_raw.csv::03788|SCOPUS::scopus_nucleo_a4_gestao_ativos_ciclo_vida_raw.csv::00551
REG_03786,doi_e_titulo,4,Scopus|WoS,scopus_nucleo_a1_manutencao_sustentabilidade|scopus_nucleo_a4_gestao_ativos_ciclo_vida|wos_nucleo_01|wos_nucleo_04,A review on municipal solid waste-to-energy trends in the USA,SCOPUS::scopus_nucleo_a1_manutencao_sustentabilidade_raw.csv::03793|SCOPUS::scopus_nucleo_a4_gestao_ativos_ciclo_vida_raw.csv::00552|WOS::WOS_NUCLEO_01_20260708_part01.ris::00117|WOS::WOS_NUCLEO_04_20260708_part01.ris::00137
REG_03790,doi_e_titulo,2,Scopus|WoS,scopus_nucleo_a1_manutencao_sustentabilidade|wos_nucleo_01,Research on manufacturing service combination optimization based on neural network and multi-attribute decision making,SCOPUS::scopus_nucleo_a1_manutencao_sustentabilidade_raw.csv::03797|WOS::WOS_NUCLEO_01_20260708_part01.ris::00173
REG_03791,doi_e_titulo,2,Scopus|WoS,scopus_nucleo_a1_manutencao_sustentabilidade|wos_nucleo_01,Establishment and application of intelligent city building information model based on BP neural network model,SCOPUS::scopus_nucleo_a1_manutencao_sustentabilidade_raw.csv::03798|WOS::WOS_NUCLEO_01_20260708_part01.ris::00295
REG_03795,doi_e_titulo,2,Scopus|WoS,scopus_nucleo_a1_manutencao_sustentabilidade|wos_nucleo_04,Analysis of the Synergistic Effect of Data Analytics and Technology Trends in the AEC/FM Industry,SCOPUS::scopus_nucleo_a1_manutencao_sustentabilidade_raw.csv::03802|WOS::WOS_NUCLEO_04_20260708_part01.ris::00370
REG_03806,doi_e_titulo,3,Scopus|WoS,scopus_nucleo_a1_manutencao_sustentabilidade|scopus_nucleo_a4_gestao_ativos_ciclo_vida|wos_nucleo_04,Managing environmental building performance through IT systems,SCOPUS::scopus_nucleo_a1_manutencao_sustentabilidade_raw.csv::03813|SCOPUS::scopus_nucleo_a4_gestao_ativos_ciclo_vida_raw.csv::00553|WOS::WOS_NUCLEO_04_20260708_part01.ris::00096
REG_03808,doi_e_titulo,3,Scopus|WoS,scopus_nucleo_a1_manutencao_sustentabilidade|scopus_nucleo_a4_gestao_ativos_ciclo_vida|wos_nucleo_04,Incorporating multi-physics deterioration analysis in building information modeling for life-cycle management of durability performance,SCOPUS::scopus_nucleo_a1_manutencao_sustentabilidade_raw.csv::03815|SCOPUS::scopus_nucleo_a4_gestao_ativos_ciclo_vida_raw.csv::00554|WOS::WOS_NUCLEO_04_20260708_part01.ris::00032
REG_03810,doi_e_titulo,3,Scopus|WoS,scopus_nucleo_a1_manutencao_sustentabilidade|scopus_nucleo_a4_gestao_ativos_ciclo_vida|wos_nucleo_04,Using anticipatory life cycle assessment to enable future sustainable construction,SCOPUS::scopus_nucleo_a1_manutencao_sustentabilidade_raw.csv::03817|SCOPUS::scopus_nucleo_a4_gestao_ativos_ciclo_vida_raw.csv::00555|WOS::WOS_NUCLEO_04_20260708_part01.ris::00165
REG_03814,doi_e_titulo,2,Scopus|WoS,scopus_nucleo_a1_manutencao_sustentabilidade|wos_nucleo_01,Developing a Building Fire Information Management System Based on 3D Object Visualization || Developing a building fire information management system based on 3D object visualization,SCOPUS::scopus_nucleo_a1_manutencao_sustentabilidade_raw.csv::03821|WOS::WOS_NUCLEO_01_20260708_part01.ris::00149
REG_03824,doi_e_titulo,3,Scopus|WoS,scopus_nucleo_a1_manutencao_sustentabilidade|scopus_nucleo_a4_gestao_ativos_ciclo_vida|wos_nucleo_04,A roadmap for BIM adoption and implementation in developing countries: the Pakistan case,SCOPUS::scopus_nucleo_a1_manutencao_sustentabilidade_raw.csv::03831|SCOPUS::scopus_nucleo_a4_gestao_ativos_ciclo_vida_raw.csv::00556|WOS::WOS_NUCLEO_04_20260708_part01.ris::00430
REG_03825,doi_e_titulo,2,Scopus|WoS,scopus_nucleo_a1_manutencao_sustentabilidade|wos_nucleo_01,A SIPOC based model for the sustainable management of facilities in social housing,SCOPUS::scopus_nucleo_a1_manutencao_sustentabilidade_raw.csv::03832|WOS::WOS_NUCLEO_01_20260708_part01.ris::00550
REG_03831,doi_e_titulo,2,Scopus,scopus_nucleo_a1_manutencao_sustentabilidade|scopus_nucleo_a2_contexto_publico_universitario,A sustainable procurement approach for selection of construction consultants in property and facilities management,SCOPUS::scopus_nucleo_a1_manutencao_sustentabilidade_raw.csv::03838|SCOPUS::scopus_nucleo_a2_contexto_publico_universitario_raw.csv::00260
REG_03835,doi_e_titulo,3,Scopus|WoS,scopus_nucleo_a1_manutencao_sustentabilidade|scopus_nucleo_a4_gestao_ativos_ciclo_vida|wos_nucleo_04,Innovative and sustainable operation and maintenance of bridges,SCOPUS::scopus_nucleo_a1_manutencao_sustentabilidade_raw.csv::03842|SCOPUS::scopus_nucleo_a4_gestao_ativos_ciclo_vida_raw.csv::00557|WOS::WOS_NUCLEO_04_20260708_part01.ris::00205
REG_03837,doi_e_titulo,6,Crossref|Scopus|WoS,crossref_nucleo_a3|scopus_nucleo_a1_manutencao_sustentabilidade|scopus_nucleo_a2_contexto_publico_universitario|scopus_nucleo_a4_gestao_ativos_ciclo_vida|wos_nucleo_02|wos_nucleo_04,A BIM-LCA Approach for Estimating the Greenhouse Gas Emissions of Large-Scale Public Buildings: A Case Study || A BIM-LCA approach for estimating the greenhouse gas emissions of large-scale public buildings: A case study,SCOPUS::scopus_nucleo_a1_manutencao_sustentabilidade_raw.csv::03844|SCOPUS::scopus_nucleo_a2_contexto_publico_universitario_raw.csv::00263|SCOPUS::scopus_nucleo_a4_gestao_ativos_ciclo_vida_raw.csv::00563|CROSSREF::crossref_nucleo_a3_raw.csv::00185|WOS::WOS_NUCLEO_02_20260708_part01.ris::00012|WOS::WOS_NUCLEO_04_20260708_part01.ris::00071
REG_03841,doi_e_titulo,2,Scopus,scopus_nucleo_a1_manutencao_sustentabilidade|scopus_nucleo_a2_contexto_publico_universitario,Reconstruction of college campuses based on green building principles,SCOPUS::scopus_nucleo_a1_manutencao_sustentabilidade_raw.csv::03848|SCOPUS::scopus_nucleo_a2_contexto_publico_universitario_raw.csv::00266
REG_03845,doi_e_titulo,3,Scopus|WoS,scopus_nucleo_a1_manutencao_sustentabilidade|scopus_nucleo_a2_contexto_publico_universitario|wos_nucleo_02,Energy Performance Contracting Initiative in Malaysian Public Hospitals,SCOPUS::scopus_nucleo_a1_manutencao_sustentabilidade_raw.csv::03852|SCOPUS::scopus_nucleo_a2_contexto_publico_universitario_raw.csv::00267|WOS::WOS_NUCLEO_02_20260708_part01.ris::00070
REG_03850,doi_e_titulo,4,Crossref|Scopus,crossref_nucleo_a2|scopus_nucleo_a1_manutencao_sustentabilidade|scopus_nucleo_a2_contexto_publico_universitario|scopus_nucleo_a3_priorizacao_estrategia_manutencao,Strategies to Support Facility Management Resourcing Building Information Modelling,SCOPUS::scopus_nucleo_a1_manutencao_sustentabilidade_raw.csv::03857|SCOPUS::scopus_nucleo_a2_contexto_publico_universitario_raw.csv::00268|SCOPUS::scopus_nucleo_a3_priorizacao_estrategia_manutencao_raw.csv::00308|CROSSREF::crossref_nucleo_a2_raw.csv::00058
REG_03855,doi_e_titulo,2,Scopus,scopus_nucleo_a1_manutencao_sustentabilidade|scopus_nucleo_a4_gestao_ativos_ciclo_vida,BIM and sustainability integration: Multi-agent system approach,SCOPUS::scopus_nucleo_a1_manutencao_sustentabilidade_raw.csv::03862|SCOPUS::scopus_nucleo_a4_gestao_ativos_ciclo_vida_raw.csv::00558
REG_03857,doi_e_titulo,2,Scopus,scopus_nucleo_a1_manutencao_sustentabilidade|scopus_nucleo_a3_priorizacao_estrategia_manutencao,The tunnel life-cycle evaluation framework design,SCOPUS::scopus_nucleo_a1_manutencao_sustentabilidade_raw.csv::03864|SCOPUS::scopus_nucleo_a3_priorizacao_estrategia_manutencao_raw.csv::00315
REG_03862,doi_e_titulo,2,Scopus,scopus_nucleo_a1_manutencao_sustentabilidade|scopus_nucleo_a4_gestao_ativos_ciclo_vida,Digital 3D control room for healthcare,SCOPUS::scopus_nucleo_a1_manutencao_sustentabilidade_raw.csv::03869|SCOPUS::scopus_nucleo_a4_gestao_ativos_ciclo_vida_raw.csv::00561
REG_03863,titulo_normalizado,2,Scopus,scopus_nucleo_a1_manutencao_sustentabilidade|scopus_nucleo_a2_contexto_publico_universitario,A study on quality of cost data in life cycle cost analysis of maintenance during the in-use phases of university building,SCOPUS::scopus_nucleo_a1_manutencao_sustentabilidade_raw.csv::03870|SCOPUS::scopus_nucleo_a2_contexto_publico_universitario_raw.csv::00264
REG_03866,titulo_normalizado,2,Scopus,scopus_nucleo_a1_manutencao_sustentabilidade|scopus_nucleo_a4_gestao_ativos_ciclo_vida,Informing early stage design through LCC data,SCOPUS::scopus_nucleo_a1_manutencao_sustentabilidade_raw.csv::03873|SCOPUS::scopus_nucleo_a4_gestao_ativos_ciclo_vida_raw.csv::00560
REG_03869,titulo_normalizado,2,Scopus,scopus_nucleo_a1_manutencao_sustentabilidade|scopus_nucleo_a4_gestao_ativos_ciclo_vida,The Design Process of Commercial High-Performance Buildings: with reference to the context of São Paulo and London,SCOPUS::scopus_nucleo_a1_manutencao_sustentabilidade_raw.csv::03876|SCOPUS::scopus_nucleo_a4_gestao_ativos_ciclo_vida_raw.csv::00564
REG_03870,titulo_normalizado,2,Scopus,scopus_nucleo_a1_manutencao_sustentabilidade|scopus_nucleo_a4_gestao_ativos_ciclo_vida,A new software for estimating the depreciated reproduction cost implemented in BIM,SCOPUS::scopus_nucleo_a1_manutencao_sustentabilidade_raw.csv::03877|SCOPUS::scopus_nucleo_a4_gestao_ativos_ciclo_vida_raw.csv::00562
REG_03875,titulo_normalizado,2,Scopus,scopus_nucleo_a1_manutencao_sustentabilidade|scopus_nucleo_a2_contexto_publico_universitario,Defining the conceptual competencies framework for physical facilities management of higher education institution,SCOPUS::scopus_nucleo_a1_manutencao_sustentabilidade_raw.csv::03882|SCOPUS::scopus_nucleo_a2_contexto_publico_universitario_raw.csv::00261
REG_03878,doi_e_titulo,3,Scopus|WoS,scopus_nucleo_a1_manutencao_sustentabilidade|scopus_nucleo_a4_gestao_ativos_ciclo_vida|wos_nucleo_04,Life Cycle Assessment of Electricity Generation from an Array of Subsea Tidal Kite Prototypes || Life cycle assessment of electricity generation from an array of subsea tidal kite prototypes,SCOPUS::scopus_nucleo_a1_manutencao_sustentabilidade_raw.csv::03885|SCOPUS::scopus_nucleo_a4_gestao_ativos_ciclo_vida_raw.csv::00559|WOS::WOS_NUCLEO_04_20260708_part01.ris::00095
REG_03888,doi_e_titulo,2,Scopus|WoS,scopus_nucleo_a1_manutencao_sustentabilidade|wos_nucleo_01,Tristage Bargaining Dynamic Game-Based Preventive Maintenance for Electric Multiple Unit,SCOPUS::scopus_nucleo_a1_manutencao_sustentabilidade_raw.csv::03895|WOS::WOS_NUCLEO_01_20260708_part01.ris::00318
REG_03900,doi_e_titulo,2,Scopus,scopus_nucleo_a1_manutencao_sustentabilidade|scopus_nucleo_a4_gestao_ativos_ciclo_vida,A new model to compare intelligent asset management platforms (IAMP),SCOPUS::scopus_nucleo_a1_manutencao_sustentabilidade_raw.csv::03907|SCOPUS::scopus_nucleo_a4_gestao_ativos_ciclo_vida_raw.csv::00568
REG_03901,doi_e_titulo,2,Scopus|WoS,scopus_nucleo_a1_manutencao_sustentabilidade|wos_nucleo_01,Development and application of municipal residential buildings facilities management model,SCOPUS::scopus_nucleo_a1_manutencao_sustentabilidade_raw.csv::03908|WOS::WOS_NUCLEO_01_20260708_part01.ris::00348
REG_03902,titulo_normalizado,2,Scopus,scopus_nucleo_a1_manutencao_sustentabilidade|scopus_nucleo_a4_gestao_ativos_ciclo_vida,"Analytical, Performance & Prescriptive Codes & Standards - Assessment of IEQ & Building Efficiency Projects",SCOPUS::scopus_nucleo_a1_manutencao_sustentabilidade_raw.csv::03909|SCOPUS::scopus_nucleo_a4_gestao_ativos_ciclo_vida_raw.csv::00565
REG_03908,titulo_normalizado,2,Scopus,scopus_nucleo_a1_manutencao_sustentabilidade|scopus_nucleo_a4_gestao_ativos_ciclo_vida,Mass Timber Solutions for Eight Story Mixed-Use Buildings: A Comparative Study of GHG emissions,SCOPUS::scopus_nucleo_a1_manutencao_sustentabilidade_raw.csv::03915|SCOPUS::scopus_nucleo_a4_gestao_ativos_ciclo_vida_raw.csv::00566
REG_03915,doi_e_titulo,2,Scopus|WoS,scopus_nucleo_a1_manutencao_sustentabilidade|wos_nucleo_04,Integrating life-cycle GHG emissions into a building's economic evaluation || Integrating life-cycle GHG emissions into a building’s economic evaluation,SCOPUS::scopus_nucleo_a1_manutencao_sustentabilidade_raw.csv::03922|WOS::WOS_NUCLEO_04_20260708_part01.ris::00153
REG_03927,doi_e_titulo,2,Scopus|WoS,scopus_nucleo_a1_manutencao_sustentabilidade|wos_nucleo_01,"Digital Twin Driven Green Performance Evaluation Methodology of Intelligent Manufacturing: Hybrid Model Based on Fuzzy Rough-Sets AHP, Multistage Weight Synthesis, and PROMETHEE II",SCOPUS::scopus_nucleo_a1_manutencao_sustentabilidade_raw.csv::03934|WOS::WOS_NUCLEO_01_20260708_part01.ris::00058
REG_03942,doi_e_titulo,2,Scopus|WoS,scopus_nucleo_a1_manutencao_sustentabilidade|wos_nucleo_01,Context-Driven Factors for Implementing Energy Efficiency Retrofit in a Portfolio of Buildings || Context-driven factors for implementing energy efficiency retrofit in a portfolio of buildings,SCOPUS::scopus_nucleo_a1_manutencao_sustentabilidade_raw.csv::03949|WOS::WOS_NUCLEO_01_20260708_part01.ris::00526
REG_03955,doi_e_titulo,3,Crossref|Scopus,crossref_nucleo_a1|scopus_nucleo_a1_manutencao_sustentabilidade|scopus_nucleo_a3_priorizacao_estrategia_manutencao,Towards a User-Centered and Condition-Based Approach in Building Operation and Maintenance || Towards a user-centered and condition-based approach in building operation and maintenance,SCOPUS::scopus_nucleo_a1_manutencao_sustentabilidade_raw.csv::03962|SCOPUS::scopus_nucleo_a3_priorizacao_estrategia_manutencao_raw.csv::00317|CROSSREF::crossref_nucleo_a1_raw.csv::00089
REG_03962,doi_e_titulo,3,Scopus,scopus_nucleo_a1_manutencao_sustentabilidade|scopus_nucleo_a2_contexto_publico_universitario|scopus_nucleo_a4_gestao_ativos_ciclo_vida,Deep Energy Retrofit: A Guide to Achieving Significant Energy Use Reduction With Major Renovation Projects,SCOPUS::scopus_nucleo_a1_manutencao_sustentabilidade_raw.csv::03969|SCOPUS::scopus_nucleo_a2_contexto_publico_universitario_raw.csv::00269|SCOPUS::scopus_nucleo_a4_gestao_ativos_ciclo_vida_raw.csv::00567
REG_03970,doi_e_titulo,3,Scopus|WoS,scopus_nucleo_a1_manutencao_sustentabilidade|scopus_nucleo_a4_gestao_ativos_ciclo_vida|wos_nucleo_04,Socio-Economic Feasibility Analysis for Sustainable Mass Rapid Transit Project in Western India,SCOPUS::scopus_nucleo_a1_manutencao_sustentabilidade_raw.csv::03977|SCOPUS::scopus_nucleo_a4_gestao_ativos_ciclo_vida_raw.csv::00569|WOS::WOS_NUCLEO_04_20260708_part01.ris::00280
REG_03975,titulo_normalizado,2,Scopus,scopus_nucleo_a1_manutencao_sustentabilidade|scopus_nucleo_a3_priorizacao_estrategia_manutencao,"4th International Symposium on New Metropolitan Perspectives- Knowledge Dynamics and Innovation-driven Policies Towards Urban and Regional Transition, NMP 2020",SCOPUS::scopus_nucleo_a1_manutencao_sustentabilidade_raw.csv::03982|SCOPUS::scopus_nucleo_a3_priorizacao_estrategia_manutencao_raw.csv::00309
REG_03982,doi_e_titulo,2,Scopus|WoS,scopus_nucleo_a1_manutencao_sustentabilidade|wos_nucleo_01,Technologies and Strategies for Promoting Metro Rail Sustainability: A Case Study in China || Technologies and strategies for promoting metro rail sustainability: A case study in China,SCOPUS::scopus_nucleo_a1_manutencao_sustentabilidade_raw.csv::03989|WOS::WOS_NUCLEO_01_20260708_part01.ris::00522
REG_04028,doi_e_titulo,2,Scopus|WoS,scopus_nucleo_a1_manutencao_sustentabilidade|wos_nucleo_01,A conceptual model identifying apartment owners' attitude formation towards solar photovoltaic (PV) adoption,SCOPUS::scopus_nucleo_a1_manutencao_sustentabilidade_raw.csv::04035|WOS::WOS_NUCLEO_01_20260708_part01.ris::00492
REG_04042,doi_e_titulo,2,Scopus|WoS,scopus_nucleo_a1_manutencao_sustentabilidade|wos_nucleo_01,Benefits of coupled green and grey infrastructure systems: Evidence based on analytic hierarchy process and life cycle costing,SCOPUS::scopus_nucleo_a1_manutencao_sustentabilidade_raw.csv::04049|WOS::WOS_NUCLEO_01_20260708_part01.ris::00160
REG_04043,doi_e_titulo,2,Scopus|WoS,scopus_nucleo_a1_manutencao_sustentabilidade|wos_nucleo_04,Environmental Impact of the High Concentrator Photovoltaic Thermal 2000x System || Environmental impact of the high concentrator photovoltaic thermal 2000x system,SCOPUS::scopus_nucleo_a1_manutencao_sustentabilidade_raw.csv::04050|WOS::WOS_NUCLEO_04_20260708_part01.ris::00198
REG_04047,doi_e_titulo,3,Scopus|WoS,scopus_nucleo_a1_manutencao_sustentabilidade|scopus_nucleo_a4_gestao_ativos_ciclo_vida|wos_nucleo_04,"Environmental benchmarks for buildings: needs, challenges and solutions-71st LCA forum, Swiss Federal Institute of Technology, Zurich, 18 June 2019 || Environmental benchmarks for buildings: needs, challenges and solutions—71st LCA forum, Swiss Federal Institute of Technology, Zürich, 18 June 2019",SCOPUS::scopus_nucleo_a1_manutencao_sustentabilidade_raw.csv::04054|SCOPUS::scopus_nucleo_a4_gestao_ativos_ciclo_vida_raw.csv::00570|WOS::WOS_NUCLEO_04_20260708_part01.ris::00321
REG_04052,doi_e_titulo,2,Scopus|WoS,scopus_nucleo_a1_manutencao_sustentabilidade|wos_nucleo_01,Forecasting Repair Schedule for Building Components Based on Case-Based Reasoning and Fuzzy-AHP || Forecasting repair schedule for building components based on case-based reasoning and fuzzy-AHP,SCOPUS::scopus_nucleo_a1_manutencao_sustentabilidade_raw.csv::04059|WOS::WOS_NUCLEO_01_20260708_part01.ris::00265
REG_04053,doi_e_titulo,2,Scopus|WoS,scopus_nucleo_a1_manutencao_sustentabilidade|wos_nucleo_01,Sustainability index for highway construction projects,SCOPUS::scopus_nucleo_a1_manutencao_sustentabilidade_raw.csv::04060|WOS::WOS_NUCLEO_01_20260708_part01.ris::00479
REG_04055,doi_e_titulo,2,Scopus|WoS,scopus_nucleo_a1_manutencao_sustentabilidade|wos_nucleo_01,Analyzing effects of transport policies on travelers' rational behaviour for modal shift in Denmark || Analyzing effects of transport policies on travelers’ rational behaviour for modal shift in Denmark,SCOPUS::scopus_nucleo_a1_manutencao_sustentabilidade_raw.csv::04062|WOS::WOS_NUCLEO_01_20260708_part01.ris::00516
REG_04061,doi_e_titulo,3,Scopus|WoS,scopus_nucleo_a1_manutencao_sustentabilidade|scopus_nucleo_a4_gestao_ativos_ciclo_vida|wos_nucleo_04,Assessing sustainability performance in the educational sector. A high school case study,SCOPUS::scopus_nucleo_a1_manutencao_sustentabilidade_raw.csv::04068|SCOPUS::scopus_nucleo_a4_gestao_ativos_ciclo_vida_raw.csv::00571|WOS::WOS_NUCLEO_04_20260708_part01.ris::00077
REG_04064,doi_e_titulo,2,Scopus,scopus_nucleo_a1_manutencao_sustentabilidade|scopus_nucleo_a3_priorizacao_estrategia_manutencao,Image-based non-destructive evaluation method for building condition assessment,SCOPUS::scopus_nucleo_a1_manutencao_sustentabilidade_raw.csv::04071|SCOPUS::scopus_nucleo_a3_priorizacao_estrategia_manutencao_raw.csv::00327
REG_04068,doi_e_titulo,3,Scopus|WoS,scopus_nucleo_a1_manutencao_sustentabilidade|scopus_nucleo_a4_gestao_ativos_ciclo_vida|wos_nucleo_04,A probabilistic-based approach to support the comfort performance assessment of existing buildings,SCOPUS::scopus_nucleo_a1_manutencao_sustentabilidade_raw.csv::04075|SCOPUS::scopus_nucleo_a4_gestao_ativos_ciclo_vida_raw.csv::00572|WOS::WOS_NUCLEO_04_20260708_part01.ris::00398
REG_04073,doi_e_titulo,3,Scopus|WoS,scopus_nucleo_a1_manutencao_sustentabilidade|scopus_nucleo_a4_gestao_ativos_ciclo_vida|wos_nucleo_04,Analysis and impact of facility management in performance of buildings,SCOPUS::scopus_nucleo_a1_manutencao_sustentabilidade_raw.csv::04080|SCOPUS::scopus_nucleo_a4_gestao_ativos_ciclo_vida_raw.csv::00573|WOS::WOS_NUCLEO_04_20260708_part01.ris::00073
REG_04074,doi_e_titulo,3,Scopus,scopus_nucleo_a1_manutencao_sustentabilidade|scopus_nucleo_a3_priorizacao_estrategia_manutencao|scopus_nucleo_a4_gestao_ativos_ciclo_vida,BIM-based integrated management workflow design for schedule and cost planning of building fabric maintenance,SCOPUS::scopus_nucleo_a1_manutencao_sustentabilidade_raw.csv::04081|SCOPUS::scopus_nucleo_a3_priorizacao_estrategia_manutencao_raw.csv::00328|SCOPUS::scopus_nucleo_a4_gestao_ativos_ciclo_vida_raw.csv::00574
REG_04080,doi_e_titulo,3,Crossref|Scopus|WoS,crossref_nucleo_a3|scopus_nucleo_a1_manutencao_sustentabilidade|wos_nucleo_01,Exploring Public-Private Partnership Scheme in Operation and Maintenance Stage of Railway Project || Exploring Public–Private Partnership Scheme in Operation and Maintenance Stage of Railway Project || Exploring public-private partnership scheme in operation and maintenance stage of Railway Project,SCOPUS::scopus_nucleo_a1_manutencao_sustentabilidade_raw.csv::04087|CROSSREF::crossref_nucleo_a3_raw.csv::00066|WOS::WOS_NUCLEO_01_20260708_part01.ris::00157
REG_04093,doi_e_titulo,2,Scopus,scopus_nucleo_a1_manutencao_sustentabilidade|scopus_nucleo_a4_gestao_ativos_ciclo_vida,Assessing the annual power reliability of a residential building in relation to its ventilation system type: The case study of the off-grid container house in Shanghai.,SCOPUS::scopus_nucleo_a1_manutencao_sustentabilidade_raw.csv::04100|SCOPUS::scopus_nucleo_a4_gestao_ativos_ciclo_vida_raw.csv::00575
REG_04099,doi_e_titulo,2,Scopus,scopus_nucleo_a1_manutencao_sustentabilidade|scopus_nucleo_a2_contexto_publico_universitario,Assessment of the effectiveness of maintenance management systems in delivering quality maintenance services in higher institutions,SCOPUS::scopus_nucleo_a1_manutencao_sustentabilidade_raw.csv::04106|SCOPUS::scopus_nucleo_a2_contexto_publico_universitario_raw.csv::00275
REG_04100,doi_e_titulo,4,Scopus|WoS,scopus_nucleo_a1_manutencao_sustentabilidade|scopus_nucleo_a4_gestao_ativos_ciclo_vida|wos_nucleo_01|wos_nucleo_04,Development of a bridge maintenance system for prestressed concrete bridges using 3D digital twin model,SCOPUS::scopus_nucleo_a1_manutencao_sustentabilidade_raw.csv::04107|SCOPUS::scopus_nucleo_a4_gestao_ativos_ciclo_vida_raw.csv::00576|WOS::WOS_NUCLEO_01_20260708_part01.ris::00437|WOS::WOS_NUCLEO_04_20260708_part01.ris::00444
REG_04101,doi_e_titulo,2,Scopus|WoS,scopus_nucleo_a1_manutencao_sustentabilidade|wos_nucleo_01,"Identifying and evaluating green building attributes by environment, social, and economic pillars of sustainability",SCOPUS::scopus_nucleo_a1_manutencao_sustentabilidade_raw.csv::04108|WOS::WOS_NUCLEO_01_20260708_part01.ris::00008
REG_04104,doi_e_titulo,2,Scopus|WoS,scopus_nucleo_a1_manutencao_sustentabilidade|wos_nucleo_01,Site-Scale Integrated Decision Support Tool (i-DSTss) for Stormwater Management || Site-scale integrated decision support tool (i-DSTss) for stormwater management,SCOPUS::scopus_nucleo_a1_manutencao_sustentabilidade_raw.csv::04111|WOS::WOS_NUCLEO_01_20260708_part01.ris::00102
REG_04115,doi_e_titulo,3,Scopus|WoS,scopus_nucleo_a1_manutencao_sustentabilidade|wos_nucleo_01|wos_nucleo_04,Sustainable building material selection: A QFD- and ELECTRE III-embedded hybrid MCGDM approach with consensus building,SCOPUS::scopus_nucleo_a1_manutencao_sustentabilidade_raw.csv::04122|WOS::WOS_NUCLEO_01_20260708_part01.ris::00046|WOS::WOS_NUCLEO_04_20260708_part01.ris::00407
REG_04116,doi_e_titulo,4,Scopus|WoS,scopus_nucleo_a1_manutencao_sustentabilidade|scopus_nucleo_a4_gestao_ativos_ciclo_vida|wos_nucleo_01|wos_nucleo_04,Development of a Building Information Modeling Tool for Green Sustainable Building Design: A Review || Development of a building information modeling tool for green sustainable building design: A review,SCOPUS::scopus_nucleo_a1_manutencao_sustentabilidade_raw.csv::04123|SCOPUS::scopus_nucleo_a4_gestao_ativos_ciclo_vida_raw.csv::00577|WOS::WOS_NUCLEO_01_20260708_part01.ris::00243|WOS::WOS_NUCLEO_04_20260708_part01.ris::00325
REG_04121,doi_e_titulo,2,Scopus|WoS,scopus_nucleo_a1_manutencao_sustentabilidade|wos_nucleo_01,The prioritisation and satisfaction on Thai's Rating of Energy and Environmental Sustainability criteria A case study of Bangkok green condominium || The prioritisation and satisfaction on Thai’s Rating of Energy and Environmental Sustainability criteria: A case study of Bangkok green condominium,SCOPUS::scopus_nucleo_a1_manutencao_sustentabilidade_raw.csv::04128|WOS::WOS_NUCLEO_01_20260708_part01.ris::00022
REG_04122,doi_e_titulo,2,Scopus|WoS,scopus_nucleo_a1_manutencao_sustentabilidade|wos_nucleo_04,Green maintainability assessment of high-rise vertical greenery systems,SCOPUS::scopus_nucleo_a1_manutencao_sustentabilidade_raw.csv::04129|WOS::WOS_NUCLEO_04_20260708_part01.ris::00439
REG_04124,doi_e_titulo,5,Scopus|WoS,scopus_nucleo_a1_manutencao_sustentabilidade|scopus_nucleo_a2_contexto_publico_universitario|scopus_nucleo_a4_gestao_ativos_ciclo_vida|wos_nucleo_02|wos_nucleo_04,The consideration of building maintenance at design stage in public buildings The current scenario in Malaysia || The consideration of building maintenance at design stage in public buildings: The current scenario in Malaysia,SCOPUS::scopus_nucleo_a1_manutencao_sustentabilidade_raw.csv::04131|SCOPUS::scopus_nucleo_a2_contexto_publico_universitario_raw.csv::00276|SCOPUS::scopus_nucleo_a4_gestao_ativos_ciclo_vida_raw.csv::00578|WOS::WOS_NUCLEO_02_20260708_part01.ris::00003|WOS::WOS_NUCLEO_04_20260708_part01.ris::00241
REG_04125,doi_e_titulo,2,Scopus|WoS,scopus_nucleo_a1_manutencao_sustentabilidade|wos_nucleo_01,Floor finish selection in health-care facilities: a systematic literature review,SCOPUS::scopus_nucleo_a1_manutencao_sustentabilidade_raw.csv::04132|WOS::WOS_NUCLEO_01_20260708_part01.ris::00325
REG_04126,doi_e_titulo,2,Scopus|WoS,scopus_nucleo_a1_manutencao_sustentabilidade|wos_nucleo_01,Early decision-making for school building renovation,SCOPUS::scopus_nucleo_a1_manutencao_sustentabilidade_raw.csv::04133|WOS::WOS_NUCLEO_01_20260708_part01.ris::00496
REG_04134,doi_e_titulo,3,Scopus,scopus_nucleo_a1_manutencao_sustentabilidade|scopus_nucleo_a2_contexto_publico_universitario|scopus_nucleo_a4_gestao_ativos_ciclo_vida,Life cycle cost reduction and market acceleration for new nearly zero-energy buildings,SCOPUS::scopus_nucleo_a1_manutencao_sustentabilidade_raw.csv::04141|SCOPUS::scopus_nucleo_a2_contexto_publico_universitario_raw.csv::00278|SCOPUS::scopus_nucleo_a4_gestao_ativos_ciclo_vida_raw.csv::00579
REG_04136,doi_e_titulo,3,Scopus|WoS,scopus_nucleo_a1_manutencao_sustentabilidade|wos_nucleo_01|wos_nucleo_04,Developing a maintenance index framework for heritage concrete buildings,SCOPUS::scopus_nucleo_a1_manutencao_sustentabilidade_raw.csv::04143|WOS::WOS_NUCLEO_01_20260708_part01.ris::00342|WOS::WOS_NUCLEO_04_20260708_part01.ris::00466
REG_04137,doi_e_titulo,2,Scopus|WoS,scopus_nucleo_a1_manutencao_sustentabilidade|wos_nucleo_01,Post-occupancy evaluation: a review of literature,SCOPUS::scopus_nucleo_a1_manutencao_sustentabilidade_raw.csv::04144|WOS::WOS_NUCLEO_01_20260708_part01.ris::00434
REG_04148,doi_e_titulo,3,Scopus|WoS,scopus_nucleo_a1_manutencao_sustentabilidade|scopus_nucleo_a4_gestao_ativos_ciclo_vida|wos_nucleo_04,Statistical life cycle assessment of residential buildings in a temperate climate of northern part of Europe,SCOPUS::scopus_nucleo_a1_manutencao_sustentabilidade_raw.csv::04155|SCOPUS::scopus_nucleo_a4_gestao_ativos_ciclo_vida_raw.csv::00580|WOS::WOS_NUCLEO_04_20260708_part01.ris::00201
REG_04151,doi_e_titulo,3,Scopus|WoS,scopus_nucleo_a1_manutencao_sustentabilidade|scopus_nucleo_a2_contexto_publico_universitario|wos_nucleo_02,Extending communities of practice: a partnership model for sustainable schools,SCOPUS::scopus_nucleo_a1_manutencao_sustentabilidade_raw.csv::04158|SCOPUS::scopus_nucleo_a2_contexto_publico_universitario_raw.csv::00279|WOS::WOS_NUCLEO_02_20260708_part01.ris::00397
REG_04157,doi_e_titulo,3,Scopus|WoS,scopus_nucleo_a1_manutencao_sustentabilidade|wos_nucleo_01|wos_nucleo_02,"Campus green buildings: Policy implications for the implementing, monitoring and evaluation of campus green building initiatives",SCOPUS::scopus_nucleo_a1_manutencao_sustentabilidade_raw.csv::04164|WOS::WOS_NUCLEO_01_20260708_part01.ris::00001|WOS::WOS_NUCLEO_02_20260708_part01.ris::00160
REG_04159,doi_e_titulo,2,Scopus,scopus_nucleo_a1_manutencao_sustentabilidade|scopus_nucleo_a4_gestao_ativos_ciclo_vida,"""embodied and Operational Carbon of Typical Heating, Ventilation and Air Conditioning (HVAC) Systems in Office Buildings in Washington State: A study of buildings registered under LEED v3 2009",SCOPUS::scopus_nucleo_a1_manutencao_sustentabilidade_raw.csv::04166|SCOPUS::scopus_nucleo_a4_gestao_ativos_ciclo_vida_raw.csv::00581
REG_04163,doi_e_titulo,4,Scopus|WoS,scopus_nucleo_a1_manutencao_sustentabilidade|scopus_nucleo_a4_gestao_ativos_ciclo_vida|wos_nucleo_01|wos_nucleo_04,LCC Estimation Model: A Construction Material Perspective || LCC estimation model: A construction material perspective,SCOPUS::scopus_nucleo_a1_manutencao_sustentabilidade_raw.csv::04170|SCOPUS::scopus_nucleo_a4_gestao_ativos_ciclo_vida_raw.csv::00582|WOS::WOS_NUCLEO_01_20260708_part01.ris::00168|WOS::WOS_NUCLEO_04_20260708_part01.ris::00018
REG_04164,doi_e_titulo,3,Scopus|WoS,scopus_nucleo_a1_manutencao_sustentabilidade|scopus_nucleo_a4_gestao_ativos_ciclo_vida|wos_nucleo_04,Green principles for responsible battery management in mobile applications,SCOPUS::scopus_nucleo_a1_manutencao_sustentabilidade_raw.csv::04171|SCOPUS::scopus_nucleo_a4_gestao_ativos_ciclo_vida_raw.csv::00583|WOS::WOS_NUCLEO_04_20260708_part01.ris::00209
REG_04169,titulo_normalizado,2,Scopus,scopus_nucleo_a1_manutencao_sustentabilidade|scopus_nucleo_a2_contexto_publico_universitario,"Barriers, challenges and opportunities for energy management program: A case study of Universiti Utara Malaysia",SCOPUS::scopus_nucleo_a1_manutencao_sustentabilidade_raw.csv::04176|SCOPUS::scopus_nucleo_a2_contexto_publico_universitario_raw.csv::00282
REG_04172,doi_e_titulo,2,Scopus,scopus_nucleo_a1_manutencao_sustentabilidade|scopus_nucleo_a3_priorizacao_estrategia_manutencao,Industry 4.0 for failure information management within Proactive Maintenance,SCOPUS::scopus_nucleo_a1_manutencao_sustentabilidade_raw.csv::04179|SCOPUS::scopus_nucleo_a3_priorizacao_estrategia_manutencao_raw.csv::00332
REG_04173,doi_e_titulo,2,Scopus,scopus_nucleo_a1_manutencao_sustentabilidade|scopus_nucleo_a4_gestao_ativos_ciclo_vida,Environmental consequences of refurbishment vs. demolition and reconstruction: A comparative life cycle assessment of an Italian case study,SCOPUS::scopus_nucleo_a1_manutencao_sustentabilidade_raw.csv::04180|SCOPUS::scopus_nucleo_a4_gestao_ativos_ciclo_vida_raw.csv::00584
REG_04181,doi_e_titulo,3,Scopus|WoS,scopus_nucleo_a1_manutencao_sustentabilidade|scopus_nucleo_a2_contexto_publico_universitario|wos_nucleo_02,Initiatives to integrate operational knowledge in design: a building client perspective,SCOPUS::scopus_nucleo_a1_manutencao_sustentabilidade_raw.csv::04188|SCOPUS::scopus_nucleo_a2_contexto_publico_universitario_raw.csv::00283|WOS::WOS_NUCLEO_02_20260708_part01.ris::00233
REG_04190,doi_e_titulo,4,Scopus|WoS,scopus_nucleo_a1_manutencao_sustentabilidade|scopus_nucleo_a4_gestao_ativos_ciclo_vida|wos_nucleo_01|wos_nucleo_04,Integration of LCA and LCC analysis within a BIM-based environment,SCOPUS::scopus_nucleo_a1_manutencao_sustentabilidade_raw.csv::04197|SCOPUS::scopus_nucleo_a4_gestao_ativos_ciclo_vida_raw.csv::00585|WOS::WOS_NUCLEO_01_20260708_part01.ris::00235|WOS::WOS_NUCLEO_04_20260708_part01.ris::00210
REG_04191,doi_e_titulo,8,Crossref|Scopus|WoS,crossref_nucleo_a1|crossref_nucleo_a3|scopus_nucleo_a1_manutencao_sustentabilidade|scopus_nucleo_a2_contexto_publico_universitario|scopus_nucleo_a3_priorizacao_estrategia_manutencao|scopus_nucleo_a4_gestao_ativos_ciclo_vida|wos_nucleo_02|wos_nucleo_03,A multi-criteria decision-making framework for selecting a suitable maintenance strategy for public buildings using sustainability criteria,SCOPUS::scopus_nucleo_a1_manutencao_sustentabilidade_raw.csv::04198|SCOPUS::scopus_nucleo_a2_contexto_publico_universitario_raw.csv::00284|SCOPUS::scopus_nucleo_a3_priorizacao_estrategia_manutencao_raw.csv::00333|SCOPUS::scopus_nucleo_a4_gestao_ativos_ciclo_vida_raw.csv::00586|CROSSREF::crossref_nucleo_a1_raw.csv::00016|CROSSREF::crossref_nucleo_a3_raw.csv::00014|WOS::WOS_NUCLEO_02_20260708_part01.ris::00004|WOS::WOS_NUCLEO_03_20260708_part01.ris::00000
REG_04194,doi_e_titulo,2,Scopus|WoS,scopus_nucleo_a1_manutencao_sustentabilidade|wos_nucleo_02,Investigating the performance of internet of things based anaerobic digestion of food waste,SCOPUS::scopus_nucleo_a1_manutencao_sustentabilidade_raw.csv::04201|WOS::WOS_NUCLEO_02_20260708_part01.ris::00359
REG_04196,doi_e_titulo,2,Scopus,scopus_nucleo_a1_manutencao_sustentabilidade|scopus_nucleo_a4_gestao_ativos_ciclo_vida,Smart BIM-AM Journey to Green Buildings,SCOPUS::scopus_nucleo_a1_manutencao_sustentabilidade_raw.csv::04203|SCOPUS::scopus_nucleo_a4_gestao_ativos_ciclo_vida_raw.csv::00589
REG_04197,doi_e_titulo,2,Scopus,scopus_nucleo_a1_manutencao_sustentabilidade|scopus_nucleo_a4_gestao_ativos_ciclo_vida,Possibilities of Using Modern Technologies and Creation of the Current Project Documentation Leading to the Optimal Management of the Building for Sustainable Development,SCOPUS::scopus_nucleo_a1_manutencao_sustentabilidade_raw.csv::04204|SCOPUS::scopus_nucleo_a4_gestao_ativos_ciclo_vida_raw.csv::00587
REG_04201,doi_e_titulo,2,Scopus,scopus_nucleo_a1_manutencao_sustentabilidade|scopus_nucleo_a4_gestao_ativos_ciclo_vida,The Influence of Technology Performance Durability in the Cost-Optimal Analysis of a ZEB,SCOPUS::scopus_nucleo_a1_manutencao_sustentabilidade_raw.csv::04208|SCOPUS::scopus_nucleo_a4_gestao_ativos_ciclo_vida_raw.csv::00588
REG_04202,doi_e_titulo,3,Scopus|WoS,scopus_nucleo_a1_manutencao_sustentabilidade|scopus_nucleo_a4_gestao_ativos_ciclo_vida|wos_nucleo_01,A systematic literature review of interoperability in the green Building Information Modeling lifecycle,SCOPUS::scopus_nucleo_a1_manutencao_sustentabilidade_raw.csv::04209|SCOPUS::scopus_nucleo_a4_gestao_ativos_ciclo_vida_raw.csv::00590|WOS::WOS_NUCLEO_01_20260708_part01.ris::00024
REG_04203,doi_e_titulo,3,Crossref|Scopus|WoS,crossref_nucleo_a1|scopus_nucleo_a1_manutencao_sustentabilidade|wos_nucleo_01,An Integrated Computerised Maintenance Management System (I-CMMS) for IBS building maintenance,SCOPUS::scopus_nucleo_a1_manutencao_sustentabilidade_raw.csv::04210|CROSSREF::crossref_nucleo_a1_raw.csv::00033|WOS::WOS_NUCLEO_01_20260708_part01.ris::00139
REG_04204,doi_e_titulo,5,Scopus|WoS,scopus_nucleo_a1_manutencao_sustentabilidade|scopus_nucleo_a2_contexto_publico_universitario|scopus_nucleo_a4_gestao_ativos_ciclo_vida|wos_nucleo_02|wos_nucleo_04,Bridging the gap between sustainable FM and sustainable buildings - an exploratory study of six public buildings in Norway || Bridging the gap between sustainable FM and sustainable buildings – an exploratory study of six public buildings in Norway,SCOPUS::scopus_nucleo_a1_manutencao_sustentabilidade_raw.csv::04211|SCOPUS::scopus_nucleo_a2_contexto_publico_universitario_raw.csv::00287|SCOPUS::scopus_nucleo_a4_gestao_ativos_ciclo_vida_raw.csv::00591|WOS::WOS_NUCLEO_02_20260708_part01.ris::00086|WOS::WOS_NUCLEO_04_20260708_part01.ris::00307
REG_04205,doi_e_titulo,2,Scopus|WoS,scopus_nucleo_a1_manutencao_sustentabilidade|wos_nucleo_01,Ensuring environmental performance in green leases: the role of facilities managers,SCOPUS::scopus_nucleo_a1_manutencao_sustentabilidade_raw.csv::04212|WOS::WOS_NUCLEO_01_20260708_part01.ris::00415
REG_04207,titulo_normalizado,2,Scopus,scopus_nucleo_a1_manutencao_sustentabilidade|scopus_nucleo_a4_gestao_ativos_ciclo_vida,Student energy audits of buildings can be done!,SCOPUS::scopus_nucleo_a1_manutencao_sustentabilidade_raw.csv::04214|SCOPUS::scopus_nucleo_a4_gestao_ativos_ciclo_vida_raw.csv::00592
REG_04208,doi_e_titulo,2,Scopus|WoS,scopus_nucleo_a1_manutencao_sustentabilidade|wos_nucleo_01,Expert System for an Optimized Asset Management in Electric Power Transmission Systems,SCOPUS::scopus_nucleo_a1_manutencao_sustentabilidade_raw.csv::04215|WOS::WOS_NUCLEO_01_20260708_part01.ris::00162
REG_04212,doi_e_titulo,3,Scopus|WoS,scopus_nucleo_a1_manutencao_sustentabilidade|scopus_nucleo_a4_gestao_ativos_ciclo_vida|wos_nucleo_04,Analyzing the influence factors of the carbon emissions from China's building and construction industry from 2000 to 2015,SCOPUS::scopus_nucleo_a1_manutencao_sustentabilidade_raw.csv::04219|SCOPUS::scopus_nucleo_a4_gestao_ativos_ciclo_vida_raw.csv::00593|WOS::WOS_NUCLEO_04_20260708_part01.ris::00109
REG_04214,doi_e_titulo,3,Scopus|WoS,scopus_nucleo_a1_manutencao_sustentabilidade|scopus_nucleo_a4_gestao_ativos_ciclo_vida|wos_nucleo_04,Preliminary Service Life Estimation Model for MEP Components Using Case-Based Reasoning and Genetic Algorithm || Preliminary service life estimation model for MEP components using case-based reasoning and genetic algorithm,SCOPUS::scopus_nucleo_a1_manutencao_sustentabilidade_raw.csv::04221|SCOPUS::scopus_nucleo_a4_gestao_ativos_ciclo_vida_raw.csv::00594|WOS::WOS_NUCLEO_04_20260708_part01.ris::00267
REG_04219,doi_e_titulo,2,Scopus|WoS,scopus_nucleo_a1_manutencao_sustentabilidade|wos_nucleo_01,Investment valuation model for sustainable infrastructure systems: Mezzanine debt for water projects,SCOPUS::scopus_nucleo_a1_manutencao_sustentabilidade_raw.csv::04226|WOS::WOS_NUCLEO_01_20260708_part01.ris::00513
REG_04229,doi_e_titulo,2,Scopus|WoS,scopus_nucleo_a1_manutencao_sustentabilidade|wos_nucleo_04,Greenhouse gas emission of household plastic biogas digester using life cycle assessment approach,SCOPUS::scopus_nucleo_a1_manutencao_sustentabilidade_raw.csv::04236|WOS::WOS_NUCLEO_04_20260708_part01.ris::00144
REG_04231,doi_e_titulo,2,Scopus,scopus_nucleo_a1_manutencao_sustentabilidade|scopus_nucleo_a4_gestao_ativos_ciclo_vida,An exploratory model on greenhouse- Gas emissions and costing assessment in building operation stage,SCOPUS::scopus_nucleo_a1_manutencao_sustentabilidade_raw.csv::04238|SCOPUS::scopus_nucleo_a4_gestao_ativos_ciclo_vida_raw.csv::00595
REG_04232,doi_e_titulo,2,Scopus|WoS,scopus_nucleo_a1_manutencao_sustentabilidade|wos_nucleo_01,Overview: the opportunity of BIM in railway,SCOPUS::scopus_nucleo_a1_manutencao_sustentabilidade_raw.csv::04239|WOS::WOS_NUCLEO_01_20260708_part01.ris::00558
REG_04234,doi_e_titulo,2,Crossref|Scopus,crossref_nucleo_a1|scopus_nucleo_a1_manutencao_sustentabilidade,Review of Building Maintenance Practices and Sustainability at the Government Level || Review of building maintenance practices and sustainability at the government level,SCOPUS::scopus_nucleo_a1_manutencao_sustentabilidade_raw.csv::04241|CROSSREF::crossref_nucleo_a1_raw.csv::00021
REG_04236,doi_e_titulo,3,Scopus|WoS,scopus_nucleo_a1_manutencao_sustentabilidade|wos_nucleo_02|wos_nucleo_04,Renovation tool to improve building stock performance - Higher education context || Renovation tool to improve building stock performance — Higher education context,SCOPUS::scopus_nucleo_a1_manutencao_sustentabilidade_raw.csv::04243|WOS::WOS_NUCLEO_02_20260708_part01.ris::00213|WOS::WOS_NUCLEO_04_20260708_part01.ris::00172
REG_04239,titulo_normalizado,3,Scopus,scopus_nucleo_a1_manutencao_sustentabilidade|scopus_nucleo_a3_priorizacao_estrategia_manutencao|scopus_nucleo_a4_gestao_ativos_ciclo_vida,Building maintenance prioritization using programming model,SCOPUS::scopus_nucleo_a1_manutencao_sustentabilidade_raw.csv::04246|SCOPUS::scopus_nucleo_a3_priorizacao_estrategia_manutencao_raw.csv::00334|SCOPUS::scopus_nucleo_a4_gestao_ativos_ciclo_vida_raw.csv::00596
REG_04253,doi_e_titulo,2,Scopus,scopus_nucleo_a1_manutencao_sustentabilidade|scopus_nucleo_a4_gestao_ativos_ciclo_vida,Shaping tomorrow’s facilities management,SCOPUS::scopus_nucleo_a1_manutencao_sustentabilidade_raw.csv::04260|SCOPUS::scopus_nucleo_a4_gestao_ativos_ciclo_vida_raw.csv::00597
REG_04258,doi_e_titulo,2,Scopus,scopus_nucleo_a1_manutencao_sustentabilidade|scopus_nucleo_a3_priorizacao_estrategia_manutencao,Self-learning and self-repairing technologies to establish autonomous building maintenance,SCOPUS::scopus_nucleo_a1_manutencao_sustentabilidade_raw.csv::04265|SCOPUS::scopus_nucleo_a3_priorizacao_estrategia_manutencao_raw.csv::00336
REG_04261,doi_e_titulo,2,Scopus|WoS,scopus_nucleo_a1_manutencao_sustentabilidade|wos_nucleo_01,Three-Dimensional Location-Based O&M Data Management System for Large Commercial Office Buildings,SCOPUS::scopus_nucleo_a1_manutencao_sustentabilidade_raw.csv::04268|WOS::WOS_NUCLEO_01_20260708_part01.ris::00129
REG_04262,doi_e_titulo,2,Scopus,scopus_nucleo_a1_manutencao_sustentabilidade|scopus_nucleo_a3_priorizacao_estrategia_manutencao,Risk model for energy performance contracting in correctional facilities,SCOPUS::scopus_nucleo_a1_manutencao_sustentabilidade_raw.csv::04269|SCOPUS::scopus_nucleo_a3_priorizacao_estrategia_manutencao_raw.csv::00337
REG_04265,doi_e_titulo,2,Scopus,scopus_nucleo_a1_manutencao_sustentabilidade|scopus_nucleo_a4_gestao_ativos_ciclo_vida,Dynamic Assessment of Construction Materials in Urban Building Stocks: A Critical Review,SCOPUS::scopus_nucleo_a1_manutencao_sustentabilidade_raw.csv::04272|SCOPUS::scopus_nucleo_a4_gestao_ativos_ciclo_vida_raw.csv::00598
REG_04274,doi_e_titulo,2,Scopus|WoS,scopus_nucleo_a1_manutencao_sustentabilidade|wos_nucleo_01,Sustainable Sanitation Management Tool for Decision Making in Isolated Areas in Brazil || Sustainable sanitation management tool for decision making in isolated areas in Brazil,SCOPUS::scopus_nucleo_a1_manutencao_sustentabilidade_raw.csv::04281|WOS::WOS_NUCLEO_01_20260708_part01.ris::00279
REG_04278,doi_e_titulo,3,Scopus|WoS,scopus_nucleo_a1_manutencao_sustentabilidade|scopus_nucleo_a4_gestao_ativos_ciclo_vida|wos_nucleo_04,LIFE CYCLE COST ANALYSIS FOR THE YAW DAMPING SYSTEM OF A WARSHIP FROM A FINANCIAL VIEWPOINT || Life cycle cost analysis for the yaw damping system of a warship from a financial viewpoint,SCOPUS::scopus_nucleo_a1_manutencao_sustentabilidade_raw.csv::04285|SCOPUS::scopus_nucleo_a4_gestao_ativos_ciclo_vida_raw.csv::00599|WOS::WOS_NUCLEO_04_20260708_part01.ris::00010
REG_04282,doi_e_titulo,3,Scopus|WoS,scopus_nucleo_a1_manutencao_sustentabilidade|scopus_nucleo_a4_gestao_ativos_ciclo_vida|wos_nucleo_04,Resource Use in Mariculture: A Case Study in Southeastern China || Resource use in mariculture: A case study in Southeastern China,SCOPUS::scopus_nucleo_a1_manutencao_sustentabilidade_raw.csv::04289|SCOPUS::scopus_nucleo_a4_gestao_ativos_ciclo_vida_raw.csv::00601|WOS::WOS_NUCLEO_04_20260708_part01.ris::00285
REG_04283,doi_e_titulo,3,Scopus|WoS,scopus_nucleo_a1_manutencao_sustentabilidade|scopus_nucleo_a4_gestao_ativos_ciclo_vida|wos_nucleo_04,Application and suitability analysis of the key technologies in nearly zero energy buildings in China,SCOPUS::scopus_nucleo_a1_manutencao_sustentabilidade_raw.csv::04290|SCOPUS::scopus_nucleo_a4_gestao_ativos_ciclo_vida_raw.csv::00600|WOS::WOS_NUCLEO_04_20260708_part01.ris::00375
REG_04290,doi_e_titulo,2,Scopus,scopus_nucleo_a1_manutencao_sustentabilidade|scopus_nucleo_a2_contexto_publico_universitario,Engineering-out hazards: digitising the management working safety in confined spaces,SCOPUS::scopus_nucleo_a1_manutencao_sustentabilidade_raw.csv::04297|SCOPUS::scopus_nucleo_a2_contexto_publico_universitario_raw.csv::00292
REG_04291,doi_e_titulo,3,Scopus|WoS,scopus_nucleo_a1_manutencao_sustentabilidade|scopus_nucleo_a4_gestao_ativos_ciclo_vida|wos_nucleo_04,Aging-aware predictive control of PV-battery assets in buildings,SCOPUS::scopus_nucleo_a1_manutencao_sustentabilidade_raw.csv::04298|SCOPUS::scopus_nucleo_a4_gestao_ativos_ciclo_vida_raw.csv::00602|WOS::WOS_NUCLEO_04_20260708_part01.ris::00128
REG_04294,doi_e_titulo,2,Scopus|WoS,scopus_nucleo_a1_manutencao_sustentabilidade|wos_nucleo_01,Strategy for reducing carbon dioxide emissions from maintenance and rehabilitation of highway pavement,SCOPUS::scopus_nucleo_a1_manutencao_sustentabilidade_raw.csv::04301|WOS::WOS_NUCLEO_01_20260708_part01.ris::00196
REG_04296,doi_e_titulo,2,Scopus|WoS,scopus_nucleo_a1_manutencao_sustentabilidade|wos_nucleo_04,Holistic analysis of urban water systems in the Greater Cincinnati region: (1) life cycle assessment and cost implications,SCOPUS::scopus_nucleo_a1_manutencao_sustentabilidade_raw.csv::04303|WOS::WOS_NUCLEO_04_20260708_part01.ris::00234
REG_04298,doi_e_titulo,2,Scopus|WoS,scopus_nucleo_a1_manutencao_sustentabilidade|wos_nucleo_01,Not out of sight but out of mind: Developing a multi-criteria evaluation structure for green fishery harbors,SCOPUS::scopus_nucleo_a1_manutencao_sustentabilidade_raw.csv::04305|WOS::WOS_NUCLEO_01_20260708_part01.ris::00062
REG_04306,doi_e_titulo,6,Crossref|Scopus|WoS,crossref_nucleo_a3|scopus_nucleo_a1_manutencao_sustentabilidade|scopus_nucleo_a2_contexto_publico_universitario|scopus_nucleo_a3_priorizacao_estrategia_manutencao|wos_nucleo_02|wos_nucleo_03,"A Better Maintenance Strategy, a More Sustainable Hanok: Towards Korean Traditional Public Facilities || A better maintenance strategy, a more sustainable Hanok: Towards Korean traditional public facilities",SCOPUS::scopus_nucleo_a1_manutencao_sustentabilidade_raw.csv::04313|SCOPUS::scopus_nucleo_a2_contexto_publico_universitario_raw.csv::00294|SCOPUS::scopus_nucleo_a3_priorizacao_estrategia_manutencao_raw.csv::00340|CROSSREF::crossref_nucleo_a3_raw.csv::00031|WOS::WOS_NUCLEO_02_20260708_part01.ris::00046|WOS::WOS_NUCLEO_03_20260708_part01.ris::00001
REG_04308,titulo_normalizado,2,Scopus,scopus_nucleo_a1_manutencao_sustentabilidade|scopus_nucleo_a2_contexto_publico_universitario,Development of e-maintenance in green building maintenance and repair work of government buildings based on work breakdown structure using building information modeling,SCOPUS::scopus_nucleo_a1_manutencao_sustentabilidade_raw.csv::04315|SCOPUS::scopus_nucleo_a2_contexto_publico_universitario_raw.csv::00298
REG_04316,doi_e_titulo,2,Scopus,scopus_nucleo_a1_manutencao_sustentabilidade|scopus_nucleo_a4_gestao_ativos_ciclo_vida,Editorial introduction Design and Technology of Sustainable Architecture,SCOPUS::scopus_nucleo_a1_manutencao_sustentabilidade_raw.csv::04323|SCOPUS::scopus_nucleo_a4_gestao_ativos_ciclo_vida_raw.csv::00625
REG_04317,titulo_normalizado,2,Scopus,scopus_nucleo_a1_manutencao_sustentabilidade|scopus_nucleo_a3_priorizacao_estrategia_manutencao,Potential utilization of building information models for planning maintenance activities,SCOPUS::scopus_nucleo_a1_manutencao_sustentabilidade_raw.csv::04324|SCOPUS::scopus_nucleo_a3_priorizacao_estrategia_manutencao_raw.csv::00341
REG_04318,doi_e_titulo,2,Scopus,scopus_nucleo_a1_manutencao_sustentabilidade|scopus_nucleo_a4_gestao_ativos_ciclo_vida,Machine Learning Applications in Facility Life-Cycle Cost Analysis: A Review,SCOPUS::scopus_nucleo_a1_manutencao_sustentabilidade_raw.csv::04325|SCOPUS::scopus_nucleo_a4_gestao_ativos_ciclo_vida_raw.csv::00603
REG_04319,doi_e_titulo,3,Crossref|Scopus,crossref_nucleo_a2|scopus_nucleo_a1_manutencao_sustentabilidade|scopus_nucleo_a4_gestao_ativos_ciclo_vida,A Methodology for a Performance Information Model to Support Facility Management || A methodology for a performance information model to support facility management,SCOPUS::scopus_nucleo_a1_manutencao_sustentabilidade_raw.csv::04326|SCOPUS::scopus_nucleo_a4_gestao_ativos_ciclo_vida_raw.csv::00604|CROSSREF::crossref_nucleo_a2_raw.csv::00030
REG_04326,titulo_normalizado,2,Scopus,scopus_nucleo_a1_manutencao_sustentabilidade|scopus_nucleo_a4_gestao_ativos_ciclo_vida,Designing sustainable parameters for facilities management to improve operational efficiency,SCOPUS::scopus_nucleo_a1_manutencao_sustentabilidade_raw.csv::04333|SCOPUS::scopus_nucleo_a4_gestao_ativos_ciclo_vida_raw.csv::00605
REG_04328,doi_e_titulo,2,Scopus,scopus_nucleo_a1_manutencao_sustentabilidade|scopus_nucleo_a4_gestao_ativos_ciclo_vida,Improving the environmental performance of buildings,SCOPUS::scopus_nucleo_a1_manutencao_sustentabilidade_raw.csv::04335|SCOPUS::scopus_nucleo_a4_gestao_ativos_ciclo_vida_raw.csv::00607
REG_04330,doi_e_titulo,2,Scopus,scopus_nucleo_a1_manutencao_sustentabilidade|scopus_nucleo_a4_gestao_ativos_ciclo_vida,Sustainability assessment of sewerage infrastructure projects: A conceptual framework,SCOPUS::scopus_nucleo_a1_manutencao_sustentabilidade_raw.csv::04337|SCOPUS::scopus_nucleo_a4_gestao_ativos_ciclo_vida_raw.csv::00606
REG_04334,doi_e_titulo,2,Scopus,scopus_nucleo_a1_manutencao_sustentabilidade|scopus_nucleo_a4_gestao_ativos_ciclo_vida,Introduction to part A,SCOPUS::scopus_nucleo_a1_manutencao_sustentabilidade_raw.csv::04341|SCOPUS::scopus_nucleo_a4_gestao_ativos_ciclo_vida_raw.csv::00609
REG_04342,doi_e_titulo,2,Scopus,scopus_nucleo_a1_manutencao_sustentabilidade|scopus_nucleo_a2_contexto_publico_universitario,Sustainable Facilities Management in Higher Education Institutions,SCOPUS::scopus_nucleo_a1_manutencao_sustentabilidade_raw.csv::04349|SCOPUS::scopus_nucleo_a2_contexto_publico_universitario_raw.csv::00296
REG_04347,doi_e_titulo,4,Scopus|WoS,scopus_nucleo_a1_manutencao_sustentabilidade|scopus_nucleo_a4_gestao_ativos_ciclo_vida|wos_nucleo_01|wos_nucleo_04,"A multi-criteria sustainability assessment of water reuse applications: a case study in Lakeland, Florida",SCOPUS::scopus_nucleo_a1_manutencao_sustentabilidade_raw.csv::04354|SCOPUS::scopus_nucleo_a4_gestao_ativos_ciclo_vida_raw.csv::00614|WOS::WOS_NUCLEO_01_20260708_part01.ris::00059|WOS::WOS_NUCLEO_04_20260708_part01.ris::00239
REG_04349,doi_e_titulo,2,Scopus,scopus_nucleo_a1_manutencao_sustentabilidade|scopus_nucleo_a4_gestao_ativos_ciclo_vida,Opportunities for Applying Camera-Equipped Drones towards Performance Inspections of Building Facades,SCOPUS::scopus_nucleo_a1_manutencao_sustentabilidade_raw.csv::04356|SCOPUS::scopus_nucleo_a4_gestao_ativos_ciclo_vida_raw.csv::00617
REG_04354,doi_e_titulo,2,Scopus,scopus_nucleo_a1_manutencao_sustentabilidade|scopus_nucleo_a4_gestao_ativos_ciclo_vida,Identification analysis of unstable construction projects,SCOPUS::scopus_nucleo_a1_manutencao_sustentabilidade_raw.csv::04361|SCOPUS::scopus_nucleo_a4_gestao_ativos_ciclo_vida_raw.csv::00613
REG_04355,titulo_normalizado,2,Scopus,scopus_nucleo_a1_manutencao_sustentabilidade|scopus_nucleo_a4_gestao_ativos_ciclo_vida,Study on the application framework of BIM in the life cycle management of offshore wind farms,SCOPUS::scopus_nucleo_a1_manutencao_sustentabilidade_raw.csv::04362|SCOPUS::scopus_nucleo_a4_gestao_ativos_ciclo_vida_raw.csv::00608
REG_04357,titulo_normalizado,3,Scopus|WoS,scopus_nucleo_a1_manutencao_sustentabilidade|scopus_nucleo_a4_gestao_ativos_ciclo_vida|wos_nucleo_04,ProLCA-treatment of uncertainty in infrastructure LCA || Prolca—treatment of uncertainty in infrastructure LCA,SCOPUS::scopus_nucleo_a1_manutencao_sustentabilidade_raw.csv::04364|SCOPUS::scopus_nucleo_a4_gestao_ativos_ciclo_vida_raw.csv::00615|WOS::WOS_NUCLEO_04_20260708_part01.ris::00177
REG_04360,titulo_normalizado,2,Scopus,scopus_nucleo_a1_manutencao_sustentabilidade|scopus_nucleo_a4_gestao_ativos_ciclo_vida,Enhancing infrastructure systems’ resilience with the use of building information modelling (Bim),SCOPUS::scopus_nucleo_a1_manutencao_sustentabilidade_raw.csv::04367|SCOPUS::scopus_nucleo_a4_gestao_ativos_ciclo_vida_raw.csv::00612
REG_04363,doi_e_titulo,2,Scopus|WoS,scopus_nucleo_a1_manutencao_sustentabilidade|wos_nucleo_01,Development of an Energy Saving Strategy Model for Retrofitting Existing Buildings: A Korean Case Study || Development of an energy saving strategy model for retrofitting existing buildings: A Korean case study,SCOPUS::scopus_nucleo_a1_manutencao_sustentabilidade_raw.csv::04370|WOS::WOS_NUCLEO_01_20260708_part01.ris::00108
REG_04368,titulo_normalizado,2,Scopus,scopus_nucleo_a1_manutencao_sustentabilidade|scopus_nucleo_a4_gestao_ativos_ciclo_vida,Developing a framework for life cycle assessment of construction materials through building information modelling (BIM),SCOPUS::scopus_nucleo_a1_manutencao_sustentabilidade_raw.csv::04375|SCOPUS::scopus_nucleo_a4_gestao_ativos_ciclo_vida_raw.csv::00610
REG_04380,doi_e_titulo,2,Scopus,scopus_nucleo_a1_manutencao_sustentabilidade|scopus_nucleo_a2_contexto_publico_universitario,Aligning technical and financial management of public school buildings,SCOPUS::scopus_nucleo_a1_manutencao_sustentabilidade_raw.csv::04387|SCOPUS::scopus_nucleo_a2_contexto_publico_universitario_raw.csv::00302
REG_04401,doi_e_titulo,2,Scopus,scopus_nucleo_a1_manutencao_sustentabilidade|scopus_nucleo_a4_gestao_ativos_ciclo_vida,Developing IFC for infrastructure: A case study of three highway entities,SCOPUS::scopus_nucleo_a1_manutencao_sustentabilidade_raw.csv::04408|SCOPUS::scopus_nucleo_a4_gestao_ativos_ciclo_vida_raw.csv::00619
REG_04411,doi_e_titulo,2,Scopus,scopus_nucleo_a1_manutencao_sustentabilidade|scopus_nucleo_a4_gestao_ativos_ciclo_vida,Predictive maintenance of machine tool systems using artificial intelligence techniques applied to machine condition data,SCOPUS::scopus_nucleo_a1_manutencao_sustentabilidade_raw.csv::04418|SCOPUS::scopus_nucleo_a4_gestao_ativos_ciclo_vida_raw.csv::00623
REG_04412,doi_e_titulo,2,Scopus,scopus_nucleo_a1_manutencao_sustentabilidade|scopus_nucleo_a4_gestao_ativos_ciclo_vida,Development of operation and maintenance sustainability index for penarafan hijau jabatan kerja raya (pHJKR) green road rating system,SCOPUS::scopus_nucleo_a1_manutencao_sustentabilidade_raw.csv::04419|SCOPUS::scopus_nucleo_a4_gestao_ativos_ciclo_vida_raw.csv::00616
REG_04413,titulo_normalizado,2,Scopus,scopus_nucleo_a1_manutencao_sustentabilidade|scopus_nucleo_a4_gestao_ativos_ciclo_vida,"6th International Symposium on Life-Cycle Civil Engineering, IALCCE 2018",SCOPUS::scopus_nucleo_a1_manutencao_sustentabilidade_raw.csv::04420|SCOPUS::scopus_nucleo_a4_gestao_ativos_ciclo_vida_raw.csv::00611
REG_04414,doi_e_titulo,3,Scopus|WoS,scopus_nucleo_a1_manutencao_sustentabilidade|scopus_nucleo_a2_contexto_publico_universitario|wos_nucleo_02,Barriers of Building Maintenance in Private Tertiary Institutions in Nigeria || Barriers of building maintenance in private tertiary institutions in Nigeria,SCOPUS::scopus_nucleo_a1_manutencao_sustentabilidade_raw.csv::04421|SCOPUS::scopus_nucleo_a2_contexto_publico_universitario_raw.csv::00295|WOS::WOS_NUCLEO_02_20260708_part01.ris::00031
REG_04420,doi_e_titulo,2,Scopus,scopus_nucleo_a1_manutencao_sustentabilidade|scopus_nucleo_a4_gestao_ativos_ciclo_vida,"Rethinking buildings design, construction and management through sustainable technologies and digitization",SCOPUS::scopus_nucleo_a1_manutencao_sustentabilidade_raw.csv::04427|SCOPUS::scopus_nucleo_a4_gestao_ativos_ciclo_vida_raw.csv::00618
REG_04430,doi_e_titulo,2,Scopus,scopus_nucleo_a1_manutencao_sustentabilidade|scopus_nucleo_a4_gestao_ativos_ciclo_vida,Remedial process optimization and sustainability benefits,SCOPUS::scopus_nucleo_a1_manutencao_sustentabilidade_raw.csv::04437|SCOPUS::scopus_nucleo_a4_gestao_ativos_ciclo_vida_raw.csv::00620
REG_04442,titulo_normalizado,2,Scopus,scopus_nucleo_a1_manutencao_sustentabilidade|scopus_nucleo_a4_gestao_ativos_ciclo_vida,Smart grid integration towards sustainable retrofitting of large prefabricated concrete panels collective housing built in the 1970s,SCOPUS::scopus_nucleo_a1_manutencao_sustentabilidade_raw.csv::04449|SCOPUS::scopus_nucleo_a4_gestao_ativos_ciclo_vida_raw.csv::00624
REG_04448,doi_e_titulo,2,Scopus|WoS,scopus_nucleo_a1_manutencao_sustentabilidade|wos_nucleo_01,A Proposal for the Support of Demand Required from Production Through the Alignment of Production Planning and Control Strategies and Maintenance Planning and Control: An Analytical Approach || A proposal for the support of demand required from production through the alignment of production planning and control strategies and maintenance planning and control: An analytical approach,SCOPUS::scopus_nucleo_a1_manutencao_sustentabilidade_raw.csv::04455|WOS::WOS_NUCLEO_01_20260708_part01.ris::00541
REG_04456,titulo_normalizado,2,Scopus,scopus_nucleo_a1_manutencao_sustentabilidade|scopus_nucleo_a4_gestao_ativos_ciclo_vida,Biotrickling filter - Evolution to city of Los Angeles' preferred odor treatment technology,SCOPUS::scopus_nucleo_a1_manutencao_sustentabilidade_raw.csv::04463|SCOPUS::scopus_nucleo_a4_gestao_ativos_ciclo_vida_raw.csv::00621
REG_04491,titulo_normalizado,2,Scopus,scopus_nucleo_a1_manutencao_sustentabilidade|scopus_nucleo_a2_contexto_publico_universitario,Energy management practice: A case study of university utara Malaysia main administrative building,SCOPUS::scopus_nucleo_a1_manutencao_sustentabilidade_raw.csv::04498|SCOPUS::scopus_nucleo_a2_contexto_publico_universitario_raw.csv::00303
REG_04512,doi_e_titulo,2,Scopus,scopus_nucleo_a1_manutencao_sustentabilidade|scopus_nucleo_a4_gestao_ativos_ciclo_vida,Building a resilient world: the contribution of architecture curricula to sustainable development,SCOPUS::scopus_nucleo_a1_manutencao_sustentabilidade_raw.csv::04519|SCOPUS::scopus_nucleo_a4_gestao_ativos_ciclo_vida_raw.csv::00000
REG_04517,doi_e_titulo,2,Scopus|WoS,scopus_nucleo_a1_manutencao_sustentabilidade|wos_nucleo_01,"Stakeholder priorities for sustaining operations and maintenance of school sanitation facilities in Kampala City, Uganda",SCOPUS::scopus_nucleo_a1_manutencao_sustentabilidade_raw.csv::04524|WOS::WOS_NUCLEO_01_20260708_part01.ris::00055
REG_04524,doi_e_titulo,4,Scopus|WoS,scopus_nucleo_a1_manutencao_sustentabilidade|scopus_nucleo_a4_gestao_ativos_ciclo_vida|wos_nucleo_01|wos_nucleo_04,Digital twins implementation for sustainable smart facility management in the built environment: underlying critical challenges via embedded mixed method design,SCOPUS::scopus_nucleo_a1_manutencao_sustentabilidade_raw.csv::04531|SCOPUS::scopus_nucleo_a4_gestao_ativos_ciclo_vida_raw.csv::00001|WOS::WOS_NUCLEO_01_20260708_part01.ris::00506|WOS::WOS_NUCLEO_04_20260708_part01.ris::00419
REG_04528,doi_e_titulo,3,Scopus|WoS,scopus_nucleo_a1_manutencao_sustentabilidade|scopus_nucleo_a4_gestao_ativos_ciclo_vida|wos_nucleo_04,Crack evolution and safety assessment of secondary lining in squeezing rock tunnels during service life,SCOPUS::scopus_nucleo_a1_manutencao_sustentabilidade_raw.csv::04535|SCOPUS::scopus_nucleo_a4_gestao_ativos_ciclo_vida_raw.csv::00002|WOS::WOS_NUCLEO_04_20260708_part01.ris::00469
REG_04529,doi_e_titulo,4,Scopus|WoS,scopus_nucleo_a1_manutencao_sustentabilidade|scopus_nucleo_a4_gestao_ativos_ciclo_vida|wos_nucleo_01|wos_nucleo_04,A physics-informed neural network method for predicting the remaining life of energy pipelines,SCOPUS::scopus_nucleo_a1_manutencao_sustentabilidade_raw.csv::04536|SCOPUS::scopus_nucleo_a4_gestao_ativos_ciclo_vida_raw.csv::00003|WOS::WOS_NUCLEO_01_20260708_part01.ris::00372|WOS::WOS_NUCLEO_04_20260708_part01.ris::00272
REG_04533,doi_e_titulo,2,Scopus,scopus_nucleo_a1_manutencao_sustentabilidade|scopus_nucleo_a4_gestao_ativos_ciclo_vida,Bridge Facility Management during the Operations and Maintenance Phase: A Literature Review,SCOPUS::scopus_nucleo_a1_manutencao_sustentabilidade_raw.csv::04540|SCOPUS::scopus_nucleo_a4_gestao_ativos_ciclo_vida_raw.csv::00004
REG_04547,doi_e_titulo,2,Scopus|WoS,scopus_nucleo_a1_manutencao_sustentabilidade|wos_nucleo_01,Reliability-based preventive maintenance strategy for offshore wind farms considering multiple construction periods,SCOPUS::scopus_nucleo_a1_manutencao_sustentabilidade_raw.csv::04554|WOS::WOS_NUCLEO_01_20260708_part01.ris::00356
REG_04551,doi_e_titulo,2,Scopus,scopus_nucleo_a1_manutencao_sustentabilidade|scopus_nucleo_a4_gestao_ativos_ciclo_vida,Life cycle assessment of Solar Power Towers: A systematic review,SCOPUS::scopus_nucleo_a1_manutencao_sustentabilidade_raw.csv::04558|SCOPUS::scopus_nucleo_a4_gestao_ativos_ciclo_vida_raw.csv::00005
REG_04552,doi_e_titulo,4,Scopus|WoS,scopus_nucleo_a1_manutencao_sustentabilidade|scopus_nucleo_a2_contexto_publico_universitario|wos_nucleo_01|wos_nucleo_02,Contractors allocation for public building maintenance: a sustainable approach aligned with SDGs using AHP-TOPSIS and bi-objective optimization,SCOPUS::scopus_nucleo_a1_manutencao_sustentabilidade_raw.csv::04559|SCOPUS::scopus_nucleo_a2_contexto_publico_universitario_raw.csv::00002|WOS::WOS_NUCLEO_01_20260708_part01.ris::00065|WOS::WOS_NUCLEO_02_20260708_part01.ris::00018
REG_04553,doi_e_titulo,3,Scopus|WoS,scopus_nucleo_a1_manutencao_sustentabilidade|scopus_nucleo_a4_gestao_ativos_ciclo_vida|wos_nucleo_04,"Theory, application and prospect of full-life-cycle operation and maintenance technique system in coal underground water reservoir",SCOPUS::scopus_nucleo_a1_manutencao_sustentabilidade_raw.csv::04560|SCOPUS::scopus_nucleo_a4_gestao_ativos_ciclo_vida_raw.csv::00006|WOS::WOS_NUCLEO_04_20260708_part01.ris::00130
REG_04554,doi_e_titulo,3,Scopus|WoS,scopus_nucleo_a1_manutencao_sustentabilidade|scopus_nucleo_a4_gestao_ativos_ciclo_vida|wos_nucleo_01,Empowering digital twins for wind energy operation and maintenance: A prospective framework and future directions,SCOPUS::scopus_nucleo_a1_manutencao_sustentabilidade_raw.csv::04561|SCOPUS::scopus_nucleo_a4_gestao_ativos_ciclo_vida_raw.csv::00007|WOS::WOS_NUCLEO_01_20260708_part01.ris::00247
REG_04556,doi_e_titulo,2,Scopus,scopus_nucleo_a1_manutencao_sustentabilidade|scopus_nucleo_a4_gestao_ativos_ciclo_vida,From pixels to spaces: XR technologies in optimizing and humanizing indoor environments quality,SCOPUS::scopus_nucleo_a1_manutencao_sustentabilidade_raw.csv::04563|SCOPUS::scopus_nucleo_a4_gestao_ativos_ciclo_vida_raw.csv::00008
REG_04560,doi_e_titulo,2,Scopus,scopus_nucleo_a1_manutencao_sustentabilidade|scopus_nucleo_a4_gestao_ativos_ciclo_vida,Assessing the Determinants of Maintenance Effectiveness in Aged Buildings Using Structural Equation Modeling: An Empirical Study in Vietnam,SCOPUS::scopus_nucleo_a1_manutencao_sustentabilidade_raw.csv::04567|SCOPUS::scopus_nucleo_a4_gestao_ativos_ciclo_vida_raw.csv::00009
REG_04561,doi_e_titulo,2,Scopus,scopus_nucleo_a1_manutencao_sustentabilidade|scopus_nucleo_a2_contexto_publico_universitario,Perceived Service Quality in the Era of Sustainable Higher Education: Evidence from Teacher Training Institutions in Indonesia,SCOPUS::scopus_nucleo_a1_manutencao_sustentabilidade_raw.csv::04568|SCOPUS::scopus_nucleo_a2_contexto_publico_universitario_raw.csv::00003
REG_04564,doi_e_titulo,2,Scopus|WoS,scopus_nucleo_a1_manutencao_sustentabilidade|wos_nucleo_01,Embedding ESG in facility management practices: a South African corporate real estate perspective || Embedding ESG in facility management practices: a South African corporate real estate perspective,SCOPUS::scopus_nucleo_a1_manutencao_sustentabilidade_raw.csv::04571|WOS::WOS_NUCLEO_01_20260708_part01.ris::00032
REG_04569,doi_e_titulo,3,Scopus|WoS,scopus_nucleo_a1_manutencao_sustentabilidade|scopus_nucleo_a2_contexto_publico_universitario|wos_nucleo_02,Analysis of sustainable facility management performance in university campuses based on user satisfaction indicators: the case of Ankara University Besevler Campus,SCOPUS::scopus_nucleo_a1_manutencao_sustentabilidade_raw.csv::04576|SCOPUS::scopus_nucleo_a2_contexto_publico_universitario_raw.csv::00004|WOS::WOS_NUCLEO_02_20260708_part01.ris::00173
REG_04570,doi_e_titulo,2,Scopus,scopus_nucleo_a1_manutencao_sustentabilidade|scopus_nucleo_a4_gestao_ativos_ciclo_vida,A study on technological advancement and performance calculation of railing systems for railway bridge maintenance walkways,SCOPUS::scopus_nucleo_a1_manutencao_sustentabilidade_raw.csv::04577|SCOPUS::scopus_nucleo_a4_gestao_ativos_ciclo_vida_raw.csv::00010
REG_04572,doi_e_titulo,4,Scopus|WoS,scopus_nucleo_a1_manutencao_sustentabilidade|scopus_nucleo_a3_priorizacao_estrategia_manutencao|scopus_nucleo_a4_gestao_ativos_ciclo_vida|wos_nucleo_04,"Coding and Relationships Between Construction and Maintenance Work Units and Their Life Cycle: A Study of the Economic, Environmental and Social Sustainability of Housing in Andalusia",SCOPUS::scopus_nucleo_a1_manutencao_sustentabilidade_raw.csv::04579|SCOPUS::scopus_nucleo_a3_priorizacao_estrategia_manutencao_raw.csv::00005|SCOPUS::scopus_nucleo_a4_gestao_ativos_ciclo_vida_raw.csv::00014|WOS::WOS_NUCLEO_04_20260708_part01.ris::00024
REG_04574,doi_e_titulo,3,Scopus|WoS,scopus_nucleo_a1_manutencao_sustentabilidade|scopus_nucleo_a4_gestao_ativos_ciclo_vida|wos_nucleo_04,"BIM-CAP: A tool for assessing building information modelling capabilities of architecture, engineering, construction and facilities management processes",SCOPUS::scopus_nucleo_a1_manutencao_sustentabilidade_raw.csv::04581|SCOPUS::scopus_nucleo_a4_gestao_ativos_ciclo_vida_raw.csv::00011|WOS::WOS_NUCLEO_04_20260708_part01.ris::00103
REG_04575,doi_e_titulo,2,Crossref|Scopus,crossref_nucleo_a3|scopus_nucleo_a1_manutencao_sustentabilidade,From Construction Innovation to Operational Reality: Barriers to Technology Diffusion in the Operations and Maintenance of Public Hospitals in South Africa,SCOPUS::scopus_nucleo_a1_manutencao_sustentabilidade_raw.csv::04582|CROSSREF::crossref_nucleo_a3_raw.csv::00050
REG_04576,doi_e_titulo,3,Scopus|WoS,scopus_nucleo_a1_manutencao_sustentabilidade|scopus_nucleo_a4_gestao_ativos_ciclo_vida|wos_nucleo_04,Transforming supermarket food waste to resource: A sustainability assessment of biochar conversion using carbon footprint and life cycle cost analyses,SCOPUS::scopus_nucleo_a1_manutencao_sustentabilidade_raw.csv::04583|SCOPUS::scopus_nucleo_a4_gestao_ativos_ciclo_vida_raw.csv::00013|WOS::WOS_NUCLEO_04_20260708_part01.ris::00016
REG_04578,doi_e_titulo,3,Scopus|WoS,scopus_nucleo_a1_manutencao_sustentabilidade|scopus_nucleo_a4_gestao_ativos_ciclo_vida|wos_nucleo_04,Recycling of construction and demolition waste fines for decentralized stormwater filtration: Environmental leaching and life-cycle cost assessment,SCOPUS::scopus_nucleo_a1_manutencao_sustentabilidade_raw.csv::04585|SCOPUS::scopus_nucleo_a4_gestao_ativos_ciclo_vida_raw.csv::00012|WOS::WOS_NUCLEO_04_20260708_part01.ris::00012
REG_04579,doi_e_titulo,2,Scopus,scopus_nucleo_a1_manutencao_sustentabilidade|scopus_nucleo_a4_gestao_ativos_ciclo_vida,Application of Green and Low-Carbon Technologies in Bridge Engineering: A Review,SCOPUS::scopus_nucleo_a1_manutencao_sustentabilidade_raw.csv::04586|SCOPUS::scopus_nucleo_a4_gestao_ativos_ciclo_vida_raw.csv::00015
REG_04581,doi_e_titulo,2,Scopus|WoS,scopus_nucleo_a1_manutencao_sustentabilidade|wos_nucleo_01,Life-Cycle Cost-Optimized Target Reliability Index for Concrete Cable-Stayed Bridge Girders,SCOPUS::scopus_nucleo_a1_manutencao_sustentabilidade_raw.csv::04588|WOS::WOS_NUCLEO_01_20260708_part01.ris::00233
REG_04592,doi_e_titulo,3,Scopus|WoS,scopus_nucleo_a1_manutencao_sustentabilidade|scopus_nucleo_a4_gestao_ativos_ciclo_vida|wos_nucleo_04,Energy management and optimal control of a multifarious water heating systems with waste heat recovery and a solar-assisted heat pump: A case of large-capacity healthcare building,SCOPUS::scopus_nucleo_a1_manutencao_sustentabilidade_raw.csv::04599|SCOPUS::scopus_nucleo_a4_gestao_ativos_ciclo_vida_raw.csv::00016|WOS::WOS_NUCLEO_04_20260708_part01.ris::00477
REG_04600,doi_e_titulo,2,Scopus,scopus_nucleo_a1_manutencao_sustentabilidade|scopus_nucleo_a4_gestao_ativos_ciclo_vida,Accurate Lifetime Design of Critical Mechanical Equipment for Clean-Energy Generation in the Context of Carbon Neutrality,SCOPUS::scopus_nucleo_a1_manutencao_sustentabilidade_raw.csv::04607|SCOPUS::scopus_nucleo_a4_gestao_ativos_ciclo_vida_raw.csv::00017
REG_04607,doi_e_titulo,2,Scopus|WoS,scopus_nucleo_a1_manutencao_sustentabilidade|wos_nucleo_01,Rethinking gender dynamics in African facilities management: a policy and practice perspective,SCOPUS::scopus_nucleo_a1_manutencao_sustentabilidade_raw.csv::04614|WOS::WOS_NUCLEO_01_20260708_part01.ris::00360
REG_04608,doi_e_titulo,2,Scopus,scopus_nucleo_a1_manutencao_sustentabilidade|scopus_nucleo_a4_gestao_ativos_ciclo_vida,"An integrative framework for BIM, digital twin and generative AI convergence in construction: a multi-dimensional analysis of synergies and enabling factors",SCOPUS::scopus_nucleo_a1_manutencao_sustentabilidade_raw.csv::04615|SCOPUS::scopus_nucleo_a4_gestao_ativos_ciclo_vida_raw.csv::00018
REG_04614,doi_e_titulo,6,Scopus|WoS,scopus_nucleo_a1_manutencao_sustentabilidade|scopus_nucleo_a2_contexto_publico_universitario|scopus_nucleo_a4_gestao_ativos_ciclo_vida|wos_nucleo_01|wos_nucleo_02|wos_nucleo_04,Digital twins for sustainable buildings: From framework to strategy guidelines and application,SCOPUS::scopus_nucleo_a1_manutencao_sustentabilidade_raw.csv::04621|SCOPUS::scopus_nucleo_a2_contexto_publico_universitario_raw.csv::00008|SCOPUS::scopus_nucleo_a4_gestao_ativos_ciclo_vida_raw.csv::00020|WOS::WOS_NUCLEO_01_20260708_part01.ris::00025|WOS::WOS_NUCLEO_02_20260708_part01.ris::00108|WOS::WOS_NUCLEO_04_20260708_part01.ris::00305
REG_04617,doi_e_titulo,3,Scopus|WoS,scopus_nucleo_a1_manutencao_sustentabilidade|scopus_nucleo_a4_gestao_ativos_ciclo_vida|wos_nucleo_04,"Ten questions concerning building information modeling (BIM): Energy-efficiency in design, construction, and operation",SCOPUS::scopus_nucleo_a1_manutencao_sustentabilidade_raw.csv::04624|SCOPUS::scopus_nucleo_a4_gestao_ativos_ciclo_vida_raw.csv::00019|WOS::WOS_NUCLEO_04_20260708_part01.ris::00075
REG_04618,doi_e_titulo,3,Scopus|WoS,scopus_nucleo_a1_manutencao_sustentabilidade|scopus_nucleo_a4_gestao_ativos_ciclo_vida|wos_nucleo_04,A performance-based perspective on sustainable interior design (SID) as a catalyst for hotel's performance effectiveness || A performance-based perspective on sustainable interior design (SID) as a catalyst for hotel’s performance effectiveness,SCOPUS::scopus_nucleo_a1_manutencao_sustentabilidade_raw.csv::04625|SCOPUS::scopus_nucleo_a4_gestao_ativos_ciclo_vida_raw.csv::00021|WOS::WOS_NUCLEO_04_20260708_part01.ris::00480
REG_04621,doi_e_titulo,2,Scopus,scopus_nucleo_a1_manutencao_sustentabilidade|scopus_nucleo_a4_gestao_ativos_ciclo_vida,Organizational life cycle assessment of Kabul University: evaluating environmental sustainability in a post-conflict higher education institution,SCOPUS::scopus_nucleo_a1_manutencao_sustentabilidade_raw.csv::04628|SCOPUS::scopus_nucleo_a4_gestao_ativos_ciclo_vida_raw.csv::00025
REG_04623,doi_e_titulo,3,Scopus|WoS,scopus_nucleo_a1_manutencao_sustentabilidade|scopus_nucleo_a4_gestao_ativos_ciclo_vida|wos_nucleo_04,Life Cycle and Hygienic Evaluation of Green vs. Traditional Cleaning Protocols in Civil Buildings,SCOPUS::scopus_nucleo_a1_manutencao_sustentabilidade_raw.csv::04630|SCOPUS::scopus_nucleo_a4_gestao_ativos_ciclo_vida_raw.csv::00022|WOS::WOS_NUCLEO_04_20260708_part01.ris::00145
REG_04624,doi_e_titulo,3,Scopus|WoS,scopus_nucleo_a1_manutencao_sustentabilidade|scopus_nucleo_a4_gestao_ativos_ciclo_vida|wos_nucleo_04,Environmental and Microbiological Performance of a CAM-Compliant Green Cleaning Protocol: An Integrated Life Cycle and Surface Contamination Assessment in a Civil Facility,SCOPUS::scopus_nucleo_a1_manutencao_sustentabilidade_raw.csv::04631|SCOPUS::scopus_nucleo_a4_gestao_ativos_ciclo_vida_raw.csv::00023|WOS::WOS_NUCLEO_04_20260708_part01.ris::00270
REG_04626,doi_e_titulo,3,Scopus|WoS,scopus_nucleo_a1_manutencao_sustentabilidade|scopus_nucleo_a4_gestao_ativos_ciclo_vida|wos_nucleo_04,Scour-Protection Strategies for Offshore Wind Farms: A Life Cycle Assessment of Operation and Maintenance Impacts,SCOPUS::scopus_nucleo_a1_manutencao_sustentabilidade_raw.csv::04633|SCOPUS::scopus_nucleo_a4_gestao_ativos_ciclo_vida_raw.csv::00024|WOS::WOS_NUCLEO_04_20260708_part01.ris::00104
REG_04627,doi_e_titulo,3,Scopus|WoS,scopus_nucleo_a1_manutencao_sustentabilidade|scopus_nucleo_a2_contexto_publico_universitario|wos_nucleo_02,Optimizing Teaching and Learning Space Operationalisation in Higher Education: A Quantitative Analysis using Timetable Data,SCOPUS::scopus_nucleo_a1_manutencao_sustentabilidade_raw.csv::04634|SCOPUS::scopus_nucleo_a2_contexto_publico_universitario_raw.csv::00009|WOS::WOS_NUCLEO_02_20260708_part01.ris::00224
REG_04630,doi_e_titulo,3,Scopus|WoS,scopus_nucleo_a1_manutencao_sustentabilidade|scopus_nucleo_a2_contexto_publico_universitario|wos_nucleo_01,Economic Feasibility Assessment of Split-Type Air-Conditioning Retrofits in University Buildings: A Simulation-Based Methodological Framework,SCOPUS::scopus_nucleo_a1_manutencao_sustentabilidade_raw.csv::04637|SCOPUS::scopus_nucleo_a2_contexto_publico_universitario_raw.csv::00012|WOS::WOS_NUCLEO_01_20260708_part01.ris::00246
REG_04631,doi_e_titulo,2,Scopus|WoS,scopus_nucleo_a1_manutencao_sustentabilidade|wos_nucleo_01,"AI-driven design: a comprehensive review of its methodologies, applications, and challenges",SCOPUS::scopus_nucleo_a1_manutencao_sustentabilidade_raw.csv::04638|WOS::WOS_NUCLEO_01_20260708_part01.ris::00259
REG_04634,doi_e_titulo,3,Scopus|WoS,scopus_nucleo_a1_manutencao_sustentabilidade|scopus_nucleo_a4_gestao_ativos_ciclo_vida|wos_nucleo_04,Environmental Impact Assessment of Urban Underground Pipeline Projects Based on LCA,SCOPUS::scopus_nucleo_a1_manutencao_sustentabilidade_raw.csv::04641|SCOPUS::scopus_nucleo_a4_gestao_ativos_ciclo_vida_raw.csv::00026|WOS::WOS_NUCLEO_04_20260708_part01.ris::00246
REG_04638,doi_e_titulo,4,Scopus|WoS,scopus_nucleo_a1_manutencao_sustentabilidade|scopus_nucleo_a4_gestao_ativos_ciclo_vida|wos_nucleo_01|wos_nucleo_04,BIM-Enabled Lifecycle Governance for Urban Assets: A Reproducible Methodology for Maintenance and Renewal Planning,SCOPUS::scopus_nucleo_a1_manutencao_sustentabilidade_raw.csv::04645|SCOPUS::scopus_nucleo_a4_gestao_ativos_ciclo_vida_raw.csv::00027|WOS::WOS_NUCLEO_01_20260708_part01.ris::00449|WOS::WOS_NUCLEO_04_20260708_part01.ris::00448
REG_04639,doi_e_titulo,2,Scopus,scopus_nucleo_a1_manutencao_sustentabilidade|scopus_nucleo_a4_gestao_ativos_ciclo_vida,A review of full-lifecycle management practices for Blue Mining centered on sustainable development and resource efficiency,SCOPUS::scopus_nucleo_a1_manutencao_sustentabilidade_raw.csv::04646|SCOPUS::scopus_nucleo_a4_gestao_ativos_ciclo_vida_raw.csv::00028
REG_04643,doi_e_titulo,2,Scopus|WoS,scopus_nucleo_a1_manutencao_sustentabilidade|wos_nucleo_01,An Intelligent diagnosis and hierarchical risk assessment method for current sensors driven by multi-source feature fusion,SCOPUS::scopus_nucleo_a1_manutencao_sustentabilidade_raw.csv::04650|WOS::WOS_NUCLEO_01_20260708_part01.ris::00487
REG_04649,doi_e_titulo,2,Scopus|WoS,scopus_nucleo_a1_manutencao_sustentabilidade|wos_nucleo_01,Techno-Economic Analysis of Offshore DC Microgrids,SCOPUS::scopus_nucleo_a1_manutencao_sustentabilidade_raw.csv::04656|WOS::WOS_NUCLEO_01_20260708_part01.ris::00517
REG_04661,doi_e_titulo,2,Scopus,scopus_nucleo_a1_manutencao_sustentabilidade|scopus_nucleo_a4_gestao_ativos_ciclo_vida,Research and application of building low-carbon operation rating,SCOPUS::scopus_nucleo_a1_manutencao_sustentabilidade_raw.csv::04668|SCOPUS::scopus_nucleo_a4_gestao_ativos_ciclo_vida_raw.csv::00029
REG_04663,doi_e_titulo,2,Scopus,scopus_nucleo_a1_manutencao_sustentabilidade|scopus_nucleo_a4_gestao_ativos_ciclo_vida,Closed-loop smart management method and application of offshore wind power assets through the full life cycle,SCOPUS::scopus_nucleo_a1_manutencao_sustentabilidade_raw.csv::04670|SCOPUS::scopus_nucleo_a4_gestao_ativos_ciclo_vida_raw.csv::00030
REG_04664,doi_e_titulo,2,Scopus,scopus_nucleo_a1_manutencao_sustentabilidade|scopus_nucleo_a4_gestao_ativos_ciclo_vida,An experimental investigation on longevity and mechanical characteristics of high-performance concrete incorporating copper slag as replacement of fine aggregate,SCOPUS::scopus_nucleo_a1_manutencao_sustentabilidade_raw.csv::04671|SCOPUS::scopus_nucleo_a4_gestao_ativos_ciclo_vida_raw.csv::00031
REG_04669,doi_e_titulo,3,Scopus|WoS,scopus_nucleo_a1_manutencao_sustentabilidade|scopus_nucleo_a4_gestao_ativos_ciclo_vida|wos_nucleo_04,A life cycle framework for sustainable remodeling of corporate real estate projects in Saudi Arabia,SCOPUS::scopus_nucleo_a1_manutencao_sustentabilidade_raw.csv::04676|SCOPUS::scopus_nucleo_a4_gestao_ativos_ciclo_vida_raw.csv::00032|WOS::WOS_NUCLEO_04_20260708_part01.ris::00105
REG_04671,doi_e_titulo,4,Scopus|WoS,scopus_nucleo_a1_manutencao_sustentabilidade|scopus_nucleo_a4_gestao_ativos_ciclo_vida|wos_nucleo_01|wos_nucleo_04,Synergistic operation and maintenance enabling lifecycle-aware opportunistic management of offshore wind energy,SCOPUS::scopus_nucleo_a1_manutencao_sustentabilidade_raw.csv::04678|SCOPUS::scopus_nucleo_a4_gestao_ativos_ciclo_vida_raw.csv::00033|WOS::WOS_NUCLEO_01_20260708_part01.ris::00221|WOS::WOS_NUCLEO_04_20260708_part01.ris::00226
REG_04673,doi_e_titulo,4,Scopus|WoS,scopus_nucleo_a1_manutencao_sustentabilidade|scopus_nucleo_a4_gestao_ativos_ciclo_vida|wos_nucleo_01|wos_nucleo_04,Carbon Footprint of Transformers with Different Rated Voltages: Exploring Key Factors and Low-Carbon Pathway,SCOPUS::scopus_nucleo_a1_manutencao_sustentabilidade_raw.csv::04680|SCOPUS::scopus_nucleo_a4_gestao_ativos_ciclo_vida_raw.csv::00034|WOS::WOS_NUCLEO_01_20260708_part01.ris::00222|WOS::WOS_NUCLEO_04_20260708_part01.ris::00207
REG_04675,doi_e_titulo,4,Scopus|WoS,scopus_nucleo_a1_manutencao_sustentabilidade|scopus_nucleo_a3_priorizacao_estrategia_manutencao|scopus_nucleo_a4_gestao_ativos_ciclo_vida|wos_nucleo_04,"Renovation Decision Support System for Residential Buildings Based on the Analysis of Operational Documentation, BIM, and Machine Learning",SCOPUS::scopus_nucleo_a1_manutencao_sustentabilidade_raw.csv::04682|SCOPUS::scopus_nucleo_a3_priorizacao_estrategia_manutencao_raw.csv::00014|SCOPUS::scopus_nucleo_a4_gestao_ativos_ciclo_vida_raw.csv::00035|WOS::WOS_NUCLEO_04_20260708_part01.ris::00279
REG_04684,doi_e_titulo,2,Scopus|WoS,scopus_nucleo_a1_manutencao_sustentabilidade|wos_nucleo_01,"Deep Learning in the Architecture, Engineering, and Construction (AEC) Industry: Methods, Challenges, and Emerging Opportunities",SCOPUS::scopus_nucleo_a1_manutencao_sustentabilidade_raw.csv::04691|WOS::WOS_NUCLEO_01_20260708_part01.ris::00383
REG_04685,doi_e_titulo,2,Scopus|WoS,scopus_nucleo_a1_manutencao_sustentabilidade|wos_nucleo_01,A Comprehensive Resilience Assessment Model for Smart Ports: A System Dynamics Simulation of Ningbo-Zhoushan Port in the Context of Digital Transformation,SCOPUS::scopus_nucleo_a1_manutencao_sustentabilidade_raw.csv::04692|WOS::WOS_NUCLEO_01_20260708_part01.ris::00543
REG_04686,doi_e_titulo,2,Scopus|WoS,scopus_nucleo_a1_manutencao_sustentabilidade|wos_nucleo_04,BIM Implementation: A Scientometric Analysis of Global Research Trends and Progress of Two Decades,SCOPUS::scopus_nucleo_a1_manutencao_sustentabilidade_raw.csv::04693|WOS::WOS_NUCLEO_04_20260708_part01.ris::00438
REG_04697,doi_e_titulo,2,Scopus|WoS,scopus_nucleo_a1_manutencao_sustentabilidade|wos_nucleo_01,Reliable electricity to advance quality health care in low-resource settings,SCOPUS::scopus_nucleo_a1_manutencao_sustentabilidade_raw.csv::04704|WOS::WOS_NUCLEO_01_20260708_part01.ris::00579
REG_04700,doi_e_titulo,2,Scopus,scopus_nucleo_a1_manutencao_sustentabilidade|scopus_nucleo_a4_gestao_ativos_ciclo_vida,"A Review of Hydrogen Production by SOEC Water Electrolysis: Mechanism, Materials, and Renewable Energy Coupling",SCOPUS::scopus_nucleo_a1_manutencao_sustentabilidade_raw.csv::04707|SCOPUS::scopus_nucleo_a4_gestao_ativos_ciclo_vida_raw.csv::00036
REG_04701,doi_e_titulo,2,Scopus|WoS,scopus_nucleo_a1_manutencao_sustentabilidade|wos_nucleo_02,Exploring the dynamics of sustainable facility management in tertiary institutions in Nigeria: perspectives from Oyo state,SCOPUS::scopus_nucleo_a1_manutencao_sustentabilidade_raw.csv::04708|WOS::WOS_NUCLEO_02_20260708_part01.ris::00230
REG_04702,doi_e_titulo,2,Scopus,scopus_nucleo_a1_manutencao_sustentabilidade|scopus_nucleo_a2_contexto_publico_universitario,SAFETY AS AN ORGANIZATIONAL DIMENSION: CHALLENGES OF PUBLIC MANAGEMENT IN RISK PREVENTION AND INSTITUTIONAL RESPONSIBILITY,SCOPUS::scopus_nucleo_a1_manutencao_sustentabilidade_raw.csv::04709|SCOPUS::scopus_nucleo_a2_contexto_publico_universitario_raw.csv::00014
REG_04708,doi_e_titulo,3,Scopus|WoS,scopus_nucleo_a1_manutencao_sustentabilidade|scopus_nucleo_a4_gestao_ativos_ciclo_vida|wos_nucleo_04,A systematic taxonomic review of the application of BIM and digital twins technologies in the construction industry,SCOPUS::scopus_nucleo_a1_manutencao_sustentabilidade_raw.csv::04715|SCOPUS::scopus_nucleo_a4_gestao_ativos_ciclo_vida_raw.csv::00037|WOS::WOS_NUCLEO_04_20260708_part01.ris::00371
REG_04712,doi_e_titulo,3,Scopus|WoS,scopus_nucleo_a1_manutencao_sustentabilidade|scopus_nucleo_a2_contexto_publico_universitario|wos_nucleo_02,Gender at play: examining disparities in the management of student leisure facilities in a technical university in Ghana,SCOPUS::scopus_nucleo_a1_manutencao_sustentabilidade_raw.csv::04719|SCOPUS::scopus_nucleo_a2_contexto_publico_universitario_raw.csv::00015|WOS::WOS_NUCLEO_02_20260708_part01.ris::00369
REG_04713,doi_e_titulo,2,Scopus,scopus_nucleo_a1_manutencao_sustentabilidade|scopus_nucleo_a4_gestao_ativos_ciclo_vida,Sustainable Manufacturing of High-Performance Ternary Geopolymer Composites Using Multi-Source Waste for Energy-Efficient Buildings,SCOPUS::scopus_nucleo_a1_manutencao_sustentabilidade_raw.csv::04720|SCOPUS::scopus_nucleo_a4_gestao_ativos_ciclo_vida_raw.csv::00038
REG_04714,doi_e_titulo,6,Scopus|WoS,scopus_nucleo_a1_manutencao_sustentabilidade|scopus_nucleo_a2_contexto_publico_universitario|scopus_nucleo_a4_gestao_ativos_ciclo_vida|wos_nucleo_01|wos_nucleo_02|wos_nucleo_04,Development of a Life-Cycle Green Evaluation Indicator System for Public Sports Venues,SCOPUS::scopus_nucleo_a1_manutencao_sustentabilidade_raw.csv::04721|SCOPUS::scopus_nucleo_a2_contexto_publico_universitario_raw.csv::00017|SCOPUS::scopus_nucleo_a4_gestao_ativos_ciclo_vida_raw.csv::00040|WOS::WOS_NUCLEO_01_20260708_part01.ris::00011|WOS::WOS_NUCLEO_02_20260708_part01.ris::00123|WOS::WOS_NUCLEO_04_20260708_part01.ris::00082
REG_04716,doi_e_titulo,2,Scopus,scopus_nucleo_a1_manutencao_sustentabilidade|scopus_nucleo_a2_contexto_publico_universitario,Digital Twin-Stakeholder Informed Best Practice Framework for Building Management: A Case of a University Library,SCOPUS::scopus_nucleo_a1_manutencao_sustentabilidade_raw.csv::04723|SCOPUS::scopus_nucleo_a2_contexto_publico_universitario_raw.csv::00018
REG_04717,doi_e_titulo,2,Scopus,scopus_nucleo_a1_manutencao_sustentabilidade|scopus_nucleo_a4_gestao_ativos_ciclo_vida,Intelligent optimisation for sustainable development of onshore wind farm battery energy storage systems: A systematic review,SCOPUS::scopus_nucleo_a1_manutencao_sustentabilidade_raw.csv::04724|SCOPUS::scopus_nucleo_a4_gestao_ativos_ciclo_vida_raw.csv::00043
REG_04718,doi_e_titulo,2,Scopus,scopus_nucleo_a1_manutencao_sustentabilidade|scopus_nucleo_a4_gestao_ativos_ciclo_vida,"Digital Twins Across the Asset Lifecycle: Technical, Organisational, Economic, and Regulatory Challenges",SCOPUS::scopus_nucleo_a1_manutencao_sustentabilidade_raw.csv::04725|SCOPUS::scopus_nucleo_a4_gestao_ativos_ciclo_vida_raw.csv::00045
REG_04719,doi_e_titulo,3,Scopus|WoS,scopus_nucleo_a1_manutencao_sustentabilidade|scopus_nucleo_a4_gestao_ativos_ciclo_vida|wos_nucleo_04,Assessing the Life Cycle Environmental Performance of Floating Wind Turbines,SCOPUS::scopus_nucleo_a1_manutencao_sustentabilidade_raw.csv::04726|SCOPUS::scopus_nucleo_a4_gestao_ativos_ciclo_vida_raw.csv::00039|WOS::WOS_NUCLEO_04_20260708_part01.ris::00033
REG_04720,doi_e_titulo,2,Scopus,scopus_nucleo_a1_manutencao_sustentabilidade|scopus_nucleo_a4_gestao_ativos_ciclo_vida,Ten questions concerning Large Language Models (LLMs) for building applications,SCOPUS::scopus_nucleo_a1_manutencao_sustentabilidade_raw.csv::04727|SCOPUS::scopus_nucleo_a4_gestao_ativos_ciclo_vida_raw.csv::00042
REG_04726,doi_e_titulo,3,Scopus|WoS,scopus_nucleo_a1_manutencao_sustentabilidade|scopus_nucleo_a4_gestao_ativos_ciclo_vida|wos_nucleo_04,"The technological development trends, barriers, and environmental impact assessment of solid oxide fuel cell (SOFC) from a life cycle perspective",SCOPUS::scopus_nucleo_a1_manutencao_sustentabilidade_raw.csv::04733|SCOPUS::scopus_nucleo_a4_gestao_ativos_ciclo_vida_raw.csv::00041|WOS::WOS_NUCLEO_04_20260708_part01.ris::00222
REG_04728,doi_e_titulo,3,Scopus|WoS,scopus_nucleo_a1_manutencao_sustentabilidade|scopus_nucleo_a4_gestao_ativos_ciclo_vida|wos_nucleo_04,The Role of Hydraulic Turbines in the Energy Transition: A Systematic Review of Methods for Evaluating and Optimizing Hydropower Plant Operation,SCOPUS::scopus_nucleo_a1_manutencao_sustentabilidade_raw.csv::04735|SCOPUS::scopus_nucleo_a4_gestao_ativos_ciclo_vida_raw.csv::00044|WOS::WOS_NUCLEO_04_20260708_part01.ris::00324
REG_04729,doi,2,Scopus|WoS,scopus_nucleo_a1_manutencao_sustentabilidade|wos_nucleo_01,UMAP and K-Means plus plus Based Degradation Condition Identification for Switch Machines || UMAP and K-Means++ Based Degradation Condition Identification for Switch Machines,SCOPUS::scopus_nucleo_a1_manutencao_sustentabilidade_raw.csv::04736|WOS::WOS_NUCLEO_01_20260708_part01.ris::00341
REG_04731,doi_e_titulo,2,Scopus,scopus_nucleo_a1_manutencao_sustentabilidade|scopus_nucleo_a2_contexto_publico_universitario,Exploring instruments and equipment management at university field scientific observation and research stations from a life cycle perspective,SCOPUS::scopus_nucleo_a1_manutencao_sustentabilidade_raw.csv::04738|SCOPUS::scopus_nucleo_a2_contexto_publico_universitario_raw.csv::00016
REG_04732,doi_e_titulo,2,Scopus,scopus_nucleo_a1_manutencao_sustentabilidade|scopus_nucleo_a4_gestao_ativos_ciclo_vida,"Research on the Integration of Design,Construction,Operation and Maintenance of Modular Low-Rise Buildings Based on Digital Intelligence Technology",SCOPUS::scopus_nucleo_a1_manutencao_sustentabilidade_raw.csv::04739|SCOPUS::scopus_nucleo_a4_gestao_ativos_ciclo_vida_raw.csv::00046
REG_04733,doi_e_titulo,2,Scopus|WoS,scopus_nucleo_a1_manutencao_sustentabilidade|wos_nucleo_01,Implementation of a risk factor-based pressure injury prevention protocol in a long-term care facility: a quality improvement project,SCOPUS::scopus_nucleo_a1_manutencao_sustentabilidade_raw.csv::04740|WOS::WOS_NUCLEO_01_20260708_part01.ris::00471
REG_04742,doi_e_titulo,4,Scopus|WoS,scopus_nucleo_a1_manutencao_sustentabilidade|scopus_nucleo_a4_gestao_ativos_ciclo_vida|wos_nucleo_01|wos_nucleo_04,"Vibration-Based Predictive Maintenance for Wind Turbines: A PRISMA-Guided Systematic Review on Methods, Applications, and Remaining Useful Life Prediction",SCOPUS::scopus_nucleo_a1_manutencao_sustentabilidade_raw.csv::04749|SCOPUS::scopus_nucleo_a4_gestao_ativos_ciclo_vida_raw.csv::00047|WOS::WOS_NUCLEO_01_20260708_part01.ris::00535|WOS::WOS_NUCLEO_04_20260708_part01.ris::00478
REG_04745,doi_e_titulo,2,Scopus|WoS,scopus_nucleo_a1_manutencao_sustentabilidade|wos_nucleo_01,Modern irrigation development: hybrid MCDM-GIS framework for identifying potential areas and feasibility assessment (theory and application in a semi-arid region),SCOPUS::scopus_nucleo_a1_manutencao_sustentabilidade_raw.csv::04752|WOS::WOS_NUCLEO_01_20260708_part01.ris::00104
REG_04749,doi_e_titulo,2,Scopus,scopus_nucleo_a1_manutencao_sustentabilidade|scopus_nucleo_a4_gestao_ativos_ciclo_vida,Considering Carbon Emissions and Energy Consumption Costs in Project Pricing: A Case Study of a Commercial Building in Shanghai,SCOPUS::scopus_nucleo_a1_manutencao_sustentabilidade_raw.csv::04756|SCOPUS::scopus_nucleo_a4_gestao_ativos_ciclo_vida_raw.csv::00048
REG_04757,doi_e_titulo,2,Scopus|WoS,scopus_nucleo_a1_manutencao_sustentabilidade|wos_nucleo_01,Risk assessment of hydrogen-powered vehicle accidents based on fuzzy fault tree and ALARP criterion,SCOPUS::scopus_nucleo_a1_manutencao_sustentabilidade_raw.csv::04764|WOS::WOS_NUCLEO_01_20260708_part01.ris::00481
REG_04761,doi_e_titulo,3,Scopus|WoS,scopus_nucleo_a1_manutencao_sustentabilidade|scopus_nucleo_a4_gestao_ativos_ciclo_vida|wos_nucleo_04,Collaborative and life cycle-based project delivery for environmentally sustainable building construction: views of Finnish project professionals and building operation and maintenance experts,SCOPUS::scopus_nucleo_a1_manutencao_sustentabilidade_raw.csv::04768|SCOPUS::scopus_nucleo_a4_gestao_ativos_ciclo_vida_raw.csv::00049|WOS::WOS_NUCLEO_04_20260708_part01.ris::00068
REG_04763,doi_e_titulo,2,Scopus|WoS,scopus_nucleo_a1_manutencao_sustentabilidade|wos_nucleo_01,Urban facility management as an intermediary: navigating the trade-off between sustainable development and democracy,SCOPUS::scopus_nucleo_a1_manutencao_sustentabilidade_raw.csv::04770|WOS::WOS_NUCLEO_01_20260708_part01.ris::00398
REG_04765,doi_e_titulo,2,Scopus|WoS,scopus_nucleo_a1_manutencao_sustentabilidade|wos_nucleo_01,Developing a Health-Oriented Assessment Framework for Office Interior Renovation: Addressing Gaps in Green Building Certification Systems,SCOPUS::scopus_nucleo_a1_manutencao_sustentabilidade_raw.csv::04772|WOS::WOS_NUCLEO_01_20260708_part01.ris::00005
REG_04767,doi_e_titulo,2,Scopus,scopus_nucleo_a1_manutencao_sustentabilidade|scopus_nucleo_a2_contexto_publico_universitario,"Rule-Based Digital Twin: An Integrated Parametric-BIM Workflow for Life-Cycle Delivery of Free-Form, Special-Shaped Envelopes in Large-Scale Public Buildings",SCOPUS::scopus_nucleo_a1_manutencao_sustentabilidade_raw.csv::04774|SCOPUS::scopus_nucleo_a2_contexto_publico_universitario_raw.csv::00021
REG_04770,doi_e_titulo,2,Scopus,scopus_nucleo_a1_manutencao_sustentabilidade|scopus_nucleo_a4_gestao_ativos_ciclo_vida,APPLICATIONS OF DIGITAL TWIN (DT) FOR ENERGY SAVING AND CARBON REDUCTION OVER BUILDING LIFE CYCLE: A REVIEW,SCOPUS::scopus_nucleo_a1_manutencao_sustentabilidade_raw.csv::04777|SCOPUS::scopus_nucleo_a4_gestao_ativos_ciclo_vida_raw.csv::00050
REG_04771,doi_e_titulo,2,Scopus|WoS,scopus_nucleo_a1_manutencao_sustentabilidade|wos_nucleo_01,The Resilient and Intelligent Management of Cross-Regional Mega Infrastructure: An Integrated Evaluation and Strategy Study,SCOPUS::scopus_nucleo_a1_manutencao_sustentabilidade_raw.csv::04778|WOS::WOS_NUCLEO_01_20260708_part01.ris::00548
REG_04774,doi_e_titulo,2,Scopus|WoS,scopus_nucleo_a1_manutencao_sustentabilidade|wos_nucleo_01,Implementation Challenges of AI in Judicial Decision-Making in Jordan,SCOPUS::scopus_nucleo_a1_manutencao_sustentabilidade_raw.csv::04781|WOS::WOS_NUCLEO_01_20260708_part01.ris::00144
REG_04775,doi_e_titulo,2,Scopus|WoS,scopus_nucleo_a1_manutencao_sustentabilidade|wos_nucleo_01,An Improved Geospatial Object Detection Framework for Complex Urban and Environmental Remote Sensing Scenes,SCOPUS::scopus_nucleo_a1_manutencao_sustentabilidade_raw.csv::04782|WOS::WOS_NUCLEO_01_20260708_part01.ris::00374
REG_04788,doi_e_titulo,3,Scopus,scopus_nucleo_a1_manutencao_sustentabilidade|scopus_nucleo_a2_contexto_publico_universitario|scopus_nucleo_a4_gestao_ativos_ciclo_vida,Design of Construction Equipment Management Operation and Maintenance System Based on BIM and Big Data Algorithm,SCOPUS::scopus_nucleo_a1_manutencao_sustentabilidade_raw.csv::04795|SCOPUS::scopus_nucleo_a2_contexto_publico_universitario_raw.csv::00023|SCOPUS::scopus_nucleo_a4_gestao_ativos_ciclo_vida_raw.csv::00051
REG_04793,doi_e_titulo,2,Scopus,scopus_nucleo_a1_manutencao_sustentabilidade|scopus_nucleo_a3_priorizacao_estrategia_manutencao,Explainable Artificial Intelligence (XAI) for Interpretable Heritage Building Maintenance Prediction,SCOPUS::scopus_nucleo_a1_manutencao_sustentabilidade_raw.csv::04800|SCOPUS::scopus_nucleo_a3_priorizacao_estrategia_manutencao_raw.csv::00022
REG_04796,doi_e_titulo,4,Scopus|WoS,scopus_nucleo_a1_manutencao_sustentabilidade|scopus_nucleo_a4_gestao_ativos_ciclo_vida|wos_nucleo_01|wos_nucleo_04,Integrating life cycle assessment and building information modelling: A purpose-driven approach,SCOPUS::scopus_nucleo_a1_manutencao_sustentabilidade_raw.csv::04803|SCOPUS::scopus_nucleo_a4_gestao_ativos_ciclo_vida_raw.csv::00052|WOS::WOS_NUCLEO_01_20260708_part01.ris::00236|WOS::WOS_NUCLEO_04_20260708_part01.ris::00131
REG_04801,doi_e_titulo,2,Scopus|WoS,scopus_nucleo_a1_manutencao_sustentabilidade|wos_nucleo_01,Identifying Priority Research Questions for Decentralized Wastewater,SCOPUS::scopus_nucleo_a1_manutencao_sustentabilidade_raw.csv::04808|WOS::WOS_NUCLEO_01_20260708_part01.ris::00571
REG_04805,doi_e_titulo,2,Scopus,scopus_nucleo_a1_manutencao_sustentabilidade|scopus_nucleo_a4_gestao_ativos_ciclo_vida,Unveiling the Long-Term Value of Green Buildings for Self-Sufficient Units: A Life Cycle Cost and Budget Analysis in the Albanian Landscape,SCOPUS::scopus_nucleo_a1_manutencao_sustentabilidade_raw.csv::04812|SCOPUS::scopus_nucleo_a4_gestao_ativos_ciclo_vida_raw.csv::00055
REG_04807,doi_e_titulo,3,Scopus,scopus_nucleo_a1_manutencao_sustentabilidade|scopus_nucleo_a2_contexto_publico_universitario|scopus_nucleo_a4_gestao_ativos_ciclo_vida,The Impact of Green Building Maintenance Practices in Mitigating Prominent Defects at Universiti Teknologi Mara (Uitm): A Systematic Literature Review (SLR),SCOPUS::scopus_nucleo_a1_manutencao_sustentabilidade_raw.csv::04814|SCOPUS::scopus_nucleo_a2_contexto_publico_universitario_raw.csv::00025|SCOPUS::scopus_nucleo_a4_gestao_ativos_ciclo_vida_raw.csv::00070
REG_04811,doi_e_titulo,2,Scopus,scopus_nucleo_a1_manutencao_sustentabilidade|scopus_nucleo_a2_contexto_publico_universitario,Achieving environmental sustainability in existing university buildings through an effective retrofitting and rating system,SCOPUS::scopus_nucleo_a1_manutencao_sustentabilidade_raw.csv::04818|SCOPUS::scopus_nucleo_a2_contexto_publico_universitario_raw.csv::00031
REG_04813,doi_e_titulo,2,Scopus|WoS,scopus_nucleo_a1_manutencao_sustentabilidade|wos_nucleo_01,"Improving the performance of green office buildings in mainland China through facility management under the ""dual carbon"" goals",SCOPUS::scopus_nucleo_a1_manutencao_sustentabilidade_raw.csv::04820|WOS::WOS_NUCLEO_01_20260708_part01.ris::00023
REG_04815,doi_e_titulo,2,Scopus,scopus_nucleo_a1_manutencao_sustentabilidade|scopus_nucleo_a4_gestao_ativos_ciclo_vida,Ergonomics of the Built Environment: Principles and Architectural Design Methodology,SCOPUS::scopus_nucleo_a1_manutencao_sustentabilidade_raw.csv::04822|SCOPUS::scopus_nucleo_a4_gestao_ativos_ciclo_vida_raw.csv::00092
REG_04818,doi_e_titulo,2,Scopus,scopus_nucleo_a1_manutencao_sustentabilidade|scopus_nucleo_a2_contexto_publico_universitario,Energy Efficiency in Educational Buildings,SCOPUS::scopus_nucleo_a1_manutencao_sustentabilidade_raw.csv::04825|SCOPUS::scopus_nucleo_a2_contexto_publico_universitario_raw.csv::00033
REG_04820,doi_e_titulo,2,Scopus,scopus_nucleo_a1_manutencao_sustentabilidade|scopus_nucleo_a2_contexto_publico_universitario,Research and Analysis on the Application of Building Energy Management Systems in China Based on Questionnaire,SCOPUS::scopus_nucleo_a1_manutencao_sustentabilidade_raw.csv::04827|SCOPUS::scopus_nucleo_a2_contexto_publico_universitario_raw.csv::00038
REG_04823,doi_e_titulo,4,Scopus|WoS,scopus_nucleo_a1_manutencao_sustentabilidade|scopus_nucleo_a4_gestao_ativos_ciclo_vida|wos_nucleo_01|wos_nucleo_04,A Life Cycle AI-Assisted Model for Optimizing Sustainable Material Selection,SCOPUS::scopus_nucleo_a1_manutencao_sustentabilidade_raw.csv::04830|SCOPUS::scopus_nucleo_a4_gestao_ativos_ciclo_vida_raw.csv::00063|WOS::WOS_NUCLEO_01_20260708_part01.ris::00019|WOS::WOS_NUCLEO_04_20260708_part01.ris::00220
REG_04824,doi_e_titulo,2,Scopus,scopus_nucleo_a1_manutencao_sustentabilidade|scopus_nucleo_a4_gestao_ativos_ciclo_vida,Framework for Environmental Life Cycle Assessment of Operation Strategies for Existing Building Envelopes,SCOPUS::scopus_nucleo_a1_manutencao_sustentabilidade_raw.csv::04831|SCOPUS::scopus_nucleo_a4_gestao_ativos_ciclo_vida_raw.csv::00053
REG_04825,doi_e_titulo,4,Scopus|WoS,scopus_nucleo_a1_manutencao_sustentabilidade|scopus_nucleo_a4_gestao_ativos_ciclo_vida|wos_nucleo_01|wos_nucleo_04,Building Information Modeling as the Pillar of Intelligent Building Management and Maintenance,SCOPUS::scopus_nucleo_a1_manutencao_sustentabilidade_raw.csv::04832|SCOPUS::scopus_nucleo_a4_gestao_ativos_ciclo_vida_raw.csv::00059|WOS::WOS_NUCLEO_01_20260708_part01.ris::00262|WOS::WOS_NUCLEO_04_20260708_part01.ris::00340
REG_04826,doi_e_titulo,2,Scopus,scopus_nucleo_a1_manutencao_sustentabilidade|scopus_nucleo_a4_gestao_ativos_ciclo_vida,AI-Integrated Digital Twin Framework for Quality and Performance Management in Sustainable Buildings,SCOPUS::scopus_nucleo_a1_manutencao_sustentabilidade_raw.csv::04833|SCOPUS::scopus_nucleo_a4_gestao_ativos_ciclo_vida_raw.csv::00068
REG_04828,doi_e_titulo,3,Scopus,scopus_nucleo_a1_manutencao_sustentabilidade|scopus_nucleo_a3_priorizacao_estrategia_manutencao|scopus_nucleo_a4_gestao_ativos_ciclo_vida,Structuring and Integrating Building Facilities Management Data in Smart Built Environments: A Case Study from the CESI Nanterre Campus,SCOPUS::scopus_nucleo_a1_manutencao_sustentabilidade_raw.csv::04835|SCOPUS::scopus_nucleo_a3_priorizacao_estrategia_manutencao_raw.csv::00026|SCOPUS::scopus_nucleo_a4_gestao_ativos_ciclo_vida_raw.csv::00058
REG_04830,doi_e_titulo,2,Scopus|WoS,scopus_nucleo_a1_manutencao_sustentabilidade|wos_nucleo_02,Data integration and machine learning applications for improved text classification and performance benchmarking in small buildings,SCOPUS::scopus_nucleo_a1_manutencao_sustentabilidade_raw.csv::04837|WOS::WOS_NUCLEO_02_20260708_part01.ris::00225
REG_04832,doi_e_titulo,2,Scopus,scopus_nucleo_a1_manutencao_sustentabilidade|scopus_nucleo_a4_gestao_ativos_ciclo_vida,Embedding Life Cycle Thinking in a National Research Facility: Environmental Sustainability Analysis of Electron Paramagnetic Resonance Infrastructure,SCOPUS::scopus_nucleo_a1_manutencao_sustentabilidade_raw.csv::04839|SCOPUS::scopus_nucleo_a4_gestao_ativos_ciclo_vida_raw.csv::00056
REG_04834,doi_e_titulo,2,Scopus,scopus_nucleo_a1_manutencao_sustentabilidade|scopus_nucleo_a2_contexto_publico_universitario,Integrating Passive and Active Strategies: A Conceptual Framework for Building Energy Efficiency in Higher Education Institutions,SCOPUS::scopus_nucleo_a1_manutencao_sustentabilidade_raw.csv::04841|SCOPUS::scopus_nucleo_a2_contexto_publico_universitario_raw.csv::00024
REG_04837,doi_e_titulo,2,Crossref|Scopus,crossref_nucleo_a2|scopus_nucleo_a1_manutencao_sustentabilidade,Sustainability Considerations and Practices in Facilities Management Outsourcing,SCOPUS::scopus_nucleo_a1_manutencao_sustentabilidade_raw.csv::04844|CROSSREF::crossref_nucleo_a2_raw.csv::00010
REG_04839,doi_e_titulo,2,Scopus,scopus_nucleo_a1_manutencao_sustentabilidade|scopus_nucleo_a4_gestao_ativos_ciclo_vida,AI-Enabled Technology Adoption Models for Smart Construction and Facility Operations,SCOPUS::scopus_nucleo_a1_manutencao_sustentabilidade_raw.csv::04846|SCOPUS::scopus_nucleo_a4_gestao_ativos_ciclo_vida_raw.csv::00082
REG_04840,titulo_normalizado,2,Scopus,scopus_nucleo_a1_manutencao_sustentabilidade|scopus_nucleo_a4_gestao_ativos_ciclo_vida,PERCEIVED RISK-BASED MAINTENANCE MANAGEMENT (PRBMM) MODEL FOR PUBLIC SCHOOLS BUILDING PERFORMANCE,SCOPUS::scopus_nucleo_a1_manutencao_sustentabilidade_raw.csv::04847|SCOPUS::scopus_nucleo_a4_gestao_ativos_ciclo_vida_raw.csv::00084
REG_04841,doi_e_titulo,3,Scopus|WoS,scopus_nucleo_a1_manutencao_sustentabilidade|scopus_nucleo_a4_gestao_ativos_ciclo_vida|wos_nucleo_04,Life-cycle cost assessment of self-centering tall-pier bridges,SCOPUS::scopus_nucleo_a1_manutencao_sustentabilidade_raw.csv::04848|SCOPUS::scopus_nucleo_a4_gestao_ativos_ciclo_vida_raw.csv::00054|WOS::WOS_NUCLEO_04_20260708_part01.ris::00014
REG_04844,doi_e_titulo,2,Scopus|WoS,scopus_nucleo_a1_manutencao_sustentabilidade|wos_nucleo_01,Conceptual design of a climate database to mitigate the climate change implications on buildings,SCOPUS::scopus_nucleo_a1_manutencao_sustentabilidade_raw.csv::04851|WOS::WOS_NUCLEO_01_20260708_part01.ris::00164
REG_04848,doi_e_titulo,2,Crossref|Scopus,crossref_nucleo_a2|scopus_nucleo_a1_manutencao_sustentabilidade,Digital Building Stewards: AI Systems for Energy-Efficient Facility Management,SCOPUS::scopus_nucleo_a1_manutencao_sustentabilidade_raw.csv::04855|CROSSREF::crossref_nucleo_a2_raw.csv::00004
REG_04850,doi_e_titulo,2,Scopus,scopus_nucleo_a1_manutencao_sustentabilidade|scopus_nucleo_a3_priorizacao_estrategia_manutencao,Digital Twins for Building Renovation – What is the Added Value?,SCOPUS::scopus_nucleo_a1_manutencao_sustentabilidade_raw.csv::04857|SCOPUS::scopus_nucleo_a3_priorizacao_estrategia_manutencao_raw.csv::00027
REG_04852,doi_e_titulo,2,Crossref|Scopus,crossref_nucleo_a2|scopus_nucleo_a1_manutencao_sustentabilidade,An Anthropological Perspective on Urban Facility Management,SCOPUS::scopus_nucleo_a1_manutencao_sustentabilidade_raw.csv::04859|CROSSREF::crossref_nucleo_a2_raw.csv::00186
REG_04855,doi_e_titulo,2,Scopus|WoS,scopus_nucleo_a1_manutencao_sustentabilidade|wos_nucleo_01,Impact of value management critical success factors on overall sustainability success in Australian steel sector,SCOPUS::scopus_nucleo_a1_manutencao_sustentabilidade_raw.csv::04862|WOS::WOS_NUCLEO_01_20260708_part01.ris::00369
REG_04857,doi_e_titulo,2,Scopus,scopus_nucleo_a1_manutencao_sustentabilidade|scopus_nucleo_a4_gestao_ativos_ciclo_vida,Research on intelligent maintenance and energy consumption optimization of green highway driven by intelligent perception and big data,SCOPUS::scopus_nucleo_a1_manutencao_sustentabilidade_raw.csv::04864|SCOPUS::scopus_nucleo_a4_gestao_ativos_ciclo_vida_raw.csv::00069
REG_04858,doi_e_titulo,3,Scopus|WoS,scopus_nucleo_a1_manutencao_sustentabilidade|scopus_nucleo_a4_gestao_ativos_ciclo_vida|wos_nucleo_04,Study on the Impact of Temperature and Humidity Variations in Climate Zones on the Life-Cycle Assessment of Wall Materials,SCOPUS::scopus_nucleo_a1_manutencao_sustentabilidade_raw.csv::04865|SCOPUS::scopus_nucleo_a4_gestao_ativos_ciclo_vida_raw.csv::00057|WOS::WOS_NUCLEO_04_20260708_part01.ris::00056
REG_04869,doi_e_titulo,2,Scopus,scopus_nucleo_a1_manutencao_sustentabilidade|scopus_nucleo_a4_gestao_ativos_ciclo_vida,Life-cycle-oriented Selection Framework for Solar Shading Devices in Hot—arid Building Façades: From Traditional Precedents to PV-integrated Systems,SCOPUS::scopus_nucleo_a1_manutencao_sustentabilidade_raw.csv::04876|SCOPUS::scopus_nucleo_a4_gestao_ativos_ciclo_vida_raw.csv::00061
REG_04871,doi_e_titulo,2,Scopus|WoS,scopus_nucleo_a1_manutencao_sustentabilidade|wos_nucleo_01,Generative AI in facility management: a structural topic modeling (STM) review with qualitative synthesis,SCOPUS::scopus_nucleo_a1_manutencao_sustentabilidade_raw.csv::04878|WOS::WOS_NUCLEO_01_20260708_part01.ris::00387
REG_04872,doi_e_titulo,2,Scopus|WoS,scopus_nucleo_a1_manutencao_sustentabilidade|wos_nucleo_01,A digital twin implementation strategy for predictive maintenance in facility management,SCOPUS::scopus_nucleo_a1_manutencao_sustentabilidade_raw.csv::04879|WOS::WOS_NUCLEO_01_20260708_part01.ris::00298
REG_04873,doi_e_titulo,2,Scopus,scopus_nucleo_a1_manutencao_sustentabilidade|scopus_nucleo_a4_gestao_ativos_ciclo_vida,"Research Progress of PEDF Technology Based on Life Cycle Assessment Theory of Building: Technological Innovation, Analysis of Sustainable Oriented Inventory, Development Prospects",SCOPUS::scopus_nucleo_a1_manutencao_sustentabilidade_raw.csv::04880|SCOPUS::scopus_nucleo_a4_gestao_ativos_ciclo_vida_raw.csv::00064
REG_04875,doi_e_titulo,2,Scopus,scopus_nucleo_a1_manutencao_sustentabilidade|scopus_nucleo_a4_gestao_ativos_ciclo_vida,"Drivers and Barriers for the Analysis of Environmental, Social, and Governance (ESG) Metrics in Buildings",SCOPUS::scopus_nucleo_a1_manutencao_sustentabilidade_raw.csv::04882|SCOPUS::scopus_nucleo_a4_gestao_ativos_ciclo_vida_raw.csv::00073
REG_04878,doi_e_titulo,4,Crossref|Scopus,crossref_nucleo_a3|scopus_nucleo_a1_manutencao_sustentabilidade|scopus_nucleo_a2_contexto_publico_universitario|scopus_nucleo_a4_gestao_ativos_ciclo_vida,Post-occupancy Evaluation as a Tool for Promoting Sustainability in the Operation and Maintenance of University Buildings,SCOPUS::scopus_nucleo_a1_manutencao_sustentabilidade_raw.csv::04885|SCOPUS::scopus_nucleo_a2_contexto_publico_universitario_raw.csv::00032|SCOPUS::scopus_nucleo_a4_gestao_ativos_ciclo_vida_raw.csv::00062|CROSSREF::crossref_nucleo_a3_raw.csv::00064
REG_04880,doi_e_titulo,2,Scopus,scopus_nucleo_a1_manutencao_sustentabilidade|scopus_nucleo_a4_gestao_ativos_ciclo_vida,Offshore wind farm operations under reliability uncertainty: a financial and environmental impact assessment,SCOPUS::scopus_nucleo_a1_manutencao_sustentabilidade_raw.csv::04887|SCOPUS::scopus_nucleo_a4_gestao_ativos_ciclo_vida_raw.csv::00078
REG_04881,doi_e_titulo,2,Scopus,scopus_nucleo_a1_manutencao_sustentabilidade|scopus_nucleo_a4_gestao_ativos_ciclo_vida,"Enhancing Energy Efficiency in Road Transport Systems: A Comparative Study of Australia, Hong Kong and the UK",SCOPUS::scopus_nucleo_a1_manutencao_sustentabilidade_raw.csv::04888|SCOPUS::scopus_nucleo_a4_gestao_ativos_ciclo_vida_raw.csv::00075
REG_04882,doi_e_titulo,2,Scopus,scopus_nucleo_a1_manutencao_sustentabilidade|scopus_nucleo_a4_gestao_ativos_ciclo_vida,Case Study 9 Building Management Systems,SCOPUS::scopus_nucleo_a1_manutencao_sustentabilidade_raw.csv::04889|SCOPUS::scopus_nucleo_a4_gestao_ativos_ciclo_vida_raw.csv::00076
REG_04883,doi_e_titulo,2,Scopus,scopus_nucleo_a1_manutencao_sustentabilidade|scopus_nucleo_a4_gestao_ativos_ciclo_vida,The Impact of Blockchain Technology for Sustainable Asset Maintenance in Telecoms Domain in Emerging Markets,SCOPUS::scopus_nucleo_a1_manutencao_sustentabilidade_raw.csv::04890|SCOPUS::scopus_nucleo_a4_gestao_ativos_ciclo_vida_raw.csv::00071
REG_04886,doi_e_titulo,3,Scopus|WoS,scopus_nucleo_a1_manutencao_sustentabilidade|scopus_nucleo_a4_gestao_ativos_ciclo_vida|wos_nucleo_04,"A systematic literature review of digital twin research for photovoltaic systems: Trends, challenges, and opportunities",SCOPUS::scopus_nucleo_a1_manutencao_sustentabilidade_raw.csv::04893|SCOPUS::scopus_nucleo_a4_gestao_ativos_ciclo_vida_raw.csv::00077|WOS::WOS_NUCLEO_04_20260708_part01.ris::00390
REG_04888,doi_e_titulo,3,Scopus,scopus_nucleo_a1_manutencao_sustentabilidade|scopus_nucleo_a3_priorizacao_estrategia_manutencao|scopus_nucleo_a4_gestao_ativos_ciclo_vida,BIM-Powered Asset Management Solutions—Digitalizing Building Maintenance,SCOPUS::scopus_nucleo_a1_manutencao_sustentabilidade_raw.csv::04895|SCOPUS::scopus_nucleo_a3_priorizacao_estrategia_manutencao_raw.csv::00035|SCOPUS::scopus_nucleo_a4_gestao_ativos_ciclo_vida_raw.csv::00060
REG_04898,doi_e_titulo,2,Scopus,scopus_nucleo_a1_manutencao_sustentabilidade|scopus_nucleo_a4_gestao_ativos_ciclo_vida,"Sustainable HVAC Solutions for a Healthcare Facility: Design, Simulation, and Cost Evaluation",SCOPUS::scopus_nucleo_a1_manutencao_sustentabilidade_raw.csv::04905|SCOPUS::scopus_nucleo_a4_gestao_ativos_ciclo_vida_raw.csv::00066
REG_04899,doi_e_titulo,2,Scopus,scopus_nucleo_a1_manutencao_sustentabilidade|scopus_nucleo_a4_gestao_ativos_ciclo_vida,Systematic review of mycelium-based composites as sustainable insulators for carbon-neutral building envelopes,SCOPUS::scopus_nucleo_a1_manutencao_sustentabilidade_raw.csv::04906|SCOPUS::scopus_nucleo_a4_gestao_ativos_ciclo_vida_raw.csv::00067
REG_04900,doi_e_titulo,2,Scopus,scopus_nucleo_a1_manutencao_sustentabilidade|scopus_nucleo_a4_gestao_ativos_ciclo_vida,Full Life Cycle Management of Smart Distribution Network Based on Digital Twin: System Architecture and Application Verification,SCOPUS::scopus_nucleo_a1_manutencao_sustentabilidade_raw.csv::04907|SCOPUS::scopus_nucleo_a4_gestao_ativos_ciclo_vida_raw.csv::00074
REG_04902,doi_e_titulo,5,Scopus|WoS,scopus_nucleo_a1_manutencao_sustentabilidade|scopus_nucleo_a3_priorizacao_estrategia_manutencao|scopus_nucleo_a4_gestao_ativos_ciclo_vida|wos_nucleo_01|wos_nucleo_04,Evaluating the impact of healthcare facilities and service quality on patient satisfaction in Malaysian private hospitals: a PLS-SEM approach,SCOPUS::scopus_nucleo_a1_manutencao_sustentabilidade_raw.csv::04909|SCOPUS::scopus_nucleo_a3_priorizacao_estrategia_manutencao_raw.csv::00028|SCOPUS::scopus_nucleo_a4_gestao_ativos_ciclo_vida_raw.csv::00065|WOS::WOS_NUCLEO_01_20260708_part01.ris::00521|WOS::WOS_NUCLEO_04_20260708_part01.ris::00450
REG_04908,doi_e_titulo,2,Scopus|WoS,scopus_nucleo_a1_manutencao_sustentabilidade|wos_nucleo_01,Operational Obstacles of the Building Information Model in Railway Infrastructures,SCOPUS::scopus_nucleo_a1_manutencao_sustentabilidade_raw.csv::04915|WOS::WOS_NUCLEO_01_20260708_part01.ris::00488
REG_04910,doi_e_titulo,3,Scopus|WoS,scopus_nucleo_a1_manutencao_sustentabilidade|wos_nucleo_01|wos_nucleo_04,Office environmental impact and people's choices: a model for measuring human influence during building operations || Office environmental impact and people’s choices: a model for measuring human influence during building operations,SCOPUS::scopus_nucleo_a1_manutencao_sustentabilidade_raw.csv::04917|WOS::WOS_NUCLEO_01_20260708_part01.ris::00366|WOS::WOS_NUCLEO_04_20260708_part01.ris::00295
REG_04913,doi_e_titulo,2,Scopus|WoS,scopus_nucleo_a1_manutencao_sustentabilidade|wos_nucleo_01,DIGITAL TWINS IN THE CONSTRUCTION INDUSTRY: A SYSTEMATIC REVIEW OF CURRENT PRACTICES AND FUTURE DIRECTIONS,SCOPUS::scopus_nucleo_a1_manutencao_sustentabilidade_raw.csv::04920|WOS::WOS_NUCLEO_01_20260708_part01.ris::00386
REG_04920,doi_e_titulo,2,Scopus,scopus_nucleo_a1_manutencao_sustentabilidade|scopus_nucleo_a4_gestao_ativos_ciclo_vida,Proactive Approaches to Refractory Integrity and Performance Optimization,SCOPUS::scopus_nucleo_a1_manutencao_sustentabilidade_raw.csv::04927|SCOPUS::scopus_nucleo_a4_gestao_ativos_ciclo_vida_raw.csv::00079
REG_04923,doi_e_titulo,2,Scopus|WoS,scopus_nucleo_a1_manutencao_sustentabilidade|wos_nucleo_01,Critical Analysis of WELL Criteria for Residential Buildings in Developing Countries,SCOPUS::scopus_nucleo_a1_manutencao_sustentabilidade_raw.csv::04930|WOS::WOS_NUCLEO_01_20260708_part01.ris::00365
REG_04926,titulo_normalizado,2,Scopus,scopus_nucleo_a1_manutencao_sustentabilidade|scopus_nucleo_a4_gestao_ativos_ciclo_vida,"21st Global Conference on Sustainable Manufacturing, GCSM 2025",SCOPUS::scopus_nucleo_a1_manutencao_sustentabilidade_raw.csv::04933|SCOPUS::scopus_nucleo_a4_gestao_ativos_ciclo_vida_raw.csv::00080
REG_04929,doi_e_titulo,3,Scopus|WoS,scopus_nucleo_a1_manutencao_sustentabilidade|scopus_nucleo_a4_gestao_ativos_ciclo_vida|wos_nucleo_04,"Breaking the ""idling dilemma"" of donated medical equipment: a TDABC-based analysis of health policy failure and a pathway to reform",SCOPUS::scopus_nucleo_a1_manutencao_sustentabilidade_raw.csv::04936|SCOPUS::scopus_nucleo_a4_gestao_ativos_ciclo_vida_raw.csv::00072|WOS::WOS_NUCLEO_04_20260708_part01.ris::00244
REG_04933,doi_e_titulo,3,Scopus|WoS,scopus_nucleo_a1_manutencao_sustentabilidade|scopus_nucleo_a4_gestao_ativos_ciclo_vida|wos_nucleo_04,Developing intelligent material selection framework for energy management and CO2 footprint reduction in wooden buildings: a case study,SCOPUS::scopus_nucleo_a1_manutencao_sustentabilidade_raw.csv::04940|SCOPUS::scopus_nucleo_a4_gestao_ativos_ciclo_vida_raw.csv::00083|WOS::WOS_NUCLEO_04_20260708_part01.ris::00416
REG_04934,doi_e_titulo,2,Scopus,scopus_nucleo_a1_manutencao_sustentabilidade|scopus_nucleo_a2_contexto_publico_universitario,Understanding Infrastructure Asset Management in Educational Institutes: A Case Study of Halls of Residence at IIT Kanpur,SCOPUS::scopus_nucleo_a1_manutencao_sustentabilidade_raw.csv::04941|SCOPUS::scopus_nucleo_a2_contexto_publico_universitario_raw.csv::00037
REG_04939,doi_e_titulo,2,Scopus|WoS,scopus_nucleo_a1_manutencao_sustentabilidade|wos_nucleo_01,Unraveling the impact of machine learning on the AEC sector: academia and industry perspectives,SCOPUS::scopus_nucleo_a1_manutencao_sustentabilidade_raw.csv::04946|WOS::WOS_NUCLEO_01_20260708_part01.ris::00582
REG_04950,doi_e_titulo,2,Scopus,scopus_nucleo_a1_manutencao_sustentabilidade|scopus_nucleo_a4_gestao_ativos_ciclo_vida,Exploring the Integration of Occupants’ Behaviour Data in Digital Twins,SCOPUS::scopus_nucleo_a1_manutencao_sustentabilidade_raw.csv::04957|SCOPUS::scopus_nucleo_a4_gestao_ativos_ciclo_vida_raw.csv::00090
REG_04951,doi_e_titulo,2,Scopus,scopus_nucleo_a1_manutencao_sustentabilidade|scopus_nucleo_a4_gestao_ativos_ciclo_vida,Blockchain Innovations for a Sustainable Circular Economy in Wind Energy,SCOPUS::scopus_nucleo_a1_manutencao_sustentabilidade_raw.csv::04958|SCOPUS::scopus_nucleo_a4_gestao_ativos_ciclo_vida_raw.csv::00089
REG_04953,doi_e_titulo,2,Scopus,scopus_nucleo_a1_manutencao_sustentabilidade|scopus_nucleo_a3_priorizacao_estrategia_manutencao,Spatial Intelligence for Efficient High-Rise Building Maintenance and Repair,SCOPUS::scopus_nucleo_a1_manutencao_sustentabilidade_raw.csv::04960|SCOPUS::scopus_nucleo_a3_priorizacao_estrategia_manutencao_raw.csv::00039
REG_04955,doi_e_titulo,2,Scopus|WoS,scopus_nucleo_a1_manutencao_sustentabilidade|wos_nucleo_01,A review of multi-horizon decision-making for operation and maintenance of fixed-bottom offshore wind farms,SCOPUS::scopus_nucleo_a1_manutencao_sustentabilidade_raw.csv::04962|WOS::WOS_NUCLEO_01_20260708_part01.ris::00166
REG_04966,doi_e_titulo,2,Scopus|WoS,scopus_nucleo_a1_manutencao_sustentabilidade|wos_nucleo_01,A hybrid metaheuristic for joint decision-making in remanufacturing-integrated operation and maintenance of complex manufacturing systems,SCOPUS::scopus_nucleo_a1_manutencao_sustentabilidade_raw.csv::04973|WOS::WOS_NUCLEO_01_20260708_part01.ris::00256
REG_04967,doi_e_titulo,4,Scopus|WoS,scopus_nucleo_a1_manutencao_sustentabilidade|scopus_nucleo_a2_contexto_publico_universitario|scopus_nucleo_a4_gestao_ativos_ciclo_vida|wos_nucleo_02,Service Engineering 4.0 Applicability: Results From Stakeholders′ Engagement Assessment in the Public Building Construction Projects,SCOPUS::scopus_nucleo_a1_manutencao_sustentabilidade_raw.csv::04974|SCOPUS::scopus_nucleo_a2_contexto_publico_universitario_raw.csv::00035|SCOPUS::scopus_nucleo_a4_gestao_ativos_ciclo_vida_raw.csv::00088|WOS::WOS_NUCLEO_02_20260708_part01.ris::00013
REG_04969,doi_e_titulo,2,Scopus,scopus_nucleo_a1_manutencao_sustentabilidade|scopus_nucleo_a4_gestao_ativos_ciclo_vida,Recommendations for Stay Cable Systems and Technology for Footbridges,SCOPUS::scopus_nucleo_a1_manutencao_sustentabilidade_raw.csv::04976|SCOPUS::scopus_nucleo_a4_gestao_ativos_ciclo_vida_raw.csv::00081
REG_04974,doi_e_titulo,2,Scopus,scopus_nucleo_a1_manutencao_sustentabilidade|scopus_nucleo_a4_gestao_ativos_ciclo_vida,How buildings shape occupant movement: a systematic review and framework,SCOPUS::scopus_nucleo_a1_manutencao_sustentabilidade_raw.csv::04981|SCOPUS::scopus_nucleo_a4_gestao_ativos_ciclo_vida_raw.csv::00091
REG_04975,titulo_normalizado,2,Scopus,scopus_nucleo_a1_manutencao_sustentabilidade|scopus_nucleo_a4_gestao_ativos_ciclo_vida,"Bridges and Sustainability: Best practice for design, maintenance and replacement",SCOPUS::scopus_nucleo_a1_manutencao_sustentabilidade_raw.csv::04982|SCOPUS::scopus_nucleo_a4_gestao_ativos_ciclo_vida_raw.csv::00085
REG_04991,doi_e_titulo,2,Scopus,scopus_nucleo_a1_manutencao_sustentabilidade|scopus_nucleo_a4_gestao_ativos_ciclo_vida,Construction quality framework for school buildings: damage detection and rectification prioritization,SCOPUS::scopus_nucleo_a1_manutencao_sustentabilidade_raw.csv::04998|SCOPUS::scopus_nucleo_a4_gestao_ativos_ciclo_vida_raw.csv::00086
REG_05016,doi_e_titulo,2,Scopus|WoS,scopus_nucleo_a1_manutencao_sustentabilidade|wos_nucleo_01,A Newton-Raphson-Based Optimizer for the Optimal Generation Allocation Problem Considering Operation and Maintenance Costs of Renewable Energy Sources || A Newton–Raphson-Based Optimizer for the Optimal Generation Allocation Problem Considering Operation and Maintenance Costs of Renewable Energy Sources,SCOPUS::scopus_nucleo_a1_manutencao_sustentabilidade_raw.csv::05023|WOS::WOS_NUCLEO_01_20260708_part01.ris::00581
REG_05022,doi_e_titulo,2,Scopus|WoS,scopus_nucleo_a1_manutencao_sustentabilidade|wos_nucleo_01,"Substituting Groundwater With Surface Water for Irrigation in Northern China: Current Status, Effectiveness and Challenges",SCOPUS::scopus_nucleo_a1_manutencao_sustentabilidade_raw.csv::05029|WOS::WOS_NUCLEO_01_20260708_part01.ris::00594
REG_05023,doi_e_titulo,2,Scopus|WoS,scopus_nucleo_a1_manutencao_sustentabilidade|wos_nucleo_01,Understanding smallholder farmers: the price they are willing to pay for irrigation services in Tanzania,SCOPUS::scopus_nucleo_a1_manutencao_sustentabilidade_raw.csv::05030|WOS::WOS_NUCLEO_01_20260708_part01.ris::00596
REG_05027,doi_e_titulo,2,Scopus,scopus_nucleo_a1_manutencao_sustentabilidade|scopus_nucleo_a4_gestao_ativos_ciclo_vida,A Novel Approach to Reduce Smog by Proposing Alternative to Bricks in Construction,SCOPUS::scopus_nucleo_a1_manutencao_sustentabilidade_raw.csv::05034|SCOPUS::scopus_nucleo_a4_gestao_ativos_ciclo_vida_raw.csv::00087
REG_05035,doi_e_titulo,2,Scopus|WoS,scopus_nucleo_a1_manutencao_sustentabilidade|wos_nucleo_01,Hybrid Optimisation of PV/Wind/BS Standalone System for Sustainable Energy Transition: Case Study of Nigeria,SCOPUS::scopus_nucleo_a1_manutencao_sustentabilidade_raw.csv::05042|WOS::WOS_NUCLEO_01_20260708_part01.ris::00510
REG_05043,doi_e_titulo,3,Scopus|WoS,scopus_nucleo_a1_manutencao_sustentabilidade|scopus_nucleo_a2_contexto_publico_universitario|wos_nucleo_02,A Bayesian optimized LSboost framework for energy usage intensity prediction in a university office building,SCOPUS::scopus_nucleo_a1_manutencao_sustentabilidade_raw.csv::05050|SCOPUS::scopus_nucleo_a2_contexto_publico_universitario_raw.csv::00036|WOS::WOS_NUCLEO_02_20260708_part01.ris::00155
REG_05051,doi_e_titulo,2,Scopus,scopus_nucleo_a1_manutencao_sustentabilidade|scopus_nucleo_a4_gestao_ativos_ciclo_vida,A Comprehensive Review of Key Technologies and Applications in Smart Manufacturing Systems: From Digital Foundations to Intelligent Applications,SCOPUS::scopus_nucleo_a1_manutencao_sustentabilidade_raw.csv::05058|SCOPUS::scopus_nucleo_a4_gestao_ativos_ciclo_vida_raw.csv::00093
REG_05060,doi_e_titulo,2,Scopus,scopus_nucleo_a1_manutencao_sustentabilidade|scopus_nucleo_a4_gestao_ativos_ciclo_vida,Multi-objective optimization for intelligent low-carbon building design considering urban hybrid islands,SCOPUS::scopus_nucleo_a1_manutencao_sustentabilidade_raw.csv::05067|SCOPUS::scopus_nucleo_a4_gestao_ativos_ciclo_vida_raw.csv::00094
REG_05061,doi_e_titulo,4,Scopus|WoS,scopus_nucleo_a1_manutencao_sustentabilidade|scopus_nucleo_a2_contexto_publico_universitario|wos_nucleo_01|wos_nucleo_02,Designing the future smart campus: integrating key elements to enhance user experience,SCOPUS::scopus_nucleo_a1_manutencao_sustentabilidade_raw.csv::05068|SCOPUS::scopus_nucleo_a2_contexto_publico_universitario_raw.csv::00043|WOS::WOS_NUCLEO_01_20260708_part01.ris::00608|WOS::WOS_NUCLEO_02_20260708_part01.ris::00237
REG_05064,doi_e_titulo,2,Scopus|WoS,scopus_nucleo_a1_manutencao_sustentabilidade|wos_nucleo_01,A multi-objective-based coordinated electric vehicle charging and discharging scheduling for grid support and cost efficiency,SCOPUS::scopus_nucleo_a1_manutencao_sustentabilidade_raw.csv::05071|WOS::WOS_NUCLEO_01_20260708_part01.ris::00583
REG_05066,doi_e_titulo,2,Scopus,scopus_nucleo_a1_manutencao_sustentabilidade|scopus_nucleo_a4_gestao_ativos_ciclo_vida,Analysis of building operational and maintenance risks in Padang City,SCOPUS::scopus_nucleo_a1_manutencao_sustentabilidade_raw.csv::05073|SCOPUS::scopus_nucleo_a4_gestao_ativos_ciclo_vida_raw.csv::00095
REG_05067,doi_e_titulo,2,Scopus|WoS,scopus_nucleo_a1_manutencao_sustentabilidade|wos_nucleo_02,Shared Failures: Uniting Four Career Pathways to Overcome Decentralized Wastewater Workforce Challenges in Limited-Resource Rural Communities,SCOPUS::scopus_nucleo_a1_manutencao_sustentabilidade_raw.csv::05074|WOS::WOS_NUCLEO_02_20260708_part01.ris::00311
REG_05070,doi_e_titulo,2,Scopus,scopus_nucleo_a1_manutencao_sustentabilidade|scopus_nucleo_a2_contexto_publico_universitario,Research on the application of digital twin technology in energy efficiency management of large-scale public building operation and maintenance,SCOPUS::scopus_nucleo_a1_manutencao_sustentabilidade_raw.csv::05077|SCOPUS::scopus_nucleo_a2_contexto_publico_universitario_raw.csv::00044
REG_05071,doi_e_titulo,2,Scopus,scopus_nucleo_a1_manutencao_sustentabilidade|scopus_nucleo_a4_gestao_ativos_ciclo_vida,Research on the construction of an integrated BIM and GIS-based smart operation and maintenance system for urban bridges throughout their entire lifecycle,SCOPUS::scopus_nucleo_a1_manutencao_sustentabilidade_raw.csv::05078|SCOPUS::scopus_nucleo_a4_gestao_ativos_ciclo_vida_raw.csv::00097
REG_05072,doi_e_titulo,2,Scopus,scopus_nucleo_a1_manutencao_sustentabilidade|scopus_nucleo_a4_gestao_ativos_ciclo_vida,Research on operation and maintenance system for hydropower stations based on digital twin,SCOPUS::scopus_nucleo_a1_manutencao_sustentabilidade_raw.csv::05079|SCOPUS::scopus_nucleo_a4_gestao_ativos_ciclo_vida_raw.csv::00096
REG_05078,doi_e_titulo,3,Scopus|WoS,scopus_nucleo_a1_manutencao_sustentabilidade|scopus_nucleo_a4_gestao_ativos_ciclo_vida|wos_nucleo_04,Research on the green development path of prefabricated building industry based on intelligent technology,SCOPUS::scopus_nucleo_a1_manutencao_sustentabilidade_raw.csv::05085|SCOPUS::scopus_nucleo_a4_gestao_ativos_ciclo_vida_raw.csv::00098|WOS::WOS_NUCLEO_04_20260708_part01.ris::00476
REG_05080,doi_e_titulo,2,Scopus|WoS,scopus_nucleo_a1_manutencao_sustentabilidade|wos_nucleo_01,Enhancing facility maintenance using knowledge-based BIM systems,SCOPUS::scopus_nucleo_a1_manutencao_sustentabilidade_raw.csv::05087|WOS::WOS_NUCLEO_01_20260708_part01.ris::00095
REG_05081,doi_e_titulo,2,Scopus|WoS,scopus_nucleo_a1_manutencao_sustentabilidade|wos_nucleo_01,3D Printing in Facilities Management: A Systematic Review Toward Smart and Sustainable Building Operations,SCOPUS::scopus_nucleo_a1_manutencao_sustentabilidade_raw.csv::05088|WOS::WOS_NUCLEO_01_20260708_part01.ris::00329
REG_05083,doi_e_titulo,3,Scopus|WoS,scopus_nucleo_a1_manutencao_sustentabilidade|scopus_nucleo_a4_gestao_ativos_ciclo_vida|wos_nucleo_04,Cost analysis comparison of reference and near-zero energy office building design in Indonesia: a life cycle approach and its sensitivity analysis,SCOPUS::scopus_nucleo_a1_manutencao_sustentabilidade_raw.csv::05090|SCOPUS::scopus_nucleo_a4_gestao_ativos_ciclo_vida_raw.csv::00099|WOS::WOS_NUCLEO_04_20260708_part01.ris::00061
REG_05084,doi_e_titulo,3,Scopus|WoS,scopus_nucleo_a1_manutencao_sustentabilidade|scopus_nucleo_a4_gestao_ativos_ciclo_vida|wos_nucleo_04,Life Cycle of Fuel Cells: From Raw Materials to End-of-Life Management,SCOPUS::scopus_nucleo_a1_manutencao_sustentabilidade_raw.csv::05091|SCOPUS::scopus_nucleo_a4_gestao_ativos_ciclo_vida_raw.csv::00100|WOS::WOS_NUCLEO_04_20260708_part01.ris::00187
REG_05089,doi_e_titulo,3,Scopus|WoS,scopus_nucleo_a1_manutencao_sustentabilidade|scopus_nucleo_a4_gestao_ativos_ciclo_vida|wos_nucleo_04,Life Cycle Environmental Impact Assessment of Offshore Wind Power Combined with Hydrogen Energy Storage System,SCOPUS::scopus_nucleo_a1_manutencao_sustentabilidade_raw.csv::05096|SCOPUS::scopus_nucleo_a4_gestao_ativos_ciclo_vida_raw.csv::00101|WOS::WOS_NUCLEO_04_20260708_part01.ris::00262
REG_05090,doi_e_titulo,4,Scopus|WoS,scopus_nucleo_a1_manutencao_sustentabilidade|scopus_nucleo_a4_gestao_ativos_ciclo_vida|wos_nucleo_01|wos_nucleo_04,Assessing the environmental sustainability of alternative design concepts for transmission systems of offshore renewable energy,SCOPUS::scopus_nucleo_a1_manutencao_sustentabilidade_raw.csv::05097|SCOPUS::scopus_nucleo_a4_gestao_ativos_ciclo_vida_raw.csv::00103|WOS::WOS_NUCLEO_01_20260708_part01.ris::00253|WOS::WOS_NUCLEO_04_20260708_part01.ris::00263
REG_05092,doi_e_titulo,2,Scopus,scopus_nucleo_a1_manutencao_sustentabilidade|scopus_nucleo_a2_contexto_publico_universitario,A case study on the calculation of carbon emissions over the entire life cycle of commercial office buildings based on measured data,SCOPUS::scopus_nucleo_a1_manutencao_sustentabilidade_raw.csv::05099|SCOPUS::scopus_nucleo_a2_contexto_publico_universitario_raw.csv::00047
REG_05093,doi_e_titulo,3,Scopus|WoS,scopus_nucleo_a1_manutencao_sustentabilidade|scopus_nucleo_a4_gestao_ativos_ciclo_vida|wos_nucleo_04,Life cycle assessment of offshore low-head pumped hydro storage and its comparison with other energy storage technologies,SCOPUS::scopus_nucleo_a1_manutencao_sustentabilidade_raw.csv::05100|SCOPUS::scopus_nucleo_a4_gestao_ativos_ciclo_vida_raw.csv::00102|WOS::WOS_NUCLEO_04_20260708_part01.ris::00316
REG_05094,doi_e_titulo,4,Scopus|WoS,scopus_nucleo_a1_manutencao_sustentabilidade|scopus_nucleo_a4_gestao_ativos_ciclo_vida|wos_nucleo_01|wos_nucleo_04,BIM as a Tool for Developing Smart Buildings in Smart Cities: Potentialities and Challenges,SCOPUS::scopus_nucleo_a1_manutencao_sustentabilidade_raw.csv::05101|SCOPUS::scopus_nucleo_a4_gestao_ativos_ciclo_vida_raw.csv::00104|WOS::WOS_NUCLEO_01_20260708_part01.ris::00268|WOS::WOS_NUCLEO_04_20260708_part01.ris::00317
REG_05102,doi_e_titulo,2,Scopus,scopus_nucleo_a1_manutencao_sustentabilidade|scopus_nucleo_a3_priorizacao_estrategia_manutencao,Enhancing Cost Prediction and Estimation Techniques for Sustainable Building Maintenance and Future Development,SCOPUS::scopus_nucleo_a1_manutencao_sustentabilidade_raw.csv::05109|SCOPUS::scopus_nucleo_a3_priorizacao_estrategia_manutencao_raw.csv::00056
REG_05111,doi_e_titulo,2,Scopus|WoS,scopus_nucleo_a1_manutencao_sustentabilidade|wos_nucleo_01,Study on the influencing factors of photovoltaic siting in coal mining subsidence areas-taking Shanxi Province as an example || Study on the influencing factors of photovoltaic siting in coal mining subsidence areas–taking Shanxi Province as an example,SCOPUS::scopus_nucleo_a1_manutencao_sustentabilidade_raw.csv::05118|WOS::WOS_NUCLEO_01_20260708_part01.ris::00119
REG_05118,doi_e_titulo,2,Scopus|WoS,scopus_nucleo_a1_manutencao_sustentabilidade|wos_nucleo_01,Mitigating the impacts of expressway construction on wildlife,SCOPUS::scopus_nucleo_a1_manutencao_sustentabilidade_raw.csv::05125|WOS::WOS_NUCLEO_01_20260708_part01.ris::00576
REG_05123,doi_e_titulo,2,Scopus|WoS,scopus_nucleo_a1_manutencao_sustentabilidade|wos_nucleo_01,Arsenic-Iron removal plants in water-challenged rural areas of Bangladesh: performance evaluation and user perception,SCOPUS::scopus_nucleo_a1_manutencao_sustentabilidade_raw.csv::05130|WOS::WOS_NUCLEO_01_20260708_part01.ris::00564
REG_05127,doi_e_titulo,2,Scopus,scopus_nucleo_a1_manutencao_sustentabilidade|scopus_nucleo_a4_gestao_ativos_ciclo_vida,"Moving Sustainable Building Operations Toward Carbon Neutrality with Deep Reinforcement Learning: Balancing Energy Savings, Multi-Dimensional Indoor Comfort, and Carbon Permit Revenue Performance",SCOPUS::scopus_nucleo_a1_manutencao_sustentabilidade_raw.csv::05134|SCOPUS::scopus_nucleo_a4_gestao_ativos_ciclo_vida_raw.csv::00105
REG_05135,doi_e_titulo,2,Scopus,scopus_nucleo_a1_manutencao_sustentabilidade|scopus_nucleo_a4_gestao_ativos_ciclo_vida,Evaluation of the Thermal Characteristics of Portland and Geopolymer Cement-Based Concrete Mixtures,SCOPUS::scopus_nucleo_a1_manutencao_sustentabilidade_raw.csv::05142|SCOPUS::scopus_nucleo_a4_gestao_ativos_ciclo_vida_raw.csv::00106
REG_05136,doi_e_titulo,2,Scopus,scopus_nucleo_a1_manutencao_sustentabilidade|scopus_nucleo_a3_priorizacao_estrategia_manutencao,CAFM – Integrated Tool for the Operational Phase of the Construction Life Cycle,SCOPUS::scopus_nucleo_a1_manutencao_sustentabilidade_raw.csv::05143|SCOPUS::scopus_nucleo_a3_priorizacao_estrategia_manutencao_raw.csv::00058
REG_05148,doi_e_titulo,5,Crossref|Scopus|WoS,crossref_nucleo_a2|scopus_nucleo_a1_manutencao_sustentabilidade|scopus_nucleo_a4_gestao_ativos_ciclo_vida|wos_nucleo_01|wos_nucleo_04,"Smart Building in Relation to Facility Management , Overcoming Barriers to Digitalization || Smart Building in Relation to Facility Management, Overcoming Barriers to Digitalization",SCOPUS::scopus_nucleo_a1_manutencao_sustentabilidade_raw.csv::05155|SCOPUS::scopus_nucleo_a4_gestao_ativos_ciclo_vida_raw.csv::00107|CROSSREF::crossref_nucleo_a2_raw.csv::00147|WOS::WOS_NUCLEO_01_20260708_part01.ris::00206|WOS::WOS_NUCLEO_04_20260708_part01.ris::00186
REG_05150,doi_e_titulo,4,Scopus|WoS,scopus_nucleo_a1_manutencao_sustentabilidade|scopus_nucleo_a4_gestao_ativos_ciclo_vida|wos_nucleo_01|wos_nucleo_04,Artificial Intelligence Empowering the Transformation of Building Maintenance: Current State of Research and Knowledge,SCOPUS::scopus_nucleo_a1_manutencao_sustentabilidade_raw.csv::05157|SCOPUS::scopus_nucleo_a4_gestao_ativos_ciclo_vida_raw.csv::00109|WOS::WOS_NUCLEO_01_20260708_part01.ris::00021|WOS::WOS_NUCLEO_04_20260708_part01.ris::00249
REG_05152,doi_e_titulo,2,Scopus|WoS,scopus_nucleo_a1_manutencao_sustentabilidade|wos_nucleo_01,Semantic Web Technologies in Construction Facility Management: A Bibliometric Analysis and Future Directions,SCOPUS::scopus_nucleo_a1_manutencao_sustentabilidade_raw.csv::05159|WOS::WOS_NUCLEO_01_20260708_part01.ris::00486
REG_05154,doi_e_titulo,4,Scopus|WoS,scopus_nucleo_a1_manutencao_sustentabilidade|scopus_nucleo_a4_gestao_ativos_ciclo_vida|wos_nucleo_01|wos_nucleo_04,Critical assessment of the scope and applicability of circularity indicators for the sustainable life cycle management of wind turbine blades,SCOPUS::scopus_nucleo_a1_manutencao_sustentabilidade_raw.csv::05161|SCOPUS::scopus_nucleo_a4_gestao_ativos_ciclo_vida_raw.csv::00108|WOS::WOS_NUCLEO_01_20260708_part01.ris::00186|WOS::WOS_NUCLEO_04_20260708_part01.ris::00255
REG_05156,doi_e_titulo,3,Scopus|WoS,scopus_nucleo_a1_manutencao_sustentabilidade|scopus_nucleo_a4_gestao_ativos_ciclo_vida|wos_nucleo_04,ITA - AITES tunnelling information modelling - A BIM approach for a sustainable life cycle management || ITA − AITES tunnelling information modelling − A BIM approach for a sustainable life cycle management,SCOPUS::scopus_nucleo_a1_manutencao_sustentabilidade_raw.csv::05163|SCOPUS::scopus_nucleo_a4_gestao_ativos_ciclo_vida_raw.csv::00110|WOS::WOS_NUCLEO_04_20260708_part01.ris::00336
REG_05160,doi_e_titulo,6,Scopus|WoS,scopus_nucleo_a1_manutencao_sustentabilidade|scopus_nucleo_a2_contexto_publico_universitario|scopus_nucleo_a4_gestao_ativos_ciclo_vida|wos_nucleo_01|wos_nucleo_02|wos_nucleo_04,Geographic Information System-Based Stock Characterization of College Building Archetypes in Saudi Public Universities,SCOPUS::scopus_nucleo_a1_manutencao_sustentabilidade_raw.csv::05167|SCOPUS::scopus_nucleo_a2_contexto_publico_universitario_raw.csv::00049|SCOPUS::scopus_nucleo_a4_gestao_ativos_ciclo_vida_raw.csv::00111|WOS::WOS_NUCLEO_01_20260708_part01.ris::00599|WOS::WOS_NUCLEO_02_20260708_part01.ris::00056|WOS::WOS_NUCLEO_04_20260708_part01.ris::00492
REG_05161,doi_e_titulo,4,Crossref|Scopus|WoS,crossref_nucleo_a4|scopus_nucleo_a1_manutencao_sustentabilidade|scopus_nucleo_a2_contexto_publico_universitario|wos_nucleo_02,Post-Construction Constructability Assessment and Service Quality in Higher Education Infrastructure: Evidence from a Peruvian University Campus,SCOPUS::scopus_nucleo_a1_manutencao_sustentabilidade_raw.csv::05168|SCOPUS::scopus_nucleo_a2_contexto_publico_universitario_raw.csv::00051|CROSSREF::crossref_nucleo_a4_raw.csv::00170|WOS::WOS_NUCLEO_02_20260708_part01.ris::00168
REG_05162,doi_e_titulo,2,Scopus,scopus_nucleo_a1_manutencao_sustentabilidade|scopus_nucleo_a4_gestao_ativos_ciclo_vida,Optimization and intelligent transformation of urban water systems management and control framework,SCOPUS::scopus_nucleo_a1_manutencao_sustentabilidade_raw.csv::05169|SCOPUS::scopus_nucleo_a4_gestao_ativos_ciclo_vida_raw.csv::00112
REG_05163,doi_e_titulo,3,Scopus|WoS,scopus_nucleo_a1_manutencao_sustentabilidade|scopus_nucleo_a4_gestao_ativos_ciclo_vida|wos_nucleo_01,An intelligent predictive maintenance framework for floating offshore wind turbine based on structural damage prediction,SCOPUS::scopus_nucleo_a1_manutencao_sustentabilidade_raw.csv::05170|SCOPUS::scopus_nucleo_a4_gestao_ativos_ciclo_vida_raw.csv::00113|WOS::WOS_NUCLEO_01_20260708_part01.ris::00310
REG_05169,doi_e_titulo,2,Scopus,scopus_nucleo_a1_manutencao_sustentabilidade|scopus_nucleo_a4_gestao_ativos_ciclo_vida,Designing an AI-driven digital twin architecture for building energy prediction,SCOPUS::scopus_nucleo_a1_manutencao_sustentabilidade_raw.csv::05176|SCOPUS::scopus_nucleo_a4_gestao_ativos_ciclo_vida_raw.csv::00114
REG_05175,doi_e_titulo,2,Scopus|WoS,scopus_nucleo_a1_manutencao_sustentabilidade|wos_nucleo_01,Towards Digital Transformation in Building Maintenance and Renovation: Integrating BIM and AI in Practice,SCOPUS::scopus_nucleo_a1_manutencao_sustentabilidade_raw.csv::05182|WOS::WOS_NUCLEO_01_20260708_part01.ris::00485
REG_05179,doi_e_titulo,2,Scopus,scopus_nucleo_a1_manutencao_sustentabilidade|scopus_nucleo_a4_gestao_ativos_ciclo_vida,"A multidisciplinary approach in seismic and energy, retrofit of existing RC buildings: A‘’structural double skin’’",SCOPUS::scopus_nucleo_a1_manutencao_sustentabilidade_raw.csv::05186|SCOPUS::scopus_nucleo_a4_gestao_ativos_ciclo_vida_raw.csv::00115
REG_05181,doi_e_titulo,2,Scopus|WoS,scopus_nucleo_a1_manutencao_sustentabilidade|wos_nucleo_01,Study on the Reliability of Wind-Uplifted Resistance of Different Types of Standing Seam Metal Roof Systems,SCOPUS::scopus_nucleo_a1_manutencao_sustentabilidade_raw.csv::05188|WOS::WOS_NUCLEO_01_20260708_part01.ris::00605
REG_05186,doi_e_titulo,3,Scopus,scopus_nucleo_a1_manutencao_sustentabilidade|scopus_nucleo_a3_priorizacao_estrategia_manutencao|scopus_nucleo_a4_gestao_ativos_ciclo_vida,Implementation of BIM in building maintenance,SCOPUS::scopus_nucleo_a1_manutencao_sustentabilidade_raw.csv::05193|SCOPUS::scopus_nucleo_a3_priorizacao_estrategia_manutencao_raw.csv::00064|SCOPUS::scopus_nucleo_a4_gestao_ativos_ciclo_vida_raw.csv::00116
REG_05187,doi_e_titulo,3,Scopus|WoS,scopus_nucleo_a1_manutencao_sustentabilidade|scopus_nucleo_a2_contexto_publico_universitario|wos_nucleo_02,Bias prediction vs. parameter Estimation: Calibration Framework comparison for urban Building energy modeling considering application scenarios,SCOPUS::scopus_nucleo_a1_manutencao_sustentabilidade_raw.csv::05194|SCOPUS::scopus_nucleo_a2_contexto_publico_universitario_raw.csv::00052|WOS::WOS_NUCLEO_02_20260708_part01.ris::00116
REG_05190,doi_e_titulo,2,Scopus,scopus_nucleo_a1_manutencao_sustentabilidade|scopus_nucleo_a4_gestao_ativos_ciclo_vida,Digital Twin Technology in Wastewater Treatment Plants: From Building Information Modeling (BIM) to Intelligent Operation and Maintenance,SCOPUS::scopus_nucleo_a1_manutencao_sustentabilidade_raw.csv::05197|SCOPUS::scopus_nucleo_a4_gestao_ativos_ciclo_vida_raw.csv::00117
REG_05194,doi_e_titulo,3,Scopus|WoS,scopus_nucleo_a1_manutencao_sustentabilidade|scopus_nucleo_a4_gestao_ativos_ciclo_vida|wos_nucleo_04,Do steel industrial policies make a difference? LCA-based quantification of environmental impacts and cost benefits from steel production in China,SCOPUS::scopus_nucleo_a1_manutencao_sustentabilidade_raw.csv::05201|SCOPUS::scopus_nucleo_a4_gestao_ativos_ciclo_vida_raw.csv::00118|WOS::WOS_NUCLEO_04_20260708_part01.ris::00287
REG_05202,doi_e_titulo,2,Scopus|WoS,scopus_nucleo_a1_manutencao_sustentabilidade|wos_nucleo_01,Developing Critical Success Factors (CSF) for Integrating Building Information Models (BIM) into Facility Management Systems (FMS),SCOPUS::scopus_nucleo_a1_manutencao_sustentabilidade_raw.csv::05209|WOS::WOS_NUCLEO_01_20260708_part01.ris::00198
REG_05203,doi_e_titulo,5,Scopus|WoS,scopus_nucleo_a1_manutencao_sustentabilidade|scopus_nucleo_a4_gestao_ativos_ciclo_vida|wos_nucleo_01|wos_nucleo_02|wos_nucleo_04,Performance-Based Maintenance and Operation of Multi-Campus Critical Infrastructure Facilities Using Supply Chain Multi-Choice Goal Programming,SCOPUS::scopus_nucleo_a1_manutencao_sustentabilidade_raw.csv::05210|SCOPUS::scopus_nucleo_a4_gestao_ativos_ciclo_vida_raw.csv::00119|WOS::WOS_NUCLEO_01_20260708_part01.ris::00113|WOS::WOS_NUCLEO_02_20260708_part01.ris::00162|WOS::WOS_NUCLEO_04_20260708_part01.ris::00050
REG_05205,doi_e_titulo,3,Scopus|WoS,scopus_nucleo_a1_manutencao_sustentabilidade|wos_nucleo_01|wos_nucleo_02,A Dynamic Digital Twin Framework for Sustainable Facility Management in a Smart Campus: A Case Study of Chiang Mai University,SCOPUS::scopus_nucleo_a1_manutencao_sustentabilidade_raw.csv::05212|WOS::WOS_NUCLEO_01_20260708_part01.ris::00469|WOS::WOS_NUCLEO_02_20260708_part01.ris::00205
REG_05207,doi_e_titulo,2,Scopus,scopus_nucleo_a1_manutencao_sustentabilidade|scopus_nucleo_a4_gestao_ativos_ciclo_vida,Strength and microstructure of lightweight concrete with palm kernel shell and rice husk ash substitutions: A technological conciliation for facilities management,SCOPUS::scopus_nucleo_a1_manutencao_sustentabilidade_raw.csv::05214|SCOPUS::scopus_nucleo_a4_gestao_ativos_ciclo_vida_raw.csv::00120
REG_05210,doi_e_titulo,2,Scopus,scopus_nucleo_a1_manutencao_sustentabilidade|scopus_nucleo_a4_gestao_ativos_ciclo_vida,Intelligent Management System for Construction Solid Waste Reduction throughout Building Lifecycle Based on BIM and AI,SCOPUS::scopus_nucleo_a1_manutencao_sustentabilidade_raw.csv::05217|SCOPUS::scopus_nucleo_a4_gestao_ativos_ciclo_vida_raw.csv::00122
REG_05211,doi_e_titulo,3,Scopus|WoS,scopus_nucleo_a1_manutencao_sustentabilidade|scopus_nucleo_a4_gestao_ativos_ciclo_vida|wos_nucleo_04,Artificial Intelligence and Digital Twins for Bioclimatic Building Design: Innovations in Sustainability and Efficiency,SCOPUS::scopus_nucleo_a1_manutencao_sustentabilidade_raw.csv::05218|SCOPUS::scopus_nucleo_a4_gestao_ativos_ciclo_vida_raw.csv::00123|WOS::WOS_NUCLEO_04_20260708_part01.ris::00471
REG_05212,doi_e_titulo,2,Scopus,scopus_nucleo_a1_manutencao_sustentabilidade|scopus_nucleo_a4_gestao_ativos_ciclo_vida,BIM Lightweight Technology in Water Conservancy Engineering Operation and Maintenance: Improvement of the QEM Algorithm and Construction of the Evaluation System,SCOPUS::scopus_nucleo_a1_manutencao_sustentabilidade_raw.csv::05219|SCOPUS::scopus_nucleo_a4_gestao_ativos_ciclo_vida_raw.csv::00121
REG_05214,doi_e_titulo,2,Scopus|WoS,scopus_nucleo_a1_manutencao_sustentabilidade|wos_nucleo_01,"""Crises are a perpetual restart""-A comparative analysis of maternal and newborn health political prioritization across four fragile and conflict affected settings || “Crises are a perpetual restart”—A comparative analysis of maternal and newborn health political prioritization across four fragile and conflict affected settings",SCOPUS::scopus_nucleo_a1_manutencao_sustentabilidade_raw.csv::05221|WOS::WOS_NUCLEO_01_20260708_part01.ris::00442
REG_05215,doi_e_titulo,2,Scopus|WoS,scopus_nucleo_a1_manutencao_sustentabilidade|wos_nucleo_01,A multi-hazard framework for resilient service and functional recovery in sustainable multi-building facilities,SCOPUS::scopus_nucleo_a1_manutencao_sustentabilidade_raw.csv::05222|WOS::WOS_NUCLEO_01_20260708_part01.ris::00504
REG_05220,doi_e_titulo,2,Scopus,scopus_nucleo_a1_manutencao_sustentabilidade|scopus_nucleo_a4_gestao_ativos_ciclo_vida,FlectoLine: A responsive façade for sustainable architecture,SCOPUS::scopus_nucleo_a1_manutencao_sustentabilidade_raw.csv::05227|SCOPUS::scopus_nucleo_a4_gestao_ativos_ciclo_vida_raw.csv::00124
REG_05224,doi_e_titulo,2,Scopus|WoS,scopus_nucleo_a1_manutencao_sustentabilidade|wos_nucleo_01,Unlocking multi-use synergies: Spanish industry perspectives on offshore wind and aquaculture integration,SCOPUS::scopus_nucleo_a1_manutencao_sustentabilidade_raw.csv::05231|WOS::WOS_NUCLEO_01_20260708_part01.ris::00518
REG_05230,doi_e_titulo,2,Scopus|WoS,scopus_nucleo_a1_manutencao_sustentabilidade|wos_nucleo_01,"What factors determine the adoption of solar home systems? Empirical evidence in Khyber Pakhtunkhwa, Pakistan",SCOPUS::scopus_nucleo_a1_manutencao_sustentabilidade_raw.csv::05237|WOS::WOS_NUCLEO_01_20260708_part01.ris::00601
REG_05232,doi_e_titulo,2,Scopus,scopus_nucleo_a1_manutencao_sustentabilidade|scopus_nucleo_a4_gestao_ativos_ciclo_vida,Application of a building structure whole life cycle operation and maintenance management system based on building information modeling and digital twin,SCOPUS::scopus_nucleo_a1_manutencao_sustentabilidade_raw.csv::05239|SCOPUS::scopus_nucleo_a4_gestao_ativos_ciclo_vida_raw.csv::00126
REG_05233,doi_e_titulo,3,Scopus|WoS,scopus_nucleo_a1_manutencao_sustentabilidade|scopus_nucleo_a4_gestao_ativos_ciclo_vida|wos_nucleo_04,Enabling circular economy in facility management through digital twins: a case study from Norway,SCOPUS::scopus_nucleo_a1_manutencao_sustentabilidade_raw.csv::05240|SCOPUS::scopus_nucleo_a4_gestao_ativos_ciclo_vida_raw.csv::00125|WOS::WOS_NUCLEO_04_20260708_part01.ris::00230
REG_05235,doi_e_titulo,2,Scopus|WoS,scopus_nucleo_a1_manutencao_sustentabilidade|wos_nucleo_01,Existing hospitals' journey into a sustainable and climate-resilient future: barriers and opportunities for estates and facilities management || Existing hospitals’ journey into a sustainable and climate-resilient future: barriers and opportunities for estates and facilities management,SCOPUS::scopus_nucleo_a1_manutencao_sustentabilidade_raw.csv::05242|WOS::WOS_NUCLEO_01_20260708_part01.ris::00400
REG_05236,doi_e_titulo,2,Scopus|WoS,scopus_nucleo_a1_manutencao_sustentabilidade|wos_nucleo_01,Shaping the future of facility management. Market and literature insights on digital twin adoption,SCOPUS::scopus_nucleo_a1_manutencao_sustentabilidade_raw.csv::05243|WOS::WOS_NUCLEO_01_20260708_part01.ris::00408
REG_05244,doi_e_titulo,4,Scopus|WoS,scopus_nucleo_a1_manutencao_sustentabilidade|scopus_nucleo_a4_gestao_ativos_ciclo_vida|wos_nucleo_02|wos_nucleo_04,"Life cycle assessment of sponge campus systems: Integrated analysis of stormwater, carbon emissions, and economic performance",SCOPUS::scopus_nucleo_a1_manutencao_sustentabilidade_raw.csv::05251|SCOPUS::scopus_nucleo_a4_gestao_ativos_ciclo_vida_raw.csv::00127|WOS::WOS_NUCLEO_02_20260708_part01.ris::00218|WOS::WOS_NUCLEO_04_20260708_part01.ris::00106
REG_05245,doi_e_titulo,2,Scopus,scopus_nucleo_a1_manutencao_sustentabilidade|scopus_nucleo_a4_gestao_ativos_ciclo_vida,Study on Key Performance and Cost of Novel Self-Healing Resin Applied to Polyvinyl Chloride(PVC)-Type Pipelines,SCOPUS::scopus_nucleo_a1_manutencao_sustentabilidade_raw.csv::05252|SCOPUS::scopus_nucleo_a4_gestao_ativos_ciclo_vida_raw.csv::00128
REG_05246,doi_e_titulo,2,Scopus,scopus_nucleo_a1_manutencao_sustentabilidade|scopus_nucleo_a3_priorizacao_estrategia_manutencao,The role of digital technologies in heritage building maintenance: A comprehensive bibliometric study,SCOPUS::scopus_nucleo_a1_manutencao_sustentabilidade_raw.csv::05253|SCOPUS::scopus_nucleo_a3_priorizacao_estrategia_manutencao_raw.csv::00074
REG_05250,doi_e_titulo,2,Scopus|WoS,scopus_nucleo_a1_manutencao_sustentabilidade|wos_nucleo_01,"Synthesis of Multi-Criteria Decision-Making Applications in Facilities Management and Building Maintenance: Trends, Methods, and Future Research Directions",SCOPUS::scopus_nucleo_a1_manutencao_sustentabilidade_raw.csv::05257|WOS::WOS_NUCLEO_01_20260708_part01.ris::00033
REG_05253,doi_e_titulo,4,Scopus|WoS,scopus_nucleo_a1_manutencao_sustentabilidade|scopus_nucleo_a4_gestao_ativos_ciclo_vida|wos_nucleo_01|wos_nucleo_04,Assessing the Socioeconomic and Environmental Impact of Hybrid Renewable Energy Systems for Sustainable Power in Remote Cuba,SCOPUS::scopus_nucleo_a1_manutencao_sustentabilidade_raw.csv::05260|SCOPUS::scopus_nucleo_a4_gestao_ativos_ciclo_vida_raw.csv::00129|WOS::WOS_NUCLEO_01_20260708_part01.ris::00419|WOS::WOS_NUCLEO_04_20260708_part01.ris::00308
REG_05257,doi_e_titulo,3,Scopus|WoS,scopus_nucleo_a1_manutencao_sustentabilidade|scopus_nucleo_a4_gestao_ativos_ciclo_vida|wos_nucleo_04,Optimizing building energy performance using BIM and climate-driven site data,SCOPUS::scopus_nucleo_a1_manutencao_sustentabilidade_raw.csv::05264|SCOPUS::scopus_nucleo_a4_gestao_ativos_ciclo_vida_raw.csv::00130|WOS::WOS_NUCLEO_04_20260708_part01.ris::00425
REG_05258,doi_e_titulo,6,Scopus|WoS,scopus_nucleo_a1_manutencao_sustentabilidade|scopus_nucleo_a2_contexto_publico_universitario|scopus_nucleo_a3_priorizacao_estrategia_manutencao|wos_nucleo_01|wos_nucleo_02|wos_nucleo_03,A Methodological Approach to Assessing Constructability in Building Maintenance and Its Impact on University Quality,SCOPUS::scopus_nucleo_a1_manutencao_sustentabilidade_raw.csv::05265|SCOPUS::scopus_nucleo_a2_contexto_publico_universitario_raw.csv::00058|SCOPUS::scopus_nucleo_a3_priorizacao_estrategia_manutencao_raw.csv::00075|WOS::WOS_NUCLEO_01_20260708_part01.ris::00382|WOS::WOS_NUCLEO_02_20260708_part01.ris::00103|WOS::WOS_NUCLEO_03_20260708_part01.ris::00003
REG_05260,doi_e_titulo,2,Scopus|WoS,scopus_nucleo_a1_manutencao_sustentabilidade|wos_nucleo_01,A methodology leveraging digital twins to enhance the operational strategy of manufacturing plants in unexpected scenarios,SCOPUS::scopus_nucleo_a1_manutencao_sustentabilidade_raw.csv::05267|WOS::WOS_NUCLEO_01_20260708_part01.ris::00217
REG_05262,doi_e_titulo,2,Scopus|WoS,scopus_nucleo_a1_manutencao_sustentabilidade|wos_nucleo_01,Comprehensive Cost Analysis of Full-Scale Water Treatment Plants Treating Surface Waters,SCOPUS::scopus_nucleo_a1_manutencao_sustentabilidade_raw.csv::05269|WOS::WOS_NUCLEO_01_20260708_part01.ris::00425
REG_05270,doi_e_titulo,2,Scopus|WoS,scopus_nucleo_a1_manutencao_sustentabilidade|wos_nucleo_01,Selection of a sustainable treatment process for removal of microplastics from wastewater by axiomatic design and PROMETHEE,SCOPUS::scopus_nucleo_a1_manutencao_sustentabilidade_raw.csv::05277|WOS::WOS_NUCLEO_01_20260708_part01.ris::00036
REG_05275,doi_e_titulo,2,Scopus|WoS,scopus_nucleo_a1_manutencao_sustentabilidade|wos_nucleo_01,"Solar PV Potential Assessment of Urban Typical Blocks via Spatial Morphological Quantification and Numerical Simulation: A Case Study of Jinan, China",SCOPUS::scopus_nucleo_a1_manutencao_sustentabilidade_raw.csv::05282|WOS::WOS_NUCLEO_01_20260708_part01.ris::00578
REG_05277,doi_e_titulo,2,Scopus|WoS,scopus_nucleo_a1_manutencao_sustentabilidade|wos_nucleo_01,Prioritizing critical success factors for wind turbine suppliers: a neutrosophic hybrid DEMATEL and ANP approach,SCOPUS::scopus_nucleo_a1_manutencao_sustentabilidade_raw.csv::05284|WOS::WOS_NUCLEO_01_20260708_part01.ris::00105
REG_05280,doi_e_titulo,2,Scopus,scopus_nucleo_a1_manutencao_sustentabilidade|scopus_nucleo_a4_gestao_ativos_ciclo_vida,Construction of Digital Twin Models for Giant Hydroelectric Units and Real-Time Data Synchronization Technology,SCOPUS::scopus_nucleo_a1_manutencao_sustentabilidade_raw.csv::05287|SCOPUS::scopus_nucleo_a4_gestao_ativos_ciclo_vida_raw.csv::00131
REG_05282,doi_e_titulo,2,Scopus|WoS,scopus_nucleo_a1_manutencao_sustentabilidade|wos_nucleo_01,Facilities management competencies in developing and developed regions: comparative study on Sri Lanka and Hong Kong,SCOPUS::scopus_nucleo_a1_manutencao_sustentabilidade_raw.csv::05289|WOS::WOS_NUCLEO_01_20260708_part01.ris::00328
REG_05285,doi_e_titulo,2,Scopus,scopus_nucleo_a1_manutencao_sustentabilidade|scopus_nucleo_a4_gestao_ativos_ciclo_vida,Calculation and control of carbon emission in house building life cycle based on BIM technology,SCOPUS::scopus_nucleo_a1_manutencao_sustentabilidade_raw.csv::05292|SCOPUS::scopus_nucleo_a4_gestao_ativos_ciclo_vida_raw.csv::00132
REG_05291,doi_e_titulo,2,Scopus,scopus_nucleo_a1_manutencao_sustentabilidade|scopus_nucleo_a4_gestao_ativos_ciclo_vida,Research on the Application of BIM and Digital Twin-Based Artificial Intelligence Technologies in the Full Lifecycle of Building Construction,SCOPUS::scopus_nucleo_a1_manutencao_sustentabilidade_raw.csv::05298|SCOPUS::scopus_nucleo_a4_gestao_ativos_ciclo_vida_raw.csv::00133
REG_05297,doi_e_titulo,4,Scopus|WoS,scopus_nucleo_a1_manutencao_sustentabilidade|scopus_nucleo_a4_gestao_ativos_ciclo_vida|wos_nucleo_01|wos_nucleo_04,Integrating Environmental and Social Life Cycle Assessment for Sustainable University Mobility Strategies,SCOPUS::scopus_nucleo_a1_manutencao_sustentabilidade_raw.csv::05304|SCOPUS::scopus_nucleo_a4_gestao_ativos_ciclo_vida_raw.csv::00134|WOS::WOS_NUCLEO_01_20260708_part01.ris::00244|WOS::WOS_NUCLEO_04_20260708_part01.ris::00197
REG_05298,doi_e_titulo,3,Scopus|WoS,scopus_nucleo_a1_manutencao_sustentabilidade|scopus_nucleo_a4_gestao_ativos_ciclo_vida|wos_nucleo_04,Recyclable Wind Turbine Blades: A Life Cycle Analysis,SCOPUS::scopus_nucleo_a1_manutencao_sustentabilidade_raw.csv::05305|SCOPUS::scopus_nucleo_a4_gestao_ativos_ciclo_vida_raw.csv::00135|WOS::WOS_NUCLEO_04_20260708_part01.ris::00236
REG_05300,doi_e_titulo,2,Scopus,scopus_nucleo_a1_manutencao_sustentabilidade|scopus_nucleo_a2_contexto_publico_universitario,Implementation of The Green Campus Concept Based on The UI GreenMetric Guidelines Approach,SCOPUS::scopus_nucleo_a1_manutencao_sustentabilidade_raw.csv::05307|SCOPUS::scopus_nucleo_a2_contexto_publico_universitario_raw.csv::00060
REG_05302,doi_e_titulo,2,Scopus,scopus_nucleo_a1_manutencao_sustentabilidade|scopus_nucleo_a4_gestao_ativos_ciclo_vida,Multi-Dimensional Control Rules and Assessment Methods for Surface Engineering Data Quality in Oil and Gas Field,SCOPUS::scopus_nucleo_a1_manutencao_sustentabilidade_raw.csv::05309|SCOPUS::scopus_nucleo_a4_gestao_ativos_ciclo_vida_raw.csv::00136
REG_05306,doi_e_titulo,3,Scopus|WoS,scopus_nucleo_a1_manutencao_sustentabilidade|scopus_nucleo_a3_priorizacao_estrategia_manutencao|wos_nucleo_01,Revealing the Priorities for Rural Infrastructure Maintenance Through Complex Network Analysis: Evidence from 98 Counties in China,SCOPUS::scopus_nucleo_a1_manutencao_sustentabilidade_raw.csv::05313|SCOPUS::scopus_nucleo_a3_priorizacao_estrategia_manutencao_raw.csv::00078|WOS::WOS_NUCLEO_01_20260708_part01.ris::00569
REG_05307,doi_e_titulo,2,Scopus|WoS,scopus_nucleo_a1_manutencao_sustentabilidade|wos_nucleo_01,Exploring the true cost of infrastructure transit projects: Road vs Tunnel alternatives,SCOPUS::scopus_nucleo_a1_manutencao_sustentabilidade_raw.csv::05314|WOS::WOS_NUCLEO_01_20260708_part01.ris::00351
REG_05315,doi_e_titulo,2,Scopus,scopus_nucleo_a1_manutencao_sustentabilidade|scopus_nucleo_a4_gestao_ativos_ciclo_vida,"LUNAR-XDT: An integrated framework for sustainable lunar manufacturing using digital twin (DT), extended reality (XR), and extreme design (XD) principles",SCOPUS::scopus_nucleo_a1_manutencao_sustentabilidade_raw.csv::05322|SCOPUS::scopus_nucleo_a4_gestao_ativos_ciclo_vida_raw.csv::00137
REG_05320,doi_e_titulo,3,Scopus,scopus_nucleo_a1_manutencao_sustentabilidade|scopus_nucleo_a2_contexto_publico_universitario|scopus_nucleo_a3_priorizacao_estrategia_manutencao,Sustainable Maintenance Strategies for Government Office Buildings in Emerging Economies,SCOPUS::scopus_nucleo_a1_manutencao_sustentabilidade_raw.csv::05327|SCOPUS::scopus_nucleo_a2_contexto_publico_universitario_raw.csv::00062|SCOPUS::scopus_nucleo_a3_priorizacao_estrategia_manutencao_raw.csv::00079
REG_05325,doi_e_titulo,3,Scopus,scopus_nucleo_a1_manutencao_sustentabilidade|scopus_nucleo_a2_contexto_publico_universitario|scopus_nucleo_a4_gestao_ativos_ciclo_vida,Lifecycle cost approach to green building,SCOPUS::scopus_nucleo_a1_manutencao_sustentabilidade_raw.csv::05332|SCOPUS::scopus_nucleo_a2_contexto_publico_universitario_raw.csv::00063|SCOPUS::scopus_nucleo_a4_gestao_ativos_ciclo_vida_raw.csv::00138
REG_05331,doi_e_titulo,3,Scopus|WoS,scopus_nucleo_a1_manutencao_sustentabilidade|scopus_nucleo_a4_gestao_ativos_ciclo_vida|wos_nucleo_04,Sustainable Management of Urban Runoff Using Novel Engineered Soil Media in Bioretention Systems: A Lifecyle Assessment,SCOPUS::scopus_nucleo_a1_manutencao_sustentabilidade_raw.csv::05338|SCOPUS::scopus_nucleo_a4_gestao_ativos_ciclo_vida_raw.csv::00139|WOS::WOS_NUCLEO_04_20260708_part01.ris::00087
REG_05336,doi_e_titulo,3,Scopus|WoS,scopus_nucleo_a1_manutencao_sustentabilidade|scopus_nucleo_a4_gestao_ativos_ciclo_vida|wos_nucleo_01,The Use of BIM Models and Drone Flyover Data in Building Energy Efficiency Analysis,SCOPUS::scopus_nucleo_a1_manutencao_sustentabilidade_raw.csv::05343|SCOPUS::scopus_nucleo_a4_gestao_ativos_ciclo_vida_raw.csv::00140|WOS::WOS_NUCLEO_01_20260708_part01.ris::00448
REG_05338,doi_e_titulo,3,Crossref|Scopus|WoS,crossref_nucleo_a2|scopus_nucleo_a1_manutencao_sustentabilidade|wos_nucleo_01,Developing Performance Measurement Framework for Sustainable Facility Management (SFM) in Office Buildings Using Bayesian Best Worst Method,SCOPUS::scopus_nucleo_a1_manutencao_sustentabilidade_raw.csv::05345|CROSSREF::crossref_nucleo_a2_raw.csv::00098|WOS::WOS_NUCLEO_01_20260708_part01.ris::00146
REG_05339,doi_e_titulo,3,Scopus|WoS,scopus_nucleo_a1_manutencao_sustentabilidade|scopus_nucleo_a4_gestao_ativos_ciclo_vida|wos_nucleo_04,Visualization Monitoring and Safety Evaluation of Turnout Wheel-Rail Forces Based on BIM for Sustainable Railway Management || Visualization Monitoring and Safety Evaluation of Turnout Wheel–Rail Forces Based on BIM for Sustainable Railway Management,SCOPUS::scopus_nucleo_a1_manutencao_sustentabilidade_raw.csv::05346|SCOPUS::scopus_nucleo_a4_gestao_ativos_ciclo_vida_raw.csv::00141|WOS::WOS_NUCLEO_04_20260708_part01.ris::00369
REG_05340,doi_e_titulo,2,Scopus|WoS,scopus_nucleo_a1_manutencao_sustentabilidade|wos_nucleo_02,An Indoor Environmental Quality Study for Higher Education Buildings with an Integrated BIM-Based Platform,SCOPUS::scopus_nucleo_a1_manutencao_sustentabilidade_raw.csv::05347|WOS::WOS_NUCLEO_02_20260708_part01.ris::00249
REG_05342,doi_e_titulo,2,Scopus|WoS,scopus_nucleo_a1_manutencao_sustentabilidade|wos_nucleo_01,Spatial Justice and Accessibility: Optimizing Sports Facility Allocation in Tehran,SCOPUS::scopus_nucleo_a1_manutencao_sustentabilidade_raw.csv::05349|WOS::WOS_NUCLEO_01_20260708_part01.ris::00203
REG_05358,doi_e_titulo,3,Scopus|WoS,scopus_nucleo_a1_manutencao_sustentabilidade|scopus_nucleo_a4_gestao_ativos_ciclo_vida|wos_nucleo_04,Real long-term performance evaluation of an improved office building operation involving a Data-driven model predictive control,SCOPUS::scopus_nucleo_a1_manutencao_sustentabilidade_raw.csv::05365|SCOPUS::scopus_nucleo_a4_gestao_ativos_ciclo_vida_raw.csv::00142|WOS::WOS_NUCLEO_04_20260708_part01.ris::00500
REG_05370,doi_e_titulo,3,Scopus|WoS,scopus_nucleo_a1_manutencao_sustentabilidade|scopus_nucleo_a2_contexto_publico_universitario|wos_nucleo_02,Investigating the common practice of higher education institutions' facility management,SCOPUS::scopus_nucleo_a1_manutencao_sustentabilidade_raw.csv::05377|SCOPUS::scopus_nucleo_a2_contexto_publico_universitario_raw.csv::00065|WOS::WOS_NUCLEO_02_20260708_part01.ris::00217
REG_05371,doi_e_titulo,2,Scopus|WoS,scopus_nucleo_a1_manutencao_sustentabilidade|wos_nucleo_01,Artificial intelligence in healthcare facilities asset information management: mixed review,SCOPUS::scopus_nucleo_a1_manutencao_sustentabilidade_raw.csv::05378|WOS::WOS_NUCLEO_01_20260708_part01.ris::00482
REG_05372,doi_e_titulo,2,Scopus,scopus_nucleo_a1_manutencao_sustentabilidade|scopus_nucleo_a4_gestao_ativos_ciclo_vida,A Study on Factors Influencing Cost Management in Green Building Construction,SCOPUS::scopus_nucleo_a1_manutencao_sustentabilidade_raw.csv::05379|SCOPUS::scopus_nucleo_a4_gestao_ativos_ciclo_vida_raw.csv::00148
REG_05373,doi_e_titulo,2,Scopus,scopus_nucleo_a1_manutencao_sustentabilidade|scopus_nucleo_a4_gestao_ativos_ciclo_vida,Development and Demonstration of the Operational Sustainability Index (OPSi): A Multidimensional Metric for Building Performance Evaluation,SCOPUS::scopus_nucleo_a1_manutencao_sustentabilidade_raw.csv::05380|SCOPUS::scopus_nucleo_a4_gestao_ativos_ciclo_vida_raw.csv::00146
REG_05374,doi_e_titulo,5,Scopus|WoS,scopus_nucleo_a1_manutencao_sustentabilidade|scopus_nucleo_a2_contexto_publico_universitario|scopus_nucleo_a4_gestao_ativos_ciclo_vida|wos_nucleo_01|wos_nucleo_04,Decarbonising non-domestic buildings at scale − A systematic review || Decarbonising non-domestic buildings at scale-A systematic review,SCOPUS::scopus_nucleo_a1_manutencao_sustentabilidade_raw.csv::05381|SCOPUS::scopus_nucleo_a2_contexto_publico_universitario_raw.csv::00069|SCOPUS::scopus_nucleo_a4_gestao_ativos_ciclo_vida_raw.csv::00147|WOS::WOS_NUCLEO_01_20260708_part01.ris::00336|WOS::WOS_NUCLEO_04_20260708_part01.ris::00374
REG_05375,doi_e_titulo,2,Scopus,scopus_nucleo_a1_manutencao_sustentabilidade|scopus_nucleo_a4_gestao_ativos_ciclo_vida,Life cycle assessment of an underground car park's retaining walls,SCOPUS::scopus_nucleo_a1_manutencao_sustentabilidade_raw.csv::05382|SCOPUS::scopus_nucleo_a4_gestao_ativos_ciclo_vida_raw.csv::00143
REG_05377,doi_e_titulo,3,Scopus|WoS,scopus_nucleo_a1_manutencao_sustentabilidade|scopus_nucleo_a4_gestao_ativos_ciclo_vida|wos_nucleo_04,Recognizing the state of aerobic granular sludge over its life-cycle in a continuous-flow membrane bioreactor with an artificial intelligence approach,SCOPUS::scopus_nucleo_a1_manutencao_sustentabilidade_raw.csv::05384|SCOPUS::scopus_nucleo_a4_gestao_ativos_ciclo_vida_raw.csv::00144|WOS::WOS_NUCLEO_04_20260708_part01.ris::00170
REG_05381,doi_e_titulo,3,Scopus|WoS,scopus_nucleo_a1_manutencao_sustentabilidade|scopus_nucleo_a4_gestao_ativos_ciclo_vida|wos_nucleo_04,A review of life cycle assessment for fuel cell technologies: Advancing clean energy and climate solutions,SCOPUS::scopus_nucleo_a1_manutencao_sustentabilidade_raw.csv::05388|SCOPUS::scopus_nucleo_a4_gestao_ativos_ciclo_vida_raw.csv::00145|WOS::WOS_NUCLEO_04_20260708_part01.ris::00168
REG_05398,doi_e_titulo,3,Scopus|WoS,scopus_nucleo_a1_manutencao_sustentabilidade|scopus_nucleo_a4_gestao_ativos_ciclo_vida|wos_nucleo_04,Towards Whole Life-Cycle Management of Prefabricated Buildings based on Knowledge-Data Dual Driven Methods,SCOPUS::scopus_nucleo_a1_manutencao_sustentabilidade_raw.csv::05405|SCOPUS::scopus_nucleo_a4_gestao_ativos_ciclo_vida_raw.csv::00149|WOS::WOS_NUCLEO_04_20260708_part01.ris::00199
REG_05399,doi_e_titulo,2,Scopus|WoS,scopus_nucleo_a1_manutencao_sustentabilidade|wos_nucleo_01,Optimizing the social workplace through consent-based decision-making: developing shared workplace guidelines for university support services during relocation,SCOPUS::scopus_nucleo_a1_manutencao_sustentabilidade_raw.csv::05406|WOS::WOS_NUCLEO_01_20260708_part01.ris::00424
REG_05400,doi_e_titulo,3,Scopus|WoS,scopus_nucleo_a1_manutencao_sustentabilidade|scopus_nucleo_a4_gestao_ativos_ciclo_vida|wos_nucleo_04,Environmental performance of a 1 MW photovoltaic plant in the Atacama Desert: A life cycle assessment study,SCOPUS::scopus_nucleo_a1_manutencao_sustentabilidade_raw.csv::05407|SCOPUS::scopus_nucleo_a4_gestao_ativos_ciclo_vida_raw.csv::00150|WOS::WOS_NUCLEO_04_20260708_part01.ris::00180
REG_05403,doi_e_titulo,3,Scopus|WoS,scopus_nucleo_a1_manutencao_sustentabilidade|scopus_nucleo_a2_contexto_publico_universitario|wos_nucleo_02,Management and sustainability of event facilities: perceptions of end-users in higher education institutions in Ghana,SCOPUS::scopus_nucleo_a1_manutencao_sustentabilidade_raw.csv::05410|SCOPUS::scopus_nucleo_a2_contexto_publico_universitario_raw.csv::00070|WOS::WOS_NUCLEO_02_20260708_part01.ris::00253
REG_05404,doi_e_titulo,4,Scopus|WoS,scopus_nucleo_a1_manutencao_sustentabilidade|scopus_nucleo_a2_contexto_publico_universitario|scopus_nucleo_a3_priorizacao_estrategia_manutencao|wos_nucleo_02,Strategic planning of sustainable maintenance in heritage school buildings: Malaysia perspectives,SCOPUS::scopus_nucleo_a1_manutencao_sustentabilidade_raw.csv::05411|SCOPUS::scopus_nucleo_a2_contexto_publico_universitario_raw.csv::00071|SCOPUS::scopus_nucleo_a3_priorizacao_estrategia_manutencao_raw.csv::00084|WOS::WOS_NUCLEO_02_20260708_part01.ris::00149
REG_05407,doi_e_titulo,3,Scopus|WoS,scopus_nucleo_a1_manutencao_sustentabilidade|scopus_nucleo_a4_gestao_ativos_ciclo_vida|wos_nucleo_04,Environmental Microbiological Sampling in Civil Settings: Comparative LCA Analysis of Green Cleaning Techniques vs. Traditional Methods in Accordance with New Italian CAM Guidelines,SCOPUS::scopus_nucleo_a1_manutencao_sustentabilidade_raw.csv::05414|SCOPUS::scopus_nucleo_a4_gestao_ativos_ciclo_vida_raw.csv::00151|WOS::WOS_NUCLEO_04_20260708_part01.ris::00278
REG_05412,doi_e_titulo,2,Scopus|WoS,scopus_nucleo_a1_manutencao_sustentabilidade|wos_nucleo_01,"Irrigation Performance Evaluation for Sustainable Water Management: A Study of Karacabey Water Users Association, Türkiye (2006-2023) || Irrigation Performance Evaluation for Sustainable Water Management: A Study of Karacabey Water Users Association, Türkiye (2006–2023)",SCOPUS::scopus_nucleo_a1_manutencao_sustentabilidade_raw.csv::05419|WOS::WOS_NUCLEO_01_20260708_part01.ris::00536
REG_05416,doi_e_titulo,4,Scopus|WoS,scopus_nucleo_a1_manutencao_sustentabilidade|scopus_nucleo_a4_gestao_ativos_ciclo_vida|wos_nucleo_01|wos_nucleo_04,Comparative Analysis of Electric Buses as a Sustainable Transport Mode Using Multicriteria Decision-Making Methods,SCOPUS::scopus_nucleo_a1_manutencao_sustentabilidade_raw.csv::05423|SCOPUS::scopus_nucleo_a4_gestao_ativos_ciclo_vida_raw.csv::00153|WOS::WOS_NUCLEO_01_20260708_part01.ris::00044|WOS::WOS_NUCLEO_04_20260708_part01.ris::00446
REG_05417,doi_e_titulo,2,Scopus|WoS,scopus_nucleo_a1_manutencao_sustentabilidade|wos_nucleo_01,Data-Driven Online State Prediction Method for the Traction Motors of Electric Multiple Units (EMUs),SCOPUS::scopus_nucleo_a1_manutencao_sustentabilidade_raw.csv::05424|WOS::WOS_NUCLEO_01_20260708_part01.ris::00466
REG_05420,doi_e_titulo,3,Scopus|WoS,scopus_nucleo_a1_manutencao_sustentabilidade|scopus_nucleo_a4_gestao_ativos_ciclo_vida|wos_nucleo_04,Prediction of lithium-ion battery service life using data-driven methodologies in autonomous vehicles,SCOPUS::scopus_nucleo_a1_manutencao_sustentabilidade_raw.csv::05427|SCOPUS::scopus_nucleo_a4_gestao_ativos_ciclo_vida_raw.csv::00152|WOS::WOS_NUCLEO_04_20260708_part01.ris::00435
REG_05424,doi_e_titulo,3,Scopus|WoS,scopus_nucleo_a1_manutencao_sustentabilidade|scopus_nucleo_a2_contexto_publico_universitario|wos_nucleo_02,Drivers of sustainability in facilities management within the Abu Dhabi public sector,SCOPUS::scopus_nucleo_a1_manutencao_sustentabilidade_raw.csv::05431|SCOPUS::scopus_nucleo_a2_contexto_publico_universitario_raw.csv::00072|WOS::WOS_NUCLEO_02_20260708_part01.ris::00001
REG_05425,doi_e_titulo,2,Scopus,scopus_nucleo_a1_manutencao_sustentabilidade|scopus_nucleo_a3_priorizacao_estrategia_manutencao,Facilities managers vs. mosque management committees: evaluating the need for professional facilities management in mosque operations,SCOPUS::scopus_nucleo_a1_manutencao_sustentabilidade_raw.csv::05432|SCOPUS::scopus_nucleo_a3_priorizacao_estrategia_manutencao_raw.csv::00085
REG_05427,doi_e_titulo,3,Scopus|WoS,scopus_nucleo_a1_manutencao_sustentabilidade|scopus_nucleo_a2_contexto_publico_universitario|wos_nucleo_02,Historic public building facilities in Wales: a total framework for achieving fire compartmentation and maintaining cultural value,SCOPUS::scopus_nucleo_a1_manutencao_sustentabilidade_raw.csv::05434|SCOPUS::scopus_nucleo_a2_contexto_publico_universitario_raw.csv::00073|WOS::WOS_NUCLEO_02_20260708_part01.ris::00034
REG_05428,titulo_normalizado,2,Scopus,scopus_nucleo_a1_manutencao_sustentabilidade|scopus_nucleo_a3_priorizacao_estrategia_manutencao,AI-Driven energy centered maintenance: Third edition,SCOPUS::scopus_nucleo_a1_manutencao_sustentabilidade_raw.csv::05435|SCOPUS::scopus_nucleo_a3_priorizacao_estrategia_manutencao_raw.csv::00086
REG_05430,doi_e_titulo,2,Scopus|WoS,scopus_nucleo_a1_manutencao_sustentabilidade|wos_nucleo_01,Development of an ontology-based asset information model for predictive maintenance in building facilities,SCOPUS::scopus_nucleo_a1_manutencao_sustentabilidade_raw.csv::05437|WOS::WOS_NUCLEO_01_20260708_part01.ris::00116
REG_05432,doi_e_titulo,3,Scopus|WoS,scopus_nucleo_a1_manutencao_sustentabilidade|scopus_nucleo_a4_gestao_ativos_ciclo_vida|wos_nucleo_04,An empirical comparison of a calibrated white-box versus multiple LSTM black-box building energy models,SCOPUS::scopus_nucleo_a1_manutencao_sustentabilidade_raw.csv::05439|SCOPUS::scopus_nucleo_a4_gestao_ativos_ciclo_vida_raw.csv::00154|WOS::WOS_NUCLEO_04_20260708_part01.ris::00452
REG_05433,doi_e_titulo,2,Scopus,scopus_nucleo_a1_manutencao_sustentabilidade|scopus_nucleo_a4_gestao_ativos_ciclo_vida,Cyber-physical systems and digital twins for “cognitive building” in the construction industry,SCOPUS::scopus_nucleo_a1_manutencao_sustentabilidade_raw.csv::05440|SCOPUS::scopus_nucleo_a4_gestao_ativos_ciclo_vida_raw.csv::00155
REG_05436,doi_e_titulo,2,Scopus,scopus_nucleo_a1_manutencao_sustentabilidade|scopus_nucleo_a4_gestao_ativos_ciclo_vida,Energy Efficiency in Buildings: Smart Glass Technology Evaluation and Selection Model,SCOPUS::scopus_nucleo_a1_manutencao_sustentabilidade_raw.csv::05443|SCOPUS::scopus_nucleo_a4_gestao_ativos_ciclo_vida_raw.csv::00161
REG_05437,doi_e_titulo,3,Scopus|WoS,scopus_nucleo_a1_manutencao_sustentabilidade|scopus_nucleo_a4_gestao_ativos_ciclo_vida|wos_nucleo_04,Challenges and political implications of sustainable maintenance in residential condominiums in Brazil: A life cycle perspective,SCOPUS::scopus_nucleo_a1_manutencao_sustentabilidade_raw.csv::05444|SCOPUS::scopus_nucleo_a4_gestao_ativos_ciclo_vida_raw.csv::00157|WOS::WOS_NUCLEO_04_20260708_part01.ris::00090
REG_05439,doi_e_titulo,3,Scopus|WoS,scopus_nucleo_a1_manutencao_sustentabilidade|scopus_nucleo_a4_gestao_ativos_ciclo_vida|wos_nucleo_04,Integration of Building Information Modeling and Digital Twins in the Operation and Maintenance of a building lifecycle: A bibliometric analysis review,SCOPUS::scopus_nucleo_a1_manutencao_sustentabilidade_raw.csv::05446|SCOPUS::scopus_nucleo_a4_gestao_ativos_ciclo_vida_raw.csv::00156|WOS::WOS_NUCLEO_04_20260708_part01.ris::00195
REG_05440,doi_e_titulo,2,Scopus,scopus_nucleo_a1_manutencao_sustentabilidade|scopus_nucleo_a3_priorizacao_estrategia_manutencao,Dynamic Maintenance Cost Optimization in Data Centers: An Availability-Based Approach for K-out-of-N Systems,SCOPUS::scopus_nucleo_a1_manutencao_sustentabilidade_raw.csv::05447|SCOPUS::scopus_nucleo_a3_priorizacao_estrategia_manutencao_raw.csv::00088
REG_05443,doi_e_titulo,2,Scopus,scopus_nucleo_a1_manutencao_sustentabilidade|scopus_nucleo_a4_gestao_ativos_ciclo_vida,Economic and Environmental Scenario Analysis of a Finnish Wood-based Case Building,SCOPUS::scopus_nucleo_a1_manutencao_sustentabilidade_raw.csv::05450|SCOPUS::scopus_nucleo_a4_gestao_ativos_ciclo_vida_raw.csv::00159
REG_05445,doi_e_titulo,2,Scopus,scopus_nucleo_a1_manutencao_sustentabilidade|scopus_nucleo_a4_gestao_ativos_ciclo_vida,"Strategic Concepts, Challenges, and Life-cycle Assessment for Sustainable Construction and Building Circularity in the real Estate Sector",SCOPUS::scopus_nucleo_a1_manutencao_sustentabilidade_raw.csv::05452|SCOPUS::scopus_nucleo_a4_gestao_ativos_ciclo_vida_raw.csv::00158
REG_05448,doi_e_titulo,2,Scopus|WoS,scopus_nucleo_a1_manutencao_sustentabilidade|wos_nucleo_01,Facility Management Costs for Hospital Infrastructures: Insights from the Italian Healthcare System,SCOPUS::scopus_nucleo_a1_manutencao_sustentabilidade_raw.csv::05455|WOS::WOS_NUCLEO_01_20260708_part01.ris::00418
REG_05452,doi_e_titulo,3,Scopus|WoS,scopus_nucleo_a1_manutencao_sustentabilidade|scopus_nucleo_a4_gestao_ativos_ciclo_vida|wos_nucleo_04,Optimization of an integrated hybrid commercial building with building information modelling,SCOPUS::scopus_nucleo_a1_manutencao_sustentabilidade_raw.csv::05459|SCOPUS::scopus_nucleo_a4_gestao_ativos_ciclo_vida_raw.csv::00160|WOS::WOS_NUCLEO_04_20260708_part01.ris::00491
REG_05454,doi_e_titulo,3,Scopus|WoS,scopus_nucleo_a1_manutencao_sustentabilidade|scopus_nucleo_a4_gestao_ativos_ciclo_vida|wos_nucleo_04,The Impact of Optimised Set Values in Educational Buildings to Reduce Energy Consumption and Carbon Emissions,SCOPUS::scopus_nucleo_a1_manutencao_sustentabilidade_raw.csv::05461|SCOPUS::scopus_nucleo_a4_gestao_ativos_ciclo_vida_raw.csv::00162|WOS::WOS_NUCLEO_04_20260708_part01.ris::00483
REG_05459,doi_e_titulo,2,Scopus|WoS,scopus_nucleo_a1_manutencao_sustentabilidade|wos_nucleo_01,Connecting the Pipes: Navigating the Fragmented Rural Water Governance in the Philippines Through Common-Pool Resource Design Principles and Social Capital,SCOPUS::scopus_nucleo_a1_manutencao_sustentabilidade_raw.csv::05466|WOS::WOS_NUCLEO_01_20260708_part01.ris::00563
REG_05472,doi_e_titulo,3,Scopus|WoS,scopus_nucleo_a1_manutencao_sustentabilidade|wos_nucleo_01|wos_nucleo_02,Sustainable facilities management in the built environment: a bibliometric review,SCOPUS::scopus_nucleo_a1_manutencao_sustentabilidade_raw.csv::05479|WOS::WOS_NUCLEO_01_20260708_part01.ris::00010|WOS::WOS_NUCLEO_02_20260708_part01.ris::00232
REG_05473,doi_e_titulo,2,Scopus|WoS,scopus_nucleo_a1_manutencao_sustentabilidade|wos_nucleo_04,Analysis of FM involvement during project Lifecycle phases,SCOPUS::scopus_nucleo_a1_manutencao_sustentabilidade_raw.csv::05480|WOS::WOS_NUCLEO_04_20260708_part01.ris::00141
REG_05477,doi_e_titulo,3,Scopus|WoS,scopus_nucleo_a1_manutencao_sustentabilidade|wos_nucleo_01|wos_nucleo_02,A framework for evaluating campus facility management performance in light of project critical success factors using a multidimensional fuzzy logic approach,SCOPUS::scopus_nucleo_a1_manutencao_sustentabilidade_raw.csv::05484|WOS::WOS_NUCLEO_01_20260708_part01.ris::00169|WOS::WOS_NUCLEO_02_20260708_part01.ris::00176
REG_05479,doi_e_titulo,3,Crossref|Scopus|WoS,crossref_nucleo_a2|scopus_nucleo_a1_manutencao_sustentabilidade|wos_nucleo_01,Implementing Building Information Modeling to Enhance Smart Airport Facility Management: An AHP-SWOT Approach,SCOPUS::scopus_nucleo_a1_manutencao_sustentabilidade_raw.csv::05486|CROSSREF::crossref_nucleo_a2_raw.csv::00118|WOS::WOS_NUCLEO_01_20260708_part01.ris::00242
REG_05480,doi_e_titulo,3,Scopus|WoS,scopus_nucleo_a1_manutencao_sustentabilidade|scopus_nucleo_a2_contexto_publico_universitario|wos_nucleo_02,Bim-based Digital Twin development for university Campus management. Case study ETSICCP,SCOPUS::scopus_nucleo_a1_manutencao_sustentabilidade_raw.csv::05487|SCOPUS::scopus_nucleo_a2_contexto_publico_universitario_raw.csv::00077|WOS::WOS_NUCLEO_02_20260708_part01.ris::00096
REG_05482,doi_e_titulo,2,Scopus|WoS,scopus_nucleo_a1_manutencao_sustentabilidade|wos_nucleo_01,Development and evaluation of a maturity assessment tool for integrating building information modelling into operations and maintenance phase of buildings,SCOPUS::scopus_nucleo_a1_manutencao_sustentabilidade_raw.csv::05489|WOS::WOS_NUCLEO_01_20260708_part01.ris::00429
REG_05484,doi_e_titulo,3,Scopus|WoS,scopus_nucleo_a1_manutencao_sustentabilidade|scopus_nucleo_a4_gestao_ativos_ciclo_vida|wos_nucleo_04,Environmental impact of photovoltaic modules in Malaysia: Recycling versus landfilling,SCOPUS::scopus_nucleo_a1_manutencao_sustentabilidade_raw.csv::05491|SCOPUS::scopus_nucleo_a4_gestao_ativos_ciclo_vida_raw.csv::00164|WOS::WOS_NUCLEO_04_20260708_part01.ris::00174
REG_05486,doi_e_titulo,2,Scopus,scopus_nucleo_a1_manutencao_sustentabilidade|scopus_nucleo_a3_priorizacao_estrategia_manutencao,To the Issue of Assessment of the Technical Condition of Underground Structures of Buildings,SCOPUS::scopus_nucleo_a1_manutencao_sustentabilidade_raw.csv::05493|SCOPUS::scopus_nucleo_a3_priorizacao_estrategia_manutencao_raw.csv::00091
REG_05488,doi_e_titulo,2,Scopus,scopus_nucleo_a1_manutencao_sustentabilidade|scopus_nucleo_a4_gestao_ativos_ciclo_vida,Integrated bio-methanol cracking hydrogen production system and its life cycle assessment,SCOPUS::scopus_nucleo_a1_manutencao_sustentabilidade_raw.csv::05495|SCOPUS::scopus_nucleo_a4_gestao_ativos_ciclo_vida_raw.csv::00163
REG_05494,doi_e_titulo,2,Scopus,scopus_nucleo_a1_manutencao_sustentabilidade|scopus_nucleo_a3_priorizacao_estrategia_manutencao,A methodology of sustainable maintenance management based on 2D diffusion model of chloride ions for RC structures,SCOPUS::scopus_nucleo_a1_manutencao_sustentabilidade_raw.csv::05501|SCOPUS::scopus_nucleo_a3_priorizacao_estrategia_manutencao_raw.csv::00092
REG_05516,doi_e_titulo,2,Scopus,scopus_nucleo_a1_manutencao_sustentabilidade|scopus_nucleo_a4_gestao_ativos_ciclo_vida,Building design and operation multi-objective optimization: Energy costs vs. Emissions,SCOPUS::scopus_nucleo_a1_manutencao_sustentabilidade_raw.csv::05523|SCOPUS::scopus_nucleo_a4_gestao_ativos_ciclo_vida_raw.csv::00165
REG_05517,doi_e_titulo,2,Scopus|WoS,scopus_nucleo_a1_manutencao_sustentabilidade|wos_nucleo_04,Life-cycle cost assessment of conventional and self-centering steel frames in seismic zones: An extra focus on environmental impacts,SCOPUS::scopus_nucleo_a1_manutencao_sustentabilidade_raw.csv::05524|WOS::WOS_NUCLEO_04_20260708_part01.ris::00025
REG_05521,doi_e_titulo,3,Scopus|WoS,scopus_nucleo_a1_manutencao_sustentabilidade|scopus_nucleo_a4_gestao_ativos_ciclo_vida|wos_nucleo_02,Impacts of HVAC cleaning on energy consumption and supply airflow: A multi-climate evaluation,SCOPUS::scopus_nucleo_a1_manutencao_sustentabilidade_raw.csv::05528|SCOPUS::scopus_nucleo_a4_gestao_ativos_ciclo_vida_raw.csv::00170|WOS::WOS_NUCLEO_02_20260708_part01.ris::00118
REG_05522,doi_e_titulo,3,Scopus|WoS,scopus_nucleo_a1_manutencao_sustentabilidade|scopus_nucleo_a4_gestao_ativos_ciclo_vida|wos_nucleo_04,A Review of Artificial Intelligence in Enhancing Architectural Design Efficiency,SCOPUS::scopus_nucleo_a1_manutencao_sustentabilidade_raw.csv::05529|SCOPUS::scopus_nucleo_a4_gestao_ativos_ciclo_vida_raw.csv::00167|WOS::WOS_NUCLEO_04_20260708_part01.ris::00490
REG_05524,doi_e_titulo,3,Scopus|WoS,scopus_nucleo_a1_manutencao_sustentabilidade|scopus_nucleo_a4_gestao_ativos_ciclo_vida|wos_nucleo_04,Evaluation of resource-based rural sewage treatment system driven by clean energy in Northwest China,SCOPUS::scopus_nucleo_a1_manutencao_sustentabilidade_raw.csv::05531|SCOPUS::scopus_nucleo_a4_gestao_ativos_ciclo_vida_raw.csv::00166|WOS::WOS_NUCLEO_04_20260708_part01.ris::00031
REG_05529,doi_e_titulo,3,Scopus|WoS,scopus_nucleo_a1_manutencao_sustentabilidade|scopus_nucleo_a4_gestao_ativos_ciclo_vida|wos_nucleo_04,Forecasting building operation dynamics using a Physics-Informed Spatio-Temporal Graph Neural Network (PISTGNN) ensemble,SCOPUS::scopus_nucleo_a1_manutencao_sustentabilidade_raw.csv::05536|SCOPUS::scopus_nucleo_a4_gestao_ativos_ciclo_vida_raw.csv::00168|WOS::WOS_NUCLEO_04_20260708_part01.ris::00396
REG_05530,doi_e_titulo,3,Scopus|WoS,scopus_nucleo_a1_manutencao_sustentabilidade|scopus_nucleo_a4_gestao_ativos_ciclo_vida|wos_nucleo_04,"Exploring Circular Economy Strategies in Buildings: Evaluating Feasibility, Stakeholders Influence, and the Role of the Building Lifecycle in Effective Adoption",SCOPUS::scopus_nucleo_a1_manutencao_sustentabilidade_raw.csv::05537|SCOPUS::scopus_nucleo_a4_gestao_ativos_ciclo_vida_raw.csv::00171|WOS::WOS_NUCLEO_04_20260708_part01.ris::00486
REG_05532,titulo_normalizado,2,Scopus,scopus_nucleo_a1_manutencao_sustentabilidade|scopus_nucleo_a4_gestao_ativos_ciclo_vida,O&M Innovation in the Power Sector: The Latest Tools Redefining Asset Optimization,SCOPUS::scopus_nucleo_a1_manutencao_sustentabilidade_raw.csv::05539|SCOPUS::scopus_nucleo_a4_gestao_ativos_ciclo_vida_raw.csv::00169
REG_05533,doi_e_titulo,2,Scopus|WoS,scopus_nucleo_a1_manutencao_sustentabilidade|wos_nucleo_01,"Resilience Regeneration Priorities for Old Blocks Based on Public Satisfaction: A Case Study of Beijing, China",SCOPUS::scopus_nucleo_a1_manutencao_sustentabilidade_raw.csv::05540|WOS::WOS_NUCLEO_01_20260708_part01.ris::00595
REG_05537,doi_e_titulo,2,Scopus|WoS,scopus_nucleo_a1_manutencao_sustentabilidade|wos_nucleo_01,Economic Optimal Dispatch of Networked Hybrid Renewable Energy Microgrid,SCOPUS::scopus_nucleo_a1_manutencao_sustentabilidade_raw.csv::05544|WOS::WOS_NUCLEO_01_20260708_part01.ris::00508
REG_05541,doi_e_titulo,2,Scopus|WoS,scopus_nucleo_a1_manutencao_sustentabilidade|wos_nucleo_01,Net benefit-oriented condition-based maintenance for lithium-ion battery packs in SGLS systems: Combining degradation updating and decision-making,SCOPUS::scopus_nucleo_a1_manutencao_sustentabilidade_raw.csv::05548|WOS::WOS_NUCLEO_01_20260708_part01.ris::00500
REG_05544,doi_e_titulo,3,Scopus,scopus_nucleo_a1_manutencao_sustentabilidade|scopus_nucleo_a2_contexto_publico_universitario|scopus_nucleo_a3_priorizacao_estrategia_manutencao,Scalable Machine Learning Architectures for IPA-Driven Maintenance Task Allocation in Large-Scale Building Portfolios,SCOPUS::scopus_nucleo_a1_manutencao_sustentabilidade_raw.csv::05551|SCOPUS::scopus_nucleo_a2_contexto_publico_universitario_raw.csv::00081|SCOPUS::scopus_nucleo_a3_priorizacao_estrategia_manutencao_raw.csv::00099
REG_05545,doi_e_titulo,2,Scopus,scopus_nucleo_a1_manutencao_sustentabilidade|scopus_nucleo_a4_gestao_ativos_ciclo_vida,Implementation of augmented reality and mixed reality applications for smart facilities management: a systematic review,SCOPUS::scopus_nucleo_a1_manutencao_sustentabilidade_raw.csv::05552|SCOPUS::scopus_nucleo_a4_gestao_ativos_ciclo_vida_raw.csv::00173
REG_05546,doi_e_titulo,4,Scopus|WoS,scopus_nucleo_a1_manutencao_sustentabilidade|scopus_nucleo_a4_gestao_ativos_ciclo_vida|wos_nucleo_01|wos_nucleo_04,Life cycle assessment applied to facility management of exposed steel frames - case study || Life cycle assessment applied to facility management of exposed steel frames – case study,SCOPUS::scopus_nucleo_a1_manutencao_sustentabilidade_raw.csv::05553|SCOPUS::scopus_nucleo_a4_gestao_ativos_ciclo_vida_raw.csv::00172|WOS::WOS_NUCLEO_01_20260708_part01.ris::00156|WOS::WOS_NUCLEO_04_20260708_part01.ris::00069
REG_05548,doi_e_titulo,5,Scopus|WoS,scopus_nucleo_a1_manutencao_sustentabilidade|scopus_nucleo_a3_priorizacao_estrategia_manutencao|scopus_nucleo_a4_gestao_ativos_ciclo_vida|wos_nucleo_01|wos_nucleo_04,Transforming high-rise residential maintenance: a 3D spatio-temporal model utilizing Industry 4.0 and lean principles,SCOPUS::scopus_nucleo_a1_manutencao_sustentabilidade_raw.csv::05555|SCOPUS::scopus_nucleo_a3_priorizacao_estrategia_manutencao_raw.csv::00100|SCOPUS::scopus_nucleo_a4_gestao_ativos_ciclo_vida_raw.csv::00174|WOS::WOS_NUCLEO_01_20260708_part01.ris::00376|WOS::WOS_NUCLEO_04_20260708_part01.ris::00479
REG_05551,doi_e_titulo,3,Scopus|WoS,scopus_nucleo_a1_manutencao_sustentabilidade|scopus_nucleo_a4_gestao_ativos_ciclo_vida|wos_nucleo_04,A Review on Sustainable Facilities Management Practices for Green Buildings,SCOPUS::scopus_nucleo_a1_manutencao_sustentabilidade_raw.csv::05558|SCOPUS::scopus_nucleo_a4_gestao_ativos_ciclo_vida_raw.csv::00181|WOS::WOS_NUCLEO_04_20260708_part01.ris::00380
REG_05554,doi_e_titulo,2,Scopus,scopus_nucleo_a1_manutencao_sustentabilidade|scopus_nucleo_a4_gestao_ativos_ciclo_vida,BIM-Enabled Lifecycle Carbon Emission Modeling and Optimization Strategies for Sustainable Building Design,SCOPUS::scopus_nucleo_a1_manutencao_sustentabilidade_raw.csv::05561|SCOPUS::scopus_nucleo_a4_gestao_ativos_ciclo_vida_raw.csv::00203
REG_05558,doi_e_titulo,3,Scopus|WoS,scopus_nucleo_a1_manutencao_sustentabilidade|scopus_nucleo_a4_gestao_ativos_ciclo_vida|wos_nucleo_04,Applications of Digital Technologies in Promoting Sustainable Construction Practices: A Literature Review,SCOPUS::scopus_nucleo_a1_manutencao_sustentabilidade_raw.csv::05565|SCOPUS::scopus_nucleo_a4_gestao_ativos_ciclo_vida_raw.csv::00201|WOS::WOS_NUCLEO_04_20260708_part01.ris::00147
REG_05559,doi_e_titulo,2,Scopus,scopus_nucleo_a1_manutencao_sustentabilidade|scopus_nucleo_a4_gestao_ativos_ciclo_vida,Exploiting digital twins for occupancy and energy optimisation for office buildings,SCOPUS::scopus_nucleo_a1_manutencao_sustentabilidade_raw.csv::05566|SCOPUS::scopus_nucleo_a4_gestao_ativos_ciclo_vida_raw.csv::00229
REG_05560,doi_e_titulo,4,Scopus|WoS,scopus_nucleo_a1_manutencao_sustentabilidade|scopus_nucleo_a4_gestao_ativos_ciclo_vida|wos_nucleo_02|wos_nucleo_04,Energy monitoring retrofit in a multi-building complex,SCOPUS::scopus_nucleo_a1_manutencao_sustentabilidade_raw.csv::05567|SCOPUS::scopus_nucleo_a4_gestao_ativos_ciclo_vida_raw.csv::00206|WOS::WOS_NUCLEO_02_20260708_part01.ris::00331|WOS::WOS_NUCLEO_04_20260708_part01.ris::00212
REG_05561,doi_e_titulo,4,Scopus|WoS,scopus_nucleo_a1_manutencao_sustentabilidade|scopus_nucleo_a4_gestao_ativos_ciclo_vida|wos_nucleo_01|wos_nucleo_04,Role of user behavior and maintenance practices in operational performance of green buildings,SCOPUS::scopus_nucleo_a1_manutencao_sustentabilidade_raw.csv::05568|SCOPUS::scopus_nucleo_a4_gestao_ativos_ciclo_vida_raw.csv::00240|WOS::WOS_NUCLEO_01_20260708_part01.ris::00002|WOS::WOS_NUCLEO_04_20260708_part01.ris::00485
REG_05563,doi_e_titulo,3,Scopus|WoS,scopus_nucleo_a1_manutencao_sustentabilidade|scopus_nucleo_a2_contexto_publico_universitario|wos_nucleo_02,Enhancing Urban Building Energy Simulations: Advanced Evaluation of Stochastic Occupancy Models with Real Occupancy Data,SCOPUS::scopus_nucleo_a1_manutencao_sustentabilidade_raw.csv::05570|SCOPUS::scopus_nucleo_a2_contexto_publico_universitario_raw.csv::00105|WOS::WOS_NUCLEO_02_20260708_part01.ris::00318
REG_05582,doi_e_titulo,3,Scopus|WoS,scopus_nucleo_a1_manutencao_sustentabilidade|scopus_nucleo_a4_gestao_ativos_ciclo_vida|wos_nucleo_04,Environmental effectiveness of energy retrofits and regulatory implications: The case of an Italian multi-family house || Environmental effectiveness of energy retrofits and regulatory implications: the case of an Italian multi-family house,SCOPUS::scopus_nucleo_a1_manutencao_sustentabilidade_raw.csv::05589|SCOPUS::scopus_nucleo_a4_gestao_ativos_ciclo_vida_raw.csv::00216|WOS::WOS_NUCLEO_04_20260708_part01.ris::00361
REG_05583,titulo_normalizado,2,Scopus,scopus_nucleo_a1_manutencao_sustentabilidade|scopus_nucleo_a4_gestao_ativos_ciclo_vida,ASSESSING THE SALVAGE VALUE OF GREEN COMPONENTS IN MALAYSIAN BUILDINGS,SCOPUS::scopus_nucleo_a1_manutencao_sustentabilidade_raw.csv::05590|SCOPUS::scopus_nucleo_a4_gestao_ativos_ciclo_vida_raw.csv::00192
REG_05585,doi_e_titulo,2,Crossref|Scopus,crossref_nucleo_a2|scopus_nucleo_a1_manutencao_sustentabilidade,Documenting the Existing Building Through BIM: A Structured Information Management System for Facility Management and Energy Efficiency,SCOPUS::scopus_nucleo_a1_manutencao_sustentabilidade_raw.csv::05592|CROSSREF::crossref_nucleo_a2_raw.csv::00107
REG_05587,doi_e_titulo,2,Scopus,scopus_nucleo_a1_manutencao_sustentabilidade|scopus_nucleo_a4_gestao_ativos_ciclo_vida,Bridging methodological gaps in building life cycle assessment: a case study in the Indian context,SCOPUS::scopus_nucleo_a1_manutencao_sustentabilidade_raw.csv::05594|SCOPUS::scopus_nucleo_a4_gestao_ativos_ciclo_vida_raw.csv::00189
REG_05588,doi_e_titulo,2,Scopus,scopus_nucleo_a1_manutencao_sustentabilidade|scopus_nucleo_a4_gestao_ativos_ciclo_vida,Thermal energy storage in building envelopes using phase-change materials,SCOPUS::scopus_nucleo_a1_manutencao_sustentabilidade_raw.csv::05595|SCOPUS::scopus_nucleo_a4_gestao_ativos_ciclo_vida_raw.csv::00233
REG_05597,doi_e_titulo,3,Scopus,scopus_nucleo_a1_manutencao_sustentabilidade|scopus_nucleo_a3_priorizacao_estrategia_manutencao|scopus_nucleo_a4_gestao_ativos_ciclo_vida,BUILDING CONDITION ASSESSMENT FOR SCHOOL BUILDING,SCOPUS::scopus_nucleo_a1_manutencao_sustentabilidade_raw.csv::05604|SCOPUS::scopus_nucleo_a3_priorizacao_estrategia_manutencao_raw.csv::00102|SCOPUS::scopus_nucleo_a4_gestao_ativos_ciclo_vida_raw.csv::00180
REG_05598,doi_e_titulo,5,Scopus|WoS,scopus_nucleo_a1_manutencao_sustentabilidade|scopus_nucleo_a3_priorizacao_estrategia_manutencao|scopus_nucleo_a4_gestao_ativos_ciclo_vida|wos_nucleo_01|wos_nucleo_04,A Literature Review of H-BIM Strategy for Construction Maintenance,SCOPUS::scopus_nucleo_a1_manutencao_sustentabilidade_raw.csv::05605|SCOPUS::scopus_nucleo_a3_priorizacao_estrategia_manutencao_raw.csv::00103|SCOPUS::scopus_nucleo_a4_gestao_ativos_ciclo_vida_raw.csv::00193|WOS::WOS_NUCLEO_01_20260708_part01.ris::00106|WOS::WOS_NUCLEO_04_20260708_part01.ris::00149
REG_05603,doi_e_titulo,2,Scopus,scopus_nucleo_a1_manutencao_sustentabilidade|scopus_nucleo_a4_gestao_ativos_ciclo_vida,IoT Integration for Facility Management in Smart Enterprises,SCOPUS::scopus_nucleo_a1_manutencao_sustentabilidade_raw.csv::05610|SCOPUS::scopus_nucleo_a4_gestao_ativos_ciclo_vida_raw.csv::00178
REG_05604,doi_e_titulo,2,Scopus,scopus_nucleo_a1_manutencao_sustentabilidade|scopus_nucleo_a4_gestao_ativos_ciclo_vida,Analysis of Digital Tool Implementation in Building Operations †,SCOPUS::scopus_nucleo_a1_manutencao_sustentabilidade_raw.csv::05611|SCOPUS::scopus_nucleo_a4_gestao_ativos_ciclo_vida_raw.csv::00182
REG_05607,doi_e_titulo,2,Scopus|WoS,scopus_nucleo_a1_manutencao_sustentabilidade|wos_nucleo_01,EXPLORING CURRENT RESEARCH GAPS AND OPPORTUNITIES IN FACILITY MANAGEMENT FOR CONSTRUCTION,SCOPUS::scopus_nucleo_a1_manutencao_sustentabilidade_raw.csv::05614|WOS::WOS_NUCLEO_01_20260708_part01.ris::00097
REG_05608,doi_e_titulo,2,Crossref|Scopus,crossref_nucleo_a2|scopus_nucleo_a1_manutencao_sustentabilidade,Internet of Things (IoT) for Facility Management Innovations in Smart Building Operation,SCOPUS::scopus_nucleo_a1_manutencao_sustentabilidade_raw.csv::05615|CROSSREF::crossref_nucleo_a2_raw.csv::00020
REG_05610,doi_e_titulo,2,Scopus,scopus_nucleo_a1_manutencao_sustentabilidade|scopus_nucleo_a4_gestao_ativos_ciclo_vida,GPR-Former: Context-Aware Moisture Detection,SCOPUS::scopus_nucleo_a1_manutencao_sustentabilidade_raw.csv::05617|SCOPUS::scopus_nucleo_a4_gestao_ativos_ciclo_vida_raw.csv::00197
REG_05612,doi_e_titulo,3,Scopus,scopus_nucleo_a1_manutencao_sustentabilidade|scopus_nucleo_a2_contexto_publico_universitario|scopus_nucleo_a3_priorizacao_estrategia_manutencao,LIFE CYCLE COST (LCC) OF UNIVERSITY BUILDING MAINTENANCE: A SYSTEMATISED REVIEW,SCOPUS::scopus_nucleo_a1_manutencao_sustentabilidade_raw.csv::05619|SCOPUS::scopus_nucleo_a2_contexto_publico_universitario_raw.csv::00095|SCOPUS::scopus_nucleo_a3_priorizacao_estrategia_manutencao_raw.csv::00101
REG_05613,doi_e_titulo,2,Scopus,scopus_nucleo_a1_manutencao_sustentabilidade|scopus_nucleo_a4_gestao_ativos_ciclo_vida,Potential for Integrating Post-Construction Facility Management with BIM in Steel Building Projects in the Middle East,SCOPUS::scopus_nucleo_a1_manutencao_sustentabilidade_raw.csv::05620|SCOPUS::scopus_nucleo_a4_gestao_ativos_ciclo_vida_raw.csv::00175
REG_05614,doi_e_titulo,3,Scopus|WoS,scopus_nucleo_a1_manutencao_sustentabilidade|scopus_nucleo_a4_gestao_ativos_ciclo_vida|wos_nucleo_04,Key influencing factors of 6D BIM to enhance the sustainability performance of residential BIPV in China,SCOPUS::scopus_nucleo_a1_manutencao_sustentabilidade_raw.csv::05621|SCOPUS::scopus_nucleo_a4_gestao_ativos_ciclo_vida_raw.csv::00185|WOS::WOS_NUCLEO_04_20260708_part01.ris::00117
REG_05616,doi_e_titulo,2,Scopus,scopus_nucleo_a1_manutencao_sustentabilidade|scopus_nucleo_a4_gestao_ativos_ciclo_vida,Facilities management strategies for public real estate portfolios in Brazil: a cluster analysis using t-SNE and K-means,SCOPUS::scopus_nucleo_a1_manutencao_sustentabilidade_raw.csv::05623|SCOPUS::scopus_nucleo_a4_gestao_ativos_ciclo_vida_raw.csv::00184
REG_05619,doi_e_titulo,4,Scopus|WoS,scopus_nucleo_a1_manutencao_sustentabilidade|scopus_nucleo_a4_gestao_ativos_ciclo_vida|wos_nucleo_01|wos_nucleo_04,Life cycle sustainability assessment (LCSA) for selection of sewer pipe materials,SCOPUS::scopus_nucleo_a1_manutencao_sustentabilidade_raw.csv::05626|SCOPUS::scopus_nucleo_a4_gestao_ativos_ciclo_vida_raw.csv::00176|WOS::WOS_NUCLEO_01_20260708_part01.ris::00039|WOS::WOS_NUCLEO_04_20260708_part01.ris::00022
REG_05623,titulo_normalizado,2,Scopus,scopus_nucleo_a1_manutencao_sustentabilidade|scopus_nucleo_a4_gestao_ativos_ciclo_vida,THE DELPHI TECHNIQUE ANALYSIS ON EVALUATION OF CRITICAL SUCCESS FACTOR IN FACILITIES MANAGEMENT FOR ICONIC BUILDING IN MALAYSIA,SCOPUS::scopus_nucleo_a1_manutencao_sustentabilidade_raw.csv::05630|SCOPUS::scopus_nucleo_a4_gestao_ativos_ciclo_vida_raw.csv::00177
REG_05624,doi_e_titulo,2,Scopus,scopus_nucleo_a1_manutencao_sustentabilidade|scopus_nucleo_a4_gestao_ativos_ciclo_vida,Research on the whole life cycle attribute decision method for gearbox product design based on WLS and TOPSIS,SCOPUS::scopus_nucleo_a1_manutencao_sustentabilidade_raw.csv::05631|SCOPUS::scopus_nucleo_a4_gestao_ativos_ciclo_vida_raw.csv::00190
REG_05625,doi_e_titulo,2,Scopus,scopus_nucleo_a1_manutencao_sustentabilidade|scopus_nucleo_a4_gestao_ativos_ciclo_vida,Modern BIM Implementations on Hospitals Life Cycle Management: Systematic review,SCOPUS::scopus_nucleo_a1_manutencao_sustentabilidade_raw.csv::05632|SCOPUS::scopus_nucleo_a4_gestao_ativos_ciclo_vida_raw.csv::00186
REG_05631,titulo_normalizado,2,Scopus,scopus_nucleo_a1_manutencao_sustentabilidade|scopus_nucleo_a2_contexto_publico_universitario,Net-Zero by Retrofit: Data-Driven Construction Facilities Upgrades for Yarmouk University’s Campus,SCOPUS::scopus_nucleo_a1_manutencao_sustentabilidade_raw.csv::05638|SCOPUS::scopus_nucleo_a2_contexto_publico_universitario_raw.csv::00104
REG_05632,doi_e_titulo,3,Scopus|WoS,scopus_nucleo_a1_manutencao_sustentabilidade|wos_nucleo_01|wos_nucleo_02,Integration of technology in decision-making in university facilities management: a literature review,SCOPUS::scopus_nucleo_a1_manutencao_sustentabilidade_raw.csv::05639|WOS::WOS_NUCLEO_01_20260708_part01.ris::00241|WOS::WOS_NUCLEO_02_20260708_part01.ris::00276
REG_05636,doi_e_titulo,2,Scopus,scopus_nucleo_a1_manutencao_sustentabilidade|scopus_nucleo_a4_gestao_ativos_ciclo_vida,Life Cycle Assessment and Cost Analysis of Ammonia Storage Systems for Shipboard Fuel Applications: The NH3Craft Project,SCOPUS::scopus_nucleo_a1_manutencao_sustentabilidade_raw.csv::05643|SCOPUS::scopus_nucleo_a4_gestao_ativos_ciclo_vida_raw.csv::00179
REG_05643,doi_e_titulo,2,Scopus,scopus_nucleo_a1_manutencao_sustentabilidade|scopus_nucleo_a4_gestao_ativos_ciclo_vida,Digital Twins for Improving Buildings Performances: A Literature Review Methodology Use Case,SCOPUS::scopus_nucleo_a1_manutencao_sustentabilidade_raw.csv::05650|SCOPUS::scopus_nucleo_a4_gestao_ativos_ciclo_vida_raw.csv::00208
REG_05644,titulo_normalizado,2,Scopus,scopus_nucleo_a1_manutencao_sustentabilidade|scopus_nucleo_a4_gestao_ativos_ciclo_vida,Digital Transformation of Marinas through BIM-Based Lifecycle Management,SCOPUS::scopus_nucleo_a1_manutencao_sustentabilidade_raw.csv::05651|SCOPUS::scopus_nucleo_a4_gestao_ativos_ciclo_vida_raw.csv::00196
REG_05646,doi_e_titulo,2,Scopus,scopus_nucleo_a1_manutencao_sustentabilidade|scopus_nucleo_a4_gestao_ativos_ciclo_vida,Leveraging Asset Master Data for Canadian Municipalities: Project Overview and Findings,SCOPUS::scopus_nucleo_a1_manutencao_sustentabilidade_raw.csv::05653|SCOPUS::scopus_nucleo_a4_gestao_ativos_ciclo_vida_raw.csv::00227
REG_05648,doi_e_titulo,2,Scopus,scopus_nucleo_a1_manutencao_sustentabilidade|scopus_nucleo_a3_priorizacao_estrategia_manutencao,Reconstruction of the road bridge on Monte Cassino Avenue in Koszalin,SCOPUS::scopus_nucleo_a1_manutencao_sustentabilidade_raw.csv::05655|SCOPUS::scopus_nucleo_a3_priorizacao_estrategia_manutencao_raw.csv::00104
REG_05654,doi_e_titulo,2,Scopus,scopus_nucleo_a1_manutencao_sustentabilidade|scopus_nucleo_a2_contexto_publico_universitario,Cyber Community-Based Facilities Management: A Conceptual Framework for Improving Sustainability in Higher Education Institutions,SCOPUS::scopus_nucleo_a1_manutencao_sustentabilidade_raw.csv::05661|SCOPUS::scopus_nucleo_a2_contexto_publico_universitario_raw.csv::00084
REG_05655,doi_e_titulo,2,Scopus,scopus_nucleo_a1_manutencao_sustentabilidade|scopus_nucleo_a2_contexto_publico_universitario,CONTRACTORS’ READINESS FOR ENERGY AWARENESS IN GOVERNMENT BUILDINGS: EVIDENCE FROM MALAYSIA,SCOPUS::scopus_nucleo_a1_manutencao_sustentabilidade_raw.csv::05662|SCOPUS::scopus_nucleo_a2_contexto_publico_universitario_raw.csv::00099
REG_05657,doi_e_titulo,3,Scopus|WoS,scopus_nucleo_a1_manutencao_sustentabilidade|scopus_nucleo_a4_gestao_ativos_ciclo_vida|wos_nucleo_04,Analysis of the LCA-Emergy and Carbon Emissions Sustainability Assessment of a Building System with Coupled Energy Storage Modules,SCOPUS::scopus_nucleo_a1_manutencao_sustentabilidade_raw.csv::05664|SCOPUS::scopus_nucleo_a4_gestao_ativos_ciclo_vida_raw.csv::00199|WOS::WOS_NUCLEO_04_20260708_part01.ris::00159
REG_05659,doi_e_titulo,2,Scopus,scopus_nucleo_a1_manutencao_sustentabilidade|scopus_nucleo_a4_gestao_ativos_ciclo_vida,Creating a Circular Economy (CE) Approach Through the Integration of Digital Technologies (DT) in the Prefabricated Timber Industry (PTI),SCOPUS::scopus_nucleo_a1_manutencao_sustentabilidade_raw.csv::05666|SCOPUS::scopus_nucleo_a4_gestao_ativos_ciclo_vida_raw.csv::00211
REG_05665,doi_e_titulo,2,Scopus,scopus_nucleo_a1_manutencao_sustentabilidade|scopus_nucleo_a4_gestao_ativos_ciclo_vida,Determination of Indicators Level of Service (LoS) for Building Asset Management,SCOPUS::scopus_nucleo_a1_manutencao_sustentabilidade_raw.csv::05672|SCOPUS::scopus_nucleo_a4_gestao_ativos_ciclo_vida_raw.csv::00200
REG_05668,doi_e_titulo,3,Scopus|WoS,scopus_nucleo_a1_manutencao_sustentabilidade|scopus_nucleo_a4_gestao_ativos_ciclo_vida|wos_nucleo_04,An LCA-BIM integrated framework for life cycle carbon emissions assessment of bridges || An LCA–BIM integrated framework for life cycle carbon emissions assessment of bridges,SCOPUS::scopus_nucleo_a1_manutencao_sustentabilidade_raw.csv::05675|SCOPUS::scopus_nucleo_a4_gestao_ativos_ciclo_vida_raw.csv::00187|WOS::WOS_NUCLEO_04_20260708_part01.ris::00094
REG_05673,doi_e_titulo,3,Scopus|WoS,scopus_nucleo_a1_manutencao_sustentabilidade|scopus_nucleo_a4_gestao_ativos_ciclo_vida|wos_nucleo_04,Life cycle environmental impact assessment of bridges based on comparison of different construction schemes,SCOPUS::scopus_nucleo_a1_manutencao_sustentabilidade_raw.csv::05680|SCOPUS::scopus_nucleo_a4_gestao_ativos_ciclo_vida_raw.csv::00191|WOS::WOS_NUCLEO_04_20260708_part01.ris::00136
REG_05677,doi_e_titulo,2,Scopus|WoS,scopus_nucleo_a1_manutencao_sustentabilidade|wos_nucleo_01,Research on Procurement Strategy of 500kV Transformers and Gas Insulated Switchgear Based on LCC,SCOPUS::scopus_nucleo_a1_manutencao_sustentabilidade_raw.csv::05684|WOS::WOS_NUCLEO_01_20260708_part01.ris::00175
REG_05678,doi_e_titulo,2,Scopus,scopus_nucleo_a1_manutencao_sustentabilidade|scopus_nucleo_a4_gestao_ativos_ciclo_vida,Research on the Algorithm of Intelligent Management of the Whole Life Cycle of Buildings Based on the Integration of BIM and Internet of Things (IoT),SCOPUS::scopus_nucleo_a1_manutencao_sustentabilidade_raw.csv::05685|SCOPUS::scopus_nucleo_a4_gestao_ativos_ciclo_vida_raw.csv::00195
REG_05680,doi_e_titulo,5,Scopus|WoS,scopus_nucleo_a1_manutencao_sustentabilidade|scopus_nucleo_a2_contexto_publico_universitario|scopus_nucleo_a4_gestao_ativos_ciclo_vida|wos_nucleo_02|wos_nucleo_04,"Built to Suit Contracts for Brazilian Public Institutions: A Case Study of a Performance-Based Approach to Durable, Accessible and Sustainable Facility Occupation",SCOPUS::scopus_nucleo_a1_manutencao_sustentabilidade_raw.csv::05687|SCOPUS::scopus_nucleo_a2_contexto_publico_universitario_raw.csv::00100|SCOPUS::scopus_nucleo_a4_gestao_ativos_ciclo_vida_raw.csv::00188|WOS::WOS_NUCLEO_02_20260708_part01.ris::00083|WOS::WOS_NUCLEO_04_20260708_part01.ris::00154
REG_05685,doi_e_titulo,3,Scopus|WoS,scopus_nucleo_a1_manutencao_sustentabilidade|scopus_nucleo_a4_gestao_ativos_ciclo_vida|wos_nucleo_04,Reliability analysis and life cycle costing of rooftop solar photovoltaic (PV) system operating in a composite environment,SCOPUS::scopus_nucleo_a1_manutencao_sustentabilidade_raw.csv::05692|SCOPUS::scopus_nucleo_a4_gestao_ativos_ciclo_vida_raw.csv::00183|WOS::WOS_NUCLEO_04_20260708_part01.ris::00088
REG_05686,doi_e_titulo,3,Scopus|WoS,scopus_nucleo_a1_manutencao_sustentabilidade|scopus_nucleo_a4_gestao_ativos_ciclo_vida|wos_nucleo_04,Externality Assessment of an Onshore Wind Farm || Externality Assessment of an Onshore Wind Farm,SCOPUS::scopus_nucleo_a1_manutencao_sustentabilidade_raw.csv::05693|SCOPUS::scopus_nucleo_a4_gestao_ativos_ciclo_vida_raw.csv::00204|WOS::WOS_NUCLEO_04_20260708_part01.ris::00150
REG_05687,titulo_normalizado,2,Scopus,scopus_nucleo_a1_manutencao_sustentabilidade|scopus_nucleo_a4_gestao_ativos_ciclo_vida,Survey on Enhancing Product Lifecycle Sustainability with Reinforcement Learning for Optimal Decision Making,SCOPUS::scopus_nucleo_a1_manutencao_sustentabilidade_raw.csv::05694|SCOPUS::scopus_nucleo_a4_gestao_ativos_ciclo_vida_raw.csv::00205
REG_05688,doi_e_titulo,3,Scopus,scopus_nucleo_a1_manutencao_sustentabilidade|scopus_nucleo_a2_contexto_publico_universitario|scopus_nucleo_a4_gestao_ativos_ciclo_vida,Integrated Environmental and Economic Assessment for the Replacement of the Flooring System in a Public Educational Building,SCOPUS::scopus_nucleo_a1_manutencao_sustentabilidade_raw.csv::05695|SCOPUS::scopus_nucleo_a2_contexto_publico_universitario_raw.csv::00091|SCOPUS::scopus_nucleo_a4_gestao_ativos_ciclo_vida_raw.csv::00194
REG_05705,doi_e_titulo,2,Scopus,scopus_nucleo_a1_manutencao_sustentabilidade|scopus_nucleo_a4_gestao_ativos_ciclo_vida,Sustainability and Profitability in Social Housing: Evaluation of a Bioclimatic Envelope for Warm Tropical Climates,SCOPUS::scopus_nucleo_a1_manutencao_sustentabilidade_raw.csv::05712|SCOPUS::scopus_nucleo_a4_gestao_ativos_ciclo_vida_raw.csv::00210
REG_05706,doi_e_titulo,2,Scopus,scopus_nucleo_a1_manutencao_sustentabilidade|scopus_nucleo_a2_contexto_publico_universitario,"Integrating artificial intelligence, building information modeling, and augmented reality to enhance facility maintenance",SCOPUS::scopus_nucleo_a1_manutencao_sustentabilidade_raw.csv::05713|SCOPUS::scopus_nucleo_a2_contexto_publico_universitario_raw.csv::00103
REG_05707,doi_e_titulo,3,Scopus|WoS,scopus_nucleo_a1_manutencao_sustentabilidade|wos_nucleo_01|wos_nucleo_04,Integrating interdependency effects into coastal bridge resilience against hurricane-induced waves within a life-cycle context,SCOPUS::scopus_nucleo_a1_manutencao_sustentabilidade_raw.csv::05714|WOS::WOS_NUCLEO_01_20260708_part01.ris::00071|WOS::WOS_NUCLEO_04_20260708_part01.ris::00231
REG_05714,doi_e_titulo,2,Scopus,scopus_nucleo_a1_manutencao_sustentabilidade|scopus_nucleo_a4_gestao_ativos_ciclo_vida,Asset Maintenance in Railway: Powered by New Technology and Driven by Sustainability,SCOPUS::scopus_nucleo_a1_manutencao_sustentabilidade_raw.csv::05721|SCOPUS::scopus_nucleo_a4_gestao_ativos_ciclo_vida_raw.csv::00220
REG_05726,doi_e_titulo,2,Scopus|WoS,scopus_nucleo_a1_manutencao_sustentabilidade|wos_nucleo_01,A Systematic Survey of Digital Twin Applications: Transferring Knowledge From Automotive and Aviation to Maritime Industry,SCOPUS::scopus_nucleo_a1_manutencao_sustentabilidade_raw.csv::05733|WOS::WOS_NUCLEO_01_20260708_part01.ris::00248
REG_05731,doi_e_titulo,2,Scopus,scopus_nucleo_a1_manutencao_sustentabilidade|scopus_nucleo_a4_gestao_ativos_ciclo_vida,Wind turbine technologies,SCOPUS::scopus_nucleo_a1_manutencao_sustentabilidade_raw.csv::05738|SCOPUS::scopus_nucleo_a4_gestao_ativos_ciclo_vida_raw.csv::00217
REG_05732,doi_e_titulo,3,Scopus|WoS,scopus_nucleo_a1_manutencao_sustentabilidade|wos_nucleo_01|wos_nucleo_04,Building value for dairy farmers and advisors in the Farmers Assuring Responsible Management Environmental Stewardship Program,SCOPUS::scopus_nucleo_a1_manutencao_sustentabilidade_raw.csv::05739|WOS::WOS_NUCLEO_01_20260708_part01.ris::00385|WOS::WOS_NUCLEO_04_20260708_part01.ris::00349
REG_05735,doi_e_titulo,2,Scopus,scopus_nucleo_a1_manutencao_sustentabilidade|scopus_nucleo_a4_gestao_ativos_ciclo_vida,Delivering Consistent Competitive Business Outcomes Through Streamlined Well Delivery Process - A Case Study From an Operator in Nigeria,SCOPUS::scopus_nucleo_a1_manutencao_sustentabilidade_raw.csv::05742|SCOPUS::scopus_nucleo_a4_gestao_ativos_ciclo_vida_raw.csv::00218
REG_05736,doi_e_titulo,3,Scopus|WoS,scopus_nucleo_a1_manutencao_sustentabilidade|scopus_nucleo_a4_gestao_ativos_ciclo_vida|wos_nucleo_04,Comparative life cycle assessment in wastewater treatment plants: scenario analysis with OpenLCA,SCOPUS::scopus_nucleo_a1_manutencao_sustentabilidade_raw.csv::05743|SCOPUS::scopus_nucleo_a4_gestao_ativos_ciclo_vida_raw.csv::00198|WOS::WOS_NUCLEO_04_20260708_part01.ris::00237
REG_05739,doi_e_titulo,2,Scopus,scopus_nucleo_a1_manutencao_sustentabilidade|scopus_nucleo_a4_gestao_ativos_ciclo_vida,Early design optimization and simulation model validation of a novel heat generation and storage system,SCOPUS::scopus_nucleo_a1_manutencao_sustentabilidade_raw.csv::05746|SCOPUS::scopus_nucleo_a4_gestao_ativos_ciclo_vida_raw.csv::00209
REG_05740,doi_e_titulo,2,Scopus|WoS,scopus_nucleo_a1_manutencao_sustentabilidade|wos_nucleo_01,The driving mechanism for promoting the transition to sustainable operation and maintenance management of major infrastructure projects: a SLR-ISM-MICMAC analysis || The driving mechanism for promoting the transition to sustainable operation and maintenance management of major infrastructure projects: a SLR-ISM-MICMAC analysis,SCOPUS::scopus_nucleo_a1_manutencao_sustentabilidade_raw.csv::05747|WOS::WOS_NUCLEO_01_20260708_part01.ris::00332
REG_05743,doi_e_titulo,2,Scopus,scopus_nucleo_a1_manutencao_sustentabilidade|scopus_nucleo_a2_contexto_publico_universitario,DIGITAL COMMON DATA ENVIRONMENT PLATFORM AS AN IMPLEMENTED TOOL FOR THE MANAGEMENT OF AN OPERATIONAL BUILDING,SCOPUS::scopus_nucleo_a1_manutencao_sustentabilidade_raw.csv::05750|SCOPUS::scopus_nucleo_a2_contexto_publico_universitario_raw.csv::00106
REG_05750,doi_e_titulo,2,Scopus,scopus_nucleo_a1_manutencao_sustentabilidade|scopus_nucleo_a4_gestao_ativos_ciclo_vida,数字工程与数字孪生在航空疲劳与结构完整性领域的研究进展与展望,SCOPUS::scopus_nucleo_a1_manutencao_sustentabilidade_raw.csv::05757|SCOPUS::scopus_nucleo_a4_gestao_ativos_ciclo_vida_raw.csv::00215
REG_05759,doi_e_titulo,2,Scopus,scopus_nucleo_a1_manutencao_sustentabilidade|scopus_nucleo_a4_gestao_ativos_ciclo_vida,"Development of Ontology of ""Smart Building"" in the Context of Sustainable Development of ""Smart City""",SCOPUS::scopus_nucleo_a1_manutencao_sustentabilidade_raw.csv::05766|SCOPUS::scopus_nucleo_a4_gestao_ativos_ciclo_vida_raw.csv::00213
REG_05761,doi_e_titulo,4,Scopus|WoS,scopus_nucleo_a1_manutencao_sustentabilidade|scopus_nucleo_a4_gestao_ativos_ciclo_vida|wos_nucleo_01|wos_nucleo_04,Advancing Sustainable Infrastructure Management: Insights from System Dynamics,SCOPUS::scopus_nucleo_a1_manutencao_sustentabilidade_raw.csv::05768|SCOPUS::scopus_nucleo_a4_gestao_ativos_ciclo_vida_raw.csv::00212|WOS::WOS_NUCLEO_01_20260708_part01.ris::00339|WOS::WOS_NUCLEO_04_20260708_part01.ris::00228
REG_05776,doi_e_titulo,2,Scopus,scopus_nucleo_a1_manutencao_sustentabilidade|scopus_nucleo_a4_gestao_ativos_ciclo_vida,Transforming Parking Facilities for Electric Vehicles: An Optimal Design,SCOPUS::scopus_nucleo_a1_manutencao_sustentabilidade_raw.csv::05783|SCOPUS::scopus_nucleo_a4_gestao_ativos_ciclo_vida_raw.csv::00202
REG_05780,doi_e_titulo,2,Scopus,scopus_nucleo_a1_manutencao_sustentabilidade|scopus_nucleo_a4_gestao_ativos_ciclo_vida,"Indoor Voxel Visualisation For Tenant Occupants’ Environment, Health, And Safety",SCOPUS::scopus_nucleo_a1_manutencao_sustentabilidade_raw.csv::05787|SCOPUS::scopus_nucleo_a4_gestao_ativos_ciclo_vida_raw.csv::00214
REG_05787,doi_e_titulo,2,Scopus|WoS,scopus_nucleo_a1_manutencao_sustentabilidade|wos_nucleo_01,Industrial Archaeologies of Complex Palimpsests. Application of Semantic Web Technologies to Digitalise the Knowledge Path from Data to Interpretation,SCOPUS::scopus_nucleo_a1_manutencao_sustentabilidade_raw.csv::05794|WOS::WOS_NUCLEO_01_20260708_part01.ris::00384
REG_05791,doi_e_titulo,2,Scopus,scopus_nucleo_a1_manutencao_sustentabilidade|scopus_nucleo_a4_gestao_ativos_ciclo_vida,"Digital Twin driven Nuclear Power Plant Health Monitoring, Diagnostics and Prognostics",SCOPUS::scopus_nucleo_a1_manutencao_sustentabilidade_raw.csv::05798|SCOPUS::scopus_nucleo_a4_gestao_ativos_ciclo_vida_raw.csv::00226
REG_05805,doi_e_titulo,2,Scopus|WoS,scopus_nucleo_a1_manutencao_sustentabilidade|wos_nucleo_01,Bibliometric Web of Science and Google Trends analysis of multi-criteria decision analysis within the built environment,SCOPUS::scopus_nucleo_a1_manutencao_sustentabilidade_raw.csv::05812|WOS::WOS_NUCLEO_01_20260708_part01.ris::00045
REG_05809,doi_e_titulo,2,Scopus,scopus_nucleo_a1_manutencao_sustentabilidade|scopus_nucleo_a4_gestao_ativos_ciclo_vida,Integration of BIM and GIS to reduce construction and demolition waste,SCOPUS::scopus_nucleo_a1_manutencao_sustentabilidade_raw.csv::05816|SCOPUS::scopus_nucleo_a4_gestao_ativos_ciclo_vida_raw.csv::00228
REG_05812,doi_e_titulo,3,Scopus|WoS,scopus_nucleo_a1_manutencao_sustentabilidade|scopus_nucleo_a4_gestao_ativos_ciclo_vida|wos_nucleo_01,Research on Circular Design Criteria for Historic Building Protection,SCOPUS::scopus_nucleo_a1_manutencao_sustentabilidade_raw.csv::05819|SCOPUS::scopus_nucleo_a4_gestao_ativos_ciclo_vida_raw.csv::00230|WOS::WOS_NUCLEO_01_20260708_part01.ris::00286
REG_05815,doi_e_titulo,3,Scopus|WoS,scopus_nucleo_a1_manutencao_sustentabilidade|scopus_nucleo_a3_priorizacao_estrategia_manutencao|wos_nucleo_01,Data-driven pavement management for sustainable urban mobility: predicting transverse cracking in CRCP using GA-optimized SVR,SCOPUS::scopus_nucleo_a1_manutencao_sustentabilidade_raw.csv::05822|SCOPUS::scopus_nucleo_a3_priorizacao_estrategia_manutencao_raw.csv::00109|WOS::WOS_NUCLEO_01_20260708_part01.ris::00542
REG_05816,doi_e_titulo,2,Scopus,scopus_nucleo_a1_manutencao_sustentabilidade|scopus_nucleo_a4_gestao_ativos_ciclo_vida,Optimizing Fire Safety Compliance: Rule-Based Checking of As-Is BIM Models for Workplace Regulations,SCOPUS::scopus_nucleo_a1_manutencao_sustentabilidade_raw.csv::05823|SCOPUS::scopus_nucleo_a4_gestao_ativos_ciclo_vida_raw.csv::00231
REG_05817,doi_e_titulo,2,Scopus,scopus_nucleo_a1_manutencao_sustentabilidade|scopus_nucleo_a4_gestao_ativos_ciclo_vida,Twin4Build in Action: AI-Powered Digital Twins Advancing Building Decarbonization with Key Findings and Lessons Learned,SCOPUS::scopus_nucleo_a1_manutencao_sustentabilidade_raw.csv::05824|SCOPUS::scopus_nucleo_a4_gestao_ativos_ciclo_vida_raw.csv::00232
REG_05818,doi_e_titulo,2,Scopus,scopus_nucleo_a1_manutencao_sustentabilidade|scopus_nucleo_a3_priorizacao_estrategia_manutencao,Integration of building information modeling and machine learning for predictive maintenance,SCOPUS::scopus_nucleo_a1_manutencao_sustentabilidade_raw.csv::05825|SCOPUS::scopus_nucleo_a3_priorizacao_estrategia_manutencao_raw.csv::00106
REG_05822,doi_e_titulo,2,Scopus|WoS,scopus_nucleo_a1_manutencao_sustentabilidade|wos_nucleo_01,Mechanical performance degradation modelling and prognosis method of high-voltage circuit breakers considering censored data,SCOPUS::scopus_nucleo_a1_manutencao_sustentabilidade_raw.csv::05829|WOS::WOS_NUCLEO_01_20260708_part01.ris::00315
REG_05826,doi_e_titulo,2,Scopus,scopus_nucleo_a1_manutencao_sustentabilidade|scopus_nucleo_a4_gestao_ativos_ciclo_vida,A Regional Investigation of Near-Zero Energy Buildings: Assessing the Impact of PV Integration and Building Design,SCOPUS::scopus_nucleo_a1_manutencao_sustentabilidade_raw.csv::05833|SCOPUS::scopus_nucleo_a4_gestao_ativos_ciclo_vida_raw.csv::00234
REG_05835,doi_e_titulo,3,Scopus|WoS,scopus_nucleo_a1_manutencao_sustentabilidade|scopus_nucleo_a4_gestao_ativos_ciclo_vida|wos_nucleo_04,Hydroelastic Analysis and Response of Damaged Beam-Type VLFS,SCOPUS::scopus_nucleo_a1_manutencao_sustentabilidade_raw.csv::05842|SCOPUS::scopus_nucleo_a4_gestao_ativos_ciclo_vida_raw.csv::00222|WOS::WOS_NUCLEO_04_20260708_part01.ris::00394
REG_05836,doi_e_titulo,2,Scopus,scopus_nucleo_a1_manutencao_sustentabilidade|scopus_nucleo_a4_gestao_ativos_ciclo_vida,Navigating Nearly Zero-Energy Strategies for Urban Climate Change Adaptation and Mitigation,SCOPUS::scopus_nucleo_a1_manutencao_sustentabilidade_raw.csv::05843|SCOPUS::scopus_nucleo_a4_gestao_ativos_ciclo_vida_raw.csv::00224
REG_05840,doi_e_titulo,2,Scopus,scopus_nucleo_a1_manutencao_sustentabilidade|scopus_nucleo_a4_gestao_ativos_ciclo_vida,Research on Post Evaluation of Mechanized Construction in Power Transmission and Transformation Projects with Game Theory and Fuzzy Grey Projection,SCOPUS::scopus_nucleo_a1_manutencao_sustentabilidade_raw.csv::05847|SCOPUS::scopus_nucleo_a4_gestao_ativos_ciclo_vida_raw.csv::00236
REG_05848,doi_e_titulo,2,Scopus|WoS,scopus_nucleo_a1_manutencao_sustentabilidade|wos_nucleo_02,Implementing circular practices in a construction clients' organisation. Strategic interventions on intra-organisational barriers for operationalising TU Delft's circular campus ambitions || Implementing circular practices in a construction clients’ organisation. Strategic interventions on intra-organisational barriers for operationalising TU Delft’s circular campus ambitions,SCOPUS::scopus_nucleo_a1_manutencao_sustentabilidade_raw.csv::05855|WOS::WOS_NUCLEO_02_20260708_part01.ris::00305
REG_05870,doi_e_titulo,3,Scopus|WoS,scopus_nucleo_a1_manutencao_sustentabilidade|scopus_nucleo_a4_gestao_ativos_ciclo_vida|wos_nucleo_04,"Examining Building Design Strategies for Zero Energy Performance: Operational Efficiency, Reconstruction, and Restoration for Sustainable Urban Development",SCOPUS::scopus_nucleo_a1_manutencao_sustentabilidade_raw.csv::05877|SCOPUS::scopus_nucleo_a4_gestao_ativos_ciclo_vida_raw.csv::00239|WOS::WOS_NUCLEO_04_20260708_part01.ris::00493
REG_05871,doi_e_titulo,2,Scopus,scopus_nucleo_a1_manutencao_sustentabilidade|scopus_nucleo_a4_gestao_ativos_ciclo_vida,"Empowering Underground Utility Tunnel Operation and Maintenance with Data Intelligence: Risk Factors, Prospects, and Challenges",SCOPUS::scopus_nucleo_a1_manutencao_sustentabilidade_raw.csv::05878|SCOPUS::scopus_nucleo_a4_gestao_ativos_ciclo_vida_raw.csv::00207
REG_05873,doi_e_titulo,2,Scopus,scopus_nucleo_a1_manutencao_sustentabilidade|scopus_nucleo_a4_gestao_ativos_ciclo_vida,A Game Engine-Driven Approach for Construction of Manned Lunar Research Station Digital Twins,SCOPUS::scopus_nucleo_a1_manutencao_sustentabilidade_raw.csv::05880|SCOPUS::scopus_nucleo_a4_gestao_ativos_ciclo_vida_raw.csv::00238
REG_05877,doi_e_titulo,2,Scopus,scopus_nucleo_a1_manutencao_sustentabilidade|scopus_nucleo_a4_gestao_ativos_ciclo_vida,"From Traditional Materials to Geopolymers: History, Performance, Sustainability and 3D Printing Applications",SCOPUS::scopus_nucleo_a1_manutencao_sustentabilidade_raw.csv::05884|SCOPUS::scopus_nucleo_a4_gestao_ativos_ciclo_vida_raw.csv::00225
REG_05884,doi_e_titulo,2,Scopus|WoS,scopus_nucleo_a1_manutencao_sustentabilidade|wos_nucleo_01,Evaluation of Smart Highway Operation and Maintenance Risk: Based on AHP-FCE Model,SCOPUS::scopus_nucleo_a1_manutencao_sustentabilidade_raw.csv::05891|WOS::WOS_NUCLEO_01_20260708_part01.ris::00285
REG_05889,doi_e_titulo,2,Scopus|WoS,scopus_nucleo_a1_manutencao_sustentabilidade|wos_nucleo_01,Is Blockchain technology effective for government's supervision? An behavioral evolutionary game on performance governance of infrastructure PPP projects || Is Blockchain technology effective for government’s supervision? An behavioral evolutionary game on performance governance of infrastructure PPP projects,SCOPUS::scopus_nucleo_a1_manutencao_sustentabilidade_raw.csv::05896|WOS::WOS_NUCLEO_01_20260708_part01.ris::00245
REG_05905,doi_e_titulo,2,Scopus,scopus_nucleo_a1_manutencao_sustentabilidade|scopus_nucleo_a3_priorizacao_estrategia_manutencao,Maintenance and Refurbishment for Low Emissions in Buildings,SCOPUS::scopus_nucleo_a1_manutencao_sustentabilidade_raw.csv::05912|SCOPUS::scopus_nucleo_a3_priorizacao_estrategia_manutencao_raw.csv::00110
REG_05925,doi_e_titulo,3,Scopus|WoS,scopus_nucleo_a1_manutencao_sustentabilidade|scopus_nucleo_a2_contexto_publico_universitario|wos_nucleo_02,Appraising sustainable and resilient physical infrastructure facilities in higher education institutions: the role of smart maintenance management,SCOPUS::scopus_nucleo_a1_manutencao_sustentabilidade_raw.csv::05932|SCOPUS::scopus_nucleo_a2_contexto_publico_universitario_raw.csv::00083|WOS::WOS_NUCLEO_02_20260708_part01.ris::00324
REG_05937,doi_e_titulo,3,Scopus|WoS,scopus_nucleo_a1_manutencao_sustentabilidade|scopus_nucleo_a4_gestao_ativos_ciclo_vida|wos_nucleo_04,Concrete with incorporation of polymeric recycled aggregate,SCOPUS::scopus_nucleo_a1_manutencao_sustentabilidade_raw.csv::05944|SCOPUS::scopus_nucleo_a4_gestao_ativos_ciclo_vida_raw.csv::00223|WOS::WOS_NUCLEO_04_20260708_part01.ris::00395
REG_05976,doi_e_titulo,3,Scopus|WoS,scopus_nucleo_a1_manutencao_sustentabilidade|wos_nucleo_01|wos_nucleo_02,Institutionalizing post-occupancy evaluation in African universities: a framework for student-centered housing governance,SCOPUS::scopus_nucleo_a1_manutencao_sustentabilidade_raw.csv::05983|WOS::WOS_NUCLEO_01_20260708_part01.ris::00483|WOS::WOS_NUCLEO_02_20260708_part01.ris::00294
REG_05991,doi_e_titulo,2,Scopus|WoS,scopus_nucleo_a1_manutencao_sustentabilidade|wos_nucleo_01,Water Reuse: Contribution of a Decision Support Model,SCOPUS::scopus_nucleo_a1_manutencao_sustentabilidade_raw.csv::05998|WOS::WOS_NUCLEO_01_20260708_part01.ris::00301
REG_05997,doi_e_titulo,2,Scopus|WoS,scopus_nucleo_a1_manutencao_sustentabilidade|wos_nucleo_01,Intelligent Planning and Optimization of Criteria for the Efficient Execution of Green Hydrogen Projects,SCOPUS::scopus_nucleo_a1_manutencao_sustentabilidade_raw.csv::06004|WOS::WOS_NUCLEO_01_20260708_part01.ris::00439
REG_05998,titulo_normalizado,2,Scopus,scopus_nucleo_a1_manutencao_sustentabilidade|scopus_nucleo_a4_gestao_ativos_ciclo_vida,Durability for Sustainability a Balance Between Optimization and Robustness,SCOPUS::scopus_nucleo_a1_manutencao_sustentabilidade_raw.csv::06005|SCOPUS::scopus_nucleo_a4_gestao_ativos_ciclo_vida_raw.csv::00219
REG_06011,doi_e_titulo,2,Scopus,scopus_nucleo_a1_manutencao_sustentabilidade,Marine energy technologies,SCOPUS::scopus_nucleo_a1_manutencao_sustentabilidade_raw.csv::06018|SCOPUS::scopus_nucleo_a1_manutencao_sustentabilidade_raw.csv::06019
REG_06030,doi_e_titulo,2,Scopus|WoS,scopus_nucleo_a1_manutencao_sustentabilidade|wos_nucleo_01,Dynamic resilience assessment and multi-objective optimization decision-making for urban roadway tunnel system in the face of fire disaster,SCOPUS::scopus_nucleo_a1_manutencao_sustentabilidade_raw.csv::06038|WOS::WOS_NUCLEO_01_20260708_part01.ris::00473
REG_06033,doi_e_titulo,2,Scopus,scopus_nucleo_a1_manutencao_sustentabilidade|scopus_nucleo_a4_gestao_ativos_ciclo_vida,Development of a System-level Baseline Digital Twin for Behavior Update of PSC Girder Bridges,SCOPUS::scopus_nucleo_a1_manutencao_sustentabilidade_raw.csv::06041|SCOPUS::scopus_nucleo_a4_gestao_ativos_ciclo_vida_raw.csv::00235
REG_06039,titulo_normalizado,2,Scopus,scopus_nucleo_a1_manutencao_sustentabilidade|scopus_nucleo_a4_gestao_ativos_ciclo_vida,Sustainable pavements with high performance and long service life,SCOPUS::scopus_nucleo_a1_manutencao_sustentabilidade_raw.csv::06047|SCOPUS::scopus_nucleo_a4_gestao_ativos_ciclo_vida_raw.csv::00221
REG_06080,titulo_normalizado,2,Scopus,scopus_nucleo_a1_manutencao_sustentabilidade|scopus_nucleo_a4_gestao_ativos_ciclo_vida,Standardising Bond Characterisation Method for Carbon-Reinforced Concrete in Strengthening Applications: Interlaboratory lap-splice tensile tests,SCOPUS::scopus_nucleo_a1_manutencao_sustentabilidade_raw.csv::06088|SCOPUS::scopus_nucleo_a4_gestao_ativos_ciclo_vida_raw.csv::00237
REG_06096,doi_e_titulo,2,Scopus,scopus_nucleo_a1_manutencao_sustentabilidade|scopus_nucleo_a4_gestao_ativos_ciclo_vida,BIM Related Technology Enabled Facility Management for Buildings: Challenges and Potential Research Directions,SCOPUS::scopus_nucleo_a1_manutencao_sustentabilidade_raw.csv::06104|SCOPUS::scopus_nucleo_a4_gestao_ativos_ciclo_vida_raw.csv::00241
REG_06106,doi_e_titulo,2,Scopus,scopus_nucleo_a1_manutencao_sustentabilidade|scopus_nucleo_a4_gestao_ativos_ciclo_vida,The New Capital Nusantara Net Zero Strategy of Indonesia: Sustainable and Environmental Friendly City Through Level of Service Standardization,SCOPUS::scopus_nucleo_a1_manutencao_sustentabilidade_raw.csv::06114|SCOPUS::scopus_nucleo_a4_gestao_ativos_ciclo_vida_raw.csv::00246
REG_06109,doi_e_titulo,3,Scopus|WoS,scopus_nucleo_a1_manutencao_sustentabilidade|scopus_nucleo_a2_contexto_publico_universitario|wos_nucleo_02,Evolving Trends and Innovations in Facilities Management Within Higher Education Institutions,SCOPUS::scopus_nucleo_a1_manutencao_sustentabilidade_raw.csv::06117|SCOPUS::scopus_nucleo_a2_contexto_publico_universitario_raw.csv::00113|WOS::WOS_NUCLEO_02_20260708_part01.ris::00171
REG_06110,doi_e_titulo,3,Scopus|WoS,scopus_nucleo_a1_manutencao_sustentabilidade|scopus_nucleo_a4_gestao_ativos_ciclo_vida|wos_nucleo_04,Sustainability Assessment of Alternative Energy Fuels for Aircrafts-A Life Cycle Analysis Approach || Sustainability Assessment of Alternative Energy Fuels for Aircrafts—A Life Cycle Analysis Approach,SCOPUS::scopus_nucleo_a1_manutencao_sustentabilidade_raw.csv::06118|SCOPUS::scopus_nucleo_a4_gestao_ativos_ciclo_vida_raw.csv::00242|WOS::WOS_NUCLEO_04_20260708_part01.ris::00064
REG_06111,doi_e_titulo,3,Scopus|WoS,scopus_nucleo_a1_manutencao_sustentabilidade|scopus_nucleo_a3_priorizacao_estrategia_manutencao|wos_nucleo_04,Next-Generation Building Condition Assessment: BIM and Neural Network Integration,SCOPUS::scopus_nucleo_a1_manutencao_sustentabilidade_raw.csv::06119|SCOPUS::scopus_nucleo_a3_priorizacao_estrategia_manutencao_raw.csv::00143|WOS::WOS_NUCLEO_04_20260708_part01.ris::00254
REG_06113,doi_e_titulo,3,Scopus|WoS,scopus_nucleo_a1_manutencao_sustentabilidade|scopus_nucleo_a4_gestao_ativos_ciclo_vida|wos_nucleo_04,Carbon emissions of power transmission and transformation projects in the whole life cycle for smart sustainable energy systems,SCOPUS::scopus_nucleo_a1_manutencao_sustentabilidade_raw.csv::06121|SCOPUS::scopus_nucleo_a4_gestao_ativos_ciclo_vida_raw.csv::00243|WOS::WOS_NUCLEO_04_20260708_part01.ris::00111
REG_06115,doi_e_titulo,2,Scopus|WoS,scopus_nucleo_a1_manutencao_sustentabilidade|wos_nucleo_01,Tail-End Evaluation Based on the Cost-Effectiveness of Bridge Life Cycles,SCOPUS::scopus_nucleo_a1_manutencao_sustentabilidade_raw.csv::06123|WOS::WOS_NUCLEO_01_20260708_part01.ris::00189
REG_06117,doi_e_titulo,4,Scopus|WoS,scopus_nucleo_a1_manutencao_sustentabilidade|scopus_nucleo_a4_gestao_ativos_ciclo_vida|wos_nucleo_01|wos_nucleo_04,Modeling HVAC degradation due to climate shocks and stresses using dynamic Bayesian networks,SCOPUS::scopus_nucleo_a1_manutencao_sustentabilidade_raw.csv::06125|SCOPUS::scopus_nucleo_a4_gestao_ativos_ciclo_vida_raw.csv::00245|WOS::WOS_NUCLEO_01_20260708_part01.ris::00421|WOS::WOS_NUCLEO_04_20260708_part01.ris::00353
REG_06118,doi_e_titulo,2,Scopus|WoS,scopus_nucleo_a1_manutencao_sustentabilidade|wos_nucleo_01,Toward Future Design Base on Life Cycle Cost Assessment in Civil Engineering: A Bibliometric Analysis of the Literature,SCOPUS::scopus_nucleo_a1_manutencao_sustentabilidade_raw.csv::06126|WOS::WOS_NUCLEO_01_20260708_part01.ris::00214
REG_06120,doi_e_titulo,5,Crossref|Scopus|WoS,crossref_nucleo_a3|scopus_nucleo_a1_manutencao_sustentabilidade|scopus_nucleo_a4_gestao_ativos_ciclo_vida|wos_nucleo_01|wos_nucleo_04,A Novel Framework for Estimation of the Maintenance and Operation Cost in Construction Projects: A Step Toward Sustainable Buildings,SCOPUS::scopus_nucleo_a1_manutencao_sustentabilidade_raw.csv::06128|SCOPUS::scopus_nucleo_a4_gestao_ativos_ciclo_vida_raw.csv::00244|CROSSREF::crossref_nucleo_a3_raw.csv::00022|WOS::WOS_NUCLEO_01_20260708_part01.ris::00291|WOS::WOS_NUCLEO_04_20260708_part01.ris::00169
REG_06124,doi_e_titulo,2,Scopus|WoS,scopus_nucleo_a1_manutencao_sustentabilidade|wos_nucleo_01,Estimating Carbon Emissions of Northeast Brazil Railway System,SCOPUS::scopus_nucleo_a1_manutencao_sustentabilidade_raw.csv::06132|WOS::WOS_NUCLEO_01_20260708_part01.ris::00232
REG_06127,doi_e_titulo,2,Scopus|WoS,scopus_nucleo_a1_manutencao_sustentabilidade|wos_nucleo_01,Dust impact on solar PV performance: A critical review of optimal cleaning techniques for yield enhancement across varied environmental conditions,SCOPUS::scopus_nucleo_a1_manutencao_sustentabilidade_raw.csv::06135|WOS::WOS_NUCLEO_01_20260708_part01.ris::00467
REG_06131,doi_e_titulo,2,Scopus|WoS,scopus_nucleo_a1_manutencao_sustentabilidade|wos_nucleo_01,Suggested solutions to barriers in accessing healthcare by persons with disability in Uganda: a qualitative study,SCOPUS::scopus_nucleo_a1_manutencao_sustentabilidade_raw.csv::06139|WOS::WOS_NUCLEO_01_20260708_part01.ris::00597
REG_06133,doi_e_titulo,2,Crossref|Scopus,crossref_nucleo_a3|scopus_nucleo_a1_manutencao_sustentabilidade,Technical Management of Residential Buildings—The Idea of Implementing Predictive Approach Elements for Sustainable Maintenance,SCOPUS::scopus_nucleo_a1_manutencao_sustentabilidade_raw.csv::06141|CROSSREF::crossref_nucleo_a3_raw.csv::00023
REG_06138,doi_e_titulo,2,Scopus|WoS,scopus_nucleo_a1_manutencao_sustentabilidade|wos_nucleo_01,A risk sharing model for old community renewal project based on bargaining game model,SCOPUS::scopus_nucleo_a1_manutencao_sustentabilidade_raw.csv::06146|WOS::WOS_NUCLEO_01_20260708_part01.ris::00375
REG_06145,doi_e_titulo,2,Scopus|WoS,scopus_nucleo_a1_manutencao_sustentabilidade|wos_nucleo_01,Vulnerability Evolution Mechanism of High-Speed Railway Construction System in the Goaf Site of Qinshui Coalfield,SCOPUS::scopus_nucleo_a1_manutencao_sustentabilidade_raw.csv::06153|WOS::WOS_NUCLEO_01_20260708_part01.ris::00490
REG_06146,doi_e_titulo,2,Scopus|WoS,scopus_nucleo_a1_manutencao_sustentabilidade|wos_nucleo_01,Electric vehicle path optimization research based on charging and switching methods under V2G,SCOPUS::scopus_nucleo_a1_manutencao_sustentabilidade_raw.csv::06154|WOS::WOS_NUCLEO_01_20260708_part01.ris::00511
REG_06150,doi_e_titulo,3,Scopus|WoS,scopus_nucleo_a1_manutencao_sustentabilidade|scopus_nucleo_a2_contexto_publico_universitario|wos_nucleo_02,Connecting college students with nature: An evaluation indicator system for the implementation of horticultural therapy programmes on university campuses,SCOPUS::scopus_nucleo_a1_manutencao_sustentabilidade_raw.csv::06158|SCOPUS::scopus_nucleo_a2_contexto_publico_universitario_raw.csv::00116|WOS::WOS_NUCLEO_02_20260708_part01.ris::00222
REG_06160,doi_e_titulo,2,Scopus,scopus_nucleo_a1_manutencao_sustentabilidade|scopus_nucleo_a4_gestao_ativos_ciclo_vida,Random Matrix Weighting Algorithm Based Whole Life Project Cost Management,SCOPUS::scopus_nucleo_a1_manutencao_sustentabilidade_raw.csv::06168|SCOPUS::scopus_nucleo_a4_gestao_ativos_ciclo_vida_raw.csv::00247
REG_06161,doi_e_titulo,2,Crossref|Scopus,crossref_nucleo_a2|scopus_nucleo_a1_manutencao_sustentabilidade,Building automation and control systems for office buildings: Technical insights for effective facility management - A literature review,SCOPUS::scopus_nucleo_a1_manutencao_sustentabilidade_raw.csv::06169|CROSSREF::crossref_nucleo_a2_raw.csv::00123
REG_06164,doi_e_titulo,2,Scopus,scopus_nucleo_a1_manutencao_sustentabilidade|scopus_nucleo_a2_contexto_publico_universitario,BIM-FM in existing buildings: a case study on educational and high-rise residential buildings,SCOPUS::scopus_nucleo_a1_manutencao_sustentabilidade_raw.csv::06172|SCOPUS::scopus_nucleo_a2_contexto_publico_universitario_raw.csv::00117
REG_06166,doi_e_titulo,2,Scopus,scopus_nucleo_a1_manutencao_sustentabilidade|scopus_nucleo_a4_gestao_ativos_ciclo_vida,Potential of electricity generation by organic wastes in Latin America: a techno-economic-environmental analysis,SCOPUS::scopus_nucleo_a1_manutencao_sustentabilidade_raw.csv::06174|SCOPUS::scopus_nucleo_a4_gestao_ativos_ciclo_vida_raw.csv::00248
REG_06169,doi_e_titulo,4,Scopus|WoS,scopus_nucleo_a1_manutencao_sustentabilidade|scopus_nucleo_a4_gestao_ativos_ciclo_vida|wos_nucleo_01|wos_nucleo_04,"Process Mining, Modeling, and Management in Construction: A Critical Review of Three Decades of Research Coupled with a Current Industry Perspective",SCOPUS::scopus_nucleo_a1_manutencao_sustentabilidade_raw.csv::06177|SCOPUS::scopus_nucleo_a4_gestao_ativos_ciclo_vida_raw.csv::00249|WOS::WOS_NUCLEO_01_20260708_part01.ris::00440|WOS::WOS_NUCLEO_04_20260708_part01.ris::00449
REG_06170,doi_e_titulo,2,Scopus|WoS,scopus_nucleo_a1_manutencao_sustentabilidade|wos_nucleo_01,Digital twins enable shipbuilding,SCOPUS::scopus_nucleo_a1_manutencao_sustentabilidade_raw.csv::06178|WOS::WOS_NUCLEO_01_20260708_part01.ris::00330
REG_06171,doi_e_titulo,2,Scopus|WoS,scopus_nucleo_a1_manutencao_sustentabilidade|wos_nucleo_01,Principles for Sustainable Integration of BIM and Digital Twin Technologies in Industrial Infrastructure,SCOPUS::scopus_nucleo_a1_manutencao_sustentabilidade_raw.csv::06179|WOS::WOS_NUCLEO_01_20260708_part01.ris::00436
REG_06174,doi_e_titulo,3,Scopus|WoS,scopus_nucleo_a1_manutencao_sustentabilidade|scopus_nucleo_a4_gestao_ativos_ciclo_vida|wos_nucleo_01,Predictive modeling of combined cycle power plant performance using a digital twin-based neural ODE approach,SCOPUS::scopus_nucleo_a1_manutencao_sustentabilidade_raw.csv::06182|SCOPUS::scopus_nucleo_a4_gestao_ativos_ciclo_vida_raw.csv::00252|WOS::WOS_NUCLEO_01_20260708_part01.ris::00515
REG_06175,doi_e_titulo,2,Scopus,scopus_nucleo_a1_manutencao_sustentabilidade|scopus_nucleo_a4_gestao_ativos_ciclo_vida,Certifying a Water-Efficient Building Based on Actual and Simulated Performance during a Pandemic,SCOPUS::scopus_nucleo_a1_manutencao_sustentabilidade_raw.csv::06183|SCOPUS::scopus_nucleo_a4_gestao_ativos_ciclo_vida_raw.csv::00250
REG_06181,doi_e_titulo,2,Scopus|WoS,scopus_nucleo_a1_manutencao_sustentabilidade|wos_nucleo_01,Applying Analytical Hierarchy Process (AHP) to BIM-Based Risk Management for Optimal Performance in Construction Projects,SCOPUS::scopus_nucleo_a1_manutencao_sustentabilidade_raw.csv::06189|WOS::WOS_NUCLEO_01_20260708_part01.ris::00145
REG_06182,doi_e_titulo,3,Scopus|WoS,scopus_nucleo_a1_manutencao_sustentabilidade|scopus_nucleo_a4_gestao_ativos_ciclo_vida|wos_nucleo_04,Review of Bridge Structure Damping Model and Identification Method,SCOPUS::scopus_nucleo_a1_manutencao_sustentabilidade_raw.csv::06190|SCOPUS::scopus_nucleo_a4_gestao_ativos_ciclo_vida_raw.csv::00251|WOS::WOS_NUCLEO_04_20260708_part01.ris::00474
REG_06184,doi_e_titulo,2,Scopus|WoS,scopus_nucleo_a1_manutencao_sustentabilidade|wos_nucleo_01,Proposing a novel solar adsorption desalination unit using conceptual design and AHP-TOPSIS,SCOPUS::scopus_nucleo_a1_manutencao_sustentabilidade_raw.csv::06192|WOS::WOS_NUCLEO_01_20260708_part01.ris::00049
REG_06201,doi_e_titulo,2,Scopus|WoS,scopus_nucleo_a1_manutencao_sustentabilidade|wos_nucleo_01,BIM interoperability for small residential construction integrating warranty and maintenance management,SCOPUS::scopus_nucleo_a1_manutencao_sustentabilidade_raw.csv::06209|WOS::WOS_NUCLEO_01_20260708_part01.ris::00056
REG_06204,doi_e_titulo,3,Scopus|WoS,scopus_nucleo_a1_manutencao_sustentabilidade|scopus_nucleo_a4_gestao_ativos_ciclo_vida|wos_nucleo_04,Utilizing building information modeling (BIM) in the operation phase of civil infrastructure to analyze reinforcement corrosion induced by carbonation,SCOPUS::scopus_nucleo_a1_manutencao_sustentabilidade_raw.csv::06212|SCOPUS::scopus_nucleo_a4_gestao_ativos_ciclo_vida_raw.csv::00253|WOS::WOS_NUCLEO_04_20260708_part01.ris::00115
REG_06208,doi_e_titulo,2,Scopus,scopus_nucleo_a1_manutencao_sustentabilidade|scopus_nucleo_a4_gestao_ativos_ciclo_vida,Carbon footprint evaluation and low carbon design of China’s photovoltaic products based on LCA methodology,SCOPUS::scopus_nucleo_a1_manutencao_sustentabilidade_raw.csv::06216|SCOPUS::scopus_nucleo_a4_gestao_ativos_ciclo_vida_raw.csv::00254
REG_06209,doi_e_titulo,3,Scopus|WoS,scopus_nucleo_a1_manutencao_sustentabilidade|scopus_nucleo_a4_gestao_ativos_ciclo_vida|wos_nucleo_04,An LCA-BIM integrated model for carbon-emission calculation of prefabricated buildings,SCOPUS::scopus_nucleo_a1_manutencao_sustentabilidade_raw.csv::06217|SCOPUS::scopus_nucleo_a4_gestao_ativos_ciclo_vida_raw.csv::00255|WOS::WOS_NUCLEO_04_20260708_part01.ris::00319
REG_06219,doi_e_titulo,2,Scopus|WoS,scopus_nucleo_a1_manutencao_sustentabilidade|wos_nucleo_01,Meeting Increasing Demands for Upstream Scope 3 Reporting: A Framework for the Drilling Industry,SCOPUS::scopus_nucleo_a1_manutencao_sustentabilidade_raw.csv::06227|WOS::WOS_NUCLEO_01_20260708_part01.ris::00447
REG_06226,doi_e_titulo,2,Scopus|WoS,scopus_nucleo_a1_manutencao_sustentabilidade|wos_nucleo_01,Digital Twin Framework for Aircraft Lifecycle Management Based on Data-Driven Models,SCOPUS::scopus_nucleo_a1_manutencao_sustentabilidade_raw.csv::06234|WOS::WOS_NUCLEO_01_20260708_part01.ris::00212
REG_06230,doi_e_titulo,2,Scopus|WoS,scopus_nucleo_a1_manutencao_sustentabilidade|wos_nucleo_01,"Digital Twin Technology in Built Environment: A Review of Applications, Capabilities and Challenges",SCOPUS::scopus_nucleo_a1_manutencao_sustentabilidade_raw.csv::06238|WOS::WOS_NUCLEO_01_20260708_part01.ris::00503
REG_06232,doi_e_titulo,2,Scopus,scopus_nucleo_a1_manutencao_sustentabilidade|scopus_nucleo_a4_gestao_ativos_ciclo_vida,New energy storage technologies and their business models empowered by new quality productivity forces,SCOPUS::scopus_nucleo_a1_manutencao_sustentabilidade_raw.csv::06240|SCOPUS::scopus_nucleo_a4_gestao_ativos_ciclo_vida_raw.csv::00256
REG_06243,doi_e_titulo,2,Scopus|WoS,scopus_nucleo_a1_manutencao_sustentabilidade|wos_nucleo_01,Prospects for digital twin technology in the building modular construction and operation phases: A game theory-based analysis,SCOPUS::scopus_nucleo_a1_manutencao_sustentabilidade_raw.csv::06251|WOS::WOS_NUCLEO_01_20260708_part01.ris::00353
REG_06244,doi_e_titulo,2,Scopus|WoS,scopus_nucleo_a1_manutencao_sustentabilidade|wos_nucleo_01,An integrated hydro-finance approach towards sustainable urban stormwater and flood control management,SCOPUS::scopus_nucleo_a1_manutencao_sustentabilidade_raw.csv::06252|WOS::WOS_NUCLEO_01_20260708_part01.ris::00585
REG_06247,doi_e_titulo,2,Scopus|WoS,scopus_nucleo_a1_manutencao_sustentabilidade|wos_nucleo_01,BIM-IoT-FM integration: strategy for implementation of sustainable water management in buildings,SCOPUS::scopus_nucleo_a1_manutencao_sustentabilidade_raw.csv::06255|WOS::WOS_NUCLEO_01_20260708_part01.ris::00333
REG_06250,doi_e_titulo,2,Scopus,scopus_nucleo_a1_manutencao_sustentabilidade|scopus_nucleo_a4_gestao_ativos_ciclo_vida,Exploring the knowledge system in building information modeling (BIM) technology for medical construction projects (MCPS): A bibliometric analysis and prospective direction,SCOPUS::scopus_nucleo_a1_manutencao_sustentabilidade_raw.csv::06258|SCOPUS::scopus_nucleo_a4_gestao_ativos_ciclo_vida_raw.csv::00257
REG_06258,doi_e_titulo,2,Scopus|WoS,scopus_nucleo_a1_manutencao_sustentabilidade|wos_nucleo_01,"Advancing Sustainable Healthcare Technology Management: Developing a Comprehensive Risk Assessment Framework with a Fuzzy Analytical Hierarchy Process, Integrating External and Internal Factors in the Gulf Region",SCOPUS::scopus_nucleo_a1_manutencao_sustentabilidade_raw.csv::06266|WOS::WOS_NUCLEO_01_20260708_part01.ris::00477
REG_06259,doi_e_titulo,2,Scopus,scopus_nucleo_a1_manutencao_sustentabilidade|scopus_nucleo_a4_gestao_ativos_ciclo_vida,Reflective coatings: Enhancing building performance and sustainability,SCOPUS::scopus_nucleo_a1_manutencao_sustentabilidade_raw.csv::06267|SCOPUS::scopus_nucleo_a4_gestao_ativos_ciclo_vida_raw.csv::00258
REG_06265,doi_e_titulo,3,Scopus|WoS,scopus_nucleo_a1_manutencao_sustentabilidade|scopus_nucleo_a4_gestao_ativos_ciclo_vida|wos_nucleo_04,Research on Wind Turbine Fault Detection Based on CNN-LSTM,SCOPUS::scopus_nucleo_a1_manutencao_sustentabilidade_raw.csv::06273|SCOPUS::scopus_nucleo_a4_gestao_ativos_ciclo_vida_raw.csv::00259|WOS::WOS_NUCLEO_04_20260708_part01.ris::00467
REG_06275,doi_e_titulo,2,Scopus|WoS,scopus_nucleo_a1_manutencao_sustentabilidade|wos_nucleo_01,Appropriate port selection for floating based offshore wind farms with MCDM Methods: The Case of Turkiye || Appropriate port selection for floating based offshore wind farms with MCDM Methods: The Case of Türkiye,SCOPUS::scopus_nucleo_a1_manutencao_sustentabilidade_raw.csv::06283|WOS::WOS_NUCLEO_01_20260708_part01.ris::00043
REG_06276,doi_e_titulo,2,Scopus,scopus_nucleo_a1_manutencao_sustentabilidade|scopus_nucleo_a4_gestao_ativos_ciclo_vida,Carbon emission calculation method of steel-concrete composite girder Bridge based on LCA: A case study of Yanchong Expressway (Hebei Section),SCOPUS::scopus_nucleo_a1_manutencao_sustentabilidade_raw.csv::06284|SCOPUS::scopus_nucleo_a4_gestao_ativos_ciclo_vida_raw.csv::00260
REG_06277,doi_e_titulo,2,Scopus,scopus_nucleo_a1_manutencao_sustentabilidade|scopus_nucleo_a4_gestao_ativos_ciclo_vida,Linking energy efficiency and waste recovery to improve housing insulation and tackle energy poverty in south-central Chile,SCOPUS::scopus_nucleo_a1_manutencao_sustentabilidade_raw.csv::06285|SCOPUS::scopus_nucleo_a4_gestao_ativos_ciclo_vida_raw.csv::00261
REG_06282,doi_e_titulo,4,Scopus|WoS,scopus_nucleo_a1_manutencao_sustentabilidade|scopus_nucleo_a4_gestao_ativos_ciclo_vida|wos_nucleo_02|wos_nucleo_04,LCA Operational Carbon Reduction Based on Energy Strategies Analysis in a Mass Timber Building,SCOPUS::scopus_nucleo_a1_manutencao_sustentabilidade_raw.csv::06290|SCOPUS::scopus_nucleo_a4_gestao_ativos_ciclo_vida_raw.csv::00263|WOS::WOS_NUCLEO_02_20260708_part01.ris::00255|WOS::WOS_NUCLEO_04_20260708_part01.ris::00232
REG_06285,doi_e_titulo,3,Scopus|WoS,scopus_nucleo_a1_manutencao_sustentabilidade|scopus_nucleo_a4_gestao_ativos_ciclo_vida|wos_nucleo_04,Assessing the Environmental Benefits of Extending the Service Lifetime of Solar Photovoltaic Modules,SCOPUS::scopus_nucleo_a1_manutencao_sustentabilidade_raw.csv::06293|SCOPUS::scopus_nucleo_a4_gestao_ativos_ciclo_vida_raw.csv::00264|WOS::WOS_NUCLEO_04_20260708_part01.ris::00171
REG_06287,doi_e_titulo,3,Scopus|WoS,scopus_nucleo_a1_manutencao_sustentabilidade|scopus_nucleo_a4_gestao_ativos_ciclo_vida|wos_nucleo_04,"Low carbon concrete for prefabricated modular construction in circular economy: An integrated approach towards sustainability, durability, cost, and mechanical performances",SCOPUS::scopus_nucleo_a1_manutencao_sustentabilidade_raw.csv::06295|SCOPUS::scopus_nucleo_a4_gestao_ativos_ciclo_vida_raw.csv::00262|WOS::WOS_NUCLEO_04_20260708_part01.ris::00026
REG_06288,doi,2,Scopus|WoS,scopus_nucleo_a1_manutencao_sustentabilidade|wos_nucleo_01,BIM-based assessment of sustainable maintenance measures for existing building structures || BIM-based assessment of sustainable maintenance measures for existing building structures: Resource-efficient maintenance of buildings based on digital building models,SCOPUS::scopus_nucleo_a1_manutencao_sustentabilidade_raw.csv::06296|WOS::WOS_NUCLEO_01_20260708_part01.ris::00136
REG_06290,doi_e_titulo,2,Scopus|WoS,scopus_nucleo_a1_manutencao_sustentabilidade|wos_nucleo_01,A Review of Intelligent Subway Tunnels Based on Digital Twin Technology,SCOPUS::scopus_nucleo_a1_manutencao_sustentabilidade_raw.csv::06298|WOS::WOS_NUCLEO_01_20260708_part01.ris::00394
REG_06292,doi_e_titulo,2,Scopus,scopus_nucleo_a1_manutencao_sustentabilidade|scopus_nucleo_a4_gestao_ativos_ciclo_vida,Review on pavement power generation technologies,SCOPUS::scopus_nucleo_a1_manutencao_sustentabilidade_raw.csv::06300|SCOPUS::scopus_nucleo_a4_gestao_ativos_ciclo_vida_raw.csv::00265
REG_06298,doi_e_titulo,3,Scopus|WoS,scopus_nucleo_a1_manutencao_sustentabilidade|scopus_nucleo_a3_priorizacao_estrategia_manutencao|wos_nucleo_01,Digital twin application in heritage facilities management: systematic literature review and future development directions,SCOPUS::scopus_nucleo_a1_manutencao_sustentabilidade_raw.csv::06306|SCOPUS::scopus_nucleo_a3_priorizacao_estrategia_manutencao_raw.csv::00154|WOS::WOS_NUCLEO_01_20260708_part01.ris::00207
REG_06303,doi_e_titulo,3,Scopus|WoS,scopus_nucleo_a1_manutencao_sustentabilidade|scopus_nucleo_a4_gestao_ativos_ciclo_vida|wos_nucleo_04,High-resolution electricity generation mixes in building operation: A methodological framework for energy and environmental impacts and the case study of an Italian net zero energy building,SCOPUS::scopus_nucleo_a1_manutencao_sustentabilidade_raw.csv::06311|SCOPUS::scopus_nucleo_a4_gestao_ativos_ciclo_vida_raw.csv::00266|WOS::WOS_NUCLEO_04_20260708_part01.ris::00114
REG_06305,doi_e_titulo,3,Scopus|WoS,scopus_nucleo_a1_manutencao_sustentabilidade|scopus_nucleo_a4_gestao_ativos_ciclo_vida|wos_nucleo_04,Challenges in Implementation of 7D-BIM for Infrastructure Asset Management: A Systematic Review,SCOPUS::scopus_nucleo_a1_manutencao_sustentabilidade_raw.csv::06313|SCOPUS::scopus_nucleo_a4_gestao_ativos_ciclo_vida_raw.csv::00267|WOS::WOS_NUCLEO_04_20260708_part01.ris::00346
REG_06306,doi_e_titulo,3,Scopus|WoS,scopus_nucleo_a1_manutencao_sustentabilidade|scopus_nucleo_a3_priorizacao_estrategia_manutencao|wos_nucleo_01,BIM-FM integrated solution resourcing to digital techniques,SCOPUS::scopus_nucleo_a1_manutencao_sustentabilidade_raw.csv::06314|SCOPUS::scopus_nucleo_a3_priorizacao_estrategia_manutencao_raw.csv::00155|WOS::WOS_NUCLEO_01_20260708_part01.ris::00344
REG_06307,doi_e_titulo,4,Scopus|WoS,scopus_nucleo_a1_manutencao_sustentabilidade|scopus_nucleo_a4_gestao_ativos_ciclo_vida|wos_nucleo_02|wos_nucleo_04,Empowering smart cities with digital twins of buildings: Applications and implementation considerations of data-driven energy modelling in building management,SCOPUS::scopus_nucleo_a1_manutencao_sustentabilidade_raw.csv::06315|SCOPUS::scopus_nucleo_a4_gestao_ativos_ciclo_vida_raw.csv::00268|WOS::WOS_NUCLEO_02_20260708_part01.ris::00458|WOS::WOS_NUCLEO_04_20260708_part01.ris::00489
REG_06313,doi_e_titulo,4,Scopus|WoS,scopus_nucleo_a1_manutencao_sustentabilidade|scopus_nucleo_a2_contexto_publico_universitario|wos_nucleo_01|wos_nucleo_02,Resilient performance in building maintenance: A macro-cognition perspective during sudden breakdowns,SCOPUS::scopus_nucleo_a1_manutencao_sustentabilidade_raw.csv::06321|SCOPUS::scopus_nucleo_a2_contexto_publico_universitario_raw.csv::00126|WOS::WOS_NUCLEO_01_20260708_part01.ris::00289|WOS::WOS_NUCLEO_02_20260708_part01.ris::00088
REG_06317,doi_e_titulo,2,Scopus|WoS,scopus_nucleo_a1_manutencao_sustentabilidade|wos_nucleo_01,Wastewater treatment process enhancement based on multi-objective optimization and interpretable machine learning,SCOPUS::scopus_nucleo_a1_manutencao_sustentabilidade_raw.csv::06325|WOS::WOS_NUCLEO_01_20260708_part01.ris::00302
REG_06320,doi_e_titulo,2,Scopus|WoS,scopus_nucleo_a1_manutencao_sustentabilidade|wos_nucleo_01,Sustainable and circularity in the decentralized hybrid solar-bioenergy system,SCOPUS::scopus_nucleo_a1_manutencao_sustentabilidade_raw.csv::06328|WOS::WOS_NUCLEO_01_20260708_part01.ris::00317
REG_06322,doi_e_titulo,2,Scopus|WoS,scopus_nucleo_a1_manutencao_sustentabilidade|wos_nucleo_01,Distributed digital twins for health monitoring: resource constrained aero-engine fleet management,SCOPUS::scopus_nucleo_a1_manutencao_sustentabilidade_raw.csv::06330|WOS::WOS_NUCLEO_01_20260708_part01.ris::00584
REG_06334,doi_e_titulo,2,Scopus,scopus_nucleo_a1_manutencao_sustentabilidade|scopus_nucleo_a4_gestao_ativos_ciclo_vida,Sustainable buildings design strategies in the building sector,SCOPUS::scopus_nucleo_a1_manutencao_sustentabilidade_raw.csv::06342|SCOPUS::scopus_nucleo_a4_gestao_ativos_ciclo_vida_raw.csv::00269
REG_06335,doi_e_titulo,5,Crossref|Scopus|WoS,crossref_nucleo_a2|scopus_nucleo_a1_manutencao_sustentabilidade|scopus_nucleo_a2_contexto_publico_universitario|wos_nucleo_01|wos_nucleo_02,Challenges in implementing building information modelling for facility management in government buildings in Thailand || Challenges in implementing building information modelling for facility management in government buildings in Thailand,SCOPUS::scopus_nucleo_a1_manutencao_sustentabilidade_raw.csv::06343|SCOPUS::scopus_nucleo_a2_contexto_publico_universitario_raw.csv::00129|CROSSREF::crossref_nucleo_a2_raw.csv::00070|WOS::WOS_NUCLEO_01_20260708_part01.ris::00370|WOS::WOS_NUCLEO_02_20260708_part01.ris::00005
REG_06338,doi_e_titulo,4,Scopus|WoS,scopus_nucleo_a1_manutencao_sustentabilidade|scopus_nucleo_a4_gestao_ativos_ciclo_vida|wos_nucleo_01|wos_nucleo_04,BIM Maintenance System with IoT Integration: Enhancing Building Performance and Facility Management,SCOPUS::scopus_nucleo_a1_manutencao_sustentabilidade_raw.csv::06346|SCOPUS::scopus_nucleo_a4_gestao_ativos_ciclo_vida_raw.csv::00270|WOS::WOS_NUCLEO_01_20260708_part01.ris::00313|WOS::WOS_NUCLEO_04_20260708_part01.ris::00326
REG_06345,doi_e_titulo,5,Scopus|WoS,scopus_nucleo_a1_manutencao_sustentabilidade|scopus_nucleo_a3_priorizacao_estrategia_manutencao|scopus_nucleo_a4_gestao_ativos_ciclo_vida|wos_nucleo_01|wos_nucleo_04,"Digital Twin Framework for Bridge Structural Health Monitoring Utilizing Existing Technologies: New Paradigm for Enhanced Management, Operation, and Maintenance",SCOPUS::scopus_nucleo_a1_manutencao_sustentabilidade_raw.csv::06353|SCOPUS::scopus_nucleo_a3_priorizacao_estrategia_manutencao_raw.csv::00160|SCOPUS::scopus_nucleo_a4_gestao_ativos_ciclo_vida_raw.csv::00271|WOS::WOS_NUCLEO_01_20260708_part01.ris::00257|WOS::WOS_NUCLEO_04_20260708_part01.ris::00339
REG_06356,doi_e_titulo,2,Scopus|WoS,scopus_nucleo_a1_manutencao_sustentabilidade|wos_nucleo_01,A Holistic Sustainability Assessment Framework for Evaluating Strategies to Prevent Nutrient Pollution,SCOPUS::scopus_nucleo_a1_manutencao_sustentabilidade_raw.csv::06364|WOS::WOS_NUCLEO_01_20260708_part01.ris::00114
REG_06359,doi_e_titulo,4,Scopus|WoS,scopus_nucleo_a1_manutencao_sustentabilidade|scopus_nucleo_a3_priorizacao_estrategia_manutencao|scopus_nucleo_a4_gestao_ativos_ciclo_vida|wos_nucleo_04,Synthetic dataset generation of energy consumption for residential apartment building in cold weather considering the building's aging,SCOPUS::scopus_nucleo_a1_manutencao_sustentabilidade_raw.csv::06367|SCOPUS::scopus_nucleo_a3_priorizacao_estrategia_manutencao_raw.csv::00163|SCOPUS::scopus_nucleo_a4_gestao_ativos_ciclo_vida_raw.csv::00272|WOS::WOS_NUCLEO_04_20260708_part01.ris::00494
REG_06367,doi_e_titulo,2,Scopus|WoS,scopus_nucleo_a1_manutencao_sustentabilidade|wos_nucleo_01,A Critical Review of Nature-Based Systems (NbS) to Treat Stormwater in Response to Climate Change and Urbanization,SCOPUS::scopus_nucleo_a1_manutencao_sustentabilidade_raw.csv::06375|WOS::WOS_NUCLEO_01_20260708_part01.ris::00588
REG_06371,doi,3,Scopus|WoS,scopus_nucleo_a1_manutencao_sustentabilidade|scopus_nucleo_a4_gestao_ativos_ciclo_vida|wos_nucleo_04,Barriers to the implementation of energy-efficiency practices in the U.S. retail sector: facilities managers’ perceptions compared by facility size and business revenue || Barriers to the implementation of energy-efficiency practices in the US retail sector: facilities managers' perceptions compared by facility size and business revenue,SCOPUS::scopus_nucleo_a1_manutencao_sustentabilidade_raw.csv::06379|SCOPUS::scopus_nucleo_a4_gestao_ativos_ciclo_vida_raw.csv::00273|WOS::WOS_NUCLEO_04_20260708_part01.ris::00049
REG_06372,doi_e_titulo,2,Scopus|WoS,scopus_nucleo_a1_manutencao_sustentabilidade|wos_nucleo_01,Understanding the opportunities and challenges of building automation and control systems to support facility management - an extensive literature review || Understanding the opportunities and challenges of building automation and control systems to support facility management – an extensive literature review,SCOPUS::scopus_nucleo_a1_manutencao_sustentabilidade_raw.csv::06380|WOS::WOS_NUCLEO_01_20260708_part01.ris::00271
REG_06374,doi_e_titulo,2,Scopus|WoS,scopus_nucleo_a1_manutencao_sustentabilidade|wos_nucleo_01,Decision support system for community managed rainwater harvesting: A case study in the salinity-prone coastal region of Bangladesh,SCOPUS::scopus_nucleo_a1_manutencao_sustentabilidade_raw.csv::06382|WOS::WOS_NUCLEO_01_20260708_part01.ris::00081
REG_06378,doi_e_titulo,8,Crossref|Scopus|WoS,crossref_nucleo_a1|crossref_nucleo_a3|crossref_nucleo_a4|scopus_nucleo_a1_manutencao_sustentabilidade|scopus_nucleo_a2_contexto_publico_universitario|scopus_nucleo_a3_priorizacao_estrategia_manutencao|wos_nucleo_01|wos_nucleo_02,Strategies of Public University Building Maintenance-A Literature Survey || Strategies of Public University Building Maintenance—A Literature Survey,SCOPUS::scopus_nucleo_a1_manutencao_sustentabilidade_raw.csv::06386|SCOPUS::scopus_nucleo_a2_contexto_publico_universitario_raw.csv::00132|SCOPUS::scopus_nucleo_a3_priorizacao_estrategia_manutencao_raw.csv::00164|CROSSREF::crossref_nucleo_a1_raw.csv::00001|CROSSREF::crossref_nucleo_a3_raw.csv::00020|CROSSREF::crossref_nucleo_a4_raw.csv::00002|WOS::WOS_NUCLEO_01_20260708_part01.ris::00072|WOS::WOS_NUCLEO_02_20260708_part01.ris::00032
REG_06379,doi_e_titulo,3,Scopus|WoS,scopus_nucleo_a1_manutencao_sustentabilidade|scopus_nucleo_a4_gestao_ativos_ciclo_vida|wos_nucleo_04,Environmental Impact of Enhanced Geothermal Systems with Supercritical Carbon Dioxide: A Comparative Life Cycle Analysis of Polish and Norwegian Cases,SCOPUS::scopus_nucleo_a1_manutencao_sustentabilidade_raw.csv::06387|SCOPUS::scopus_nucleo_a4_gestao_ativos_ciclo_vida_raw.csv::00274|WOS::WOS_NUCLEO_04_20260708_part01.ris::00181
REG_06380,doi_e_titulo,2,Crossref|Scopus,crossref_nucleo_a2|scopus_nucleo_a1_manutencao_sustentabilidade,Building Information Modelling Facility Management (BIM-FM),SCOPUS::scopus_nucleo_a1_manutencao_sustentabilidade_raw.csv::06388|CROSSREF::crossref_nucleo_a2_raw.csv::00143
REG_06383,doi_e_titulo,2,Scopus,scopus_nucleo_a1_manutencao_sustentabilidade|scopus_nucleo_a4_gestao_ativos_ciclo_vida,"Progress of sodium-cooled fast reactor developments in Japan taking into account total lifecycle, risk-informed approach, and sustainability",SCOPUS::scopus_nucleo_a1_manutencao_sustentabilidade_raw.csv::06391|SCOPUS::scopus_nucleo_a4_gestao_ativos_ciclo_vida_raw.csv::00276
REG_06384,doi_e_titulo,2,Scopus|WoS,scopus_nucleo_a1_manutencao_sustentabilidade|wos_nucleo_01,"A ""Whole of system approach"" to develop environmental sustainability in a Singapore Healthcare System || A “Whole of system approach” to develop environmental sustainability in a Singapore Healthcare System",SCOPUS::scopus_nucleo_a1_manutencao_sustentabilidade_raw.csv::06392|WOS::WOS_NUCLEO_01_20260708_part01.ris::00589
REG_06388,doi_e_titulo,2,Scopus,scopus_nucleo_a1_manutencao_sustentabilidade|scopus_nucleo_a4_gestao_ativos_ciclo_vida,Hierarchical SVM for Semantic Segmentation of 3D Point Clouds for Infrastructure Scenes,SCOPUS::scopus_nucleo_a1_manutencao_sustentabilidade_raw.csv::06396|SCOPUS::scopus_nucleo_a4_gestao_ativos_ciclo_vida_raw.csv::00275
REG_06391,doi_e_titulo,2,Scopus|WoS,scopus_nucleo_a1_manutencao_sustentabilidade|wos_nucleo_01,Photovoltaic systems operation and maintenance: A review and future directions,SCOPUS::scopus_nucleo_a1_manutencao_sustentabilidade_raw.csv::06399|WOS::WOS_NUCLEO_01_20260708_part01.ris::00478
REG_06398,doi_e_titulo,2,Scopus,scopus_nucleo_a1_manutencao_sustentabilidade|scopus_nucleo_a4_gestao_ativos_ciclo_vida,Considerations for estimating operational greenhouse gas emissions in whole building life-cycle assessments,SCOPUS::scopus_nucleo_a1_manutencao_sustentabilidade_raw.csv::06406|SCOPUS::scopus_nucleo_a4_gestao_ativos_ciclo_vida_raw.csv::00277
REG_06401,doi_e_titulo,2,Crossref|Scopus,crossref_nucleo_a5|scopus_nucleo_a1_manutencao_sustentabilidade,Economic life-cycle model for the cost of a power grid line engineering project,SCOPUS::scopus_nucleo_a1_manutencao_sustentabilidade_raw.csv::06409|CROSSREF::crossref_nucleo_a5_raw.csv::00164
REG_06404,doi_e_titulo,2,Scopus,scopus_nucleo_a1_manutencao_sustentabilidade|scopus_nucleo_a4_gestao_ativos_ciclo_vida,Virtual Building Models in built environments,SCOPUS::scopus_nucleo_a1_manutencao_sustentabilidade_raw.csv::06412|SCOPUS::scopus_nucleo_a4_gestao_ativos_ciclo_vida_raw.csv::00278
REG_06405,doi_e_titulo,2,Scopus|WoS,scopus_nucleo_a1_manutencao_sustentabilidade|wos_nucleo_01,Towards achieving a net zero carbon building: A review of key stakeholders and their roles in net zero carbon building whole life cycle,SCOPUS::scopus_nucleo_a1_manutencao_sustentabilidade_raw.csv::06413|WOS::WOS_NUCLEO_01_20260708_part01.ris::00026
REG_06411,doi_e_titulo,3,Scopus|WoS,scopus_nucleo_a1_manutencao_sustentabilidade|scopus_nucleo_a4_gestao_ativos_ciclo_vida|wos_nucleo_04,A Review of Digital Twin Technologies for Enhanced Sustainability in the Construction Industry,SCOPUS::scopus_nucleo_a1_manutencao_sustentabilidade_raw.csv::06419|SCOPUS::scopus_nucleo_a4_gestao_ativos_ciclo_vida_raw.csv::00279|WOS::WOS_NUCLEO_04_20260708_part01.ris::00382
REG_06412,doi_e_titulo,2,Scopus,scopus_nucleo_a1_manutencao_sustentabilidade|scopus_nucleo_a4_gestao_ativos_ciclo_vida,Monitoring and detection of steel bridge diseases: A review,SCOPUS::scopus_nucleo_a1_manutencao_sustentabilidade_raw.csv::06420|SCOPUS::scopus_nucleo_a4_gestao_ativos_ciclo_vida_raw.csv::00280
REG_06434,doi_e_titulo,3,Scopus|WoS,scopus_nucleo_a1_manutencao_sustentabilidade|scopus_nucleo_a4_gestao_ativos_ciclo_vida|wos_nucleo_04,"Operation, Maintenance, and Decommissioning Cost in Life-Cycle Cost Analysis of Floating Wind Turbines",SCOPUS::scopus_nucleo_a1_manutencao_sustentabilidade_raw.csv::06442|SCOPUS::scopus_nucleo_a4_gestao_ativos_ciclo_vida_raw.csv::00281|WOS::WOS_NUCLEO_04_20260708_part01.ris::00028
REG_06435,doi_e_titulo,2,Crossref|Scopus,crossref_nucleo_a2|scopus_nucleo_a1_manutencao_sustentabilidade,Asset Information Model Management-Based GIS/BIM Integration in Facility Management Contract,SCOPUS::scopus_nucleo_a1_manutencao_sustentabilidade_raw.csv::06443|CROSSREF::crossref_nucleo_a2_raw.csv::00009
REG_06440,doi_e_titulo,2,Scopus,scopus_nucleo_a1_manutencao_sustentabilidade|scopus_nucleo_a4_gestao_ativos_ciclo_vida,Eco-efficiency of power supply systems for offshore platforms,SCOPUS::scopus_nucleo_a1_manutencao_sustentabilidade_raw.csv::06448|SCOPUS::scopus_nucleo_a4_gestao_ativos_ciclo_vida_raw.csv::00283
REG_06441,doi_e_titulo,2,Scopus|WoS,scopus_nucleo_a1_manutencao_sustentabilidade|wos_nucleo_01,"An integrated framework for sustainable and efficient building maintenance operations aligning with climate change, SDGs, and emerging technology",SCOPUS::scopus_nucleo_a1_manutencao_sustentabilidade_raw.csv::06449|WOS::WOS_NUCLEO_01_20260708_part01.ris::00195
REG_06442,doi_e_titulo,2,Scopus,scopus_nucleo_a1_manutencao_sustentabilidade|scopus_nucleo_a4_gestao_ativos_ciclo_vida,Research on Temperature Deformation Monitoring of Long-span Bridges Based on InSAR Technology,SCOPUS::scopus_nucleo_a1_manutencao_sustentabilidade_raw.csv::06450|SCOPUS::scopus_nucleo_a4_gestao_ativos_ciclo_vida_raw.csv::00282
REG_06445,doi_e_titulo,3,Scopus|WoS,scopus_nucleo_a1_manutencao_sustentabilidade|scopus_nucleo_a4_gestao_ativos_ciclo_vida|wos_nucleo_04,"Theoretical Framework and Research Proposal for Energy Utilization, Conservation, Production, and Intelligent Systems in Tropical Island Zero-Carbon Building",SCOPUS::scopus_nucleo_a1_manutencao_sustentabilidade_raw.csv::06453|SCOPUS::scopus_nucleo_a4_gestao_ativos_ciclo_vida_raw.csv::00284|WOS::WOS_NUCLEO_04_20260708_part01.ris::00496
REG_06458,doi_e_titulo,4,Scopus|WoS,scopus_nucleo_a1_manutencao_sustentabilidade|scopus_nucleo_a2_contexto_publico_universitario|wos_nucleo_01|wos_nucleo_02,Statistical critical reactive maintenance characterisation for digital twin implementation in universities,SCOPUS::scopus_nucleo_a1_manutencao_sustentabilidade_raw.csv::06466|SCOPUS::scopus_nucleo_a2_contexto_publico_universitario_raw.csv::00137|WOS::WOS_NUCLEO_01_20260708_part01.ris::00470|WOS::WOS_NUCLEO_02_20260708_part01.ris::00175
REG_06459,doi_e_titulo,2,Scopus|WoS,scopus_nucleo_a1_manutencao_sustentabilidade|wos_nucleo_02,Assessing the influence of technological innovations and community-based facilities management on the safety and security of universities. A case study of an open campus,SCOPUS::scopus_nucleo_a1_manutencao_sustentabilidade_raw.csv::06467|WOS::WOS_NUCLEO_02_20260708_part01.ris::00262
REG_06460,doi_e_titulo,3,Scopus|WoS,scopus_nucleo_a1_manutencao_sustentabilidade|scopus_nucleo_a4_gestao_ativos_ciclo_vida|wos_nucleo_04,"""Do office workers' comments corroborate the ratings they give their buildings?"" A qualitative analysis of comments on operational factors in the workplace || “Do office workers’ comments corroborate the ratings they give their buildings?” A qualitative analysis of comments on operational factors in the workplace",SCOPUS::scopus_nucleo_a1_manutencao_sustentabilidade_raw.csv::06468|SCOPUS::scopus_nucleo_a4_gestao_ativos_ciclo_vida_raw.csv::00285|WOS::WOS_NUCLEO_04_20260708_part01.ris::00410
REG_06466,doi_e_titulo,3,Scopus|WoS,scopus_nucleo_a1_manutencao_sustentabilidade|scopus_nucleo_a4_gestao_ativos_ciclo_vida|wos_nucleo_04,Building sustainability assessment model based on life cycle cost analysis and BIM technology,SCOPUS::scopus_nucleo_a1_manutencao_sustentabilidade_raw.csv::06474|SCOPUS::scopus_nucleo_a4_gestao_ativos_ciclo_vida_raw.csv::00286|WOS::WOS_NUCLEO_04_20260708_part01.ris::00005
REG_06469,doi_e_titulo,2,Scopus,scopus_nucleo_a1_manutencao_sustentabilidade|scopus_nucleo_a4_gestao_ativos_ciclo_vida,Integrating Building Information Modeling (BIM) for optimal lifecycle management of complex structures,SCOPUS::scopus_nucleo_a1_manutencao_sustentabilidade_raw.csv::06477|SCOPUS::scopus_nucleo_a4_gestao_ativos_ciclo_vida_raw.csv::00287
REG_06473,doi_e_titulo,2,Scopus|WoS,scopus_nucleo_a1_manutencao_sustentabilidade|wos_nucleo_01,Factors Influencing the Decision-Making Process at the End-of-Life Cycle of Onshore Wind Farms: A Systematic Review,SCOPUS::scopus_nucleo_a1_manutencao_sustentabilidade_raw.csv::06481|WOS::WOS_NUCLEO_01_20260708_part01.ris::00153
REG_06474,doi_e_titulo,2,Scopus|WoS,scopus_nucleo_a1_manutencao_sustentabilidade|wos_nucleo_01,Optimization-based probabilistic decision support for assessing building information modelling (BIM) maturity considering multiple objectives,SCOPUS::scopus_nucleo_a1_manutencao_sustentabilidade_raw.csv::06482|WOS::WOS_NUCLEO_01_20260708_part01.ris::00142
REG_06477,doi_e_titulo,2,Scopus,scopus_nucleo_a1_manutencao_sustentabilidade|scopus_nucleo_a4_gestao_ativos_ciclo_vida,Digital Twin Approach in Buildings: Future Challenges via a Critical Literature Review,SCOPUS::scopus_nucleo_a1_manutencao_sustentabilidade_raw.csv::06485|SCOPUS::scopus_nucleo_a4_gestao_ativos_ciclo_vida_raw.csv::00288
REG_06481,doi_e_titulo,2,Crossref|Scopus,crossref_nucleo_a1|scopus_nucleo_a1_manutencao_sustentabilidade,Sustainability Indices and RAM Analysis for Maintenance Decision Making Considering Environmental Sustainability,SCOPUS::scopus_nucleo_a1_manutencao_sustentabilidade_raw.csv::06489|CROSSREF::crossref_nucleo_a1_raw.csv::00030
REG_06492,doi_e_titulo,2,Scopus,scopus_nucleo_a1_manutencao_sustentabilidade|scopus_nucleo_a4_gestao_ativos_ciclo_vida,The Ecological Footprint to Measure the Environmental Sustainability of Buildings: A Case Study,SCOPUS::scopus_nucleo_a1_manutencao_sustentabilidade_raw.csv::06500|SCOPUS::scopus_nucleo_a4_gestao_ativos_ciclo_vida_raw.csv::00294
REG_06494,doi_e_titulo,3,Scopus|WoS,scopus_nucleo_a1_manutencao_sustentabilidade|scopus_nucleo_a4_gestao_ativos_ciclo_vida|wos_nucleo_04,The applications of building information modeling in the life-cycle of green buildings: a comprehensive review,SCOPUS::scopus_nucleo_a1_manutencao_sustentabilidade_raw.csv::06502|SCOPUS::scopus_nucleo_a4_gestao_ativos_ciclo_vida_raw.csv::00315|WOS::WOS_NUCLEO_04_20260708_part01.ris::00265
REG_06495,doi_e_titulo,3,Scopus|WoS,scopus_nucleo_a1_manutencao_sustentabilidade|scopus_nucleo_a4_gestao_ativos_ciclo_vida|wos_nucleo_04,Systematic literature review of BIM application in the whole life cycle of green building projects,SCOPUS::scopus_nucleo_a1_manutencao_sustentabilidade_raw.csv::06503|SCOPUS::scopus_nucleo_a4_gestao_ativos_ciclo_vida_raw.csv::00293|WOS::WOS_NUCLEO_04_20260708_part01.ris::00076
REG_06499,doi_e_titulo,2,Scopus,scopus_nucleo_a1_manutencao_sustentabilidade|scopus_nucleo_a4_gestao_ativos_ciclo_vida,Building Information Modeling and Building Performance Optimization,SCOPUS::scopus_nucleo_a1_manutencao_sustentabilidade_raw.csv::06507|SCOPUS::scopus_nucleo_a4_gestao_ativos_ciclo_vida_raw.csv::00311
REG_06507,doi_e_titulo,2,Scopus,scopus_nucleo_a1_manutencao_sustentabilidade|scopus_nucleo_a4_gestao_ativos_ciclo_vida,"A Review of the Application of ""smart Building"" in Unnes Entrepreneurship Building (KWU)",SCOPUS::scopus_nucleo_a1_manutencao_sustentabilidade_raw.csv::06515|SCOPUS::scopus_nucleo_a4_gestao_ativos_ciclo_vida_raw.csv::00332
REG_06517,titulo_normalizado,2,Scopus,scopus_nucleo_a1_manutencao_sustentabilidade|scopus_nucleo_a4_gestao_ativos_ciclo_vida,The cumulative energy demand of buildings - a life cycle assessment,SCOPUS::scopus_nucleo_a1_manutencao_sustentabilidade_raw.csv::06525|SCOPUS::scopus_nucleo_a4_gestao_ativos_ciclo_vida_raw.csv::00306
REG_06519,doi_e_titulo,2,Scopus,scopus_nucleo_a1_manutencao_sustentabilidade|scopus_nucleo_a3_priorizacao_estrategia_manutencao,Understanding the Impact of the Operational Faults on Building Energy Performance,SCOPUS::scopus_nucleo_a1_manutencao_sustentabilidade_raw.csv::06527|SCOPUS::scopus_nucleo_a3_priorizacao_estrategia_manutencao_raw.csv::00177
REG_06520,doi,3,Crossref|Scopus,crossref_nucleo_a1|scopus_nucleo_a1_manutencao_sustentabilidade|scopus_nucleo_a4_gestao_ativos_ciclo_vida,Building and Facilities Maintenance Management || Building and Facilities Maintenance Management: An Innovative Operational Approach,SCOPUS::scopus_nucleo_a1_manutencao_sustentabilidade_raw.csv::06528|SCOPUS::scopus_nucleo_a4_gestao_ativos_ciclo_vida_raw.csv::00298|CROSSREF::crossref_nucleo_a1_raw.csv::00171
REG_06521,doi_e_titulo,5,Scopus|WoS,scopus_nucleo_a1_manutencao_sustentabilidade|scopus_nucleo_a2_contexto_publico_universitario|scopus_nucleo_a4_gestao_ativos_ciclo_vida|wos_nucleo_02|wos_nucleo_04,Improving Sustainable Management of University Buildings Based on Occupancy Data,SCOPUS::scopus_nucleo_a1_manutencao_sustentabilidade_raw.csv::06529|SCOPUS::scopus_nucleo_a2_contexto_publico_universitario_raw.csv::00147|SCOPUS::scopus_nucleo_a4_gestao_ativos_ciclo_vida_raw.csv::00291|WOS::WOS_NUCLEO_02_20260708_part01.ris::00072|WOS::WOS_NUCLEO_04_20260708_part01.ris::00227
REG_06532,doi_e_titulo,3,Scopus|WoS,scopus_nucleo_a1_manutencao_sustentabilidade|scopus_nucleo_a2_contexto_publico_universitario|wos_nucleo_02,Critical factors that influence the effectiveness of facility maintenance management practice in public university buildings in Ethiopia: an exploratory factor analysis,SCOPUS::scopus_nucleo_a1_manutencao_sustentabilidade_raw.csv::06540|SCOPUS::scopus_nucleo_a2_contexto_publico_universitario_raw.csv::00152|WOS::WOS_NUCLEO_02_20260708_part01.ris::00107
REG_06536,doi_e_titulo,3,Scopus|WoS,scopus_nucleo_a1_manutencao_sustentabilidade|scopus_nucleo_a3_priorizacao_estrategia_manutencao|wos_nucleo_01,Improved delivery of social benefits through the maintenance planning of public assets,SCOPUS::scopus_nucleo_a1_manutencao_sustentabilidade_raw.csv::06544|SCOPUS::scopus_nucleo_a3_priorizacao_estrategia_manutencao_raw.csv::00168|WOS::WOS_NUCLEO_01_20260708_part01.ris::00167
REG_06541,doi_e_titulo,2,Scopus|WoS,scopus_nucleo_a1_manutencao_sustentabilidade|wos_nucleo_01,FROM BIM TO DIGITAL TWIN. IOT DATA INTEGRATION IN ASSET MANAGEMENT PLATFORM,SCOPUS::scopus_nucleo_a1_manutencao_sustentabilidade_raw.csv::06549|WOS::WOS_NUCLEO_01_20260708_part01.ris::00309
REG_06542,doi_e_titulo,3,Scopus|WoS,scopus_nucleo_a1_manutencao_sustentabilidade|scopus_nucleo_a4_gestao_ativos_ciclo_vida|wos_nucleo_01,From building information modeling to construction digital twin: a conceptual framework,SCOPUS::scopus_nucleo_a1_manutencao_sustentabilidade_raw.csv::06550|SCOPUS::scopus_nucleo_a4_gestao_ativos_ciclo_vida_raw.csv::00308|WOS::WOS_NUCLEO_01_20260708_part01.ris::00426
REG_06543,doi_e_titulo,2,Scopus,scopus_nucleo_a1_manutencao_sustentabilidade|scopus_nucleo_a4_gestao_ativos_ciclo_vida,Usage of Building Passports and BIM in Multi-Criteria Evaluation,SCOPUS::scopus_nucleo_a1_manutencao_sustentabilidade_raw.csv::06551|SCOPUS::scopus_nucleo_a4_gestao_ativos_ciclo_vida_raw.csv::00307
REG_06544,doi_e_titulo,2,Scopus,scopus_nucleo_a1_manutencao_sustentabilidade|scopus_nucleo_a4_gestao_ativos_ciclo_vida,A User-Friendly Web-Based Interface for Integrated Life-Cycle Cost Analysis and 3D Asset Visualisation in Real Estate Management,SCOPUS::scopus_nucleo_a1_manutencao_sustentabilidade_raw.csv::06552|SCOPUS::scopus_nucleo_a4_gestao_ativos_ciclo_vida_raw.csv::00289
REG_06548,doi_e_titulo,3,Scopus,scopus_nucleo_a1_manutencao_sustentabilidade|scopus_nucleo_a2_contexto_publico_universitario|scopus_nucleo_a4_gestao_ativos_ciclo_vida,Improving Facility Management Performance in Public Higher Education Institution Buildings in Nigeria,SCOPUS::scopus_nucleo_a1_manutencao_sustentabilidade_raw.csv::06556|SCOPUS::scopus_nucleo_a2_contexto_publico_universitario_raw.csv::00140|SCOPUS::scopus_nucleo_a4_gestao_ativos_ciclo_vida_raw.csv::00292
REG_06549,doi_e_titulo,2,Scopus,scopus_nucleo_a1_manutencao_sustentabilidade|scopus_nucleo_a4_gestao_ativos_ciclo_vida,Focus on Skills for a Circular Built Environment in a New Curriculum Development,SCOPUS::scopus_nucleo_a1_manutencao_sustentabilidade_raw.csv::06557|SCOPUS::scopus_nucleo_a4_gestao_ativos_ciclo_vida_raw.csv::00305
REG_06552,doi_e_titulo,3,Scopus|WoS,scopus_nucleo_a1_manutencao_sustentabilidade|scopus_nucleo_a4_gestao_ativos_ciclo_vida|wos_nucleo_04,"Monetized (socio-)environmental handprint and footprint of an offshore windfarm in the Belgian Continental Shelf: An assessment of local, regional and global impacts",SCOPUS::scopus_nucleo_a1_manutencao_sustentabilidade_raw.csv::06560|SCOPUS::scopus_nucleo_a4_gestao_ativos_ciclo_vida_raw.csv::00304|WOS::WOS_NUCLEO_04_20260708_part01.ris::00089
REG_06555,doi_e_titulo,2,Scopus,scopus_nucleo_a1_manutencao_sustentabilidade|scopus_nucleo_a4_gestao_ativos_ciclo_vida,"Construction Project Estimation with LSTM:Materials, Costs and Timelines",SCOPUS::scopus_nucleo_a1_manutencao_sustentabilidade_raw.csv::06563|SCOPUS::scopus_nucleo_a4_gestao_ativos_ciclo_vida_raw.csv::00296
REG_06557,doi_e_titulo,2,Scopus,scopus_nucleo_a1_manutencao_sustentabilidade|scopus_nucleo_a4_gestao_ativos_ciclo_vida,"Digital Evolution in AEC industry: Bridging BIM, Building Codes, and Future Technologies",SCOPUS::scopus_nucleo_a1_manutencao_sustentabilidade_raw.csv::06565|SCOPUS::scopus_nucleo_a4_gestao_ativos_ciclo_vida_raw.csv::00303
REG_06561,doi_e_titulo,3,Scopus|WoS,scopus_nucleo_a1_manutencao_sustentabilidade|scopus_nucleo_a4_gestao_ativos_ciclo_vida|wos_nucleo_04,Assessing the sustainability of hydrogen supply chains using network Data Envelopment Analysis,SCOPUS::scopus_nucleo_a1_manutencao_sustentabilidade_raw.csv::06569|SCOPUS::scopus_nucleo_a4_gestao_ativos_ciclo_vida_raw.csv::00309|WOS::WOS_NUCLEO_04_20260708_part01.ris::00223
REG_06565,doi_e_titulo,3,Scopus|WoS,scopus_nucleo_a1_manutencao_sustentabilidade|scopus_nucleo_a4_gestao_ativos_ciclo_vida|wos_nucleo_04,SIZING OF GRID-CONNECTED PV-BATTERY SYSTEM IN MANUFACTURING FACILITY CONSIDERING LIFE CYCLE ASSESSMENT,SCOPUS::scopus_nucleo_a1_manutencao_sustentabilidade_raw.csv::06573|SCOPUS::scopus_nucleo_a4_gestao_ativos_ciclo_vida_raw.csv::00301|WOS::WOS_NUCLEO_04_20260708_part01.ris::00120
REG_06570,doi_e_titulo,3,Scopus,scopus_nucleo_a1_manutencao_sustentabilidade|scopus_nucleo_a3_priorizacao_estrategia_manutencao|scopus_nucleo_a4_gestao_ativos_ciclo_vida,Intelligent Predictive Maintenance for Smart Building Systems,SCOPUS::scopus_nucleo_a1_manutencao_sustentabilidade_raw.csv::06578|SCOPUS::scopus_nucleo_a3_priorizacao_estrategia_manutencao_raw.csv::00189|SCOPUS::scopus_nucleo_a4_gestao_ativos_ciclo_vida_raw.csv::00310
REG_06575,doi_e_titulo,2,Scopus,scopus_nucleo_a1_manutencao_sustentabilidade|scopus_nucleo_a4_gestao_ativos_ciclo_vida,Life Cycle Assessment of Conventional and Sustainable Villas in the United Arab Emirates: A Comparative Case Study,SCOPUS::scopus_nucleo_a1_manutencao_sustentabilidade_raw.csv::06583|SCOPUS::scopus_nucleo_a4_gestao_ativos_ciclo_vida_raw.csv::00300
REG_06577,doi_e_titulo,2,Crossref|Scopus,crossref_nucleo_a2|scopus_nucleo_a1_manutencao_sustentabilidade,Evolution of Facility Management and Its Merging in a Pattern of Industrial Sustainability and Resilience Perspectives – Experiences – Views,SCOPUS::scopus_nucleo_a1_manutencao_sustentabilidade_raw.csv::06585|CROSSREF::crossref_nucleo_a2_raw.csv::00148
REG_06587,doi_e_titulo,2,Scopus,scopus_nucleo_a1_manutencao_sustentabilidade|scopus_nucleo_a4_gestao_ativos_ciclo_vida,"Measurement of Carbon Emissions of the Whole Life Cycle of Buildings Under the Background of ""Dual Carbon"": A Case Study of The Dormitory Building of a University in Qingdao",SCOPUS::scopus_nucleo_a1_manutencao_sustentabilidade_raw.csv::06595|SCOPUS::scopus_nucleo_a4_gestao_ativos_ciclo_vida_raw.csv::00297
REG_06589,doi_e_titulo,2,Scopus|WoS,scopus_nucleo_a1_manutencao_sustentabilidade|wos_nucleo_01,Integration of Cyber Physical Systems and Data Science into the Built Environment Lifecycle,SCOPUS::scopus_nucleo_a1_manutencao_sustentabilidade_raw.csv::06597|WOS::WOS_NUCLEO_01_20260708_part01.ris::00460
REG_06590,doi_e_titulo,2,Scopus,scopus_nucleo_a1_manutencao_sustentabilidade|scopus_nucleo_a3_priorizacao_estrategia_manutencao,Structural frequency-based maintenance management method for steel truss bridges under atmospheric corrosion,SCOPUS::scopus_nucleo_a1_manutencao_sustentabilidade_raw.csv::06598|SCOPUS::scopus_nucleo_a3_priorizacao_estrategia_manutencao_raw.csv::00171
REG_06592,doi_e_titulo,2,Scopus,scopus_nucleo_a1_manutencao_sustentabilidade|scopus_nucleo_a4_gestao_ativos_ciclo_vida,Unlocking the Potential of Material and Building Passports in the Transition to a Circular Economy in Buildings: A Critical Review,SCOPUS::scopus_nucleo_a1_manutencao_sustentabilidade_raw.csv::06600|SCOPUS::scopus_nucleo_a4_gestao_ativos_ciclo_vida_raw.csv::00312
REG_06596,doi_e_titulo,3,Scopus|WoS,scopus_nucleo_a1_manutencao_sustentabilidade|scopus_nucleo_a4_gestao_ativos_ciclo_vida|wos_nucleo_04,A qualitative and life cycle-based study of the energy performance gap in building construction: Perspectives of Finnish project professionals and property maintenance experts,SCOPUS::scopus_nucleo_a1_manutencao_sustentabilidade_raw.csv::06604|SCOPUS::scopus_nucleo_a4_gestao_ativos_ciclo_vida_raw.csv::00302|WOS::WOS_NUCLEO_04_20260708_part01.ris::00282
REG_06599,doi_e_titulo,3,Scopus|WoS,scopus_nucleo_a1_manutencao_sustentabilidade|scopus_nucleo_a4_gestao_ativos_ciclo_vida|wos_nucleo_04,Environmental assessment of road freight transport services beyond the tank-to-wheels analysis based on LCA,SCOPUS::scopus_nucleo_a1_manutencao_sustentabilidade_raw.csv::06607|SCOPUS::scopus_nucleo_a4_gestao_ativos_ciclo_vida_raw.csv::00314|WOS::WOS_NUCLEO_04_20260708_part01.ris::00188
REG_06602,titulo_normalizado,2,Scopus,scopus_nucleo_a1_manutencao_sustentabilidade|scopus_nucleo_a4_gestao_ativos_ciclo_vida,CONTRIBUTION OF MAINTENANCE ENGINEERING TO THE CIRCULAR ECONOMY DURING THE LIFE CYCLE OF PHYSICAL ASSETS,SCOPUS::scopus_nucleo_a1_manutencao_sustentabilidade_raw.csv::06610|SCOPUS::scopus_nucleo_a4_gestao_ativos_ciclo_vida_raw.csv::00295
REG_06609,doi_e_titulo,2,Scopus,scopus_nucleo_a1_manutencao_sustentabilidade|scopus_nucleo_a4_gestao_ativos_ciclo_vida,Applying Sustainability Principles to the Design and Construction of Hydraulic Structures using a Structured Framework,SCOPUS::scopus_nucleo_a1_manutencao_sustentabilidade_raw.csv::06617|SCOPUS::scopus_nucleo_a4_gestao_ativos_ciclo_vida_raw.csv::00318
REG_06613,doi_e_titulo,2,Scopus,scopus_nucleo_a1_manutencao_sustentabilidade|scopus_nucleo_a4_gestao_ativos_ciclo_vida,Life-cycle cost (LCC) applied to hydrogen technologies: a review,SCOPUS::scopus_nucleo_a1_manutencao_sustentabilidade_raw.csv::06621|SCOPUS::scopus_nucleo_a4_gestao_ativos_ciclo_vida_raw.csv::00290
REG_06618,doi_e_titulo,4,Scopus|WoS,scopus_nucleo_a1_manutencao_sustentabilidade|scopus_nucleo_a4_gestao_ativos_ciclo_vida|wos_nucleo_01|wos_nucleo_04,Green and Low Carbon Assessment for Substation Based on Fuzzy Comprehensive Evaluation Model,SCOPUS::scopus_nucleo_a1_manutencao_sustentabilidade_raw.csv::06626|SCOPUS::scopus_nucleo_a4_gestao_ativos_ciclo_vida_raw.csv::00316|WOS::WOS_NUCLEO_01_20260708_part01.ris::00258|WOS::WOS_NUCLEO_04_20260708_part01.ris::00334
REG_06624,doi_e_titulo,2,Scopus,scopus_nucleo_a1_manutencao_sustentabilidade|scopus_nucleo_a4_gestao_ativos_ciclo_vida,Innovative & Sustainable Solution for Protection Relays Life Cycle Management,SCOPUS::scopus_nucleo_a1_manutencao_sustentabilidade_raw.csv::06632|SCOPUS::scopus_nucleo_a4_gestao_ativos_ciclo_vida_raw.csv::00313
REG_06628,doi_e_titulo,3,Scopus|WoS,scopus_nucleo_a1_manutencao_sustentabilidade|scopus_nucleo_a4_gestao_ativos_ciclo_vida|wos_nucleo_04,Approaching road design from a sustainability perspective,SCOPUS::scopus_nucleo_a1_manutencao_sustentabilidade_raw.csv::06636|SCOPUS::scopus_nucleo_a4_gestao_ativos_ciclo_vida_raw.csv::00299|WOS::WOS_NUCLEO_04_20260708_part01.ris::00072
REG_06629,titulo_normalizado,2,Scopus,scopus_nucleo_a1_manutencao_sustentabilidade|scopus_nucleo_a4_gestao_ativos_ciclo_vida,PERSPECTIVES ON PROJECT MANAGEMENT AND ASSET MANAGEMENT INTEGRATION: A SYSTEMATIC REVIEW,SCOPUS::scopus_nucleo_a1_manutencao_sustentabilidade_raw.csv::06637|SCOPUS::scopus_nucleo_a4_gestao_ativos_ciclo_vida_raw.csv::00328
REG_06644,doi_e_titulo,3,Scopus,scopus_nucleo_a1_manutencao_sustentabilidade|scopus_nucleo_a2_contexto_publico_universitario|scopus_nucleo_a3_priorizacao_estrategia_manutencao,The priority scale determination in sustainable maintenance strategy for university building based on the analytical network process (ANP),SCOPUS::scopus_nucleo_a1_manutencao_sustentabilidade_raw.csv::06652|SCOPUS::scopus_nucleo_a2_contexto_publico_universitario_raw.csv::00148|SCOPUS::scopus_nucleo_a3_priorizacao_estrategia_manutencao_raw.csv::00167
REG_06652,doi_e_titulo,2,Scopus,scopus_nucleo_a1_manutencao_sustentabilidade|scopus_nucleo_a4_gestao_ativos_ciclo_vida,Digital health monitoring of the Great Belt Suspension Bridge,SCOPUS::scopus_nucleo_a1_manutencao_sustentabilidade_raw.csv::06660|SCOPUS::scopus_nucleo_a4_gestao_ativos_ciclo_vida_raw.csv::00327
REG_06655,doi_e_titulo,2,Scopus|WoS,scopus_nucleo_a1_manutencao_sustentabilidade|wos_nucleo_01,Integrated Application of BIM Technology and Data Mining Algorithms in Substation Engineering,SCOPUS::scopus_nucleo_a1_manutencao_sustentabilidade_raw.csv::06663|WOS::WOS_NUCLEO_01_20260708_part01.ris::00294
REG_06656,doi_e_titulo,2,Scopus,scopus_nucleo_a1_manutencao_sustentabilidade|scopus_nucleo_a2_contexto_publico_universitario,Integrating Digital Twins in Urban Sustainability: A Framework for University Campus Applications,SCOPUS::scopus_nucleo_a1_manutencao_sustentabilidade_raw.csv::06664|SCOPUS::scopus_nucleo_a2_contexto_publico_universitario_raw.csv::00157
REG_06663,doi_e_titulo,3,Scopus|WoS,scopus_nucleo_a1_manutencao_sustentabilidade|scopus_nucleo_a4_gestao_ativos_ciclo_vida|wos_nucleo_04,Digital Twin Framework for Built Environment: A Review of Key Enablers,SCOPUS::scopus_nucleo_a1_manutencao_sustentabilidade_raw.csv::06671|SCOPUS::scopus_nucleo_a4_gestao_ativos_ciclo_vida_raw.csv::00321|WOS::WOS_NUCLEO_04_20260708_part01.ris::00384
REG_06667,doi_e_titulo,2,Scopus,scopus_nucleo_a1_manutencao_sustentabilidade|scopus_nucleo_a4_gestao_ativos_ciclo_vida,MACHINE LEARNING PRACTICES DURING THE OPERATIONAL PHASE OF BUILDINGS: A CRITICAL REVIEW,SCOPUS::scopus_nucleo_a1_manutencao_sustentabilidade_raw.csv::06675|SCOPUS::scopus_nucleo_a4_gestao_ativos_ciclo_vida_raw.csv::00319
REG_06669,doi_e_titulo,3,Scopus|WoS,scopus_nucleo_a1_manutencao_sustentabilidade|scopus_nucleo_a4_gestao_ativos_ciclo_vida|wos_nucleo_04,Low Carbon Design Strategy of Regional Airport Terminal Based on Building Carbon Emission Calculation Standard,SCOPUS::scopus_nucleo_a1_manutencao_sustentabilidade_raw.csv::06677|SCOPUS::scopus_nucleo_a4_gestao_ativos_ciclo_vida_raw.csv::00322|WOS::WOS_NUCLEO_04_20260708_part01.ris::00376
REG_06676,doi_e_titulo,3,Scopus|WoS,scopus_nucleo_a1_manutencao_sustentabilidade|scopus_nucleo_a4_gestao_ativos_ciclo_vida|wos_nucleo_04,"Technical, economic, and environmental feasibility assessment of solar-battery-generator hybrid energy systems: a case study in Nigeria",SCOPUS::scopus_nucleo_a1_manutencao_sustentabilidade_raw.csv::06684|SCOPUS::scopus_nucleo_a4_gestao_ativos_ciclo_vida_raw.csv::00326|WOS::WOS_NUCLEO_04_20260708_part01.ris::00357
REG_06681,doi_e_titulo,2,Scopus|WoS,scopus_nucleo_a1_manutencao_sustentabilidade|wos_nucleo_01,3D spatio-temporal post-occupational maintenance management of high-rise residential building: a case study,SCOPUS::scopus_nucleo_a1_manutencao_sustentabilidade_raw.csv::06689|WOS::WOS_NUCLEO_01_20260708_part01.ris::00393
REG_06691,doi_e_titulo,2,Scopus,scopus_nucleo_a1_manutencao_sustentabilidade|scopus_nucleo_a4_gestao_ativos_ciclo_vida,Physical Asset Management for Critical Utilities - A Systematic Literature Review,SCOPUS::scopus_nucleo_a1_manutencao_sustentabilidade_raw.csv::06699|SCOPUS::scopus_nucleo_a4_gestao_ativos_ciclo_vida_raw.csv::00330
REG_06692,doi_e_titulo,2,Scopus,scopus_nucleo_a1_manutencao_sustentabilidade|scopus_nucleo_a4_gestao_ativos_ciclo_vida,Leveraging Digital Twins for Smart Hydropower: A Pathway to Industry 4.0,SCOPUS::scopus_nucleo_a1_manutencao_sustentabilidade_raw.csv::06700|SCOPUS::scopus_nucleo_a4_gestao_ativos_ciclo_vida_raw.csv::00323
REG_06693,doi_e_titulo,2,Scopus,scopus_nucleo_a1_manutencao_sustentabilidade|scopus_nucleo_a4_gestao_ativos_ciclo_vida,Barriers affecting the implementation of Post Occupancy Evaluation (POE) practices for RDP projects in Mpumalanga Province,SCOPUS::scopus_nucleo_a1_manutencao_sustentabilidade_raw.csv::06701|SCOPUS::scopus_nucleo_a4_gestao_ativos_ciclo_vida_raw.csv::00325
REG_06704,doi_e_titulo,2,Scopus,scopus_nucleo_a1_manutencao_sustentabilidade|scopus_nucleo_a4_gestao_ativos_ciclo_vida,"Onshore and Offshore Wind Energy: Evolution, Grid Integration, and Impact, Second Edition",SCOPUS::scopus_nucleo_a1_manutencao_sustentabilidade_raw.csv::06712|SCOPUS::scopus_nucleo_a4_gestao_ativos_ciclo_vida_raw.csv::00329
REG_06707,doi_e_titulo,3,Scopus|WoS,scopus_nucleo_a1_manutencao_sustentabilidade|scopus_nucleo_a4_gestao_ativos_ciclo_vida|wos_nucleo_04,Optimizing office building operations: a framework for continuous dynamic energy simulations in decision-making for efficiency,SCOPUS::scopus_nucleo_a1_manutencao_sustentabilidade_raw.csv::06715|SCOPUS::scopus_nucleo_a4_gestao_ativos_ciclo_vida_raw.csv::00320|WOS::WOS_NUCLEO_04_20260708_part01.ris::00468
REG_06710,doi_e_titulo,2,Scopus|WoS,scopus_nucleo_a1_manutencao_sustentabilidade|wos_nucleo_01,Exploring the significance and priority of digital product passports implementation in building renovation projects targeting circular economy,SCOPUS::scopus_nucleo_a1_manutencao_sustentabilidade_raw.csv::06718|WOS::WOS_NUCLEO_01_20260708_part01.ris::00591
REG_06734,doi_e_titulo,2,Scopus,scopus_nucleo_a1_manutencao_sustentabilidade|scopus_nucleo_a4_gestao_ativos_ciclo_vida,"Optimization of the North Kuwait Jurassic Gas Integrated Production System - Modelling, Optimization, Impact",SCOPUS::scopus_nucleo_a1_manutencao_sustentabilidade_raw.csv::06742|SCOPUS::scopus_nucleo_a4_gestao_ativos_ciclo_vida_raw.csv::00324
REG_06742,doi_e_titulo,2,Scopus|WoS,scopus_nucleo_a1_manutencao_sustentabilidade|wos_nucleo_01,IABSE Survey of Implemented Decision-making Models used by Public and Private Owners/Operators of Road- and Railway Infrastructures,SCOPUS::scopus_nucleo_a1_manutencao_sustentabilidade_raw.csv::06750|WOS::WOS_NUCLEO_01_20260708_part01.ris::00272
REG_06763,doi_e_titulo,2,Scopus,scopus_nucleo_a1_manutencao_sustentabilidade|scopus_nucleo_a3_priorizacao_estrategia_manutencao,The Overview on Fourth Industrial Revolution and Fourth Generation Maintenance-its Roles and Impacts,SCOPUS::scopus_nucleo_a1_manutencao_sustentabilidade_raw.csv::06771|SCOPUS::scopus_nucleo_a3_priorizacao_estrategia_manutencao_raw.csv::00183
REG_06805,doi_e_titulo,2,Scopus,scopus_nucleo_a1_manutencao_sustentabilidade|scopus_nucleo_a4_gestao_ativos_ciclo_vida,Towards a service life extension of the Øresund Fixed Link,SCOPUS::scopus_nucleo_a1_manutencao_sustentabilidade_raw.csv::06813|SCOPUS::scopus_nucleo_a4_gestao_ativos_ciclo_vida_raw.csv::00317
REG_06865,titulo_normalizado,2,Scopus,scopus_nucleo_a1_manutencao_sustentabilidade|scopus_nucleo_a3_priorizacao_estrategia_manutencao,"Improving Geothermal Well Production through Scale Removal: A Lakeview, Oregon Case Study",SCOPUS::scopus_nucleo_a1_manutencao_sustentabilidade_raw.csv::06873|SCOPUS::scopus_nucleo_a3_priorizacao_estrategia_manutencao_raw.csv::00191
REG_06875,doi_e_titulo,2,Scopus|WoS,scopus_nucleo_a1_manutencao_sustentabilidade|wos_nucleo_01,Techno-Economic Model for Hydrogen Production Using Advanced Nuclear Power Plants in Saudi Arabia,SCOPUS::scopus_nucleo_a1_manutencao_sustentabilidade_raw.csv::06883|WOS::WOS_NUCLEO_01_20260708_part01.ris::00512
REG_06879,doi_e_titulo,2,Scopus,scopus_nucleo_a1_manutencao_sustentabilidade|scopus_nucleo_a4_gestao_ativos_ciclo_vida,"The Importance of Conscious Decision-making when Securing Carbon Savings Through Building Transformation of Wooden Warehouses Into LKR Innovation House, Denmark",SCOPUS::scopus_nucleo_a1_manutencao_sustentabilidade_raw.csv::06887|SCOPUS::scopus_nucleo_a4_gestao_ativos_ciclo_vida_raw.csv::00331
REG_06891,titulo_normalizado,2,Scopus,scopus_nucleo_a1_manutencao_sustentabilidade|scopus_nucleo_a4_gestao_ativos_ciclo_vida,Calculation method and case analysis of carbon emissions for risk control and management of contaminated sites.,SCOPUS::scopus_nucleo_a1_manutencao_sustentabilidade_raw.csv::06899|SCOPUS::scopus_nucleo_a4_gestao_ativos_ciclo_vida_raw.csv::00333
REG_06898,doi_e_titulo,2,Scopus,scopus_nucleo_a1_manutencao_sustentabilidade|scopus_nucleo_a4_gestao_ativos_ciclo_vida,Human resource management as an element of sustainable nuclear power plant construction,SCOPUS::scopus_nucleo_a1_manutencao_sustentabilidade_raw.csv::06906|SCOPUS::scopus_nucleo_a4_gestao_ativos_ciclo_vida_raw.csv::00334
REG_06902,doi_e_titulo,2,Scopus|WoS,scopus_nucleo_a1_manutencao_sustentabilidade|wos_nucleo_01,Asset Resource Optimization Solution for Smart Hospital Facilities and Energy Management through an Interpretive Structural Model,SCOPUS::scopus_nucleo_a1_manutencao_sustentabilidade_raw.csv::06910|WOS::WOS_NUCLEO_01_20260708_part01.ris::00388
REG_06907,doi_e_titulo,2,Scopus|WoS,scopus_nucleo_a1_manutencao_sustentabilidade|wos_nucleo_01,Life Cycle Assessment of Four Floating Wind Farms around Scotland Using a Site-Specific Operation and Maintenance Model with SOVs,SCOPUS::scopus_nucleo_a1_manutencao_sustentabilidade_raw.csv::06915|WOS::WOS_NUCLEO_01_20260708_part01.ris::00280
REG_06908,doi_e_titulo,2,Scopus|WoS,scopus_nucleo_a1_manutencao_sustentabilidade|wos_nucleo_04,Application and enabling digital twin technologies in the operation and maintenance stage of the AEC industry: A literature review,SCOPUS::scopus_nucleo_a1_manutencao_sustentabilidade_raw.csv::06916|WOS::WOS_NUCLEO_04_20260708_part01.ris::00329
REG_06909,doi_e_titulo,3,Scopus|WoS,scopus_nucleo_a1_manutencao_sustentabilidade|scopus_nucleo_a4_gestao_ativos_ciclo_vida|wos_nucleo_04,Carbon footprint of a conventional wastewater treatment plant: An analysis of water-energy nexus from life cycle perspective for emission reduction,SCOPUS::scopus_nucleo_a1_manutencao_sustentabilidade_raw.csv::06917|SCOPUS::scopus_nucleo_a4_gestao_ativos_ciclo_vida_raw.csv::00335|WOS::WOS_NUCLEO_04_20260708_part01.ris::00240
REG_06910,doi_e_titulo,2,Crossref|Scopus,crossref_nucleo_a2|scopus_nucleo_a1_manutencao_sustentabilidade,Urban Facility Management Improving Livability through Smart Public Spaces in Smart Sustainable Cities,SCOPUS::scopus_nucleo_a1_manutencao_sustentabilidade_raw.csv::06918|CROSSREF::crossref_nucleo_a2_raw.csv::00050
REG_06914,doi_e_titulo,3,Scopus|WoS,scopus_nucleo_a1_manutencao_sustentabilidade|scopus_nucleo_a4_gestao_ativos_ciclo_vida|wos_nucleo_04,Employment-Weighted Fair Wage Potential: A Social Indicator for the Power Sector,SCOPUS::scopus_nucleo_a1_manutencao_sustentabilidade_raw.csv::06922|SCOPUS::scopus_nucleo_a4_gestao_ativos_ciclo_vida_raw.csv::00336|WOS::WOS_NUCLEO_04_20260708_part01.ris::00084
REG_06917,doi_e_titulo,2,Scopus|WoS,scopus_nucleo_a1_manutencao_sustentabilidade|wos_nucleo_01,The perceptions of food service staff in a nursing home on an upcoming transition towards a healthy and sustainable food environment: a qualitative study,SCOPUS::scopus_nucleo_a1_manutencao_sustentabilidade_raw.csv::06925|WOS::WOS_NUCLEO_01_20260708_part01.ris::00495
REG_06923,doi_e_titulo,2,Scopus|WoS,scopus_nucleo_a1_manutencao_sustentabilidade|wos_nucleo_01,Automated Fixing Cost Estimation of Photovoltaic System Failures for the Creation of a Decision Support System,SCOPUS::scopus_nucleo_a1_manutencao_sustentabilidade_raw.csv::06931|WOS::WOS_NUCLEO_01_20260708_part01.ris::00277
REG_06924,doi_e_titulo,2,Scopus|WoS,scopus_nucleo_a1_manutencao_sustentabilidade|wos_nucleo_01,Examining and prioritizing the effect of sustainable energy on the job market to advance China's green workforce,SCOPUS::scopus_nucleo_a1_manutencao_sustentabilidade_raw.csv::06932|WOS::WOS_NUCLEO_01_20260708_part01.ris::00053
REG_06932,doi_e_titulo,2,Scopus,scopus_nucleo_a1_manutencao_sustentabilidade|scopus_nucleo_a4_gestao_ativos_ciclo_vida,Evaluating the environmental maintenance impact (EMI): a carbon life cycle assessment (LCA) of the Singgora roof tiles repair in heritage buildings,SCOPUS::scopus_nucleo_a1_manutencao_sustentabilidade_raw.csv::06940|SCOPUS::scopus_nucleo_a4_gestao_ativos_ciclo_vida_raw.csv::00337
REG_06933,doi_e_titulo,2,Scopus,scopus_nucleo_a1_manutencao_sustentabilidade|scopus_nucleo_a4_gestao_ativos_ciclo_vida,Embodied carbon emissions of buildings and how to tame them,SCOPUS::scopus_nucleo_a1_manutencao_sustentabilidade_raw.csv::06941|SCOPUS::scopus_nucleo_a4_gestao_ativos_ciclo_vida_raw.csv::00338
REG_06940,doi_e_titulo,2,Scopus,scopus_nucleo_a1_manutencao_sustentabilidade|scopus_nucleo_a4_gestao_ativos_ciclo_vida,Application of Total Life Cycle Cost Management in Electricity Enterprises,SCOPUS::scopus_nucleo_a1_manutencao_sustentabilidade_raw.csv::06948|SCOPUS::scopus_nucleo_a4_gestao_ativos_ciclo_vida_raw.csv::00339
REG_06944,doi_e_titulo,2,Scopus|WoS,scopus_nucleo_a1_manutencao_sustentabilidade|wos_nucleo_01,Risk-informed operation and maintenance of complex lifeline systems using parallelized multi-agent deep Q-network,SCOPUS::scopus_nucleo_a1_manutencao_sustentabilidade_raw.csv::06952|WOS::WOS_NUCLEO_01_20260708_part01.ris::00249
REG_06947,doi_e_titulo,3,Scopus|WoS,scopus_nucleo_a1_manutencao_sustentabilidade|scopus_nucleo_a4_gestao_ativos_ciclo_vida|wos_nucleo_04,Blockchain technology in building environmental sustainability: A systematic literature review and future perspectives,SCOPUS::scopus_nucleo_a1_manutencao_sustentabilidade_raw.csv::06955|SCOPUS::scopus_nucleo_a4_gestao_ativos_ciclo_vida_raw.csv::00341|WOS::WOS_NUCLEO_04_20260708_part01.ris::00415
REG_06948,doi_e_titulo,3,Scopus|WoS,scopus_nucleo_a1_manutencao_sustentabilidade|scopus_nucleo_a4_gestao_ativos_ciclo_vida|wos_nucleo_04,"Designing Sustainable Domestic Electricity Supply from Renewable Energy Mixes: Application to Java and Bali, Indonesia",SCOPUS::scopus_nucleo_a1_manutencao_sustentabilidade_raw.csv::06956|SCOPUS::scopus_nucleo_a4_gestao_ativos_ciclo_vida_raw.csv::00340|WOS::WOS_NUCLEO_04_20260708_part01.ris::00383
REG_06952,doi_e_titulo,2,Scopus|WoS,scopus_nucleo_a1_manutencao_sustentabilidade|wos_nucleo_01,Digital twin-enabled prefabrication supply chain for smart construction and carbon emissions evaluation in building projects,SCOPUS::scopus_nucleo_a1_manutencao_sustentabilidade_raw.csv::06960|WOS::WOS_NUCLEO_01_20260708_part01.ris::00527
REG_06953,doi_e_titulo,3,Scopus|WoS,scopus_nucleo_a1_manutencao_sustentabilidade|scopus_nucleo_a4_gestao_ativos_ciclo_vida|wos_nucleo_04,Tracking and Reducing SF6 Usage in Radiation Oncology: A Step Toward Net-Zero Health Care Emissions,SCOPUS::scopus_nucleo_a1_manutencao_sustentabilidade_raw.csv::06961|SCOPUS::scopus_nucleo_a4_gestao_ativos_ciclo_vida_raw.csv::00342|WOS::WOS_NUCLEO_04_20260708_part01.ris::00460
REG_06963,doi_e_titulo,2,Scopus|WoS,scopus_nucleo_a1_manutencao_sustentabilidade|wos_nucleo_01,Decision support systems in irrigation management: Irrigation Facilities Spatial Information System,SCOPUS::scopus_nucleo_a1_manutencao_sustentabilidade_raw.csv::06971|WOS::WOS_NUCLEO_01_20260708_part01.ris::00432
REG_06965,doi_e_titulo,2,Crossref|Scopus,crossref_nucleo_a2|scopus_nucleo_a1_manutencao_sustentabilidade,Smart Building Thermal Management: A Data-Driven Approach Based on Dynamic and Consensus Clustering,SCOPUS::scopus_nucleo_a1_manutencao_sustentabilidade_raw.csv::06973|CROSSREF::crossref_nucleo_a2_raw.csv::00163
REG_06966,doi_e_titulo,2,Scopus|WoS,scopus_nucleo_a1_manutencao_sustentabilidade|wos_nucleo_01,Assessing and weighting the most effective criteria of indigenous knowledge for use in water resources planning and management of arid and semi-arid areas of Iran: a case study of Yazd Province || Assessing and weighting the most effective criteria of indigenous knowledge for use in water resources planning and management of arid and semi-arid areas of Iran: a case study of Yazd Province,SCOPUS::scopus_nucleo_a1_manutencao_sustentabilidade_raw.csv::06974|WOS::WOS_NUCLEO_01_20260708_part01.ris::00204
REG_06979,doi_e_titulo,2,Scopus|WoS,scopus_nucleo_a1_manutencao_sustentabilidade|wos_nucleo_01,An Improved Method for Optimizing the Timing of Preventive Maintenance of Pavement: Integrating LCA and LCCA,SCOPUS::scopus_nucleo_a1_manutencao_sustentabilidade_raw.csv::06987|WOS::WOS_NUCLEO_01_20260708_part01.ris::00311
REG_06981,doi_e_titulo,3,Scopus|WoS,scopus_nucleo_a1_manutencao_sustentabilidade|scopus_nucleo_a4_gestao_ativos_ciclo_vida|wos_nucleo_04,Anaerobic digestion as a sustainable technology for efficiently utilizing biomass in the context of carbon neutrality and circular economy,SCOPUS::scopus_nucleo_a1_manutencao_sustentabilidade_raw.csv::06989|SCOPUS::scopus_nucleo_a4_gestao_ativos_ciclo_vida_raw.csv::00343|WOS::WOS_NUCLEO_04_20260708_part01.ris::00379
REG_06997,titulo_normalizado,2,Scopus,scopus_nucleo_a1_manutencao_sustentabilidade|scopus_nucleo_a2_contexto_publico_universitario,"3rd International Conference of Construction, Infrastructure, and Materials, ICCIM 2023",SCOPUS::scopus_nucleo_a1_manutencao_sustentabilidade_raw.csv::07005|SCOPUS::scopus_nucleo_a2_contexto_publico_universitario_raw.csv::00165
REG_06998,titulo_normalizado,2,Scopus,scopus_nucleo_a1_manutencao_sustentabilidade|scopus_nucleo_a4_gestao_ativos_ciclo_vida,The development of urban-based facility management from a well-being perspective,SCOPUS::scopus_nucleo_a1_manutencao_sustentabilidade_raw.csv::07006|SCOPUS::scopus_nucleo_a4_gestao_ativos_ciclo_vida_raw.csv::00344
REG_06999,titulo_normalizado,2,Scopus,scopus_nucleo_a1_manutencao_sustentabilidade|scopus_nucleo_a2_contexto_publico_universitario,The transformation of city areas in the post-transition period of Skopje,SCOPUS::scopus_nucleo_a1_manutencao_sustentabilidade_raw.csv::07007|SCOPUS::scopus_nucleo_a2_contexto_publico_universitario_raw.csv::00166
REG_07001,doi_e_titulo,2,Scopus|WoS,scopus_nucleo_a1_manutencao_sustentabilidade|wos_nucleo_01,Factors influencing smart facilities management - Stakeholder perspectives and the implication || Factors influencing smart facilities management – Stakeholder perspectives and the implication,SCOPUS::scopus_nucleo_a1_manutencao_sustentabilidade_raw.csv::07009|WOS::WOS_NUCLEO_01_20260708_part01.ris::00324
REG_07002,doi_e_titulo,2,Scopus|WoS,scopus_nucleo_a1_manutencao_sustentabilidade|wos_nucleo_01,Effect of realistically estimated building lifespan on life cycle assessment: A case study in Korea,SCOPUS::scopus_nucleo_a1_manutencao_sustentabilidade_raw.csv::07010|WOS::WOS_NUCLEO_01_20260708_part01.ris::00274
REG_07005,doi_e_titulo,2,Scopus|WoS,scopus_nucleo_a1_manutencao_sustentabilidade|wos_nucleo_01,TOWARDS BIM-GIS INTEGRATION FOR ROAD INTELLIGENT MANAGEMENT SYSTEM,SCOPUS::scopus_nucleo_a1_manutencao_sustentabilidade_raw.csv::07013|WOS::WOS_NUCLEO_01_20260708_part01.ris::00216
REG_07008,doi_e_titulo,3,Scopus|WoS,scopus_nucleo_a1_manutencao_sustentabilidade|scopus_nucleo_a2_contexto_publico_universitario|wos_nucleo_02,Required Changes to Unlock Value Generation through Implementing BIM and IoT for Universities FM Services,SCOPUS::scopus_nucleo_a1_manutencao_sustentabilidade_raw.csv::07016|SCOPUS::scopus_nucleo_a2_contexto_publico_universitario_raw.csv::00167|WOS::WOS_NUCLEO_02_20260708_part01.ris::00163
REG_07009,doi_e_titulo,2,Scopus|WoS,scopus_nucleo_a1_manutencao_sustentabilidade|wos_nucleo_01,A closed-loop maintenance strategy for offshore wind farms: Incorporating dynamic wind farm states and uncertainty-awareness in decision-making,SCOPUS::scopus_nucleo_a1_manutencao_sustentabilidade_raw.csv::07017|WOS::WOS_NUCLEO_01_20260708_part01.ris::00402
REG_07010,doi_e_titulo,3,Scopus|WoS,scopus_nucleo_a1_manutencao_sustentabilidade|scopus_nucleo_a4_gestao_ativos_ciclo_vida|wos_nucleo_04,Life Cycle Carbon Dioxide Emissions and Sensitivity Analysis of Elevators,SCOPUS::scopus_nucleo_a1_manutencao_sustentabilidade_raw.csv::07018|SCOPUS::scopus_nucleo_a4_gestao_ativos_ciclo_vida_raw.csv::00345|WOS::WOS_NUCLEO_04_20260708_part01.ris::00221
REG_07011,doi_e_titulo,2,Scopus,scopus_nucleo_a1_manutencao_sustentabilidade|scopus_nucleo_a4_gestao_ativos_ciclo_vida,"Tariff setting for the sustainability of communal water points in Mangochi District, Malawi",SCOPUS::scopus_nucleo_a1_manutencao_sustentabilidade_raw.csv::07019|SCOPUS::scopus_nucleo_a4_gestao_ativos_ciclo_vida_raw.csv::00348
REG_07013,doi_e_titulo,3,Scopus|WoS,scopus_nucleo_a1_manutencao_sustentabilidade|scopus_nucleo_a4_gestao_ativos_ciclo_vida|wos_nucleo_04,A Sustainability Analysis Based on the LCA-Emergy-Carbon Emission Approach in the Building System || A Sustainability Analysis Based on the LCA–Emergy–Carbon Emission Approach in the Building System,SCOPUS::scopus_nucleo_a1_manutencao_sustentabilidade_raw.csv::07021|SCOPUS::scopus_nucleo_a4_gestao_ativos_ciclo_vida_raw.csv::00346|WOS::WOS_NUCLEO_04_20260708_part01.ris::00283
REG_07014,doi_e_titulo,2,Scopus|WoS,scopus_nucleo_a1_manutencao_sustentabilidade|wos_nucleo_01,A Scalable Framework for Annotating Photovoltaic Cell Defects in Electroluminescence Images,SCOPUS::scopus_nucleo_a1_manutencao_sustentabilidade_raw.csv::07022|WOS::WOS_NUCLEO_01_20260708_part01.ris::00273
REG_07017,doi_e_titulo,2,Scopus,scopus_nucleo_a1_manutencao_sustentabilidade|scopus_nucleo_a4_gestao_ativos_ciclo_vida,Economics and lifecycle carbon assessment of coconut oil as an alternative to paraffin phase change materials in North America,SCOPUS::scopus_nucleo_a1_manutencao_sustentabilidade_raw.csv::07025|SCOPUS::scopus_nucleo_a4_gestao_ativos_ciclo_vida_raw.csv::00349
REG_07021,doi_e_titulo,2,Scopus,scopus_nucleo_a1_manutencao_sustentabilidade|scopus_nucleo_a4_gestao_ativos_ciclo_vida,Enhancing Energy Efficiency and Building Performance through BEMS-BIM Integration,SCOPUS::scopus_nucleo_a1_manutencao_sustentabilidade_raw.csv::07029|SCOPUS::scopus_nucleo_a4_gestao_ativos_ciclo_vida_raw.csv::00347
REG_07037,doi_e_titulo,2,Scopus|WoS,scopus_nucleo_a1_manutencao_sustentabilidade|wos_nucleo_01,Building information modelling facilities management (BIMFM) coordination for digital construction project,SCOPUS::scopus_nucleo_a1_manutencao_sustentabilidade_raw.csv::07045|WOS::WOS_NUCLEO_01_20260708_part01.ris::00225
REG_07042,doi_e_titulo,2,Scopus|WoS,scopus_nucleo_a1_manutencao_sustentabilidade|wos_nucleo_01,Digital twin-enabled human-robot collaborative teaming towards sustainable and healthy built environments,SCOPUS::scopus_nucleo_a1_manutencao_sustentabilidade_raw.csv::07050|WOS::WOS_NUCLEO_01_20260708_part01.ris::00016
REG_07044,doi_e_titulo,4,Scopus|WoS,scopus_nucleo_a1_manutencao_sustentabilidade|scopus_nucleo_a4_gestao_ativos_ciclo_vida|wos_nucleo_01|wos_nucleo_04,Life-Cycle Greenhouse Gas (GHG) Emissions Calculation for Urban Rail Transit Systems: The Case of Pernambuco Metro,SCOPUS::scopus_nucleo_a1_manutencao_sustentabilidade_raw.csv::07052|SCOPUS::scopus_nucleo_a4_gestao_ativos_ciclo_vida_raw.csv::00350|WOS::WOS_NUCLEO_01_20260708_part01.ris::00255|WOS::WOS_NUCLEO_04_20260708_part01.ris::00124
REG_07056,doi_e_titulo,2,Scopus,scopus_nucleo_a1_manutencao_sustentabilidade|scopus_nucleo_a3_priorizacao_estrategia_manutencao,Sustainable maintenance strategy for historic buildings at Masjid Al Osmani Medan Labuhan,SCOPUS::scopus_nucleo_a1_manutencao_sustentabilidade_raw.csv::07064|SCOPUS::scopus_nucleo_a3_priorizacao_estrategia_manutencao_raw.csv::00202
REG_07059,doi_e_titulo,3,Scopus|WoS,scopus_nucleo_a1_manutencao_sustentabilidade|scopus_nucleo_a4_gestao_ativos_ciclo_vida|wos_nucleo_04,A General Framework for Sustainability Assessment of Buildings: A Life-Cycle Thinking Approach,SCOPUS::scopus_nucleo_a1_manutencao_sustentabilidade_raw.csv::07067|SCOPUS::scopus_nucleo_a4_gestao_ativos_ciclo_vida_raw.csv::00351|WOS::WOS_NUCLEO_04_20260708_part01.ris::00036
REG_07060,doi_e_titulo,3,Scopus|WoS,scopus_nucleo_a1_manutencao_sustentabilidade|scopus_nucleo_a4_gestao_ativos_ciclo_vida|wos_nucleo_04,The Sustainability Study and Exploration in the Building Commercial Complex System Based on Life Cycle Assessment (LCA)-Emergy-Carbon Emission Analysis || The Sustainability Study and Exploration in the Building Commercial Complex System Based on Life Cycle Assessment (LCA)–Emergy–Carbon Emission Analysis,SCOPUS::scopus_nucleo_a1_manutencao_sustentabilidade_raw.csv::07068|SCOPUS::scopus_nucleo_a4_gestao_ativos_ciclo_vida_raw.csv::00352|WOS::WOS_NUCLEO_04_20260708_part01.ris::00047
REG_07061,doi_e_titulo,2,Scopus|WoS,scopus_nucleo_a1_manutencao_sustentabilidade|wos_nucleo_02,Development of a Campus Facility Management Operational Framework Using a Modified Delphi Method,SCOPUS::scopus_nucleo_a1_manutencao_sustentabilidade_raw.csv::07069|WOS::WOS_NUCLEO_02_20260708_part01.ris::00166
REG_07062,doi_e_titulo,3,Scopus|WoS,scopus_nucleo_a1_manutencao_sustentabilidade|scopus_nucleo_a4_gestao_ativos_ciclo_vida|wos_nucleo_04,Integration of Building Information Modeling with Sport and Facility: Current Status and Future Directions,SCOPUS::scopus_nucleo_a1_manutencao_sustentabilidade_raw.csv::07070|SCOPUS::scopus_nucleo_a4_gestao_ativos_ciclo_vida_raw.csv::00354|WOS::WOS_NUCLEO_04_20260708_part01.ris::00311
REG_07063,doi_e_titulo,4,Scopus|WoS,scopus_nucleo_a1_manutencao_sustentabilidade|scopus_nucleo_a4_gestao_ativos_ciclo_vida|wos_nucleo_01|wos_nucleo_04,How to Guarantee the Sustainable Operation and Maintenance of Urban Utility Tunnels? From the Perspective of Stakeholder and the Whole Life Cycle,SCOPUS::scopus_nucleo_a1_manutencao_sustentabilidade_raw.csv::07071|SCOPUS::scopus_nucleo_a4_gestao_ativos_ciclo_vida_raw.csv::00353|WOS::WOS_NUCLEO_01_20260708_part01.ris::00066|WOS::WOS_NUCLEO_04_20260708_part01.ris::00107
REG_07073,doi_e_titulo,2,Scopus|WoS,scopus_nucleo_a1_manutencao_sustentabilidade|wos_nucleo_04,Comprehensive Analysis and Evaluation of the Operation and Maintenance of Offshore Wind Power Systems: A Survey || Comprehensive Analysis and Evaluation of the Operation and Maintenance of Offshore Wind Power Systems: A Survey †,SCOPUS::scopus_nucleo_a1_manutencao_sustentabilidade_raw.csv::07081|WOS::WOS_NUCLEO_04_20260708_part01.ris::00276
REG_07077,doi_e_titulo,2,Scopus,scopus_nucleo_a1_manutencao_sustentabilidade|scopus_nucleo_a2_contexto_publico_universitario,COMMON DEFECTS IN PUBLIC INSTITUTIONAL BUILDINGS IN MALAYSIA,SCOPUS::scopus_nucleo_a1_manutencao_sustentabilidade_raw.csv::07085|SCOPUS::scopus_nucleo_a2_contexto_publico_universitario_raw.csv::00170
REG_07079,doi_e_titulo,2,Scopus|WoS,scopus_nucleo_a1_manutencao_sustentabilidade|wos_nucleo_01,Assessment of Barriers to Canal Irrigation Efficiency for Sustainable Harnessing of Irrigation Potential,SCOPUS::scopus_nucleo_a1_manutencao_sustentabilidade_raw.csv::07087|WOS::WOS_NUCLEO_01_20260708_part01.ris::00287
REG_07080,doi_e_titulo,2,Scopus,scopus_nucleo_a1_manutencao_sustentabilidade|scopus_nucleo_a4_gestao_ativos_ciclo_vida,Effect of Self-Healing Concrete on Building Durability in the UK Construction Market,SCOPUS::scopus_nucleo_a1_manutencao_sustentabilidade_raw.csv::07088|SCOPUS::scopus_nucleo_a4_gestao_ativos_ciclo_vida_raw.csv::00355
REG_07093,doi_e_titulo,3,Scopus|WoS,scopus_nucleo_a1_manutencao_sustentabilidade|scopus_nucleo_a4_gestao_ativos_ciclo_vida|wos_nucleo_04,Digital Twin for Fault Detection and Diagnosis of Building Operations: A Systematic Review,SCOPUS::scopus_nucleo_a1_manutencao_sustentabilidade_raw.csv::07101|SCOPUS::scopus_nucleo_a4_gestao_ativos_ciclo_vida_raw.csv::00356|WOS::WOS_NUCLEO_04_20260708_part01.ris::00288
REG_07094,doi_e_titulo,3,Scopus|WoS,scopus_nucleo_a1_manutencao_sustentabilidade|scopus_nucleo_a4_gestao_ativos_ciclo_vida|wos_nucleo_04,Medical Gas Systems Maintainability Risks in Healthcare Facilities: A Design Optimization Approach,SCOPUS::scopus_nucleo_a1_manutencao_sustentabilidade_raw.csv::07102|SCOPUS::scopus_nucleo_a4_gestao_ativos_ciclo_vida_raw.csv::00358|WOS::WOS_NUCLEO_04_20260708_part01.ris::00350
REG_07095,doi_e_titulo,3,Scopus|WoS,scopus_nucleo_a1_manutencao_sustentabilidade|scopus_nucleo_a4_gestao_ativos_ciclo_vida|wos_nucleo_04,Airport sustainability through life cycle assessments: A systematic literature review,SCOPUS::scopus_nucleo_a1_manutencao_sustentabilidade_raw.csv::07103|SCOPUS::scopus_nucleo_a4_gestao_ativos_ciclo_vida_raw.csv::00357|WOS::WOS_NUCLEO_04_20260708_part01.ris::00118
REG_07097,doi_e_titulo,4,Scopus|WoS,scopus_nucleo_a1_manutencao_sustentabilidade|scopus_nucleo_a4_gestao_ativos_ciclo_vida|wos_nucleo_01|wos_nucleo_04,Improving building occupant comfort through a digital twin approach: A Bayesian network model and predictive maintenance method,SCOPUS::scopus_nucleo_a1_manutencao_sustentabilidade_raw.csv::07105|SCOPUS::scopus_nucleo_a4_gestao_ativos_ciclo_vida_raw.csv::00359|WOS::WOS_NUCLEO_01_20260708_part01.ris::00547|WOS::WOS_NUCLEO_04_20260708_part01.ris::00498
REG_07101,doi_e_titulo,4,Crossref|Scopus|WoS,crossref_nucleo_a3|scopus_nucleo_a1_manutencao_sustentabilidade|scopus_nucleo_a2_contexto_publico_universitario|wos_nucleo_02,A Review of Theory and Application Development of Intelligent Operation Methods for Large Public Buildings,SCOPUS::scopus_nucleo_a1_manutencao_sustentabilidade_raw.csv::07109|SCOPUS::scopus_nucleo_a2_contexto_publico_universitario_raw.csv::00172|CROSSREF::crossref_nucleo_a3_raw.csv::00164|WOS::WOS_NUCLEO_02_20260708_part01.ris::00039
REG_07104,doi_e_titulo,2,Scopus|WoS,scopus_nucleo_a1_manutencao_sustentabilidade|wos_nucleo_01,What Geotechnical Engineers Want to Know about Reliability,SCOPUS::scopus_nucleo_a1_manutencao_sustentabilidade_raw.csv::07112|WOS::WOS_NUCLEO_01_20260708_part01.ris::00476
REG_07107,doi_e_titulo,2,Scopus|WoS,scopus_nucleo_a1_manutencao_sustentabilidade|wos_nucleo_01,Strategies for Achieving Sustainability of Water Supply Systems in Rural Environments with Community Management in Brazil,SCOPUS::scopus_nucleo_a1_manutencao_sustentabilidade_raw.csv::07115|WOS::WOS_NUCLEO_01_20260708_part01.ris::00459
REG_07122,doi_e_titulo,4,Scopus|WoS,scopus_nucleo_a1_manutencao_sustentabilidade|scopus_nucleo_a4_gestao_ativos_ciclo_vida|wos_nucleo_01|wos_nucleo_04,Analysis of Wind Turbine Equipment Failure and Intelligent Operation and Maintenance Research,SCOPUS::scopus_nucleo_a1_manutencao_sustentabilidade_raw.csv::07130|SCOPUS::scopus_nucleo_a4_gestao_ativos_ciclo_vida_raw.csv::00360|WOS::WOS_NUCLEO_01_20260708_part01.ris::00130|WOS::WOS_NUCLEO_04_20260708_part01.ris::00058
REG_07124,doi_e_titulo,2,Scopus,scopus_nucleo_a1_manutencao_sustentabilidade|scopus_nucleo_a4_gestao_ativos_ciclo_vida,Circular Process for Sustainable On-Site Management of Valuable Materials in the Rehabilitation of the Built Heritage,SCOPUS::scopus_nucleo_a1_manutencao_sustentabilidade_raw.csv::07132|SCOPUS::scopus_nucleo_a4_gestao_ativos_ciclo_vida_raw.csv::00361
REG_07125,doi_e_titulo,3,Scopus|WoS,scopus_nucleo_a1_manutencao_sustentabilidade|scopus_nucleo_a2_contexto_publico_universitario|wos_nucleo_02,Web-Based Management of Public Buildings: A Workflow Based on Integration of BIM and IoT Sensors with a Web-GIS Portal || Web-Based Management of Public Buildings: A Workflow Based on Integration of BIM and IoT Sensors with a Web–GIS Portal,SCOPUS::scopus_nucleo_a1_manutencao_sustentabilidade_raw.csv::07133|SCOPUS::scopus_nucleo_a2_contexto_publico_universitario_raw.csv::00173|WOS::WOS_NUCLEO_02_20260708_part01.ris::00052
REG_07126,doi_e_titulo,2,Scopus|WoS,scopus_nucleo_a1_manutencao_sustentabilidade|wos_nucleo_01,"Development of Sustainability Assessment Criteria in Selection of Municipal Solid Waste Treatment Technology in Developing Countries: A Case of Ho Chi Minh City, Vietnam",SCOPUS::scopus_nucleo_a1_manutencao_sustentabilidade_raw.csv::07134|WOS::WOS_NUCLEO_01_20260708_part01.ris::00121
REG_07128,doi_e_titulo,2,Scopus|WoS,scopus_nucleo_a1_manutencao_sustentabilidade|wos_nucleo_01,Sustainable Operations: A Systematic Operational Performance Evaluation Framework for Public-Private Partnership Transportation Infrastructure Projects || Sustainable Operations: A Systematic Operational Performance Evaluation Framework for Public–Private Partnership Transportation Infrastructure Projects,SCOPUS::scopus_nucleo_a1_manutencao_sustentabilidade_raw.csv::07136|WOS::WOS_NUCLEO_01_20260708_part01.ris::00334
REG_07134,doi_e_titulo,2,Scopus,scopus_nucleo_a1_manutencao_sustentabilidade|scopus_nucleo_a4_gestao_ativos_ciclo_vida,BIM-based method to inform operation and maintenance phases through a simplified procedure,SCOPUS::scopus_nucleo_a1_manutencao_sustentabilidade_raw.csv::07142|SCOPUS::scopus_nucleo_a4_gestao_ativos_ciclo_vida_raw.csv::00362
REG_07135,doi_e_titulo,3,Scopus|WoS,scopus_nucleo_a1_manutencao_sustentabilidade|scopus_nucleo_a4_gestao_ativos_ciclo_vida|wos_nucleo_04,Green maintainability assessment of building-integrated photovoltaic (BIPV) applications: lessons learnt,SCOPUS::scopus_nucleo_a1_manutencao_sustentabilidade_raw.csv::07143|SCOPUS::scopus_nucleo_a4_gestao_ativos_ciclo_vida_raw.csv::00363|WOS::WOS_NUCLEO_04_20260708_part01.ris::00377
REG_07142,doi_e_titulo,3,Scopus|WoS,scopus_nucleo_a1_manutencao_sustentabilidade|scopus_nucleo_a4_gestao_ativos_ciclo_vida|wos_nucleo_04,Development of a new standard for evaluation of sustainable refurbishment,SCOPUS::scopus_nucleo_a1_manutencao_sustentabilidade_raw.csv::07150|SCOPUS::scopus_nucleo_a4_gestao_ativos_ciclo_vida_raw.csv::00364|WOS::WOS_NUCLEO_04_20260708_part01.ris::00442
REG_07145,doi_e_titulo,2,Crossref|Scopus,crossref_nucleo_a2|scopus_nucleo_a1_manutencao_sustentabilidade,BIM-based big data analytic system for healthcare facility management,SCOPUS::scopus_nucleo_a1_manutencao_sustentabilidade_raw.csv::07153|CROSSREF::crossref_nucleo_a2_raw.csv::00051
REG_07150,doi_e_titulo,3,Scopus|WoS,scopus_nucleo_a1_manutencao_sustentabilidade|scopus_nucleo_a4_gestao_ativos_ciclo_vida|wos_nucleo_04,Program for propriety analysis of global warming potential caused by the operational energy consumption of buildings in Korea,SCOPUS::scopus_nucleo_a1_manutencao_sustentabilidade_raw.csv::07158|SCOPUS::scopus_nucleo_a4_gestao_ativos_ciclo_vida_raw.csv::00365|WOS::WOS_NUCLEO_04_20260708_part01.ris::00245
REG_07160,doi_e_titulo,2,Scopus|WoS,scopus_nucleo_a1_manutencao_sustentabilidade|wos_nucleo_01,A review on data-centric decision tools for offshore wind operation and maintenance activities: Challenges and opportunities,SCOPUS::scopus_nucleo_a1_manutencao_sustentabilidade_raw.csv::07168|WOS::WOS_NUCLEO_01_20260708_part01.ris::00182
REG_07168,doi_e_titulo,2,Scopus,scopus_nucleo_a1_manutencao_sustentabilidade|scopus_nucleo_a4_gestao_ativos_ciclo_vida,Emerging Engineered Wood for Building Applications,SCOPUS::scopus_nucleo_a1_manutencao_sustentabilidade_raw.csv::07176|SCOPUS::scopus_nucleo_a4_gestao_ativos_ciclo_vida_raw.csv::00366
REG_07175,doi_e_titulo,3,Scopus|WoS,scopus_nucleo_a1_manutencao_sustentabilidade|scopus_nucleo_a2_contexto_publico_universitario|wos_nucleo_02,A ventilation early warning system (VEWS) for diaphanous workspaces considering COVID-19 and future pandemics scenarios,SCOPUS::scopus_nucleo_a1_manutencao_sustentabilidade_raw.csv::07183|SCOPUS::scopus_nucleo_a2_contexto_publico_universitario_raw.csv::00174|WOS::WOS_NUCLEO_02_20260708_part01.ris::00143
REG_07187,doi_e_titulo,5,Scopus|WoS,scopus_nucleo_a1_manutencao_sustentabilidade|scopus_nucleo_a2_contexto_publico_universitario|scopus_nucleo_a4_gestao_ativos_ciclo_vida|wos_nucleo_02|wos_nucleo_04,Analyzing the environmental sustainability of primary schools' facades within the scope of life cycle assessment in Turkey and recommendations for improvement || Analyzing the environmental sustainability of primary schools’ facades within the scope of life cycle assessment in Turkey and recommendations for improvement,SCOPUS::scopus_nucleo_a1_manutencao_sustentabilidade_raw.csv::07195|SCOPUS::scopus_nucleo_a2_contexto_publico_universitario_raw.csv::00175|SCOPUS::scopus_nucleo_a4_gestao_ativos_ciclo_vida_raw.csv::00367|WOS::WOS_NUCLEO_02_20260708_part01.ris::00071|WOS::WOS_NUCLEO_04_20260708_part01.ris::00140
REG_07192,doi_e_titulo,4,Scopus|WoS,scopus_nucleo_a1_manutencao_sustentabilidade|scopus_nucleo_a4_gestao_ativos_ciclo_vida|wos_nucleo_01|wos_nucleo_04,Digital Twin framework for automated fault source detection and prediction for comfort performance evaluation of existing non-residential Norwegian buildings,SCOPUS::scopus_nucleo_a1_manutencao_sustentabilidade_raw.csv::07200|SCOPUS::scopus_nucleo_a4_gestao_ativos_ciclo_vida_raw.csv::00368|WOS::WOS_NUCLEO_01_20260708_part01.ris::00457|WOS::WOS_NUCLEO_04_20260708_part01.ris::00465
REG_07201,doi_e_titulo,3,Scopus|WoS,scopus_nucleo_a1_manutencao_sustentabilidade|scopus_nucleo_a4_gestao_ativos_ciclo_vida|wos_nucleo_04,Techno-economic analysis of off-grid PV-Diesel power generation system for rural electrification: A case study of Chilubi district in Zambia,SCOPUS::scopus_nucleo_a1_manutencao_sustentabilidade_raw.csv::07209|SCOPUS::scopus_nucleo_a4_gestao_ativos_ciclo_vida_raw.csv::00369|WOS::WOS_NUCLEO_04_20260708_part01.ris::00408
REG_07214,doi_e_titulo,2,Scopus|WoS,scopus_nucleo_a1_manutencao_sustentabilidade|wos_nucleo_01,Operation and maintenance optimization of offshore wind farms based on digital twin: A review,SCOPUS::scopus_nucleo_a1_manutencao_sustentabilidade_raw.csv::07222|WOS::WOS_NUCLEO_01_20260708_part01.ris::00190
REG_07221,doi_e_titulo,2,Scopus,scopus_nucleo_a1_manutencao_sustentabilidade|scopus_nucleo_a4_gestao_ativos_ciclo_vida,Sustainability assessment methodology for residential building in urban area—a case study,SCOPUS::scopus_nucleo_a1_manutencao_sustentabilidade_raw.csv::07229|SCOPUS::scopus_nucleo_a4_gestao_ativos_ciclo_vida_raw.csv::00378
REG_07225,doi_e_titulo,2,Scopus,scopus_nucleo_a1_manutencao_sustentabilidade|scopus_nucleo_a4_gestao_ativos_ciclo_vida,An Embedded Joint Management Body (JMB) in a Comprehensive Life Cycle Cost Analysis Planning Mode in Sustainable Building Project,SCOPUS::scopus_nucleo_a1_manutencao_sustentabilidade_raw.csv::07233|SCOPUS::scopus_nucleo_a4_gestao_ativos_ciclo_vida_raw.csv::00370
REG_07227,doi_e_titulo,2,Scopus,scopus_nucleo_a1_manutencao_sustentabilidade|scopus_nucleo_a4_gestao_ativos_ciclo_vida,A comprehensive performance evaluation framework establish scheme for the operating period of buildings based on CRITIC-Entropy weighting method,SCOPUS::scopus_nucleo_a1_manutencao_sustentabilidade_raw.csv::07235|SCOPUS::scopus_nucleo_a4_gestao_ativos_ciclo_vida_raw.csv::00407
REG_07228,doi_e_titulo,2,Scopus,scopus_nucleo_a1_manutencao_sustentabilidade|scopus_nucleo_a4_gestao_ativos_ciclo_vida,Framework to evaluate quality performance of green building delivery: construction and operational stage,SCOPUS::scopus_nucleo_a1_manutencao_sustentabilidade_raw.csv::07236|SCOPUS::scopus_nucleo_a4_gestao_ativos_ciclo_vida_raw.csv::00408
REG_07231,doi_e_titulo,2,Scopus,scopus_nucleo_a1_manutencao_sustentabilidade|scopus_nucleo_a4_gestao_ativos_ciclo_vida,Key success factors analysis for improving cost performance of green retrofit infrastructure on the jetty project,SCOPUS::scopus_nucleo_a1_manutencao_sustentabilidade_raw.csv::07239|SCOPUS::scopus_nucleo_a4_gestao_ativos_ciclo_vida_raw.csv::00381
REG_07240,doi_e_titulo,3,Scopus,scopus_nucleo_a1_manutencao_sustentabilidade|scopus_nucleo_a3_priorizacao_estrategia_manutencao|scopus_nucleo_a4_gestao_ativos_ciclo_vida,Innovative VS. traditional: A framework to assess the sustainable trade-off of maintenance strategies,SCOPUS::scopus_nucleo_a1_manutencao_sustentabilidade_raw.csv::07248|SCOPUS::scopus_nucleo_a3_priorizacao_estrategia_manutencao_raw.csv::00209|SCOPUS::scopus_nucleo_a4_gestao_ativos_ciclo_vida_raw.csv::00372
REG_07246,doi_e_titulo,2,Scopus|WoS,scopus_nucleo_a1_manutencao_sustentabilidade|wos_nucleo_01,Potential of Computed Aided Facility Management for Urban Water Infrastructure with the Focus on Rainwater Management,SCOPUS::scopus_nucleo_a1_manutencao_sustentabilidade_raw.csv::07254|WOS::WOS_NUCLEO_01_20260708_part01.ris::00238
REG_07248,doi_e_titulo,2,Scopus,scopus_nucleo_a1_manutencao_sustentabilidade|scopus_nucleo_a2_contexto_publico_universitario,Examining the Assessment of Facility Management (FM) In Educational Buildings,SCOPUS::scopus_nucleo_a1_manutencao_sustentabilidade_raw.csv::07256|SCOPUS::scopus_nucleo_a2_contexto_publico_universitario_raw.csv::00186
REG_07252,doi_e_titulo,3,Scopus,scopus_nucleo_a1_manutencao_sustentabilidade|scopus_nucleo_a3_priorizacao_estrategia_manutencao|scopus_nucleo_a4_gestao_ativos_ciclo_vida,How much do choices impact environmentally the maintenance activities? A measurement framework based on Ecological Footprint,SCOPUS::scopus_nucleo_a1_manutencao_sustentabilidade_raw.csv::07260|SCOPUS::scopus_nucleo_a3_priorizacao_estrategia_manutencao_raw.csv::00211|SCOPUS::scopus_nucleo_a4_gestao_ativos_ciclo_vida_raw.csv::00375
REG_07258,doi_e_titulo,3,Scopus|WoS,scopus_nucleo_a1_manutencao_sustentabilidade|scopus_nucleo_a2_contexto_publico_universitario|wos_nucleo_02,Municipal facilities managers as strategists,SCOPUS::scopus_nucleo_a1_manutencao_sustentabilidade_raw.csv::07266|SCOPUS::scopus_nucleo_a2_contexto_publico_universitario_raw.csv::00183|WOS::WOS_NUCLEO_02_20260708_part01.ris::00117
REG_07265,doi_e_titulo,2,Scopus,scopus_nucleo_a1_manutencao_sustentabilidade|scopus_nucleo_a4_gestao_ativos_ciclo_vida,Analyzing Water Use Embodied in the Initial Construction and Life Cycle Management of Healthcare Facilities,SCOPUS::scopus_nucleo_a1_manutencao_sustentabilidade_raw.csv::07273|SCOPUS::scopus_nucleo_a4_gestao_ativos_ciclo_vida_raw.csv::00373
REG_07267,doi_e_titulo,2,Scopus,scopus_nucleo_a1_manutencao_sustentabilidade|scopus_nucleo_a3_priorizacao_estrategia_manutencao,Maintenance and Climate Impact - A Study of the Practice for Private Rented Out Housing Estates,SCOPUS::scopus_nucleo_a1_manutencao_sustentabilidade_raw.csv::07275|SCOPUS::scopus_nucleo_a3_priorizacao_estrategia_manutencao_raw.csv::00212
REG_07271,doi_e_titulo,2,Scopus,scopus_nucleo_a1_manutencao_sustentabilidade|scopus_nucleo_a4_gestao_ativos_ciclo_vida,Digital Twin Approach for Maintenance Management,SCOPUS::scopus_nucleo_a1_manutencao_sustentabilidade_raw.csv::07279|SCOPUS::scopus_nucleo_a4_gestao_ativos_ciclo_vida_raw.csv::00394
REG_07273,doi_e_titulo,3,Scopus|WoS,scopus_nucleo_a1_manutencao_sustentabilidade|scopus_nucleo_a4_gestao_ativos_ciclo_vida|wos_nucleo_04,Which eco-maintenance for renewable energy? A simulation model for optimising the choice of offshore wind farm maintenance vessel,SCOPUS::scopus_nucleo_a1_manutencao_sustentabilidade_raw.csv::07281|SCOPUS::scopus_nucleo_a4_gestao_ativos_ciclo_vida_raw.csv::00382|WOS::WOS_NUCLEO_04_20260708_part01.ris::00164
REG_07280,titulo_normalizado,2,Scopus,scopus_nucleo_a1_manutencao_sustentabilidade|scopus_nucleo_a4_gestao_ativos_ciclo_vida,Exploring Digital Risk Management for Building Life Cycle Phases,SCOPUS::scopus_nucleo_a1_manutencao_sustentabilidade_raw.csv::07288|SCOPUS::scopus_nucleo_a4_gestao_ativos_ciclo_vida_raw.csv::00374
REG_07284,doi_e_titulo,2,Scopus,scopus_nucleo_a1_manutencao_sustentabilidade|scopus_nucleo_a4_gestao_ativos_ciclo_vida,Integrating Blockchain and Emerging Technologies for Sustainability Assurance in the Built Environment,SCOPUS::scopus_nucleo_a1_manutencao_sustentabilidade_raw.csv::07292|SCOPUS::scopus_nucleo_a4_gestao_ativos_ciclo_vida_raw.csv::00387
REG_07288,doi_e_titulo,3,Scopus|WoS,scopus_nucleo_a1_manutencao_sustentabilidade|scopus_nucleo_a2_contexto_publico_universitario|wos_nucleo_02,"OPERATIONS, IT, AND CONSTRUCTION TIME ORIENTATIONS AND THE CHALLENGES OF IMPLEMENTING IOT",SCOPUS::scopus_nucleo_a1_manutencao_sustentabilidade_raw.csv::07296|SCOPUS::scopus_nucleo_a2_contexto_publico_universitario_raw.csv::00190|WOS::WOS_NUCLEO_02_20260708_part01.ris::00174
REG_07291,doi_e_titulo,2,Scopus,scopus_nucleo_a1_manutencao_sustentabilidade|scopus_nucleo_a4_gestao_ativos_ciclo_vida,Quantified Rams Based Infrastructure Asset Management,SCOPUS::scopus_nucleo_a1_manutencao_sustentabilidade_raw.csv::07299|SCOPUS::scopus_nucleo_a4_gestao_ativos_ciclo_vida_raw.csv::00395
REG_07295,doi_e_titulo,2,Scopus,scopus_nucleo_a1_manutencao_sustentabilidade|scopus_nucleo_a4_gestao_ativos_ciclo_vida,Sustainable facade constructions,SCOPUS::scopus_nucleo_a1_manutencao_sustentabilidade_raw.csv::07303|SCOPUS::scopus_nucleo_a4_gestao_ativos_ciclo_vida_raw.csv::00386
REG_07296,doi_e_titulo,2,Scopus,scopus_nucleo_a1_manutencao_sustentabilidade|scopus_nucleo_a4_gestao_ativos_ciclo_vida,Sustainability Evaluation of Renewable Energy Systems: A Lifecycle and Economic Perspective,SCOPUS::scopus_nucleo_a1_manutencao_sustentabilidade_raw.csv::07304|SCOPUS::scopus_nucleo_a4_gestao_ativos_ciclo_vida_raw.csv::00390
REG_07298,doi_e_titulo,2,Scopus,scopus_nucleo_a1_manutencao_sustentabilidade|scopus_nucleo_a4_gestao_ativos_ciclo_vida,Life cycle-oriented decision making based on data-driven building models,SCOPUS::scopus_nucleo_a1_manutencao_sustentabilidade_raw.csv::07306|SCOPUS::scopus_nucleo_a4_gestao_ativos_ciclo_vida_raw.csv::00376
REG_07299,doi_e_titulo,2,Scopus,scopus_nucleo_a1_manutencao_sustentabilidade|scopus_nucleo_a3_priorizacao_estrategia_manutencao,Digital-Twin based data modelling for Digital Building Logbook implementation,SCOPUS::scopus_nucleo_a1_manutencao_sustentabilidade_raw.csv::07307|SCOPUS::scopus_nucleo_a3_priorizacao_estrategia_manutencao_raw.csv::00208
REG_07319,doi_e_titulo,3,Scopus|WoS,scopus_nucleo_a1_manutencao_sustentabilidade|scopus_nucleo_a4_gestao_ativos_ciclo_vida|wos_nucleo_04,"Digital Twins for Managing Railway Bridge Maintenance, Resilience, and Climate Change Adaptation",SCOPUS::scopus_nucleo_a1_manutencao_sustentabilidade_raw.csv::07327|SCOPUS::scopus_nucleo_a4_gestao_ativos_ciclo_vida_raw.csv::00388|WOS::WOS_NUCLEO_04_20260708_part01.ris::00158
REG_07320,doi_e_titulo,2,Scopus,scopus_nucleo_a1_manutencao_sustentabilidade|scopus_nucleo_a4_gestao_ativos_ciclo_vida,Applications of drone inspection and use of strain-hardening cementitious composites (ECC/SHCC) in lowering carbon footprint and lifecycle cost of bridges,SCOPUS::scopus_nucleo_a1_manutencao_sustentabilidade_raw.csv::07328|SCOPUS::scopus_nucleo_a4_gestao_ativos_ciclo_vida_raw.csv::00371
REG_07327,doi_e_titulo,2,Scopus,scopus_nucleo_a1_manutencao_sustentabilidade|scopus_nucleo_a4_gestao_ativos_ciclo_vida,Sustainability Analysis of Residential Photovoltaic Systems: A Life Cycle Assessment Approach,SCOPUS::scopus_nucleo_a1_manutencao_sustentabilidade_raw.csv::07335|SCOPUS::scopus_nucleo_a4_gestao_ativos_ciclo_vida_raw.csv::00380
REG_07328,doi_e_titulo,2,Scopus,scopus_nucleo_a1_manutencao_sustentabilidade|scopus_nucleo_a4_gestao_ativos_ciclo_vida,"EXPLORING SCIENTIFIC DOMAIN OF OCCUPANCY ANALYSIS, POE, AND DT IN AECO INDUSTRY: A SCIENTOMETRIC APPROACH",SCOPUS::scopus_nucleo_a1_manutencao_sustentabilidade_raw.csv::07336|SCOPUS::scopus_nucleo_a4_gestao_ativos_ciclo_vida_raw.csv::00384
REG_07332,doi_e_titulo,2,Crossref|Scopus,crossref_nucleo_a2|scopus_nucleo_a1_manutencao_sustentabilidade,Compatibility of Sustainable Facility Management and Building Information Modeling Applications: The Role of Naming Conventions,SCOPUS::scopus_nucleo_a1_manutencao_sustentabilidade_raw.csv::07340|CROSSREF::crossref_nucleo_a2_raw.csv::00002
REG_07337,doi_e_titulo,3,Scopus,scopus_nucleo_a1_manutencao_sustentabilidade|scopus_nucleo_a3_priorizacao_estrategia_manutencao|scopus_nucleo_a4_gestao_ativos_ciclo_vida,Understanding Material Consumption During Maintenance of Buildings,SCOPUS::scopus_nucleo_a1_manutencao_sustentabilidade_raw.csv::07345|SCOPUS::scopus_nucleo_a3_priorizacao_estrategia_manutencao_raw.csv::00216|SCOPUS::scopus_nucleo_a4_gestao_ativos_ciclo_vida_raw.csv::00396
REG_07338,doi_e_titulo,2,Scopus,scopus_nucleo_a1_manutencao_sustentabilidade|scopus_nucleo_a4_gestao_ativos_ciclo_vida,Cognitive Digital Twin Framework for Life Cycle Assessment Supporting Building Sustainability,SCOPUS::scopus_nucleo_a1_manutencao_sustentabilidade_raw.csv::07346|SCOPUS::scopus_nucleo_a4_gestao_ativos_ciclo_vida_raw.csv::00377
REG_07345,doi_e_titulo,2,Scopus,scopus_nucleo_a1_manutencao_sustentabilidade|scopus_nucleo_a4_gestao_ativos_ciclo_vida,Development of a method for resource-efficient structural maintenance of reinforced concrete buildings based on digital BIM models,SCOPUS::scopus_nucleo_a1_manutencao_sustentabilidade_raw.csv::07353|SCOPUS::scopus_nucleo_a4_gestao_ativos_ciclo_vida_raw.csv::00409
REG_07352,doi_e_titulo,2,Scopus,scopus_nucleo_a1_manutencao_sustentabilidade|scopus_nucleo_a4_gestao_ativos_ciclo_vida,Comparative Analysis of Running Costs: Conventional Vs. Sustainable Industrial Buildings during Economic Crises in Sri Lanka,SCOPUS::scopus_nucleo_a1_manutencao_sustentabilidade_raw.csv::07360|SCOPUS::scopus_nucleo_a4_gestao_ativos_ciclo_vida_raw.csv::00392
REG_07357,titulo_normalizado,2,Scopus,scopus_nucleo_a1_manutencao_sustentabilidade|scopus_nucleo_a4_gestao_ativos_ciclo_vida,Methodological proposal for the integration of Building Information Modeling and Life Cycle Analysis for the calculation of the carbon footprint in building construction projects in Perú,SCOPUS::scopus_nucleo_a1_manutencao_sustentabilidade_raw.csv::07365|SCOPUS::scopus_nucleo_a4_gestao_ativos_ciclo_vida_raw.csv::00379
REG_07360,doi_e_titulo,2,Scopus,scopus_nucleo_a1_manutencao_sustentabilidade,A Cost-benefit Analysis Method for Multimarket Resources Considering Peer-to-peer Transactions,SCOPUS::scopus_nucleo_a1_manutencao_sustentabilidade_raw.csv::07368|SCOPUS::scopus_nucleo_a1_manutencao_sustentabilidade_raw.csv::07369
REG_07367,titulo_normalizado,2,Scopus,scopus_nucleo_a1_manutencao_sustentabilidade|scopus_nucleo_a4_gestao_ativos_ciclo_vida,Carbon Footprint Reduction in Montreal Blue Line Extension,SCOPUS::scopus_nucleo_a1_manutencao_sustentabilidade_raw.csv::07376|SCOPUS::scopus_nucleo_a4_gestao_ativos_ciclo_vida_raw.csv::00393
REG_07370,doi_e_titulo,2,Scopus,scopus_nucleo_a1_manutencao_sustentabilidade|scopus_nucleo_a4_gestao_ativos_ciclo_vida,Current Developments in Biotechnology and Bioengineering: Membrane Technology for Sustainable Water and Energy Management,SCOPUS::scopus_nucleo_a1_manutencao_sustentabilidade_raw.csv::07379|SCOPUS::scopus_nucleo_a4_gestao_ativos_ciclo_vida_raw.csv::00391
REG_07379,doi_e_titulo,3,Scopus|WoS,scopus_nucleo_a1_manutencao_sustentabilidade|scopus_nucleo_a2_contexto_publico_universitario|wos_nucleo_02,Effectiveness Study of Artificial Intelligent Facility System in Maintaining Building Fire Safety (Case Study: Typical Public Building Cases of Fire-Fighting Facilities Management in China),SCOPUS::scopus_nucleo_a1_manutencao_sustentabilidade_raw.csv::07388|SCOPUS::scopus_nucleo_a2_contexto_publico_universitario_raw.csv::00180|WOS::WOS_NUCLEO_02_20260708_part01.ris::00095
REG_07382,doi_e_titulo,2,Scopus,scopus_nucleo_a1_manutencao_sustentabilidade|scopus_nucleo_a4_gestao_ativos_ciclo_vida,A Systematic review of the BIM Methodology Applied to the Management and Sustainability of Hospital Centers. The Digital BIM Twin in the Management and Sustainability of Hospital Buildings. Case Study: University Hospital of Jaén,SCOPUS::scopus_nucleo_a1_manutencao_sustentabilidade_raw.csv::07391|SCOPUS::scopus_nucleo_a4_gestao_ativos_ciclo_vida_raw.csv::00399
REG_07383,titulo_normalizado,2,Scopus,scopus_nucleo_a1_manutencao_sustentabilidade|scopus_nucleo_a4_gestao_ativos_ciclo_vida,THE ROLE OF AI IN SUSTAINABLE OPERATIONS AND MAINTENANCE BY REDUCING WASTE,SCOPUS::scopus_nucleo_a1_manutencao_sustentabilidade_raw.csv::07392|SCOPUS::scopus_nucleo_a4_gestao_ativos_ciclo_vida_raw.csv::00385
REG_07392,doi,3,Scopus|WoS,scopus_nucleo_a1_manutencao_sustentabilidade|scopus_nucleo_a4_gestao_ativos_ciclo_vida|wos_nucleo_04,Analysing Barriers to Achieving SDG 7. Managing Green Product Development in the Wind Energy Sector || Analysing Barriers to Achieving SDG 7. Managing Green Product Development in theWind Energy Sector,SCOPUS::scopus_nucleo_a1_manutencao_sustentabilidade_raw.csv::07401|SCOPUS::scopus_nucleo_a4_gestao_ativos_ciclo_vida_raw.csv::00398|WOS::WOS_NUCLEO_04_20260708_part01.ris::00391
REG_07404,doi_e_titulo,2,Scopus|WoS,scopus_nucleo_a1_manutencao_sustentabilidade|wos_nucleo_01,"Reduction of risks and operation improvement in TBM tunneling through advanced techniques of data management, processing and analysis",SCOPUS::scopus_nucleo_a1_manutencao_sustentabilidade_raw.csv::07413|WOS::WOS_NUCLEO_01_20260708_part01.ris::00363
REG_07407,doi_e_titulo,2,Scopus,scopus_nucleo_a1_manutencao_sustentabilidade|scopus_nucleo_a4_gestao_ativos_ciclo_vida,"Intelligent Industrial Internet Systems: Architecture, Deployment and Applications",SCOPUS::scopus_nucleo_a1_manutencao_sustentabilidade_raw.csv::07416|SCOPUS::scopus_nucleo_a4_gestao_ativos_ciclo_vida_raw.csv::00406
REG_07424,doi_e_titulo,2,Scopus,scopus_nucleo_a1_manutencao_sustentabilidade|scopus_nucleo_a4_gestao_ativos_ciclo_vida,Adopting BIM to Enhance Sustainability. the Saudi Arabia Construction Projects case study,SCOPUS::scopus_nucleo_a1_manutencao_sustentabilidade_raw.csv::07433|SCOPUS::scopus_nucleo_a4_gestao_ativos_ciclo_vida_raw.csv::00383
REG_07428,doi_e_titulo,2,Scopus,scopus_nucleo_a1_manutencao_sustentabilidade|scopus_nucleo_a4_gestao_ativos_ciclo_vida,Smart Eco-Factory—Aspects for Next Generation Facilities Supporting Sustainable and High-Tech Production,SCOPUS::scopus_nucleo_a1_manutencao_sustentabilidade_raw.csv::07437|SCOPUS::scopus_nucleo_a4_gestao_ativos_ciclo_vida_raw.csv::00400
REG_07435,doi_e_titulo,2,Scopus,scopus_nucleo_a1_manutencao_sustentabilidade|scopus_nucleo_a4_gestao_ativos_ciclo_vida,Sustainability in Railways – A Review,SCOPUS::scopus_nucleo_a1_manutencao_sustentabilidade_raw.csv::07444|SCOPUS::scopus_nucleo_a4_gestao_ativos_ciclo_vida_raw.csv::00389
REG_07436,doi_e_titulo,2,Scopus,scopus_nucleo_a1_manutencao_sustentabilidade|scopus_nucleo_a4_gestao_ativos_ciclo_vida,"Exploring the Protection of Ancient Buildings Using BIM Technology—Taking the Han Family Compound in Shangli Ancient Town, Sichuan Province, as an Example †",SCOPUS::scopus_nucleo_a1_manutencao_sustentabilidade_raw.csv::07445|SCOPUS::scopus_nucleo_a4_gestao_ativos_ciclo_vida_raw.csv::00405
REG_07440,doi,2,Crossref|Scopus,crossref_nucleo_a1|scopus_nucleo_a1_manutencao_sustentabilidade,Improving Sustainability of Building Operation and Maintenance (O&M) Process Through Ontologies: An Introductory Framework || Improving Sustainability of Building Operation and Maintenance (O&amp;M) Process Through Ontologies: An Introductory Framework,SCOPUS::scopus_nucleo_a1_manutencao_sustentabilidade_raw.csv::07449|CROSSREF::crossref_nucleo_a1_raw.csv::00019
REG_07444,doi_e_titulo,2,Scopus,scopus_nucleo_a1_manutencao_sustentabilidade|scopus_nucleo_a4_gestao_ativos_ciclo_vida,"Capturing the Opportunity for Decarbonization in the Construction Industry: Emission-Free, Effective, and Resilient Solutions †",SCOPUS::scopus_nucleo_a1_manutencao_sustentabilidade_raw.csv::07453|SCOPUS::scopus_nucleo_a4_gestao_ativos_ciclo_vida_raw.csv::00401
REG_07446,titulo_normalizado,2,Scopus,scopus_nucleo_a1_manutencao_sustentabilidade|scopus_nucleo_a3_priorizacao_estrategia_manutencao,"Canadian Society of Civil Engineering Annual Conference, CSCE 2021",SCOPUS::scopus_nucleo_a1_manutencao_sustentabilidade_raw.csv::07455|SCOPUS::scopus_nucleo_a3_priorizacao_estrategia_manutencao_raw.csv::00215
REG_07454,doi_e_titulo,2,Scopus,scopus_nucleo_a1_manutencao_sustentabilidade|scopus_nucleo_a4_gestao_ativos_ciclo_vida,An Investigation of Shopping Mall Design Requirements †,SCOPUS::scopus_nucleo_a1_manutencao_sustentabilidade_raw.csv::07463|SCOPUS::scopus_nucleo_a4_gestao_ativos_ciclo_vida_raw.csv::00403
REG_07470,doi_e_titulo,2,Scopus|WoS,scopus_nucleo_a1_manutencao_sustentabilidade|wos_nucleo_01,Maturity model for evaluating building maintenance practice: A fuzzy-DEMATEL approach,SCOPUS::scopus_nucleo_a1_manutencao_sustentabilidade_raw.csv::07479|WOS::WOS_NUCLEO_01_20260708_part01.ris::00052
REG_07493,doi_e_titulo,2,Scopus|WoS,scopus_nucleo_a1_manutencao_sustentabilidade|wos_nucleo_04,Performance enhancement of constructed wetlands for wastewater remediation by modifications and integration of technologies: A review,SCOPUS::scopus_nucleo_a1_manutencao_sustentabilidade_raw.csv::07502|WOS::WOS_NUCLEO_04_20260708_part01.ris::00393
REG_07494,doi_e_titulo,2,Scopus,scopus_nucleo_a1_manutencao_sustentabilidade|scopus_nucleo_a4_gestao_ativos_ciclo_vida,Approach to Sustainability in Built Environment,SCOPUS::scopus_nucleo_a1_manutencao_sustentabilidade_raw.csv::07503|SCOPUS::scopus_nucleo_a4_gestao_ativos_ciclo_vida_raw.csv::00410
REG_07497,doi_e_titulo,2,Scopus|WoS,scopus_nucleo_a1_manutencao_sustentabilidade|wos_nucleo_01,Reliability analysis of an Electronic Portal Imaging Device (EPID) of a linear accelerator,SCOPUS::scopus_nucleo_a1_manutencao_sustentabilidade_raw.csv::07506|WOS::WOS_NUCLEO_01_20260708_part01.ris::00357
REG_07500,doi_e_titulo,3,Scopus|WoS,scopus_nucleo_a1_manutencao_sustentabilidade|scopus_nucleo_a4_gestao_ativos_ciclo_vida|wos_nucleo_04,Maintenance robot for remote assembly of protective jackets on live gas risers,SCOPUS::scopus_nucleo_a1_manutencao_sustentabilidade_raw.csv::07509|SCOPUS::scopus_nucleo_a4_gestao_ativos_ciclo_vida_raw.csv::00404|WOS::WOS_NUCLEO_04_20260708_part01.ris::00434
REG_07502,doi_e_titulo,2,Scopus|WoS,scopus_nucleo_a1_manutencao_sustentabilidade|wos_nucleo_01,Computer-Supported Smart Green-Blue Infrastructure Management,SCOPUS::scopus_nucleo_a1_manutencao_sustentabilidade_raw.csv::07511|WOS::WOS_NUCLEO_01_20260708_part01.ris::00250
REG_07512,doi_e_titulo,2,Scopus,scopus_nucleo_a1_manutencao_sustentabilidade|scopus_nucleo_a4_gestao_ativos_ciclo_vida,LED Traffic Signal Repair and Replacement Practices,SCOPUS::scopus_nucleo_a1_manutencao_sustentabilidade_raw.csv::07521|SCOPUS::scopus_nucleo_a4_gestao_ativos_ciclo_vida_raw.csv::00402
REG_07521,doi_e_titulo,2,Scopus|WoS,scopus_nucleo_a1_manutencao_sustentabilidade|wos_nucleo_01,Guidelines for the Technical Sustainability Evaluation of the Urban Drinking Water Systems Based on Analytic Hierarchy Process,SCOPUS::scopus_nucleo_a1_manutencao_sustentabilidade_raw.csv::07530|WOS::WOS_NUCLEO_01_20260708_part01.ris::00239
REG_07530,doi_e_titulo,2,Scopus|WoS,scopus_nucleo_a1_manutencao_sustentabilidade|wos_nucleo_01,Analysis of Cost Framework Space Usage of Public University in Malaysia,SCOPUS::scopus_nucleo_a1_manutencao_sustentabilidade_raw.csv::07539|WOS::WOS_NUCLEO_01_20260708_part01.ris::00575
REG_07532,doi_e_titulo,2,Scopus,scopus_nucleo_a1_manutencao_sustentabilidade|scopus_nucleo_a3_priorizacao_estrategia_manutencao,Design of Detection and Assessment System for Electric Vehicle Charging Station Based on Genetic Algorithm,SCOPUS::scopus_nucleo_a1_manutencao_sustentabilidade_raw.csv::07541|SCOPUS::scopus_nucleo_a3_priorizacao_estrategia_manutencao_raw.csv::00223
REG_07540,doi_e_titulo,2,Scopus,scopus_nucleo_a1_manutencao_sustentabilidade|scopus_nucleo_a2_contexto_publico_universitario,Research on the Development Status of High-Efficiency Refrigeration Plant Room,SCOPUS::scopus_nucleo_a1_manutencao_sustentabilidade_raw.csv::07549|SCOPUS::scopus_nucleo_a2_contexto_publico_universitario_raw.csv::00181
REG_07550,titulo_normalizado,2,Scopus,scopus_nucleo_a1_manutencao_sustentabilidade|scopus_nucleo_a4_gestao_ativos_ciclo_vida,"Pulp And Paper Case Studies Using Data for Asset Performance Management To Sustainably Improve Reliability, Quality And Production",SCOPUS::scopus_nucleo_a1_manutencao_sustentabilidade_raw.csv::07559|SCOPUS::scopus_nucleo_a4_gestao_ativos_ciclo_vida_raw.csv::00397
REG_07559,titulo_normalizado,2,Scopus,scopus_nucleo_a1_manutencao_sustentabilidade,"Towards a Smart, Resilient and Sustainable Industry - Proceedings of the 2nd International Symposium on Industrial Engineering and Automation ISIEA 2023",SCOPUS::scopus_nucleo_a1_manutencao_sustentabilidade_raw.csv::07568|SCOPUS::scopus_nucleo_a1_manutencao_sustentabilidade_raw.csv::07569
REG_07561,titulo_normalizado,2,Scopus,scopus_nucleo_a1_manutencao_sustentabilidade|scopus_nucleo_a2_contexto_publico_universitario,"DIGITALIZING THE BUILT ENVIRONMENT: THE DIGITAL TWIN OF THE UNIVERSITY CITY-SHARJAH, UAE CASE STUDY",SCOPUS::scopus_nucleo_a1_manutencao_sustentabilidade_raw.csv::07571|SCOPUS::scopus_nucleo_a2_contexto_publico_universitario_raw.csv::00191
REG_07571,doi_e_titulo,2,Scopus,scopus_nucleo_a1_manutencao_sustentabilidade|scopus_nucleo_a4_gestao_ativos_ciclo_vida,Robust Digital Twin Approach Towards Operational Excellence and Sustainability Goals,SCOPUS::scopus_nucleo_a1_manutencao_sustentabilidade_raw.csv::07581|SCOPUS::scopus_nucleo_a4_gestao_ativos_ciclo_vida_raw.csv::00411
REG_07574,doi_e_titulo,4,Scopus|WoS,scopus_nucleo_a1_manutencao_sustentabilidade|scopus_nucleo_a2_contexto_publico_universitario|wos_nucleo_01|wos_nucleo_02,Towards sustainable public FM: collective building of capabilities,SCOPUS_MANUAL_NOVO::scopus_nucleo_a1_manutencao_sustentabilidade::00103|SCOPUS::scopus_nucleo_a2_contexto_publico_universitario_raw.csv::00358|WOS::WOS_NUCLEO_01_20260708_part01.ris::00468|WOS::WOS_NUCLEO_02_20260708_part01.ris::00158
REG_07579,doi_e_titulo,2,Scopus|WoS,scopus_nucleo_a2_contexto_publico_universitario|wos_nucleo_02,From carbon-neutral to nature-positive higher education institutions,SCOPUS::scopus_nucleo_a2_contexto_publico_universitario_raw.csv::00000|WOS::WOS_NUCLEO_02_20260708_part01.ris::00535
REG_07582,doi_e_titulo,2,Scopus|WoS,scopus_nucleo_a2_contexto_publico_universitario|wos_nucleo_02,Strategic Imperatives for High-Definition Map Development in the Emerging Autonomous Vehicle Market of Saudi Arabia,SCOPUS::scopus_nucleo_a2_contexto_publico_universitario_raw.csv::00006|WOS::WOS_NUCLEO_02_20260708_part01.ris::00290
REG_07583,doi_e_titulo,2,Scopus|WoS,scopus_nucleo_a2_contexto_publico_universitario|wos_nucleo_02,"Urban planning for a greener future: assessing carbon sequestration as a pathway to sustainable campuses in Niğde, Türkiye",SCOPUS::scopus_nucleo_a2_contexto_publico_universitario_raw.csv::00007|WOS::WOS_NUCLEO_02_20260708_part01.ris::00398
REG_07584,doi_e_titulo,2,Scopus|WoS,scopus_nucleo_a2_contexto_publico_universitario|wos_nucleo_02,"Balancing Residents and Tourists: Evaluating Public Building Spaces in Ancient Towns of Fujian, China, Using the IPA-Kano Model || Balancing Residents and Tourists: Evaluating Public Building Spaces in Ancient Towns of Fujian, China, Using the IPA–Kano Model",SCOPUS::scopus_nucleo_a2_contexto_publico_universitario_raw.csv::00010|WOS::WOS_NUCLEO_02_20260708_part01.ris::00036
REG_07585,doi_e_titulo,2,Scopus|WoS,scopus_nucleo_a2_contexto_publico_universitario|wos_nucleo_02,"An Empirical Study on Assessing Classroom Space Utilization Efficiency in Higher Education Institutions: Indicators, Methodological Advances, and a Comprehensive Analytical Framework-A Case Study of the Zhengxin Building at Harbin Institute of Technology || An Empirical Study on Assessing Classroom Space Utilization Efficiency in Higher Education Institutions: Indicators, Methodological Advances, and a Comprehensive Analytical Framework—A Case Study of the Zhengxin Building at Harbin Institute of Technology",SCOPUS::scopus_nucleo_a2_contexto_publico_universitario_raw.csv::00011|WOS::WOS_NUCLEO_02_20260708_part01.ris::00292
REG_07588,doi_e_titulo,3,Scopus|WoS,scopus_nucleo_a2_contexto_publico_universitario|scopus_nucleo_a3_priorizacao_estrategia_manutencao|wos_nucleo_02,Data-driven cleaning optimisation strategy for multi-technology PV systems in the higher education sector in arid climate: A case study perspective in MENA region,SCOPUS::scopus_nucleo_a2_contexto_publico_universitario_raw.csv::00020|SCOPUS::scopus_nucleo_a3_priorizacao_estrategia_manutencao_raw.csv::00019|WOS::WOS_NUCLEO_02_20260708_part01.ris::00274
REG_07589,doi_e_titulo,2,Scopus|WoS,scopus_nucleo_a2_contexto_publico_universitario|wos_nucleo_02,Technological developments and sustainable construction in Iraqi architecture,SCOPUS::scopus_nucleo_a2_contexto_publico_universitario_raw.csv::00022|WOS::WOS_NUCLEO_02_20260708_part01.ris::00134
REG_07591,doi_e_titulo,2,Scopus|WoS,scopus_nucleo_a2_contexto_publico_universitario|wos_nucleo_02,Undergraduate students' understanding and willingness to engage in sustainable development: Insights from Chinese higher education || Undergraduate students’ understanding and willingness to engage in sustainable development: Insights from Chinese higher education,SCOPUS::scopus_nucleo_a2_contexto_publico_universitario_raw.csv::00027|WOS::WOS_NUCLEO_02_20260708_part01.ris::00234
REG_07592,doi_e_titulo,2,Scopus|WoS,scopus_nucleo_a2_contexto_publico_universitario|wos_nucleo_02,Harnessing AI to Unlock Logistics and Port Efficiency in the Sultanate of Oman,SCOPUS::scopus_nucleo_a2_contexto_publico_universitario_raw.csv::00028|WOS::WOS_NUCLEO_02_20260708_part01.ris::00523
REG_07595,doi_e_titulo,2,Scopus|WoS,scopus_nucleo_a2_contexto_publico_universitario|wos_nucleo_02,Development of a Potential Net-Zero Energy Framework for Sustainable Construction Practice in an Educational Institution,SCOPUS::scopus_nucleo_a2_contexto_publico_universitario_raw.csv::00034|WOS::WOS_NUCLEO_02_20260708_part01.ris::00079
REG_07596,doi_e_titulo,2,Scopus|WoS,scopus_nucleo_a2_contexto_publico_universitario|wos_nucleo_02,"Urban agriculture as regenerative infrastructure on a university campus in Brazil: challenges, opportunities and design requirements",SCOPUS::scopus_nucleo_a2_contexto_publico_universitario_raw.csv::00039|WOS::WOS_NUCLEO_02_20260708_part01.ris::00189
REG_07597,doi_e_titulo,2,Scopus|WoS,scopus_nucleo_a2_contexto_publico_universitario|wos_nucleo_02,Risk Assessment for Water Reuse in Irrigating Green Areas on a University Campus,SCOPUS::scopus_nucleo_a2_contexto_publico_universitario_raw.csv::00040|WOS::WOS_NUCLEO_02_20260708_part01.ris::00219
REG_07601,doi_e_titulo,2,Scopus|WoS,scopus_nucleo_a2_contexto_publico_universitario|wos_nucleo_02,A Semantic-Enabled Common Data Environment for Real-Time Digital Twin Applications in Small-Scale Construction Projects,SCOPUS::scopus_nucleo_a2_contexto_publico_universitario_raw.csv::00046|WOS::WOS_NUCLEO_02_20260708_part01.ris::00084
REG_07602,doi_e_titulo,2,Scopus|WoS,scopus_nucleo_a2_contexto_publico_universitario|wos_nucleo_02,Energy Recovery from Forest Residues: Thermodynamic Modeling of a Rankine Cycle,SCOPUS::scopus_nucleo_a2_contexto_publico_universitario_raw.csv::00048|WOS::WOS_NUCLEO_02_20260708_part01.ris::00282
REG_07603,doi_e_titulo,2,Scopus|WoS,scopus_nucleo_a2_contexto_publico_universitario|wos_nucleo_02,Artificial Intelligence for Enhancing Indoor Air Quality in Educational Environments: A Review and Future Perspectives,SCOPUS::scopus_nucleo_a2_contexto_publico_universitario_raw.csv::00050|WOS::WOS_NUCLEO_02_20260708_part01.ris::00133
REG_07605,doi_e_titulo,2,Scopus|WoS,scopus_nucleo_a2_contexto_publico_universitario|wos_nucleo_02,Citizens' perception and willingness to pay for green roofs and nature-based solutions in three Italian metropolitan cities || Citizens’ perception and willingness to pay for green roofs and nature-based solutions in three Italian metropolitan cities,SCOPUS::scopus_nucleo_a2_contexto_publico_universitario_raw.csv::00054|WOS::WOS_NUCLEO_02_20260708_part01.ris::00080
REG_07606,doi_e_titulo,2,Scopus|WoS,scopus_nucleo_a2_contexto_publico_universitario|wos_nucleo_02,Participatory modelling to generate alternatives to support decision-makers with near-optimal decarbonisation options,SCOPUS::scopus_nucleo_a2_contexto_publico_universitario_raw.csv::00055|WOS::WOS_NUCLEO_02_20260708_part01.ris::00183
REG_07607,doi_e_titulo,2,Scopus|WoS,scopus_nucleo_a2_contexto_publico_universitario|wos_nucleo_02,"Post-occupancy evaluation of public and private building architectural design performance in the tropical rainforest climate of Owerri, Southern Nigeria",SCOPUS::scopus_nucleo_a2_contexto_publico_universitario_raw.csv::00056|WOS::WOS_NUCLEO_02_20260708_part01.ris::00041
REG_07608,doi_e_titulo,2,Scopus|WoS,scopus_nucleo_a2_contexto_publico_universitario|wos_nucleo_02,Design Issues and Value Analysis of Modern Stone Slab Coverings,SCOPUS::scopus_nucleo_a2_contexto_publico_universitario_raw.csv::00057|WOS::WOS_NUCLEO_02_20260708_part01.ris::00137
REG_07609,doi_e_titulo,2,Scopus|WoS,scopus_nucleo_a2_contexto_publico_universitario|wos_nucleo_02,Sustainable E-Waste Management Through a Circular Economy Framework: Integrating Smart Technologies for Resource Recovery in Urban Environments,SCOPUS::scopus_nucleo_a2_contexto_publico_universitario_raw.csv::00059|WOS::WOS_NUCLEO_02_20260708_part01.ris::00507
REG_07610,doi_e_titulo,2,Scopus|WoS,scopus_nucleo_a2_contexto_publico_universitario|wos_nucleo_02,French Type Vertical Flow Constructed Wetland as a Sustainable Solution for Domestic Sewage Treatment,SCOPUS::scopus_nucleo_a2_contexto_publico_universitario_raw.csv::00061|WOS::WOS_NUCLEO_02_20260708_part01.ris::00302
REG_07611,doi_e_titulo,2,Scopus|WoS,scopus_nucleo_a2_contexto_publico_universitario|wos_nucleo_02,Can University Campuses Be Urban Living Labs? Case Study of Soil and Tree Functions at Wageningen University Green Area,SCOPUS::scopus_nucleo_a2_contexto_publico_universitario_raw.csv::00064|WOS::WOS_NUCLEO_02_20260708_part01.ris::00236
REG_07612,doi_e_titulo,2,Scopus|WoS,scopus_nucleo_a2_contexto_publico_universitario|wos_nucleo_02,Kinetic facades as a solution for educational buildings: A multi-objective optimization simulation-based study,SCOPUS::scopus_nucleo_a2_contexto_publico_universitario_raw.csv::00066|WOS::WOS_NUCLEO_02_20260708_part01.ris::00020
REG_07614,doi,2,Scopus|WoS,scopus_nucleo_a2_contexto_publico_universitario|wos_nucleo_02,"Exploring awareness, implementation, and future use of urine diversion systems in U.S. university buildings || Exploring awareness, implementation, and future use of urine diversion systems in US university buildings",SCOPUS::scopus_nucleo_a2_contexto_publico_universitario_raw.csv::00068|WOS::WOS_NUCLEO_02_20260708_part01.ris::00127
REG_07616,doi_e_titulo,2,Scopus|WoS,scopus_nucleo_a2_contexto_publico_universitario|wos_nucleo_02,"Effects of a Novel Psychosocial Climate Resilience Course on Climate Distress, Self-Efficacy, and Mental Health in Young Adults",SCOPUS::scopus_nucleo_a2_contexto_publico_universitario_raw.csv::00075|WOS::WOS_NUCLEO_02_20260708_part01.ris::00536
REG_07618,doi_e_titulo,2,Scopus|WoS,scopus_nucleo_a2_contexto_publico_universitario|wos_nucleo_02,Optimal operation of multi-plant steam district heating systems for enhanced efficiency and sustainability,SCOPUS::scopus_nucleo_a2_contexto_publico_universitario_raw.csv::00078|WOS::WOS_NUCLEO_02_20260708_part01.ris::00304
REG_07619,doi_e_titulo,2,Scopus|WoS,scopus_nucleo_a2_contexto_publico_universitario|wos_nucleo_02,Enhancing Energy Efficiency in Mediterranean Large-Scale Buildings: A Study on Mobilized Thermal-Energy-Storage Systems,SCOPUS::scopus_nucleo_a2_contexto_publico_universitario_raw.csv::00079|WOS::WOS_NUCLEO_02_20260708_part01.ris::00273
REG_07625,titulo_normalizado,2,Scopus,scopus_nucleo_a2_contexto_publico_universitario|scopus_nucleo_a3_priorizacao_estrategia_manutencao,CWU Case Study of Geothermal Feasibility in Public Higher Education,SCOPUS::scopus_nucleo_a2_contexto_publico_universitario_raw.csv::00088|SCOPUS::scopus_nucleo_a3_priorizacao_estrategia_manutencao_raw.csv::00115
REG_07633,doi_e_titulo,2,Scopus|WoS,scopus_nucleo_a2_contexto_publico_universitario|wos_nucleo_02,Investigation of the Thermal Conditions and Wood Decay in Wooden Hot Spring Facilities,SCOPUS::scopus_nucleo_a2_contexto_publico_universitario_raw.csv::00098|WOS::WOS_NUCLEO_02_20260708_part01.ris::00132
REG_07635,doi_e_titulo,2,Scopus|WoS,scopus_nucleo_a2_contexto_publico_universitario|wos_nucleo_02,Energy Efficiency and Indoor Microclimate in Balloon Halls: A Case Study on Thermal Stability and Ventilation Simulation,SCOPUS::scopus_nucleo_a2_contexto_publico_universitario_raw.csv::00102|WOS::WOS_NUCLEO_02_20260708_part01.ris::00054
REG_07636,doi_e_titulo,2,Scopus|WoS,scopus_nucleo_a2_contexto_publico_universitario|wos_nucleo_02,Developing a University Campus Tree Inventory and Determining the Value of the Campus Canopy through Student Service Learning,SCOPUS::scopus_nucleo_a2_contexto_publico_universitario_raw.csv::00107|WOS::WOS_NUCLEO_02_20260708_part01.ris::00180
REG_07639,doi_e_titulo,2,Scopus|WoS,scopus_nucleo_a2_contexto_publico_universitario|wos_nucleo_02,Edible campus landscapes as sustainability interventions: a case study of South China Agricultural University,SCOPUS::scopus_nucleo_a2_contexto_publico_universitario_raw.csv::00110|WOS::WOS_NUCLEO_02_20260708_part01.ris::00231
REG_07641,doi_e_titulo,2,Scopus|WoS,scopus_nucleo_a2_contexto_publico_universitario|wos_nucleo_02,Exploring the feasibility of mobile robots for post-occupancy evaluations,SCOPUS::scopus_nucleo_a2_contexto_publico_universitario_raw.csv::00112|WOS::WOS_NUCLEO_02_20260708_part01.ris::00291
REG_07642,doi_e_titulo,2,Scopus|WoS,scopus_nucleo_a2_contexto_publico_universitario|wos_nucleo_02,Power imbalances and equity in the day-to-day functioning of a north plus multi-south higher education institutions partnership: a case study,SCOPUS::scopus_nucleo_a2_contexto_publico_universitario_raw.csv::00114|WOS::WOS_NUCLEO_02_20260708_part01.ris::00454
REG_07643,doi_e_titulo,2,Scopus|WoS,scopus_nucleo_a2_contexto_publico_universitario|wos_nucleo_02,Optimizing Ventilation Systems in Barcelona Schools: An AHP-Based Assessment for Improved Indoor Air Quality and Comfort,SCOPUS::scopus_nucleo_a2_contexto_publico_universitario_raw.csv::00115|WOS::WOS_NUCLEO_02_20260708_part01.ris::00075
REG_07646,doi_e_titulo,2,Scopus|WoS,scopus_nucleo_a2_contexto_publico_universitario|wos_nucleo_02,Assessing quantity and spatial patterns of greenspaces in Chinese universities for enhancing sustainable development,SCOPUS::scopus_nucleo_a2_contexto_publico_universitario_raw.csv::00120|WOS::WOS_NUCLEO_02_20260708_part01.ris::00267
REG_07647,doi_e_titulo,2,Scopus|WoS,scopus_nucleo_a2_contexto_publico_universitario|wos_nucleo_02,Developing an intelligent and sustainable model to improve E-learning satisfaction based on the learner's personality type: data mining approach in high education systems || Developing an intelligent and sustainable model to improve E-learning satisfaction based on the learner’s personality type: data mining approach in high education systems,SCOPUS::scopus_nucleo_a2_contexto_publico_universitario_raw.csv::00121|WOS::WOS_NUCLEO_02_20260708_part01.ris::00505
REG_07648,doi_e_titulo,2,Scopus|WoS,scopus_nucleo_a2_contexto_publico_universitario|wos_nucleo_02,Enhancing Electric Vehicle Charging Infrastructure: A Techno-Economic Analysis of Distributed Energy Resources and Local Grid Integration,SCOPUS::scopus_nucleo_a2_contexto_publico_universitario_raw.csv::00122|WOS::WOS_NUCLEO_02_20260708_part01.ris::00085
REG_07649,doi_e_titulo,2,Scopus|WoS,scopus_nucleo_a2_contexto_publico_universitario|wos_nucleo_02,"Systematic Review of Factors Influencing Students' Performance in Educational Buildings: Focus on LCA, IoT, and BIM || Systematic Review of Factors Influencing Students’ Performance in Educational Buildings: Focus on LCA, IoT, and BIM",SCOPUS::scopus_nucleo_a2_contexto_publico_universitario_raw.csv::00123|WOS::WOS_NUCLEO_02_20260708_part01.ris::00025
REG_07651,doi_e_titulo,2,Scopus|WoS,scopus_nucleo_a2_contexto_publico_universitario|wos_nucleo_02,Sustainability in the Workplace: Evaluating Indoor Environmental Quality of a Higher Education Building in Riyadh,SCOPUS::scopus_nucleo_a2_contexto_publico_universitario_raw.csv::00125|WOS::WOS_NUCLEO_02_20260708_part01.ris::00151
REG_07653,doi,2,Scopus|WoS,scopus_nucleo_a2_contexto_publico_universitario|wos_nucleo_02,"Preventive, planned and participatory conservation of cultural heritage from a circular perspective. Case studies and open challenges in the Basilicata Heritage Smart Lab project || Preventive, planned and participatory conservation of cultural heritage in a circular perspective. Case studies and open challenges in the Basilicata Heritage Smart Lab project",SCOPUS::scopus_nucleo_a2_contexto_publico_universitario_raw.csv::00128|WOS::WOS_NUCLEO_02_20260708_part01.ris::00078
REG_07655,doi_e_titulo,2,Scopus|WoS,scopus_nucleo_a2_contexto_publico_universitario|wos_nucleo_02,Urban trees' potential for regulatory services in the urban environment: an exploration of carbon sequestration || Urban trees’ potential for regulatory services in the urban environment: an exploration of carbon sequestration,SCOPUS::scopus_nucleo_a2_contexto_publico_universitario_raw.csv::00131|WOS::WOS_NUCLEO_02_20260708_part01.ris::00226
REG_07656,doi_e_titulo,2,Scopus|WoS,scopus_nucleo_a2_contexto_publico_universitario|wos_nucleo_02,Building renovation plan - introducing energy and cost into the managerial perspectives: A case study || Building renovation plan- introducing energy and cost into the managerial perspectives: A case study,SCOPUS::scopus_nucleo_a2_contexto_publico_universitario_raw.csv::00133|WOS::WOS_NUCLEO_02_20260708_part01.ris::00138
REG_07657,doi_e_titulo,2,Scopus|WoS,scopus_nucleo_a2_contexto_publico_universitario|wos_nucleo_02,Evaluating the economic sustainability of commercial complex greening based on cost-benefit analysis: A case study of Singapore's Shaw center,SCOPUS::scopus_nucleo_a2_contexto_publico_universitario_raw.csv::00134|WOS::WOS_NUCLEO_02_20260708_part01.ris::00147
REG_07661,doi_e_titulo,2,Scopus|WoS,scopus_nucleo_a2_contexto_publico_universitario|wos_nucleo_02,A BIM-FDS Based Evacuation Assessment of Complex Rail Transit Stations under Post-Earthquake Fires for Sustainable Buildings,SCOPUS::scopus_nucleo_a2_contexto_publico_universitario_raw.csv::00139|WOS::WOS_NUCLEO_02_20260708_part01.ris::00141
REG_07664,doi,2,Scopus|WoS,scopus_nucleo_a2_contexto_publico_universitario|wos_nucleo_02,Addressing Educational Needs for Renewable Energy Systems in Sri Lanka under the Erasmus plus Project Three-Lanka || Addressing Educational Needs for Renewable Energy Systems in Sri Lanka under the Erasmus+ Project Three-Lanka,SCOPUS::scopus_nucleo_a2_contexto_publico_universitario_raw.csv::00143|WOS::WOS_NUCLEO_02_20260708_part01.ris::00433
REG_07670,doi_e_titulo,2,Scopus|WoS,scopus_nucleo_a2_contexto_publico_universitario|wos_nucleo_02,"BIM, GIS AND BI TOOLS FOR A UNIVERSITY ASSET MANAGEMENT SYSTEM SUPPORTING SPACE MANAGEMENT, OCCUPANCY EVALUATION AND OPTIMIZATION STRATEGIES",SCOPUS::scopus_nucleo_a2_contexto_publico_universitario_raw.csv::00151|WOS::WOS_NUCLEO_02_20260708_part01.ris::00146
REG_07672,doi_e_titulo,2,Scopus|WoS,scopus_nucleo_a2_contexto_publico_universitario|wos_nucleo_02,Building local partnership through community parks in Central Tokyo: perspectives from different participants,SCOPUS::scopus_nucleo_a2_contexto_publico_universitario_raw.csv::00154|WOS::WOS_NUCLEO_02_20260708_part01.ris::00114
REG_07675,doi_e_titulo,2,Scopus|WoS,scopus_nucleo_a2_contexto_publico_universitario|wos_nucleo_02,Reliability & Sustainability of Electrical Distribution System for University Settings,SCOPUS::scopus_nucleo_a2_contexto_publico_universitario_raw.csv::00158|WOS::WOS_NUCLEO_02_20260708_part01.ris::00355
REG_07679,doi_e_titulo,2,Scopus|WoS,scopus_nucleo_a2_contexto_publico_universitario|wos_nucleo_02,Sustainable performance in public buildings supported by daylighting technology,SCOPUS::scopus_nucleo_a2_contexto_publico_universitario_raw.csv::00162|WOS::WOS_NUCLEO_02_20260708_part01.ris::00019
REG_07680,doi_e_titulo,2,Scopus|WoS,scopus_nucleo_a2_contexto_publico_universitario|wos_nucleo_02,Awareness and willingness to pay for green roofs in Mediterranean areas,SCOPUS::scopus_nucleo_a2_contexto_publico_universitario_raw.csv::00163|WOS::WOS_NUCLEO_02_20260708_part01.ris::00090
REG_07684,doi_e_titulo,2,Scopus|WoS,scopus_nucleo_a2_contexto_publico_universitario|wos_nucleo_02,"Intelligent operation, maintenance, and control system for public building: Towards infection risk mitigation and energy efficiency",SCOPUS::scopus_nucleo_a2_contexto_publico_universitario_raw.csv::00171|WOS::WOS_NUCLEO_02_20260708_part01.ris::00026
REG_07685,doi_e_titulo,2,Scopus|WoS,scopus_nucleo_a2_contexto_publico_universitario|wos_nucleo_02,Beneficial Impacts on Environment and Society Through Smart Sustainable Maintenance of Public Real Estate,SCOPUS::scopus_nucleo_a2_contexto_publico_universitario_raw.csv::00176|WOS::WOS_NUCLEO_02_20260708_part01.ris::00048
REG_07686,doi_e_titulo,2,Scopus|WoS,scopus_nucleo_a2_contexto_publico_universitario|wos_nucleo_02,"Maintenance of an environmental management system based on ISO 14001 in a Brazilian private university, seeking sustainable development",SCOPUS::scopus_nucleo_a2_contexto_publico_universitario_raw.csv::00177|WOS::WOS_NUCLEO_02_20260708_part01.ris::00191
REG_07692,doi_e_titulo,2,Scopus|WoS,scopus_nucleo_a2_contexto_publico_universitario|wos_nucleo_02,Development of an integrative green building rating system for the Ethiopian public building projects using analytic hierarchy process,SCOPUS::scopus_nucleo_a2_contexto_publico_universitario_raw.csv::00187|WOS::WOS_NUCLEO_02_20260708_part01.ris::00058
REG_07695,doi_e_titulo,2,Scopus|WoS,scopus_nucleo_a2_contexto_publico_universitario|wos_nucleo_02,"ADEPT: Anomaly Detection, Explanation and Processing for Time Series with a Focus on Energy Consumption Data",SCOPUS::scopus_nucleo_a2_contexto_publico_universitario_raw.csv::00192|WOS::WOS_NUCLEO_02_20260708_part01.ris::00207
REG_07696,doi_e_titulo,2,Scopus|WoS,scopus_nucleo_a2_contexto_publico_universitario|wos_nucleo_02,"Adaptation Of a 3D Geographic Information System On The Web (3D WebGIS) For The Visualization Of Buildings, Objects, And Navigation Routes On The Campus Barcelona Of The Universidad De Los Llanos || Adaptation of a 3D Geographic Information System on the Web (3D WebGIS) for the Visualization of Buildings, Objects, and Navigation Routes on the Campus Barcelona of the Universidad de Los Llanos",SCOPUS::scopus_nucleo_a2_contexto_publico_universitario_raw.csv::00193|WOS::WOS_NUCLEO_02_20260708_part01.ris::00214
REG_07698,doi_e_titulo,2,Scopus|WoS,scopus_nucleo_a2_contexto_publico_universitario|wos_nucleo_02,Optimization of a grid-connected hybrid energy system: Techno-economic and environmental assessment,SCOPUS::scopus_nucleo_a2_contexto_publico_universitario_raw.csv::00195|WOS::WOS_NUCLEO_02_20260708_part01.ris::00390
REG_07699,doi_e_titulo,2,Scopus|WoS,scopus_nucleo_a2_contexto_publico_universitario|wos_nucleo_02,Student energy-saving in higher education tackling the challenge of decarbonisation,SCOPUS::scopus_nucleo_a2_contexto_publico_universitario_raw.csv::00196|WOS::WOS_NUCLEO_02_20260708_part01.ris::00148
REG_07700,doi_e_titulo,2,Scopus|WoS,scopus_nucleo_a2_contexto_publico_universitario|wos_nucleo_02,Effective microorganisms collected from urban gardens favor native lawn growth,SCOPUS::scopus_nucleo_a2_contexto_publico_universitario_raw.csv::00198|WOS::WOS_NUCLEO_02_20260708_part01.ris::00272
REG_07701,doi_e_titulo,2,Scopus|WoS,scopus_nucleo_a2_contexto_publico_universitario|wos_nucleo_02,Retrofitting Sustainable Urban Drainage Systems (SuDS): A Cost-Benefit Analysis Appraisal,SCOPUS::scopus_nucleo_a2_contexto_publico_universitario_raw.csv::00201|WOS::WOS_NUCLEO_02_20260708_part01.ris::00136
REG_07703,doi_e_titulo,2,Scopus|WoS,scopus_nucleo_a2_contexto_publico_universitario|wos_nucleo_02,Relationship between environmental indoor conditions of a classroom and the performance of undergraduate students,SCOPUS::scopus_nucleo_a2_contexto_publico_universitario_raw.csv::00203|WOS::WOS_NUCLEO_02_20260708_part01.ris::00145
REG_07704,doi_e_titulo,2,Scopus|WoS,scopus_nucleo_a2_contexto_publico_universitario|wos_nucleo_02,Assessing Xeriscaping as a Retrofit Sustainable Water Consumption Approach for a Desert University Campus,SCOPUS::scopus_nucleo_a2_contexto_publico_universitario_raw.csv::00204|WOS::WOS_NUCLEO_02_20260708_part01.ris::00172
REG_07706,doi_e_titulo,2,Scopus|WoS,scopus_nucleo_a2_contexto_publico_universitario|wos_nucleo_02,Maintenance Feedback Mechanisms and Limiting Factors of Post-Occupancy Evaluation in Student Residents of Higher Education Institutions in Nigeria,SCOPUS::scopus_nucleo_a2_contexto_publico_universitario_raw.csv::00208|WOS::WOS_NUCLEO_02_20260708_part01.ris::00336
REG_07710,doi_e_titulo,2,Scopus|WoS,scopus_nucleo_a2_contexto_publico_universitario|wos_nucleo_02,Performance gaps of sustainability features in green award-winning university buildings,SCOPUS::scopus_nucleo_a2_contexto_publico_universitario_raw.csv::00213|WOS::WOS_NUCLEO_02_20260708_part01.ris::00060
REG_07715,doi_e_titulo,2,Scopus|WoS,scopus_nucleo_a2_contexto_publico_universitario|wos_nucleo_02,Integration of food waste composting and vegetable gardens in a university campus,SCOPUS::scopus_nucleo_a2_contexto_publico_universitario_raw.csv::00221|WOS::WOS_NUCLEO_02_20260708_part01.ris::00212
REG_07717,doi_e_titulo,2,Scopus|WoS,scopus_nucleo_a2_contexto_publico_universitario|wos_nucleo_02,Time Series-Based Carbon Footprint Forecast in a University Campus: ABUAD as a case study || Time series-based carbon footprint forecast in a university campus: ABUAD as a case study,SCOPUS::scopus_nucleo_a2_contexto_publico_universitario_raw.csv::00223|WOS::WOS_NUCLEO_02_20260708_part01.ris::00206
REG_07719,doi_e_titulo,2,Scopus|WoS,scopus_nucleo_a2_contexto_publico_universitario|wos_nucleo_02,Lessons from unsuccessful energy and buildings sustainability actions in university campus operations,SCOPUS::scopus_nucleo_a2_contexto_publico_universitario_raw.csv::00226|WOS::WOS_NUCLEO_02_20260708_part01.ris::00193
REG_07721,doi_e_titulo,3,Scopus|WoS,scopus_nucleo_a2_contexto_publico_universitario|scopus_nucleo_a3_priorizacao_estrategia_manutencao|wos_nucleo_02,Evaluation of side effects of mechanical cleaning with an anionic detergent on granite cladding tiles,SCOPUS::scopus_nucleo_a2_contexto_publico_universitario_raw.csv::00229|SCOPUS::scopus_nucleo_a3_priorizacao_estrategia_manutencao_raw.csv::00269|WOS::WOS_NUCLEO_02_20260708_part01.ris::00102
REG_07723,doi_e_titulo,2,Scopus|WoS,scopus_nucleo_a2_contexto_publico_universitario|wos_nucleo_02,Real-world sustainability analysis of an innovative decentralized water system with rainwater harvesting and wastewater reclamation,SCOPUS::scopus_nucleo_a2_contexto_publico_universitario_raw.csv::00231|WOS::WOS_NUCLEO_02_20260708_part01.ris::00413
REG_07731,doi_e_titulo,2,Scopus|WoS,scopus_nucleo_a2_contexto_publico_universitario|wos_nucleo_02,A Novel Green Rating System for Existing Buildings || A novel green rating system for existing buildings,SCOPUS::scopus_nucleo_a2_contexto_publico_universitario_raw.csv::00248|WOS::WOS_NUCLEO_02_20260708_part01.ris::00130
REG_07732,doi_e_titulo,2,Scopus|WoS,scopus_nucleo_a2_contexto_publico_universitario|wos_nucleo_02,An environmental gap analysis at a university campus,SCOPUS::scopus_nucleo_a2_contexto_publico_universitario_raw.csv::00249|WOS::WOS_NUCLEO_02_20260708_part01.ris::00201
REG_07733,doi_e_titulo,2,Scopus|WoS,scopus_nucleo_a2_contexto_publico_universitario|wos_nucleo_02,"Technical and financial feasibility of rainwater harvesting systems in public buildings in Amazon, Brazil",SCOPUS::scopus_nucleo_a2_contexto_publico_universitario_raw.csv::00251|WOS::WOS_NUCLEO_02_20260708_part01.ris::00008
REG_07734,doi_e_titulo,2,Scopus|WoS,scopus_nucleo_a2_contexto_publico_universitario|wos_nucleo_02,Sensemaking of a sustainability transition by higher education institution leaders,SCOPUS::scopus_nucleo_a2_contexto_publico_universitario_raw.csv::00255|WOS::WOS_NUCLEO_02_20260708_part01.ris::00410
REG_07737,doi_e_titulo,2,Scopus|WoS,scopus_nucleo_a2_contexto_publico_universitario|wos_nucleo_02,Strategic Options for Campus Sustainability: Cluster Analysis on Higher Education Institutions in Japan || Strategic options for campus sustainability: Cluster analysis on higher education institutions in Japan,SCOPUS::scopus_nucleo_a2_contexto_publico_universitario_raw.csv::00258|WOS::WOS_NUCLEO_02_20260708_part01.ris::00178
REG_07738,doi_e_titulo,2,Scopus,scopus_nucleo_a2_contexto_publico_universitario|scopus_nucleo_a3_priorizacao_estrategia_manutencao,Aligning financial and functional equivalent depreciations rates of building assets,SCOPUS::scopus_nucleo_a2_contexto_publico_universitario_raw.csv::00259|SCOPUS::scopus_nucleo_a3_priorizacao_estrategia_manutencao_raw.csv::00305
REG_07741,doi_e_titulo,2,Scopus|WoS,scopus_nucleo_a2_contexto_publico_universitario|wos_nucleo_02,Analysis of scenarios resulting from the soil sealing of spaces intended for the circulation and permanence of pedestrians,SCOPUS::scopus_nucleo_a2_contexto_publico_universitario_raw.csv::00270|WOS::WOS_NUCLEO_02_20260708_part01.ris::00270
REG_07751,doi_e_titulo,2,Scopus|WoS,scopus_nucleo_a2_contexto_publico_universitario|wos_nucleo_02,"Strategies for thermal comfort in university buildings - The case of the faculty of architecture at the Federal University of Bahia, Brazil",SCOPUS::scopus_nucleo_a2_contexto_publico_universitario_raw.csv::00288|WOS::WOS_NUCLEO_02_20260708_part01.ris::00059
REG_07752,doi_e_titulo,2,Scopus|WoS,scopus_nucleo_a2_contexto_publico_universitario|wos_nucleo_02,Changing trip behavior in a higher education institution: The role of parking fees,SCOPUS::scopus_nucleo_a2_contexto_publico_universitario_raw.csv::00289|WOS::WOS_NUCLEO_02_20260708_part01.ris::00278
REG_07753,doi_e_titulo,2,Scopus|WoS,scopus_nucleo_a2_contexto_publico_universitario|wos_nucleo_02,Techno-economic assessment of application of solar PV in building sector A case study from Saudi Arabia || Techno-economic assessment of application of solar PV in building sector: A case study from Saudi Arabia,SCOPUS::scopus_nucleo_a2_contexto_publico_universitario_raw.csv::00290|WOS::WOS_NUCLEO_02_20260708_part01.ris::00441
REG_07755,doi_e_titulo,2,Scopus|WoS,scopus_nucleo_a2_contexto_publico_universitario|wos_nucleo_02,Key Criteria for Post-Reconstruction Hospital Building Performance,SCOPUS::scopus_nucleo_a2_contexto_publico_universitario_raw.csv::00293|WOS::WOS_NUCLEO_02_20260708_part01.ris::00139
REG_07756,doi_e_titulo,2,Scopus|WoS,scopus_nucleo_a2_contexto_publico_universitario|wos_nucleo_02,Development of a web application for consultation and online payments of technological services in higher education institutions,SCOPUS::scopus_nucleo_a2_contexto_publico_universitario_raw.csv::00297|WOS::WOS_NUCLEO_02_20260708_part01.ris::00528
REG_07759,doi_e_titulo,2,Crossref|Scopus,crossref_nucleo_a3|scopus_nucleo_a2_contexto_publico_universitario,"Climate Change Risk Management for Public Assets in Semarang, Indonesia || Climate change risk management for public assets in Semarang, Indonesia",SCOPUS::scopus_nucleo_a2_contexto_publico_universitario_raw.csv::00301|CROSSREF::crossref_nucleo_a3_raw.csv::00132
REG_07762,titulo_normalizado,2,Scopus|WoS,scopus_nucleo_a2_contexto_publico_universitario|wos_nucleo_02,Data-Driven Leakage Detection in Air-Handling Units on a University Campus || Data-driven leakage detection in air-handling units on a university campus,SCOPUS::scopus_nucleo_a2_contexto_publico_universitario_raw.csv::00306|WOS::WOS_NUCLEO_02_20260708_part01.ris::00252
REG_07763,doi_e_titulo,2,Scopus|WoS,scopus_nucleo_a2_contexto_publico_universitario|wos_nucleo_02,Economic and environmental sustainability and public perceptions of rooftop farm versus extensive garden,SCOPUS::scopus_nucleo_a2_contexto_publico_universitario_raw.csv::00307|WOS::WOS_NUCLEO_02_20260708_part01.ris::00110
REG_07764,doi_e_titulo,2,Scopus|WoS,scopus_nucleo_a2_contexto_publico_universitario|wos_nucleo_02,How can century-old architectural hierarchies for the design of public libraries be re-interpreted and re-used?,SCOPUS::scopus_nucleo_a2_contexto_publico_universitario_raw.csv::00308|WOS::WOS_NUCLEO_02_20260708_part01.ris::00098
REG_07765,doi_e_titulo,2,Scopus|WoS,scopus_nucleo_a2_contexto_publico_universitario|wos_nucleo_02,Energy and water consumption and carbon footprint of school buildings in hot climate conditions. Results from life cycle assessment,SCOPUS::scopus_nucleo_a2_contexto_publico_universitario_raw.csv::00309|WOS::WOS_NUCLEO_02_20260708_part01.ris::00089
REG_07766,doi_e_titulo,2,Scopus|WoS,scopus_nucleo_a2_contexto_publico_universitario|wos_nucleo_02,The development of quality management systems in maintenance and monitoring the process of risk-based repair work in government buildings,SCOPUS::scopus_nucleo_a2_contexto_publico_universitario_raw.csv::00310|WOS::WOS_NUCLEO_02_20260708_part01.ris::00011
REG_07768,doi_e_titulo,3,Scopus|WoS,scopus_nucleo_a2_contexto_publico_universitario|scopus_nucleo_a3_priorizacao_estrategia_manutencao|wos_nucleo_02,Multi-period maintenance planning for public buildings: A risk based approach for climate conscious operation,SCOPUS::scopus_nucleo_a2_contexto_publico_universitario_raw.csv::00321|SCOPUS::scopus_nucleo_a3_priorizacao_estrategia_manutencao_raw.csv::00369|WOS::WOS_NUCLEO_02_20260708_part01.ris::00024
REG_07769,doi_e_titulo,2,Scopus|WoS,scopus_nucleo_a2_contexto_publico_universitario|wos_nucleo_02,Knowing maintenance vulnerabilities to enhance building resilience,SCOPUS::scopus_nucleo_a2_contexto_publico_universitario_raw.csv::00323|WOS::WOS_NUCLEO_02_20260708_part01.ris::00067
REG_07773,doi_e_titulo,2,Scopus|WoS,scopus_nucleo_a2_contexto_publico_universitario|wos_nucleo_02,Spatial-temporal Assessment and Mapping of the Air Quality and Noise Pollution in a Sub-area Local Environment inside the Center of a Latin American Megacity: Universidad Nacional de Colombia - Bogota Campus || Spatial-temporal assessment and mapping of the air quality and noise pollution in a sub-area local environment inside the center of a Latin American megacity: Universidad Nacional de Colombia - Bogotá Campus,SCOPUS::scopus_nucleo_a2_contexto_publico_universitario_raw.csv::00331|WOS::WOS_NUCLEO_02_20260708_part01.ris::00248
REG_07774,doi_e_titulo,2,Scopus|WoS,scopus_nucleo_a2_contexto_publico_universitario|wos_nucleo_02,Data Analysis on Building Load Profiles: a Stepping Stone to Future Campus || Data analysis on building load profiles: A stepping stone to future campus,SCOPUS::scopus_nucleo_a2_contexto_publico_universitario_raw.csv::00334|WOS::WOS_NUCLEO_02_20260708_part01.ris::00196
REG_07778,doi_e_titulo,4,Crossref|Scopus|WoS,crossref_nucleo_a1|crossref_nucleo_a4|scopus_nucleo_a2_contexto_publico_universitario|wos_nucleo_02,Equipment Maintenance Challenges and Solutions for Capacity Building and Sustainability in the Training of Engineers: The Case for the University of Zimbabwe || Equipment Maintenance Challenges and Solutions for Capacity Building and Sustainability in the Training of Engineers: the Case for the University of Zimbabwe,SCOPUS::scopus_nucleo_a2_contexto_publico_universitario_raw.csv::00338|CROSSREF::crossref_nucleo_a1_raw.csv::00058|CROSSREF::crossref_nucleo_a4_raw.csv::00140|WOS::WOS_NUCLEO_02_20260708_part01.ris::00388
REG_07781,doi_e_titulo,2,Scopus|WoS,scopus_nucleo_a2_contexto_publico_universitario|wos_nucleo_02,Economic and GHG Emission Analysis of Implementing Sustainable Measures in Existing Public Buildings,SCOPUS::scopus_nucleo_a2_contexto_publico_universitario_raw.csv::00344|WOS::WOS_NUCLEO_02_20260708_part01.ris::00055
REG_07784,doi_e_titulo,2,Scopus|WoS,scopus_nucleo_a2_contexto_publico_universitario|wos_nucleo_02,Nitrogen and Sediment Capture of a Floating Treatment Wetland on an Urban Stormwater Retention Pond-The Case of the Rain Project || Nitrogen and sediment capture of a floating treatment wetland on an urban stormwater retention pond-The case of the rain project,SCOPUS::scopus_nucleo_a2_contexto_publico_universitario_raw.csv::00347|WOS::WOS_NUCLEO_02_20260708_part01.ris::00281
REG_07785,doi_e_titulo,2,Scopus|WoS,scopus_nucleo_a2_contexto_publico_universitario|wos_nucleo_02,Cost-benefit evaluation for building intelligent systems with special consideration on intangible benefits and energy consumption,SCOPUS::scopus_nucleo_a2_contexto_publico_universitario_raw.csv::00348|WOS::WOS_NUCLEO_02_20260708_part01.ris::00106
REG_07788,doi_e_titulo,2,Scopus|WoS,scopus_nucleo_a2_contexto_publico_universitario|wos_nucleo_02,Refurbishment in Educational Buildings - Methodological Approach for High Performance Integrated School Refurbishment Actions || Refurbishment in educational buildings - methodological approach for high performance integrated school refurbishment actions,SCOPUS::scopus_nucleo_a2_contexto_publico_universitario_raw.csv::00354|WOS::WOS_NUCLEO_02_20260708_part01.ris::00027
REG_07795,doi_e_titulo,2,Scopus|WoS,scopus_nucleo_a2_contexto_publico_universitario|wos_nucleo_02,Estimating the Willingness to Pay for Improvement of an Urban Park in Southern Brazil Using the Contingent Valuation Method || Estimating the willingness to pay for improvement of an urban park in southern Brazil using the contingent valuation method,SCOPUS::scopus_nucleo_a2_contexto_publico_universitario_raw.csv::00362|WOS::WOS_NUCLEO_02_20260708_part01.ris::00257
REG_07797,doi_e_titulo,2,Scopus|WoS,scopus_nucleo_a2_contexto_publico_universitario|wos_nucleo_02,Environmental Management: An Overview in Higher Education Institutions || Environmental management: an overview in higher education institutions,SCOPUS::scopus_nucleo_a2_contexto_publico_universitario_raw.csv::00367|WOS::WOS_NUCLEO_02_20260708_part01.ris::00364
REG_07798,titulo_normalizado,2,Scopus|WoS,scopus_nucleo_a2_contexto_publico_universitario|wos_nucleo_02,"Employability, a Topic for Knowledge Exchange to Strategically Positioning Higher Education Institutions || Employability, a topic for knowledge exchange to strategically positioning higher education institutions",SCOPUS::scopus_nucleo_a2_contexto_publico_universitario_raw.csv::00371|WOS::WOS_NUCLEO_02_20260708_part01.ris::00452
REG_07802,doi_e_titulo,2,Scopus|WoS,scopus_nucleo_a2_contexto_publico_universitario|wos_nucleo_02,TOWARDS DEVELOPMENT OF SUSTAINABLE DESIGN IN MALAYSIAN UNIVERSITY CAMPUS: A PRELIMINARY FRAMEWORK FOR UNIVERSITI UTARA MALAYSIA || Towards development of sustainable design in Malaysian university campus: A preliminary framework for universiti Utara Malaysia,SCOPUS::scopus_nucleo_a2_contexto_publico_universitario_raw.csv::00380|WOS::WOS_NUCLEO_02_20260708_part01.ris::00190
REG_07803,doi_e_titulo,2,Scopus|WoS,scopus_nucleo_a2_contexto_publico_universitario|wos_nucleo_02,Preliminary economic appraisal of personal rapid transit (PRT) and urban gondola feeder systems serving a university campus and its surrounding major attractions,SCOPUS::scopus_nucleo_a2_contexto_publico_universitario_raw.csv::00381|WOS::WOS_NUCLEO_02_20260708_part01.ris::00298
REG_07806,doi_e_titulo,2,Scopus,scopus_nucleo_a2_contexto_publico_universitario|scopus_nucleo_a3_priorizacao_estrategia_manutencao,Envision™ as a solution to standards and capacity challenges,SCOPUS::scopus_nucleo_a2_contexto_publico_universitario_raw.csv::00387|SCOPUS::scopus_nucleo_a3_priorizacao_estrategia_manutencao_raw.csv::00441
REG_07810,titulo_normalizado,2,Scopus|WoS,scopus_nucleo_a2_contexto_publico_universitario|wos_nucleo_02,LANDSCAPE AND SUSTAINABILITY: THREE RESIDENTIAL COLLEGE BUILDINGS IN THE TROPICS || Landscape and sustainability: Three residential college buildings in the tropics,SCOPUS::scopus_nucleo_a2_contexto_publico_universitario_raw.csv::00392|WOS::WOS_NUCLEO_02_20260708_part01.ris::00261
REG_07814,doi_e_titulo,2,Scopus,scopus_nucleo_a2_contexto_publico_universitario|scopus_nucleo_a3_priorizacao_estrategia_manutencao,Development of a cost predicting model for maintenance of university buildings,SCOPUS::scopus_nucleo_a2_contexto_publico_universitario_raw.csv::00408|SCOPUS::scopus_nucleo_a3_priorizacao_estrategia_manutencao_raw.csv::00478
REG_07815,doi_e_titulo,2,Scopus,scopus_nucleo_a2_contexto_publico_universitario|scopus_nucleo_a3_priorizacao_estrategia_manutencao,Life cycle cost analysis of maintenance costs and budgets for university buildings in Taiwan,SCOPUS::scopus_nucleo_a2_contexto_publico_universitario_raw.csv::00409|SCOPUS::scopus_nucleo_a3_priorizacao_estrategia_manutencao_raw.csv::00483
REG_07818,doi_e_titulo,2,Scopus|WoS,scopus_nucleo_a2_contexto_publico_universitario|wos_nucleo_02,Sustainability: A Vehicle for Learning How To Respond to the Challenges of the 21st Century || Sustainability: A vehicle for learning how to respond to the challenges of the 21st century,SCOPUS::scopus_nucleo_a2_contexto_publico_universitario_raw.csv::00416|WOS::WOS_NUCLEO_02_20260708_part01.ris::00325
REG_07819,doi_e_titulo,2,Scopus|WoS,scopus_nucleo_a2_contexto_publico_universitario|wos_nucleo_02,Greening government's office buildings: PWD Malaysia experiences,SCOPUS::scopus_nucleo_a2_contexto_publico_universitario_raw.csv::00418|WOS::WOS_NUCLEO_02_20260708_part01.ris::00040
REG_07821,titulo_normalizado,2,Scopus|WoS,scopus_nucleo_a2_contexto_publico_universitario|wos_nucleo_02,Sustainable Stormwater Management as an Opportunity for Campus and Community-based Engineering Education || Sustainable stormwater management as an opportunity for campus and community-based engineering education,SCOPUS::scopus_nucleo_a2_contexto_publico_universitario_raw.csv::00420|WOS::WOS_NUCLEO_02_20260708_part01.ris::00340
REG_07822,doi_e_titulo,2,Scopus|WoS,scopus_nucleo_a2_contexto_publico_universitario|wos_nucleo_02,A Process for Transition to Sustainability: Implementation || A process for transition to sustainability: Implementation,SCOPUS::scopus_nucleo_a2_contexto_publico_universitario_raw.csv::00421|WOS::WOS_NUCLEO_02_20260708_part01.ris::00323
REG_07825,doi_e_titulo,2,Scopus|WoS,scopus_nucleo_a2_contexto_publico_universitario|wos_nucleo_02,Selection of the optimal emplacement in buildings. Emplacement a university building by an Analytical Hierarchy Process (AHP) || Selectión of the optimal emplacement in buildings. Emplacement a university building by an Analytical Hierarchy Process (AHP),SCOPUS::scopus_nucleo_a2_contexto_publico_universitario_raw.csv::00427|WOS::WOS_NUCLEO_02_20260708_part01.ris::00045
REG_07826,doi_e_titulo,2,Scopus|WoS,scopus_nucleo_a2_contexto_publico_universitario|wos_nucleo_02,Creating the Urban Eden: Sustainable Landscape Establishment in Theory and Practice || Creating the Urban Eden: Sustainable landscape establishment in theory and practice,SCOPUS::scopus_nucleo_a2_contexto_publico_universitario_raw.csv::00429|WOS::WOS_NUCLEO_02_20260708_part01.ris::00264
REG_07835,doi_e_titulo,2,Scopus|WoS,scopus_nucleo_a3_priorizacao_estrategia_manutencao|wos_nucleo_02,Bridging Image-Based Detection and Field Evaluation: A Semi-Automated Pavement Distress Assessment Framework,SCOPUS::scopus_nucleo_a3_priorizacao_estrategia_manutencao_raw.csv::00009|WOS::WOS_NUCLEO_02_20260708_part01.ris::00371
REG_08031,doi_e_titulo,2,Crossref|Scopus,crossref_nucleo_a5|scopus_nucleo_a3_priorizacao_estrategia_manutencao,Data-driven asset management by the Swedish Transport Administration || Data-driven asset management by the swedish transport administration,SCOPUS::scopus_nucleo_a3_priorizacao_estrategia_manutencao_raw.csv::00275|CROSSREF::crossref_nucleo_a5_raw.csv::00006
REG_08048,doi_e_titulo,3,Crossref|Scopus,crossref_nucleo_a1|crossref_nucleo_a4|scopus_nucleo_a3_priorizacao_estrategia_manutencao,The Stochastic Annuity Method for Supporting Maintenance Costs Planning and Durability in the Construction Sector: A Simulation on a Building Component || The stochastic annuity method for supporting maintenance costs planning and durability in the construction sector: A simulation on a building component,SCOPUS::scopus_nucleo_a3_priorizacao_estrategia_manutencao_raw.csv::00301|CROSSREF::crossref_nucleo_a1_raw.csv::00012|CROSSREF::crossref_nucleo_a4_raw.csv::00194
REG_08171,doi_e_titulo,2,Scopus,scopus_nucleo_a3_priorizacao_estrategia_manutencao,Maintenance and Repair || Maintenance and repair,SCOPUS::scopus_nucleo_a3_priorizacao_estrategia_manutencao_raw.csv::00472|SCOPUS::scopus_nucleo_a3_priorizacao_estrategia_manutencao_raw.csv::00495
REG_08221,doi_e_titulo,2,Crossref,crossref_nucleo_a1|crossref_nucleo_a4,Sustainability Maintenance Initiatives,CROSSREF::crossref_nucleo_a1_raw.csv::00000|CROSSREF::crossref_nucleo_a4_raw.csv::00021
REG_08222,doi_e_titulo,3,Crossref,crossref_nucleo_a1|crossref_nucleo_a2|crossref_nucleo_a4,The relationship between maintenance management and environmental sustainability,CROSSREF::crossref_nucleo_a1_raw.csv::00002|CROSSREF::crossref_nucleo_a2_raw.csv::00181|CROSSREF::crossref_nucleo_a4_raw.csv::00033
REG_08223,doi_e_titulo,2,Crossref,crossref_nucleo_a1|crossref_nucleo_a4,Priorities in Croatian School Building Maintenance: A Comparison of the Main Stakeholders’ Views,CROSSREF::crossref_nucleo_a1_raw.csv::00005|CROSSREF::crossref_nucleo_a4_raw.csv::00098
REG_08224,doi_e_titulo,2,Crossref,crossref_nucleo_a1|crossref_nucleo_a4,Smart Building Maintenance Quality Systems Management of Sustainability,CROSSREF::crossref_nucleo_a1_raw.csv::00006|CROSSREF::crossref_nucleo_a4_raw.csv::00117
REG_08225,doi_e_titulo,2,Crossref,crossref_nucleo_a1|crossref_nucleo_a4,Innovations in building and bridge engineering associated with circular economy,CROSSREF::crossref_nucleo_a1_raw.csv::00009|CROSSREF::crossref_nucleo_a4_raw.csv::00131
REG_08226,doi_e_titulo,2,Crossref,crossref_nucleo_a1|crossref_nucleo_a4,The Role of Technology to Sustainability in Building Maintenance for Infrastructure,CROSSREF::crossref_nucleo_a1_raw.csv::00010|CROSSREF::crossref_nucleo_a4_raw.csv::00162
REG_08227,doi_e_titulo,2,Crossref,crossref_nucleo_a1|crossref_nucleo_a4,Sustainability Ethics of Safety in the Building Maintenance Industry: Technical Manager’s Perspectives,CROSSREF::crossref_nucleo_a1_raw.csv::00011|CROSSREF::crossref_nucleo_a4_raw.csv::00166
REG_08235,doi_e_titulo,2,Crossref,crossref_nucleo_a1|crossref_nucleo_a5,An innovative software tool for enhanced building life cycle management and maintenance forecasting deployed via cloud,CROSSREF::crossref_nucleo_a1_raw.csv::00023|CROSSREF::crossref_nucleo_a5_raw.csv::00157
REG_08242,doi_e_titulo,2,Crossref,crossref_nucleo_a1|crossref_nucleo_a3,Prioritization of Physical Assets for Maintenance and Production Sustainability,CROSSREF::crossref_nucleo_a1_raw.csv::00031|CROSSREF::crossref_nucleo_a3_raw.csv::00000
REG_08243,doi_e_titulo,2,Crossref,crossref_nucleo_a1|crossref_nucleo_a3,Understanding sustainable building maintenance,CROSSREF::crossref_nucleo_a1_raw.csv::00032|CROSSREF::crossref_nucleo_a3_raw.csv::00144
REG_08247,doi_e_titulo,2,Crossref,crossref_nucleo_a1|crossref_nucleo_a2,Utilising Building Information Models in Facility Maintenance and Operations,CROSSREF::crossref_nucleo_a1_raw.csv::00037|CROSSREF::crossref_nucleo_a2_raw.csv::00131
REG_08299,doi_e_titulo,2,Crossref,crossref_nucleo_a1|crossref_nucleo_a2,Decrepit Building Monitoring Solution for Zero Energy Building Management Using PLC and Android Application,CROSSREF::crossref_nucleo_a1_raw.csv::00093|CROSSREF::crossref_nucleo_a2_raw.csv::00034
REG_08300,doi_e_titulo,2,Crossref,crossref_nucleo_a1|crossref_nucleo_a3,The effect of conceptualization on bridge maintenance prioritization,CROSSREF::crossref_nucleo_a1_raw.csv::00094|CROSSREF::crossref_nucleo_a3_raw.csv::00003
REG_08301,doi_e_titulo,2,Crossref,crossref_nucleo_a1|crossref_nucleo_a2,The Building Registry,CROSSREF::crossref_nucleo_a1_raw.csv::00095|CROSSREF::crossref_nucleo_a2_raw.csv::00005
REG_08341,doi_e_titulo,3,Crossref,crossref_nucleo_a1|crossref_nucleo_a2|crossref_nucleo_a4,Processing and Configuring Smart and Sustainable Building Management Practices in a University Building in Australia,CROSSREF::crossref_nucleo_a1_raw.csv::00136|CROSSREF::crossref_nucleo_a2_raw.csv::00042|CROSSREF::crossref_nucleo_a4_raw.csv::00157
REG_08342,doi_e_titulo,2,Crossref,crossref_nucleo_a1|crossref_nucleo_a5,Research on the informatization of bridge asset management and maintenance,CROSSREF::crossref_nucleo_a1_raw.csv::00137|CROSSREF::crossref_nucleo_a5_raw.csv::00011
REG_08371,doi_e_titulo,2,Crossref,crossref_nucleo_a1|crossref_nucleo_a5,Community Sustainability,CROSSREF::crossref_nucleo_a1_raw.csv::00168|CROSSREF::crossref_nucleo_a5_raw.csv::00085
REG_08391,doi_e_titulo,2,Crossref,crossref_nucleo_a1|crossref_nucleo_a5,"Bridge Maintenance, Safety, Management, Life-Cycle Sustainability and Innovations",CROSSREF::crossref_nucleo_a1_raw.csv::00192|CROSSREF::crossref_nucleo_a5_raw.csv::00153
REG_08393,doi_e_titulo,2,Crossref,crossref_nucleo_a1|crossref_nucleo_a5,Building Simplified Life Cycle CO2 Emissions Assessment Tool (B‐SCAT) to Support Low‐Carbon Building Design in South Korea,CROSSREF::crossref_nucleo_a1_raw.csv::00194|CROSSREF::crossref_nucleo_a5_raw.csv::00086
REG_08400,doi_e_titulo,2,Crossref|WoS,crossref_nucleo_a2|wos_nucleo_04,The relationship between building design and environmental sustainability at the facility management stage in the construction sector,CROSSREF::crossref_nucleo_a2_raw.csv::00006|WOS::WOS_NUCLEO_04_20260708_part01.ris::00074
REG_08405,doi_e_titulo,2,Crossref|WoS,crossref_nucleo_a2|wos_nucleo_04,Circularity in Facility Management: Conceptualisation and Potential Areas for Circularity-Oriented Actions,CROSSREF::crossref_nucleo_a2_raw.csv::00016|WOS::WOS_NUCLEO_04_20260708_part01.ris::00310
REG_08461,doi_e_titulo,2,Crossref|WoS,crossref_nucleo_a2|wos_nucleo_01,BIM for CREM: Exploring the Benefit of Building Information Modelling for Facility Management in Corporate Real Estate Management,CROSSREF::crossref_nucleo_a2_raw.csv::00086|WOS::WOS_NUCLEO_01_20260708_part01.ris::00413
REG_08566,doi_e_titulo,3,Crossref|WoS,crossref_nucleo_a3|wos_nucleo_01|wos_nucleo_04,"Expert Panel, Preventive Maintenance of Heritage Buildings and Fuzzy Logic System: An Application in Valdivia, Chile",CROSSREF::crossref_nucleo_a3_raw.csv::00015|WOS::WOS_NUCLEO_01_20260708_part01.ris::00261|WOS::WOS_NUCLEO_04_20260708_part01.ris::00473
REG_08583,doi_e_titulo,3,Crossref|WoS,crossref_nucleo_a3|wos_nucleo_01|wos_nucleo_04,Analysis of the Repair Time of Finishing Works Using a Probabilistic Approach for Efficient Residential Buildings Maintenance Strategies,CROSSREF::crossref_nucleo_a3_raw.csv::00037|WOS::WOS_NUCLEO_01_20260708_part01.ris::00278|WOS::WOS_NUCLEO_04_20260708_part01.ris::00397
REG_08606,doi_e_titulo,2,Crossref|WoS,crossref_nucleo_a3|wos_nucleo_02,Validating elements of organisational maintenance policy for maintenance management of public buildings in Nigeria || Validating elements of organisational maintenance policy for maintenance management of public buildings in Nigeria,CROSSREF::crossref_nucleo_a3_raw.csv::00063|WOS::WOS_NUCLEO_02_20260708_part01.ris::00043
REG_09047,doi_e_titulo,2,Crossref|WoS,crossref_nucleo_a5|wos_nucleo_04,Applying BIM to achieve sustainability throughout a building life cycle towards a sustainable BIM model,CROSSREF::crossref_nucleo_a5_raw.csv::00137|WOS::WOS_NUCLEO_04_20260708_part01.ris::00176
REG_09111,doi_e_titulo,2,WoS,wos_nucleo_01|wos_nucleo_04,Integrating Multi-Source Stakeholder Data in a Participatory Multi-Criteria Decision Analysis Framework for Sustainable Sewage Sludge Management in Eastern Macedonia and Thrace (Greece),WOS::WOS_NUCLEO_01_20260708_part01.ris::00061|WOS::WOS_NUCLEO_04_20260708_part01.ris::00443
REG_09115,titulo_normalizado,2,WoS,wos_nucleo_01|wos_nucleo_04,IMPROVING THE ECONOMIC PERFORMANCE OF THE BUILDINGS LIFE CYCLE,WOS::WOS_NUCLEO_01_20260708_part01.ris::00082|WOS::WOS_NUCLEO_04_20260708_part01.ris::00006
REG_09123,doi_e_titulo,2,WoS,wos_nucleo_01|wos_nucleo_02,Advancing social sustainability through workplace experience management: an AHP-based decision framework for university campus real estate,WOS::WOS_NUCLEO_01_20260708_part01.ris::00147|WOS::WOS_NUCLEO_02_20260708_part01.ris::00159
REG_09127,doi_e_titulo,2,WoS,wos_nucleo_01|wos_nucleo_04,Key Performance Indicators for Building Assessment. A case study on an R/C Building in Greece,WOS::WOS_NUCLEO_01_20260708_part01.ris::00199|WOS::WOS_NUCLEO_04_20260708_part01.ris::00178
REG_09128,doi_e_titulo,2,WoS,wos_nucleo_01|wos_nucleo_04,A Referenced Cyber Physical System for Compressor Manufacturing,WOS::WOS_NUCLEO_01_20260708_part01.ris::00200|WOS::WOS_NUCLEO_04_20260708_part01.ris::00292
REG_09130,doi_e_titulo,2,WoS,wos_nucleo_01|wos_nucleo_04,Success Evaluation Index Model for Running Healthcare Projects in Hong Kong: A Delphi Approach,WOS::WOS_NUCLEO_01_20260708_part01.ris::00237|WOS::WOS_NUCLEO_04_20260708_part01.ris::00139
REG_09132,doi_e_titulo,2,WoS,wos_nucleo_01|wos_nucleo_04,"Trends and Opportunities of BIM-GIS Integration in the Architecture, Engineering and Construction Industry: A Review from a Spatio-Temporal Statistical Perspective",WOS::WOS_NUCLEO_01_20260708_part01.ris::00283|WOS::WOS_NUCLEO_04_20260708_part01.ris::00315
REG_09135,doi_e_titulo,2,WoS,wos_nucleo_01|wos_nucleo_04,Drainage infrastructure under scrutiny: economic and operational evaluation of sustainable and grey systems based on rainfall time series,WOS::WOS_NUCLEO_01_20260708_part01.ris::00305|WOS::WOS_NUCLEO_04_20260708_part01.ris::00156
REG_09141,doi_e_titulo,3,WoS,wos_nucleo_01|wos_nucleo_02|wos_nucleo_04,An ISM-MICMAC approach to critical success factors for sustainable retrofitting of public buildings in the UAE,WOS::WOS_NUCLEO_01_20260708_part01.ris::00350|WOS::WOS_NUCLEO_02_20260708_part01.ris::00015|WOS::WOS_NUCLEO_04_20260708_part01.ris::00412
REG_09145,doi_e_titulo,2,WoS,wos_nucleo_01|wos_nucleo_04,A Fuzzy Approach to Developing Scales for Performance Levels of Healthcare Construction Projects in Hong Kong,WOS::WOS_NUCLEO_01_20260708_part01.ris::00371|WOS::WOS_NUCLEO_04_20260708_part01.ris::00247
REG_09155,doi_e_titulo,2,WoS,wos_nucleo_01|wos_nucleo_02,Continuous briefing for the future university campus: an evidence-based approach to match spatial supply and demand,WOS::WOS_NUCLEO_01_20260708_part01.ris::00451|WOS::WOS_NUCLEO_02_20260708_part01.ris::00144
REG_09160,doi_e_titulo,2,WoS,wos_nucleo_01|wos_nucleo_04,Pipeline rehabilitation systems for service life extension,WOS::WOS_NUCLEO_01_20260708_part01.ris::00499|WOS::WOS_NUCLEO_04_20260708_part01.ris::00436
REG_09161,titulo_normalizado,2,WoS,wos_nucleo_01|wos_nucleo_04,E-LEARNING IN THE WATER SECTOR-DEMAND-ORIENTED KNOWLEDGE TRANSFER FOR THE INCREASE OF RESPONSIBILITY AND DECISION-MAKING,WOS::WOS_NUCLEO_01_20260708_part01.ris::00501|WOS::WOS_NUCLEO_04_20260708_part01.ris::00456
REG_09164,doi_e_titulo,2,WoS,wos_nucleo_01|wos_nucleo_02,"ShowHow: A Flexible, Structured Approach to Commit University Stakeholders to Sustainable Development",WOS::WOS_NUCLEO_01_20260708_part01.ris::00507|WOS::WOS_NUCLEO_02_20260708_part01.ris::00319
REG_09177,doi_e_titulo,2,WoS,wos_nucleo_01|wos_nucleo_04,Digital-intelligent empowerment of alkaline water electrolysis: cross-level optimization from components to systems,WOS::WOS_NUCLEO_01_20260708_part01.ris::00609|WOS::WOS_NUCLEO_04_20260708_part01.ris::00499
REG_09206,titulo_normalizado,3,WoS,wos_nucleo_02|wos_nucleo_03|wos_nucleo_04,MORE THAN A PROJECT COST MANAGEMENT: BUILDING MAINTENANCE PLANNING AS A TOOL OF SUSTAINABILITY,WOS::WOS_NUCLEO_02_20260708_part01.ris::00094|WOS::WOS_NUCLEO_03_20260708_part01.ris::00002|WOS::WOS_NUCLEO_04_20260708_part01.ris::00046
