id_unico,ano,bases_origem,doi,titulo,resumo,palavras_chave,estrato_uso_resumo,resumo_suficiente_para_extracao,rq0_integracao_sustentabilidade_decisao_manutencao,rq1_dimensoes_sustentabilidade,rq2_criterios_priorizacao,rq3_metodos_apoio_decisao,rq4_tipo_edificacao_contexto,rq5_lacunas_ies_publicas,n_rqs_respondidas,lista_rqs_respondidas,score_alinhamento_rq,uso_recomendado_artigo,justificativa_alinhamento_rq
REG_04218,2019,Scopus,10.3390/w11061169,Condition assessment of water infrastructures: Application to Segura River Basin (Spain),"The paper deals with the condition assessment of water management infrastructures such as storage facilities, water mains and water distribution facilities. The objective is to develop a methodology able to provide a fast, simple assessment of present asset condition, that can also be used for predicting future conditions under different investment scenarios. The authors investigate the use of different methodologies to assess condition with focus on simple, indirect condition indices based on maintenance records, such as Infrastructure Value Index (IVI) and Asset Sustainability Index (ASI). The novelty of the approach presented is the development of a methodology that combines an asset inventory together with maintenance data, that can be integrated hierarchically, delivering an assessment of condition of elements, assets and groups of assets in a bottom-up fashion. The methodology has been applied to a group of water management infrastructures of the Segura River Basin in Spain. The main conclusion is that the proposed methodology allows to assess assets' sustainability based upon past and current trends in operation and maintenance budgets, providing a baseline for planning future maintenance actions. © 2019 by the authors.",Asset condition; Asset inventory; Asset maintenance; Asset sustainability index; Infrastructure value index,A_nucleo_forte,sim,TRUE,TRUE,TRUE,FALSE,FALSE,FALSE,3,RQ0;RQ1;RQ2,10,analise_central,RQ0=TRUE; RQ1=TRUE; RQ2=TRUE; RQ3=FALSE; RQ4=FALSE; RQ5=FALSE; n_rqs=3; score=10; estrato_resumo=A_nucleo_forte; uso=analise_central
REG_04939,2026,Scopus|WoS,10.1080/17452007.2026.2632103,Unraveling the impact of machine learning on the AEC sector: academia and industry perspectives,"The implementation of artificial intelligence (AI) and machine learning (ML) in the architecture, engineering, and construction (AEC) domain has gained significant attention within academic research and construction technology companies. The scientific field often relies on information collected from the industry for theoretical development and sometimes test cases. However, to the best of the authors’ knowledge, there has been no systematic effort to compare academic and industry trends and developments. In this work, we examine the development and application of ML in the AEC domain from both academic and industry perspectives. To investigate both perspectives, we implement a mixed-methods approach including an academic literature review, a web-based mapping of construction technology companies worldwide, and an online questionnaire targeting practitioners and technology companies. Overall, our mixed methods analysis reveals a strong alignment between academic research and industry practice in targeting early design and post construction phases, with both communities prioritizing the application of ML for energy efficiency, facility management, and site safety, particularly within the context of Building Information Modeling (BIM). However, industry devotes more effort to sustainability, cost and scheduling solutions, whereas academia lags in these areas and often relies on limited or synthetic datasets. Finally, both sectors identify data availability and quality, particularly the scarcity of large, labeled, domain-specific repositories, as the primary barrier to wider ML adoption in the AEC industry. © 2026 The Author(s). Published by Informa UK Limited, trading as Taylor & Francis Group.",AEC industry; Artificial Intelligence (AI); Building Information Modeling (BIM); Data; Machine Learning (ML); Machine Learning (ML) Building Information Modeling (BIM) Data AEC industry Artificial Intelligence (AI) SCIENCE SCOPUS WEB,A_nucleo_forte,sim,TRUE,TRUE,TRUE,TRUE,FALSE,TRUE,5,RQ0;RQ1;RQ2;RQ3;RQ5,14,analise_central,RQ0=TRUE; RQ1=TRUE; RQ2=TRUE; RQ3=TRUE; RQ4=FALSE; RQ5=TRUE; n_rqs=5; score=14; estrato_resumo=A_nucleo_forte; uso=analise_central
REG_05404,2025,Scopus|WoS,10.1108/ijbpa-04-2022-0060,Strategic planning of sustainable maintenance in heritage school buildings: Malaysia perspectives,"Purpose: Retrofitting and rehabilitation are part of the conservation approach in Heritage Building Conservation Guideline 2016 in Malaysia. Heritage buildings can be retrofitted to preserve their culture and history while being given a new lease. Rehabilitation is a preservation requirement that is more flexible since it assumes that the structure has already deteriorated to the point where repairs are required to prevent further deterioration. Although the strategies of these two approaches are different, their combination resulted in sustainable heritage building maintenance. This long-term maintenance strategy is necessary, especially for Malaysia's numerous heritage schools, which have serious maintenance problems as a result of infrequent maintenance, repairs, and funding shortages. Design/methodology/approach: This study involved secondary data from an intensive literature review along with a comparative study from articles review and context analysis. A comparative study was conducted to determine the typical issue with heritage school buildings and the best maintenance practice for these structures. Finally, it involved a SWOT analysis study of retrofitting and rehabilitating heritage school buildings will be discussed in this study as well. Findings: The findings of this study will focus on developing a strategic planning framework and maintenance for heritage school buildings in Malaysia to achieve sustainable maintenance. It will also highlight sustainable maintenance best practices for heritage school buildings in Malaysia. Finally, SWOT analysis will go over the pros and cons of retrofitting and rehabilitation for these buildings. Originality/value: This paper put forward the requirements of strategic planning in heritage school buildings and outlines the significance of sustainable maintenance for educational buildings. It is an alternative for cost savings that has not been extensively investigated in previous studies. © 2022, Emerald Publishing Limited.",Heritage school buildings; Maintenance plan; Rehabilitation; Retrofitting; Sustainability; Heritage school buildings Maintenance plan Sustainability Rehabilitation Retrofitting,A_nucleo_forte,sim,TRUE,FALSE,TRUE,FALSE,TRUE,FALSE,3,RQ0;RQ2;RQ4,10,analise_central,RQ0=TRUE; RQ1=FALSE; RQ2=TRUE; RQ3=FALSE; RQ4=TRUE; RQ5=FALSE; n_rqs=3; score=10; estrato_resumo=A_nucleo_forte; uso=analise_central
REG_07264,2023,Scopus,10.1080/09613218.2023.2216795,Path dependencies and sustainable facilities management: a study of housing companies in Sweden,"Facilities management (FM) of housing stocks has great potential to contribute to sustainable development, but the transition to sustainable facilities management (SFM) is complex and slow. The purpose of this paper is to investigate the challenges of transitioning to SFM for housing companies in Sweden in relation to practical and technical innovations like digitalization. Using a path dependency framework, and drawing on semi-structured interviews with 23 FM professionals, the findings reveal many technologies and practices that housing companies can adopt to transition towards SFM. However, their institutionalized path-dependent behaviour means they are unwilling to change, tend to avoid uncertainty, and overemphasize the financial bottom line. These new innovative solutions also present challenges, such as a lack of established business models and poor value for money. This study contributes insight into what path dependencies need to be broken, what behaviours need to be changed, what structures must be created, and what skills and knowledge must be developed to increase SFM in the housing sector. © 2023 The Author(s). Published by Informa UK Limited, trading as Taylor & Francis Group.",Digitalization; housing; institutional logics; path dependency; sustainable facilities management (SFM),A_nucleo_forte,sim,TRUE,TRUE,FALSE,FALSE,TRUE,TRUE,4,RQ0;RQ1;RQ4;RQ5,11,analise_central,RQ0=TRUE; RQ1=TRUE; RQ2=FALSE; RQ3=FALSE; RQ4=TRUE; RQ5=TRUE; n_rqs=4; score=11; estrato_resumo=A_nucleo_forte; uso=analise_central
REG_09503,2012,WoS,10.1016/j.sbspro.2012.11.178,Developing post occupancy evaluation sustainability assessment framework for retrofitting commercial office buildings: A proposal,"Developing a new assessment tool in the area of sustainable development requires a strategic methodology for a cohesive and logical framework incorporating relevant theory and practical experience. This study is aimed to provide a Post Occupancy Evaluation (POE) sustainability assessment framework for retrofitting commercial office buildings in Malaysia. The design of sampling selects GBI certified office buildings and a non GBI certified commercial building, to obtain the building performance score then, conducting interviews with professionals to obtain feedback on environmental performance and determine the occupants' satisfaction level in certified GBI commercial office buildings and conventional; through questionnaire distribution. (C) 2012 Published by Elsevier Ltd.",Commercial buildings Facilities management Indicators Post occupancy evaluation Sustainability,A_nucleo_forte,sim,TRUE,TRUE,FALSE,FALSE,TRUE,FALSE,3,RQ0;RQ1;RQ4,9,analise_central,RQ0=TRUE; RQ1=TRUE; RQ2=FALSE; RQ3=FALSE; RQ4=TRUE; RQ5=FALSE; n_rqs=3; score=9; estrato_resumo=A_nucleo_forte; uso=analise_central
REG_08052,2020,Scopus,10.1080/15732479.2019.1652657,Stochastic maintenance models for ceramic claddings,"Maintenance decision-making involves a series of multiple objectives, some of them contradictory. Usually, stakeholders intend to find the optimal maintenance strategy, to minimize the economic burden, while simultaneously maximizing the buildings’ performance. In this study, a condition-based maintenance model, based on Petri nets, is proposed to evaluate the consequences of alternative maintenance strategies to maintain and improve the performance of ceramic claddings. This maintenance model is a full life-cycle model that integrates the stochastic assessment of the degradation condition of the claddings, and also inspections, maintenance and renewal processes. Three maintenance strategies are considered: (i) major intervention only; (ii) combination of minor and major interventions; and (iii) combination of cleaning operations, minor and major interventions. The uncertainties associated with the degradation process, as well as with the definition of the effects of maintenance actions are considered by modelling the transitions times in Petri nets as random variables. Considering the complexity of Petri nets, the statistical descriptors of the performance of the assets (e.g., mean condition, probability of applying maintenance) were computed using Monte Carlo simulation. The impact of the different maintenance strategies in the claddings’ service life is discussed, comparing the different alternatives also from an economic point of view. © 2019, © 2019 Informa UK Limited, trading as Taylor & Francis Group.",Ceramic claddings; degradation; inspections; interventions; maintenance modeling; Monte Carlo simulation; Petri nets,A_nucleo_forte,sim,TRUE,TRUE,TRUE,TRUE,FALSE,FALSE,4,RQ0;RQ1;RQ2;RQ3,12,analise_central,RQ0=TRUE; RQ1=TRUE; RQ2=TRUE; RQ3=TRUE; RQ4=FALSE; RQ5=FALSE; n_rqs=4; score=12; estrato_resumo=A_nucleo_forte; uso=analise_central
REG_04163,2019,Scopus|WoS,10.3390/buildings9080182,LCC estimation model: A construction material perspective,"The growing pressure to ensure sustainable construction is also associated with stricter demands on the cost-effectiveness of construction and operation of buildings and reduction of their environmental impact. This paper presents a methodology for building life cycle cost estimation that enables investors to identify the optimum material solution for their buildings on the level of functional parts. The functionality of a comprehensive model that takes into account investor requirements and links them to a construction cost estimation database and a facility management database is verified through a case study of a ""façade composition"" functional part, with sublevel ""external thermal insulation composite system (ETICS) with thin plaster"". The results show that there is no generally applicable optimum ETICS material solution, which is caused by differing investor requirements, as well as the unique circumstances of each building and its user. The solution presented in this paper aims to aid investor decision-making regarding the choice of the building materials while taking the Life Cycle Cost (LCC) into account. © 2019 by the author.",Building; Construction material; Life cycle costs; Thermal insulation system; building construction material life cycle costs thermal insulation system LIFE-CYCLE COST DESIGN OPTIMIZATION INTEGRATION BUILDINGS ENERGY MAINTENANCE,A_nucleo_forte,sim,TRUE,TRUE,TRUE,TRUE,FALSE,FALSE,4,RQ0;RQ1;RQ2;RQ3,12,analise_central,RQ0=TRUE; RQ1=TRUE; RQ2=TRUE; RQ3=TRUE; RQ4=FALSE; RQ5=FALSE; n_rqs=4; score=12; estrato_resumo=A_nucleo_forte; uso=analise_central
REG_02556,2022,Scopus|WoS,10.1016/j.scs.2022.103890,A spatio-temporal framework for sustainable planning of buildings based on carbon emissions at the city scale,"Buildings are key society element and essential in the formation of sustainable cities. Several studies focused on life cycle assessment of construction materials while limited research analyzed CO2 emissions associated with buildings. This research proposes a spatio-temporal framework to analyze CO2 emissions of buildings applied at the city scale to assist in planning and decision-making of buildings construction and operation. The embedded methods within the framework can identify locations of high-intensity CO2 emissions in a city and recommend retrofitting actions to resolve these hotspots. The framework analysis is applied to the city of Ajman in the United Arab Emirates that had witnessed major expansion. The findings indicate that the embodied carbon emissions equivalents (ECEE) for buildings construction had increased from 7,095 Kt to 9,064 Kt, and then to 12,680 Kt in the years 1986, 2005, and 2015, respectively, and the ECEE for buildings operation had increased from 1,389 Kt/year to 1,919 Kt/year, and then to 2,547 Kt/year in the years 1986, 2005, and 2015, respectively. The recommended retrofitting actions for Ajman developed through the analysis can reduce total CO2 emissions of buildings operation by 14%. Future work can consider additional sustainability indicators within the proposed framework. © 2022",Building construction; Building Operation; Building Retrofitting; CO<sub>2</sub> Emissions; Spatio-temporal; Sustainable city; CO 2 Emissions Sustainable city Spatio-temporal Building construction Building Operation Building Retrofitting LIFE-CYCLE ASSESSMENT GREENHOUSE-GAS EMISSIONS EMBODIED CARBON ENVIRONMENTAL IMPACTS RESIDENTIAL BUILDINGS CO2 EMISSIONS ENERGY CONSTRUCTION PERFORMANCE MITIGATION,A_nucleo_forte,sim,TRUE,TRUE,FALSE,TRUE,FALSE,FALSE,3,RQ0;RQ1;RQ3,10,analise_central,RQ0=TRUE; RQ1=TRUE; RQ2=FALSE; RQ3=TRUE; RQ4=FALSE; RQ5=FALSE; n_rqs=3; score=10; estrato_resumo=A_nucleo_forte; uso=analise_central
REG_05358,2025,Scopus|WoS,10.1016/j.enbuild.2025.115590,Real long-term performance evaluation of an improved office building operation involving a Data-driven model predictive control,"Data-driven Model Predictive Control (DMPC) strategies, coupled with holistically optimized HVAC system control, represent a promising approach to achieve climate targets through significant reductions in building energy consumption and associated emissions. To validate this potential in a real-world environment, a comprehensive optimization study was conducted on an office building serving as a living laboratory. Through systematic analysis of historical operational data, multiple Energy Conservation Measures (ECMs) were identified and implemented. The cornerstone of these improvements was the development and deployment of a centralized adaptive DMPC system, which was operated and evaluated over a full year. The implemented system employs reduced-order state-space (resistance–capacitance) models for each building zone, complemented by simplified representations of storage tanks and heat pump dynamics. By integrating weather forecasting with a 24-hour prediction horizon into the control strategy, the DMPC simultaneously manages heating or cooling loads and shading blinds to optimize solar gain utilization. This integrated approach to controlling the primary heat fluxes enables advanced load shifting and peak shaving capabilities through automated management. The implementation yielded substantial technological advantages in HVAC operation: the DMPC algorithm's effective peak shaving significantly reduced maximum load requirements, enabling the complete elimination of the gas boiler. This reduction in peak demands made it possible for the heat pump to operate efficiently, maintaining full operational capabilities with just a small-sized ground source heat exchanger, instead of the conventional air source configuration. This demonstrates how the DMPC system successfully leveraged the building's demand-side flexibility potential, yielding improved operational economics and extended equipment service life. When compared to a baseline year of operation utilizing rule-based control for heating/cooling and partial automation of shading, these Energy Conservation Measures (ECMs), including the DMPC implementation, demonstrated remarkable energy savings. Following adjustment through the Measurement and Verification (M&V) framework, the analysis revealed that the DMPC alone achieved reductions of 41% in overall thermal energy consumption in the zones, comprising 17% in heating and 75% in cooling. The DMPC contributed 30% of the total thermal energy savings achieved across all implemented ECMs. Collectively, the ECMs resulted in a 54% reduction in total thermal energy consumption (38% heating, 80% cooling), while final energy consumption for heating and cooling decreased by 85%. These findings underscore the efficacy of DMPC in practical applications and its capacity to significantly advance building energy efficiency and sustainability objectives. The study demonstrates that integrating DMPC within holistic improvement strategies represents a viable approach to achieve both environmental targets and operational enhancements in the building sector. © 2025 The Author(s)",Data-driven model predictive control; Demand-side flexibility; External shading model; Glass facade model; Living laboratory experiment; Long term demonstration test; Optimal energy control; Reduced grey-box model; Thermally activated building structures; Data-driven model predictive control Reduced grey-box model Glass facade model External shading model Thermally activated building structures Living laboratory experiment Long term demonstration test Optimal energy control Demand-side flexibility ENERGY MANAGEMENT IMPLEMENTATION SYSTEMS MPC STRATEGY,A_nucleo_forte,sim,FALSE,FALSE,TRUE,TRUE,TRUE,FALSE,3,RQ2;RQ3;RQ4,9,analise_central,RQ0=FALSE; RQ1=FALSE; RQ2=TRUE; RQ3=TRUE; RQ4=TRUE; RQ5=FALSE; n_rqs=3; score=9; estrato_resumo=A_nucleo_forte; uso=analise_central
REG_06255,2024,Scopus,10.13374/j.issn2095-9389.2023.11.28.003,Research and application of carbon emission calculation methods for the whole life cycle of assembled steel structure office buildings,"To accurately assess the carbon emissions associated with assembled steel structure office buildings, this study develops a comprehensive life cycle carbon emission calculation. Utilizing advanced tools such as Autodesk Revit, Tekla Structures, and DeST-C, the model offers a detailed methodology for calculating emissions. This approach adheres to the guidelines set forth in the “Standard for the Calculation of Carbon Emission from Buildings” (GB/T 51366—2019). By applying this model to the Wuxi CEC PARK case study, the research quantifies the carbon footprint of such structures and compares these findings with those of assembled precast concrete structures and cast-in-place steel–concrete structures. The model encompasses all six stages of a building’s life cycle: material preparation and component production, logistics, operation and maintenance, renovation and reuse, and finally, dismantling and recycling. This comprehensive scope ensures that the model captures the carbon emissions linked to every aspect of “human, machine and material” interactions throughout the building’s life cycle. The accuracy of the calculation results is thus guaranteed. Specifically, the analysis highlights the carbon emission factors from steel structure components within the context of Wuxi CEC PARK. The results show that the average annual carbon emission intensity for the building is 59.47 kg·m−2·a−1. This figure is approximately 5.46 kg·m−2·a−1 and 13.59 kg·m−2·a−1 lower than that of the assembled PC structure and the cast-in-place steel–concrete structure, respectively. These results underscore the beneficial impact of assembled steel structures in reducing carbon emissions. The operation stage is the largest contributor to carbon emissions, accounting for 58.79% of the total. This is followed by carbon emissions from material preparation and component production, which represent 29.58%. The study finds a negative carbon emission value of −3295.27 t in the dismantling and reuse phase, indicating a significant reduction in emissions in this phase of the building’s life cycle. Additionally, the incorporation of renewable energy sources and plant carbon sinks into the building’s design further offsets carbon emissions, contributing an additional reduction of 389.33 t. The method proposed in this paper addresses the gap in existing methodologies for full life cycle carbon emission calculations for assembled steel structure office buildings. It provides a solid foundation for such buildings, promoting the adoption of assembled steel structure office buildings. It lays a foundational framework for assessing the carbon reduction potential of these structures, thereby facilitating their wider adoption within the construction industry. It provides a reference for future research on the prediction of carbon emissions for similar office buildings and advancing carbon reduction initiatives in the construction industry. © 2024 Science Press. All rights reserved.",assembled steel structure; carbon emission calculation model; carbon reduction; life cycle assessment; office buildings,A_nucleo_forte,sim,TRUE,TRUE,FALSE,FALSE,TRUE,TRUE,4,RQ0;RQ1;RQ4;RQ5,11,analise_central,RQ0=TRUE; RQ1=TRUE; RQ2=FALSE; RQ3=FALSE; RQ4=TRUE; RQ5=TRUE; n_rqs=4; score=11; estrato_resumo=A_nucleo_forte; uso=analise_central
REG_05740,2025,Scopus|WoS,10.1108/ecam-11-2024-1526,The driving mechanism for promoting the transition to sustainable operation and maintenance management of major infrastructure projects: a SLR-ISM-MICMAC analysis,"Purpose: The long-term operation, dynamic environment, and increased legislation of major infrastructure projects in China promote the transition to a sustainable operation and maintenance management model. However, this process is complex, and its underlying mechanism remains underexplored. To address this research gap, this study explores its driving mechanism based on an integrated methodological framework combining systematic literature review (SLR), interpretive structural modeling (ISM), and cross-impact matrix multiplication applied to classification (MICMAC). Design/methodology/approach: The SLR was conducted to extract the factors influencing the sustainable operation and maintenance management transition in major infrastructure projects. The questionnaire survey was applied to identify key factors and their overall correlations. Building upon these findings, the ISM-MICMAC was employed to reveal the interrelationships and driving paths among key factors. Last, the driving mechanism was presented based on the above results. Findings: The SLR analysis of 137 articles identifies 29 influencing factors across four dimensions: technology, organization, environment, and stakeholder. The questionnaire survey of 172 respondents confirms 20 key factors with interrelated relationships and emphasizes the prominent significance of the policy environment. The ISM-MICMAC analysis further delineates a ten-level, three-cluster hierarchical structure with driving paths, thus revealing the driving mechanism. Results indicate that external strategic orientation and core subject cognition constitute primary transition initiators, preparation in operation organizations is perceived as a prerequisite, and continuous improvement mainly depends on dynamic feedback among organizational resources, capabilities, and design. Originality/value: The originality of this study relies on its attempt to explore the interrelationships and driving paths among multiple influencing factors for promoting sustainable operation and maintenance management transition of major infrastructure projects in China using the qualitative and quantitative analysis (i.e. SLR, questionnaire survey, and ISM-MICMAC analysis). The result provides a panoramic perspective and a valuable reference for the front-end decision-making and continuous improvement of the transition. © 2025, Emerald Publishing Limited.",Driving mechanism; Interpretive structural modeling; Major infrastructure projects; Sustainable operation and maintenance management; Systematic literature review; Major infrastructure projects Sustainable operation and maintenance management Driving mechanism Systematic literature review Interpretive structural modeling ADOPTION IMPLEMENTATION COMPLEXITY MODEL CAPABILITIES ANTECEDENTS PROCUREMENT FRAMEWORK DESIGN,A_nucleo_forte,sim,TRUE,FALSE,FALSE,TRUE,FALSE,TRUE,3,RQ0;RQ3;RQ5,11,analise_central,RQ0=TRUE; RQ1=FALSE; RQ2=FALSE; RQ3=TRUE; RQ4=FALSE; RQ5=TRUE; n_rqs=3; score=11; estrato_resumo=A_nucleo_forte; uso=analise_central
REG_03670,2020,Scopus,10.1108/meq-05-2019-0093,Improving maintenance management practices on green building projects,"Purpose: The improper maintenance affects the performance of management practices for Green Building (GB) in Malaysia. This is due to the issues of lack of GB knowledge and competency for maintenance activities in GB projects. However, only a few researchers have investigated maintenance within the GBs. This may be due to industry’s lack of awareness concerning the currently existing maintenance problems and their causes. The paper aims to discuss these issues. Design/methodology/approach: This paper intends to develop a new Information and Communication Technology (ICT) based approach for managing maintenance in GB schemes. As a precursor to this work, the current maintenance management activities, ICT tools and techniques are reviewed and explored in such projects to gather processes and information database of maintenance and management. Findings: The findings reveal the need for more sophisticated maintenance management solutions that accord with the needs of GB schemes to manage quality and reduce associated defects. Originality/value: The paper concludes by presenting a research framework for developing such a system in the future. It is also suggested that further research into maintenance of GB should consider issues in terms of concern for lifecycle assessment and sustainability. © 2019, Emerald Publishing Limited.",Framework; Green building; ICT; Improper maintenance; Maintenance management; Project,A_nucleo_forte,sim,TRUE,TRUE,FALSE,FALSE,FALSE,TRUE,3,RQ0;RQ1;RQ5,10,analise_central,RQ0=TRUE; RQ1=TRUE; RQ2=FALSE; RQ3=FALSE; RQ4=FALSE; RQ5=TRUE; n_rqs=3; score=10; estrato_resumo=A_nucleo_forte; uso=analise_central
REG_06929,2023,Scopus,10.1016/j.energy.2023.129308,Investigation of system optimization and control logic on a solar geothermal hybrid heat pump system based on integral effect test data,"The solar geothermal hybrid heat pump systems hold great promise for sustainable heating and cooling applications. However, the practical challenges and limitations have resulted in a lack of extensive field trials due to the time and financial constraints associated with conducting field trials. As a result, previous studies have primarily relied on dynamic simulation tools to estimate the performance of prototype systems. The annual performance and efficiency of these hybrid systems are heavily influenced by the control logic of their individual components such as PVT and GSHP unit and the overall operation of the system. Consequently, there is a pressing need to conduct a comprehensive study on the sensitivity of system performance to variations in the operation control, particularly when employing advanced logic, such as fuzzy logic control. When it comes to real-world implementation, there are concerns about the feasibility of integrating additional components like PVT and GSHP into the system. Advanced control strategies like fuzzy logic may also raise questions about the initial capital costs and whether the benefits outweigh the investments. Thus, the system optimization study needs regarding to energy consumption and economic feasibility analysis based on precisely predictable simulation model and practical initial capital cost. In the present study, a solar geothermal hybrid heat pump system has been modeled with simulation and designed IET (Integral Effect Test) facility in an industrial building based on component SET (Separate Effect Test) data, conducted a comparison study for validation of the simulation model based on real field heating and cooling weekly IET data. To optimize the system's performance, annual Operation and Maintenance (O&M) costs sensitivity study was conducted for four different Cases, considering the effects of PVT, GSHP components, and fuzzy logic control. Furthermore, an Net Present Value (NPV) method economic analysis was conducted to evaluate the economic feasibility analysis, considering the initial capital cost, inflation rate, and annual O&M costs savings. The results demonstrate that the simulation model can precisely estimate annual energy consumption within 7.4 % compared to heating and cooling IET operation data. The sensitivity study revealed that Case 4, incorporating fuzzy logic control, exhibited the lowest energy consumption of 9450 kWh/year and the highest annual O&M savings of $1869 among the four Cases studied. However, the advanced system control logic increased the initial capital cost by 34 % ($12,490) compared to Case 1's single-stage GSHP. The NPV economic feasibility analysis, considering the initial capital cost, inflation rate, and annual O&M savings in comparison to Case 1, indicated that Case 4 with fuzzy logic control system showed the shortest payback period of 8.5 years. © 2023",Artificial intelligence; Component SET separate effect test; Field test; Fuzzy logic control; SISO system integral system optimization; Solar geothermal hybrid heat pump system; System IET integral effect test; Tri-generation,A_nucleo_forte,sim,FALSE,TRUE,TRUE,TRUE,TRUE,TRUE,5,RQ1;RQ2;RQ3;RQ4;RQ5,12,analise_central,RQ0=FALSE; RQ1=TRUE; RQ2=TRUE; RQ3=TRUE; RQ4=TRUE; RQ5=TRUE; n_rqs=5; score=12; estrato_resumo=A_nucleo_forte; uso=analise_central
REG_02419,2022,Scopus,,Utilizing GSCM for Waste Management in Green Building Operations & Analysis of Psychology Differences between Turkish and EU Rules,"From site selection to design, construction, operation, maintenance, repair, and destruction, green buildings are resource and environmentally-conscious. Sometimes referred to as green construction or sustainable construction. Current environmental concerns and the need for sustainability urge the use of existing energy, water, and material resources in a more effective and efficient manner. In addition, they ensure that trash is kept to a minimum, implement environmentally responsible and eco-friendly building design, and practise environmental sensitivity throughout the construction process. The management of construction waste through green supply chain management (GSCM) has gained prominence in recent years due to environmental concerns and the expansion of the construction sector. At each stage of the project, the design team, architects, engineers, and client must work closely together. By reducing energy consumption and waste, GSCM protects against any concerns that can impact the environment or people's health. This paper combines the green building operations of architects with the green supply chain management of engineers in order to reduce material consumption, promote more effective and efficient use of the energy, water, and materials currently in use, ensure the prevention of any type of waste, perform environmentally responsible and eco-friendly building design, and be able to reuse, recycle, or recover waste. In 2008, the European Union Council issued a waste management guideline to manage construction waste and reduce its environmental impact. The amount of recycled, repurposed, and recovered building and demolition waste (CDW) will be reduced by 70% by 2020. The objective of this research is to investigate cost-benefit and social-benefit reflections by combining these two approaches. The literature review and Turkish case study examples are utilised to establish a model from which recommendations for GSCM and reverse logistics operations for green building are derived © 2022, Journal for ReAttach Therapy and Developmental Diversities.All Rights Reserved.",Green buildings; Gscm; Psychology; Waste management,A_nucleo_forte,sim,FALSE,TRUE,TRUE,TRUE,TRUE,FALSE,4,RQ1;RQ2;RQ3;RQ4,10,analise_central,RQ0=FALSE; RQ1=TRUE; RQ2=TRUE; RQ3=TRUE; RQ4=TRUE; RQ5=FALSE; n_rqs=4; score=10; estrato_resumo=A_nucleo_forte; uso=analise_central
REG_02635,2022,Scopus,10.1016/j.ssci.2021.105640,A thematic review on Prevention through design (PtD) concept application in the construction industry of developing countries,"The life cycle of the building or any other type of structure comprises the stages of planning, design, construction, operation, and maintenance until demolition. The life span of each stage is different and the operation and maintenance stages account for the longest period in a building's lifespan. On that account, building performance after its completion is foremost to corroborate the Prevention through Design (PtD) concept. PtD, also known as safety by design or design for safety, is the concept of reducing the potential occupational hazards beforehand during the design stage. The developing countries have also started practicing this concept. A systematic review has been used as a methodology to overview the applications of this concept in the construction industry in developing countries. The study identified 218 peer-reviewed articles from a keyword search in online databases. The search process for the articles was filtered by inclusion and exclusion criteria. In the result, a total of 16 articles were identified. The ATLAST.ti 8 was utilised to conduct the theme analysis review of the final articles. A conceptual framework of cluster patterns on the PtD applications for construction industry in the developing countries has been developed. The framework is themed into 5 main pattern clusters: (1) Building life cycle, (2) Legislation, (3) Design, (4) Building Information Modelling (BIM), and (5) Project management (PM); from 10 clusters: (1) Law and regulations, (2) Guidelines, (3) BIM, (4) Architectural design, (5) Planning stage, (6) Construction stage, (7) Operation and maintenance stage, (8) PM, (9) Designer's knowledge and (10) Designer's attitude. Hence, this paper incorporates the very latest information on PtD concept application in the construction industry of developing countries. The main finding of this paper reveals that the PtD concept is vital to enforcing the legislation to improve building performance and reduce the possible hazards that lead to accidents during the whole life cycle of a building. © 2021 Elsevier Ltd",Concept application; Construction industry; Prevention Through Design (PtD); Thematic analysis,A_nucleo_forte,sim,TRUE,TRUE,TRUE,FALSE,FALSE,TRUE,4,RQ0;RQ1;RQ2;RQ5,12,analise_central,RQ0=TRUE; RQ1=TRUE; RQ2=TRUE; RQ3=FALSE; RQ4=FALSE; RQ5=TRUE; n_rqs=4; score=12; estrato_resumo=A_nucleo_forte; uso=analise_central
REG_07061,2023,Scopus|WoS,10.1061/jcemd4.coeng-13154,Development of a Campus Facility Management Operational Framework Using a Modified Delphi Method,"An effective facility management process is crucial to overall firm performance and is becoming a core competency for organizations seeking to gain a competitive advantage. The recent literature on facility management reveals that poor facility management is a major cause of management inefficiency, leading directly to budget overruns, maintenance delays, repetition of work, variations, noncompliance incidents, unnecessary risk, and dissatisfied customers. Therefore, facility management firms should pay close attention to the most critical success factors in order to effectively manage and measure performance. This paper presents a multidimensional campus facility management performance framework (CFMPF) that addresses both operational and systematic factors. Facility management companies, owners, contractors, and consultants can use this framework to identify systemic weaknesses using key indicators to specifically assess the effectiveness and success of facility management. The significance of 45 key facility management success factors across seven categories was determined via a literature review, expert interviews, and the Delphi method. The seven process groups are: Campus Facility Work Force Management, Campus Facility Communication Management, Campus Facility Systems Management, Campus Facility Organizational Management, Campus Facility Financial Management, Campus Sustainability & Environment Management, and Campus Facility Assets Management. To verify the overall agreement via the Delphi rounds, the score percentage and standard deviation to mean ratio were examined. Mean value and interrater agreement (IRA) analyses were conducted to evaluate the correlation between the factors and facility performance. This research adds to the body of knowledge by presenting a systematic operational framework for campus facility management that identifies the underlying factors influencing performance and fills the gaps left by previous studies. © 2023 American Society of Civil Engineers.",Campus facility management; Critical project success factors; Delphi; Key performance indicators; Operational framework; Performance evaluation; Planning; Project management performance; Campus facility management Critical project success factors Key performance indicators Delphi Performance evaluation Operational framework Project management performance Planning CRITICAL SUCCESS FACTORS HIGHER-EDUCATION INSTITUTIONS FM SERVICES OUTSOURCING DECISION HEALTH-CARE PERFORMANCE MAINTENANCE DESIGN FUTURE SYSTEMS,A_nucleo_forte,sim,TRUE,TRUE,TRUE,FALSE,TRUE,TRUE,5,RQ0;RQ1;RQ2;RQ4;RQ5,13,analise_central,RQ0=TRUE; RQ1=TRUE; RQ2=TRUE; RQ3=FALSE; RQ4=TRUE; RQ5=TRUE; n_rqs=5; score=13; estrato_resumo=A_nucleo_forte; uso=analise_central
REG_06996,2023,Scopus,10.1051/e3sconf/202342901002,A review and bibliometric analysis of utilizing building information modeling (BIM) on effective operation and maintenance (O&M),"Developments in information technology can facilitate the planning and implementation of sustainable development. Building Information Modeling (BIM) is one such technology that can be utilized to achieve this goal. BIM has now reached dimensions of 6D and even 7D, with 6D BIM being used for energy analysis and 7D BIM for facility management during the operational and maintenance period of a building. This paper aims to discuss patterns, gaps, and trends in the utilization of BIM for effective building operation and maintenance. Bibliometric data mapping was conducted using VOSviewer® software, and 219 scholarly bibliographic records from the Scopus database between 2009 and 2023 were analyzed. The results showed that the highest publication growth was in 2021, with 36 publications (16.44%). China published the most articles, with 74 (29.84%). Recent research reviews indicate that BIM can facilitate the O&M process of a facility, including maintenance and repair, energy management, and security. However, there are still many challenges related to the BIM 7D function, such as data interoperability issues and the need for a framework for using BIM. The study also examines the application of BIM 7D in Indonesia. Further research is needed to balance the utilization of BIM for facility management with its application for asset management.  © The Authors, published by EDP Sciences.",,A_nucleo_forte,sim,TRUE,TRUE,FALSE,FALSE,FALSE,TRUE,3,RQ0;RQ1;RQ5,10,analise_central,RQ0=TRUE; RQ1=TRUE; RQ2=FALSE; RQ3=FALSE; RQ4=FALSE; RQ5=TRUE; n_rqs=3; score=10; estrato_resumo=A_nucleo_forte; uso=analise_central
REG_00217,2018,Scopus|WoS,10.1108/f-03-2016-0028,Enabling an effective knowledge and information flow between the phases of building construction and facilities management,"Purpose: The purpose of this study is to investigate ways of transferring knowledge and information during the life-cycle phases of construction projects, particularly between the construction and occupancy phases, and to find an approach to minimise knowledge and information gaps during the handover process. Design/methodology/approach: The study applied a qualitative approach involving a literature review and an archival analysis of information flow in the studied cases of a construction project, followed by a cross-cases analysis and expert interviews. Data on information flow were collected from three cases of building construction projects in Perth, Western Australia. In addition, a total of 18 local facilities management experts were interviewed to identify the key reasons of knowledge and information gaps and to propose an effective knowledge flow model. Findings: The findings of this study indicated a significant knowledge and information gap, which exists during the handover process in construction projects in Western Australia. The findings of case analysis and expert interviews identified that the project handover guidelines were often ignored in construction projects in Western Australia, and the handover phase was not given the same priority as the design and construction phases by most of the project stakeholders, which led to information and knowledge gaps between the project construction and post-occupancy phases. The study conducted, integrated knowledge and information flow modelling to analyse the knowledge and information gaps followed by mapping the gaps against existing knowledge sharing frameworks (KSFs) before proposing an integrated knowledge sharing conceptual model to improve current practice and to enhance the information flow during the various phases of the construction project life cycle. Research limitations/implications: The study is based on three cases in Perth, Western Australia, and thus the findings and recommendations are contextual. Whilst laying a good foundation to do so, further research is needed to investigate more cases in Western Australia and beyond to fully generalise the findings from this study. Originality/value: The study contributes to improve the handover process and information flows in project life-cycle phases in Western Australia and develop an information flow model followed by bringing together existing KSFs, namely, the open communication channel (OCC), soft landing framework (SLF) and building information modelling (BIM), to propose an integrated knowledge sharing conceptual model. The methodology used here to analyse the information flow in a diagrammatic manner, the mapping of FM issues against the KSFs’ capabilities and a conceptual model to facilitate change in the industry’s silo mindset are the main contributions of this paper. © 2018, Emerald Publishing Limited.",Building life cycles; Data gap; Facility management; Information flow; Operation and maintenance; Project handover; Facility management Operation and maintenance Information flow Building life cycles Data gap Project handover BIM FEEDBACK PROJECTS,A_nucleo_forte,sim,TRUE,TRUE,FALSE,FALSE,FALSE,TRUE,3,RQ0;RQ1;RQ5,10,analise_central,RQ0=TRUE; RQ1=TRUE; RQ2=FALSE; RQ3=FALSE; RQ4=FALSE; RQ5=TRUE; n_rqs=3; score=10; estrato_resumo=A_nucleo_forte; uso=analise_central
REG_03844,2020,Scopus,,Application of fuzzy topsis for selecting most sustainable building wall material,"Appropriate selection of construction materials is crucial for the success of any project. Poor choice of materials can lead to higher costs during construction, higher long-Term operation and maintenance expenses, and endanger humans and their surrounding environment. Since the three pillars of sustainability cover the economic, social, and environmental aspects, adoption of sustainability principles in decision making will ensure selecting the optimum construction materials. This paper presents a generic model to utilize Fuzzy Technique for Order of Preference by Similarity to Ideal Solution (TOPSIS) principles to compare the sustainability criteria of four wall material alternatives using normalized fuzzy matrices. A case study took place in United Arab Emirates (UAE) to validate the model. Several semi-structured interviews and meetings with industry experts representing material suppliers, engineering consultants, and construction contractors took place during this research. These meetings provided six selection criteria under the three main sustainability categories, agreed-upon weight for each criteria, and evaluation of the four wall material alternatives. Results obtained from consulted experts presented Sandwich Panels as the most sustainable alternative for the case study. The developed model is generic and can be implemented on any construction project, and the alternative selection can change according to the decision-makes opinions and preferences. Copyright © 2020 ISEC Press.All right reserved.",Construction material; Green building; Multiple criteria decision making (MCDM); United Arab Emirates (UAE),A_nucleo_forte,sim,TRUE,TRUE,TRUE,TRUE,FALSE,FALSE,4,RQ0;RQ1;RQ2;RQ3,12,analise_central,RQ0=TRUE; RQ1=TRUE; RQ2=TRUE; RQ3=TRUE; RQ4=FALSE; RQ5=FALSE; n_rqs=4; score=12; estrato_resumo=A_nucleo_forte; uso=analise_central
REG_08015,2022,Scopus,10.1080/13467581.2021.1902333,CIB - UTILITY BASED SYSTEMS FRAMEWORK FOR EXISTING RESIDENTIAL BUILDING,"This study proposes an approach for conducting comparative assessments between renovation and new construction through the use of CIB utility theory systems and applies the methodology to an adaptive case study. To this end, the theoretical underpinnings of CIB were explained in the literature review, and the method of data analysis, selection of usability functions, and standard condition assessment scale were explained. The proposed model can be used to evaluate CIB utility theory systems and for life-cycle sustainability assessment (LCSA). The current findings revealed that the maintenance planning system and 5 G information must be improved because they are the key to Taiwan’s future development. Considering that the aim of cost-optimal maintenance and renovation planning is to not only optimise the service life-cycle costs of building components but also to maintain appropriate conditions and the performance of the respective components, the model used in this study prioritises performance over cost. Therefore, proposals are made for the future development of LCSA considering stakeholders of various projects for new construction by enhancing objectivity and accessibility. © 2021 The Author(s). Published by Informa UK Limited, trading as Taylor & Francis Group on behalf of the Architectural Institute of Japan, Architectural Institute of Korea and Architectural Society of China.",5G information; life cycle assessment; maintenance plan; Residential building; utility theory,A_nucleo_forte,sim,TRUE,TRUE,TRUE,FALSE,TRUE,FALSE,4,RQ0;RQ1;RQ2;RQ4,11,analise_central,RQ0=TRUE; RQ1=TRUE; RQ2=TRUE; RQ3=FALSE; RQ4=TRUE; RQ5=FALSE; n_rqs=4; score=11; estrato_resumo=A_nucleo_forte; uso=analise_central
REG_02657,2022,Scopus,10.1016/j.jclepro.2022.130590,Examining the OHS of green building construction projects: A hybrid fuzzy-based approach,"Green buildings (GBs) have been adopted mainly to minimize the negative effects of the design, construction, and building operations on the environment. However, the GB-related activities have been found to be jeopardizing the occupational health and safety (OHS) of related projects, thereby debilitating the safety and health of respective crew members. Despite such vital issues, no study has been conducted yet to investigate the safety issues associated with GB construction projects in developing countries, where the inclination towards the adoption of GB is on the rise. Using this as a point of departure, the present study assesses the safety risks caused by GB projects with the use of a fuzzy-based RAM, through the lenses of the experts in Kazakhstan. The proposed RAM integrates Fuzzy Delphi Method (FDM) and Fuzzy Best Worst Method (FBWM). The FDM results clearly indicated that sustainable buildings continue to endanger the safety and health of respective workers, while fall from height and overexertion are found to be the leading causes of GB-associated risks using the FBWM. Despite the research limitations, this study prudently assessed the OHS-related risks to the LEED-based (the most widely used certification in the country) projects, and offered a fertile ground for future research to be conducted in developing economy settings. The findings indicated that the construction key players need to pay more attention to the riskiest GB-related hazards by investing their efforts in making the built environment truly sustainable in a not-too-distant future, which can improve the well-being of workers involved. © 2022 Elsevier Ltd",Construction safety; Fuzzy modelling; Multi-criteria decision-making methods; Occupational health and safety; Sustainable construction,A_nucleo_forte,sim,FALSE,FALSE,TRUE,TRUE,TRUE,TRUE,4,RQ2;RQ3;RQ4;RQ5,11,analise_central,RQ0=FALSE; RQ1=FALSE; RQ2=TRUE; RQ3=TRUE; RQ4=TRUE; RQ5=TRUE; n_rqs=4; score=11; estrato_resumo=A_nucleo_forte; uso=analise_central
REG_03618,2020,Scopus|WoS,10.1080/17508975.2019.1567456,Research on evaluation and optimization of sustainable indoor environment of public buildings in Xi’an in summer,"There have been more concerns over energy resource depletion and indoor comfort improvement along with the increased time spend in a building. Building operation requires more energy in the spaces of high occupancy density in public buildings in summer because most energy has been consumed to make the indoor environment comfortable. Therefore, there is a conflicting issue for optimization, which is minimum energy consumption vs. maximum indoor comfort. In this paper, the indoor comfort model was established based on the weights of the thermal environment and air quality. The indoor air temperature, indoor relative humidity and indoor CO2 concentration as KPI (Key performance indicators) are optimized dynamically according to different outdoor meteorological parameters and different indoor occupancy density by an improved multi-objective optimization method of Non-dominated Sorting Genetic Algorithm II (NSGA-II). A single suitable solution from the non-inferior solutions is selected by the method of fuzzy comprehensive decision. The single solution of those KPI can be used as the set point of air-conditioning controller. A case study was carried out and the corresponding simulation of optimization of energy and comfort was presented. The results showed that the methodology can achieve the maintenance of indoor comfort and energy consumption reduction. © 2019 Informa UK Limited, trading as Taylor & Francis Group.",fuzzy comprehensive decision; multi-objective optimization; Sustainable indoor environment; Sustainable indoor environment multi-objective optimization fuzzy comprehensive decision COMFORT MANAGEMENT ENERGY-CONSERVATION THERMAL COMFORT EFFICIENCY,A_nucleo_forte,sim,FALSE,TRUE,TRUE,TRUE,TRUE,TRUE,5,RQ1;RQ2;RQ3;RQ4;RQ5,12,analise_central,RQ0=FALSE; RQ1=TRUE; RQ2=TRUE; RQ3=TRUE; RQ4=TRUE; RQ5=TRUE; n_rqs=5; score=12; estrato_resumo=A_nucleo_forte; uso=analise_central
REG_06323,2024,Scopus,10.3390/buildings14072245,"The Impact of Building Morphology on Energy Use Intensity of High-Rise Residential Clusters: A Case Study of Hangzhou, China","Building operations account for a large amount of energy use and CO2 emissions, and the morphology of buildings in residential clusters strongly impacts energy efficiency performance. However, little research has focused on the morphology and energy electricity usage of high-rise residential clusters in hot summer and cold winter (HSCW) regions. We investigated 96 residential clusters in Hangzhou, China, and established a corresponding morphology database. Additionally, we obtained annual electricity consumption for 16 of these residential clusters. With this database, we performed optimization of morphological parameters upon energy use intensity (EUI) using a genetic algorithm (GA). Specifically, the cooling, heating, and lighting EUIs of high-rise residential clusters were studied. After implementing the optimized morphological parameters, there was a reduction of up to 7.73% in EUI. According to regression analysis, the average aspect ratio was the most significant factor influencing EUI (r = −0.907), followed by floor area ratio (r = −0.755), average orientation (r = 0.502), and average number of floors (r = −0.453). These results indicate that a higher intensity of land development with a greater floor area ratio, average aspect ratio, and average number of floors can reduce total energy consumption. Additionally, we found that an average building orientation of southwest 15° (with respect to south) is optimal. The findings of this study can assist urban planners and designers in developing more sustainable residential clusters, leading to decreased energy costs and CO2 emissions. © 2024 by the authors.",cluster optimization; energy use intensity; morphological design; urban residential clusters; urban sustainability,A_nucleo_forte,sim,FALSE,FALSE,TRUE,TRUE,TRUE,FALSE,3,RQ2;RQ3;RQ4,9,analise_central,RQ0=FALSE; RQ1=FALSE; RQ2=TRUE; RQ3=TRUE; RQ4=TRUE; RQ5=FALSE; n_rqs=3; score=9; estrato_resumo=A_nucleo_forte; uso=analise_central
REG_05974,2025,Scopus,10.1088/1755-1315/1448/1/012015,"User Perception and Behaviour Towards the Sustainability of Shared Sanitation Facilities in Poorer Peri-Urban Area (Case Study: Ciwalengke, Majalaya District)","Access to safe sanitation is crucial for public health and sustainable development. The WHO/UNICEF Joint Monitoring Programme recognizes the role of shared sanitation in achieving Sustainable Development Goal 6b. Shared sanitation facilities provide a practical solution in densely populated poorer areas and offer a cost-effective alternative to private facilities. However, their functional sustainability is often compromised by inadequate operation and maintenance. This study aims to identify psychosocial factors influencing the maintenance of shared sanitation facilities, focusing on a case study in Ciwalengke, Majalaya by employing the RANAS and IBM-WASH frameworks. The questionnaire components include behavioural, risk, attitude, norms, ability, self-regulation, contextual, psychosocial, and technology, which were reduced from several items within each variable using Principal Component Analysis (PCA). These components were used as predictor variables and analysed using multi-linear regression with the outcome variable as behaviour, resulting in an R2 value of 0.395 at p<0.01. Further analysis reveals that risks, attitude, and self-regulation components are significant predictors of behavioural outcomes. The sustainability analysis, based on questionnaire responses, indicates that sanitation facilities in the area are somewhat sustainable. These findings demonstrate that users' perceptions and behaviours provide valuable insights into assessing and enhancing the sustainability of shared sanitation facilities. © 2025 Institute of Physics Publishing. All rights reserved.",,A_nucleo_forte,sim,TRUE,TRUE,TRUE,FALSE,TRUE,FALSE,4,RQ0;RQ1;RQ2;RQ4,11,analise_central,RQ0=TRUE; RQ1=TRUE; RQ2=TRUE; RQ3=FALSE; RQ4=TRUE; RQ5=FALSE; n_rqs=4; score=11; estrato_resumo=A_nucleo_forte; uso=analise_central
REG_06712,2024,Scopus,,INTEGRATING BIM INTO BUILT ASSET MANAGEMENT: A PATHWAY TO ACHIEVE SOCIAL SUSTAINABILITY,"Building Information Modelling (BIM) has emerged as a critical tool in the construction management industry's shift toward sustainability, enhancing sustainable practices in building asset management by focusing on environmental, economic, and social aspects. Despite BIM-based asset management makes a significant contribution to environmental and economic aspects of sustainability, BIM's role in promoting social sustainability which focuses on community well-being and equitable development in building asset management, remains underexplored. This study aims to investigate the application of BIM principles and methods in the context of social value and sustainability, conducting a systematic literature review of 253 papers from 2005 to 2024 to assess BIM's impact on the construction asset management sector. The findings highlight BIM's limited but growing contribution to social sustainability, identifying four key dimensions: health, safety and well-being; resilience and inclusivity; equity, accessibility, and user comfort; community needs and affordability. The bibliometric analysis and systematic review underscore the need for further research, mapping out existing gaps and suggesting future directions for BIM's potential to enhance social sustainability in asset management. © Association of Researchers in Construction Management",asset management; Building Information Modelling; digital construction; social sustainability; sustainable development goal,A_nucleo_forte,sim,TRUE,TRUE,TRUE,FALSE,TRUE,TRUE,5,RQ0;RQ1;RQ2;RQ4;RQ5,13,analise_central,RQ0=TRUE; RQ1=TRUE; RQ2=TRUE; RQ3=FALSE; RQ4=TRUE; RQ5=TRUE; n_rqs=5; score=13; estrato_resumo=A_nucleo_forte; uso=analise_central
REG_00469,2017,Scopus,,Waste management in green building operations using GSCM,"Green buildings also known as green construction or sustainable building are environmentally responsible and resource-efficient throughout a building's life-cycle: from siting to design, construction, operation, maintenance, renovation, and demolition. Today the environmental issues and the concern for sustainability is encouraging more effective and efficient usage of energy, water and material currently used, ensure the prevention of any kind of waste, perform environmentally sensible and eco-friendly building design and be environmentally friendly in the process of construction. Environmental problems and the growth of construction industry cause a new topic to manage construction waste with the help of green supply chain management (GSCM). This requires close cooperation of the design team, the architects, the engineers, and the client at all project stages. GSCM reduces energy usage and waste, so it prevents any problem that will occur in human health and environment. This paper aims to combine the architects green building operations together with the engineers green supply chain management for both reducing the usage of materials, encouraging more effective and efficient usage of energy, water and material currently used, ensure the prevention of any kind of waste, perform environmentally sensible and eco-friendly building design and to be able to reuse, recycle, or recover the waste. The European Union Council published a waste management directive in 2008 that gives some goal numbers to manage construction waste to minimize the environmental effect. The goal is to reach a reduction of 70% of construction and demolition waste (CDW) that will be reused, recycled or recovered in 2020. The aim of this paper is to explore the cost-benefit and social-benefit reflections by the combination of these two techniques, based on the literature review and case study examples from Turkey a model is built and propositions regarding Green Building operations using GSCM and reverse logistics are formulated. © ExcelingTech Pub, UK.",Construction waste management; Green building design; Green building operations; Green supply chain management; Waste management directives,A_nucleo_forte,sim,FALSE,TRUE,TRUE,TRUE,TRUE,FALSE,4,RQ1;RQ2;RQ3;RQ4,10,analise_central,RQ0=FALSE; RQ1=TRUE; RQ2=TRUE; RQ3=TRUE; RQ4=TRUE; RQ5=FALSE; n_rqs=4; score=10; estrato_resumo=A_nucleo_forte; uso=analise_central
REG_05559,2025,Scopus,10.1088/1742-6596/3140/4/042019,Exploiting digital twins for occupancy and energy optimisation for office buildings,"The growing need for energy efficiency and sustainable building management has driven interest in digital twins (DTs) - virtual replicas that optimize building operations. Despite their benefits, DT adoption is slowed by high initial costs, integration complexity, data security issues, and resistance to change. This paper explores DT applications for enhancing energy efficiency and occupancy management in office buildings through a real-time monitoring and optimization framework that forecasts building performance and evaluates occupancy levels. The research involves constructing a DT model by integrating data from sensors, IoT devices, and building management systems. For example, occupancy is inferred from air quality metrics like CO2 concentrations. A mathematical model, under development, aims eventually at simulating various scenarios to predict energy consumption and occupancy patterns, while machine learning techniques analyze the data to offer actionable insights. Emphasis is placed on engaging stakeholders - from occupants to facility managers - to ensure the DT model reflects real-world conditions and needs. A detailed case study monitors offices and meeting rooms continuously, collecting occupancy and comfort data that informs energy performance optimization. Preliminary results, partly funded by Innosuisse, underscore the potential of DTs for enhancing sustainability and operational efficiency. Nonetheless, challenges such as high implementation costs and the need for continuous data integration remain. Future research should address these challenges and explore the scalability of this promising framework.  © Published under licence by IOP Publishing Ltd.",,A_nucleo_forte,sim,FALSE,TRUE,TRUE,TRUE,TRUE,TRUE,5,RQ1;RQ2;RQ3;RQ4;RQ5,12,analise_central,RQ0=FALSE; RQ1=TRUE; RQ2=TRUE; RQ3=TRUE; RQ4=TRUE; RQ5=TRUE; n_rqs=5; score=12; estrato_resumo=A_nucleo_forte; uso=analise_central
REG_03383,2021,Crossref|Scopus,10.1007/978-981-15-8783-2_17,Occupants’ Behavioral Analysis for the Optimization of Building Operation and Maintenance: A Case Study to Improve the Use of Elevators in a University Building,"The impact of the users’ behavior on the building performance is largely recognized, especially considering most of common building operation and management (O&M) tasks. Predictions of human-building interactions are essential to improve building efficiency by decreasing wastes and costs connected to O&M while satisfying the comfort level required by the occupants. At this regard, building technological systems, which status depends on the users’ movement inside the buildings, like elevators, represent one of the critical spots, especially in high-density buildings. According to a “user-centered” approach, this paper moves toward the assessment of behavioral drivers which can influence the use of elevators in public buildings to define a probability use model useful to set specific maintenance policies. In situ evaluations are performed in a university building, where flows of people are highly dependent on the indoor activities scheduled, as lessons. A multinomial logit model for the probability of elevators’ use is built depending on factors such as: floors number, movement in group, direction (upwards, downwards). Users’ fruition patterns in the university building are detected using eye-tracking techniques and questionnaires. Results show how the elevators’ use probability increases when the number of floors to cross increases, also because of perceived movement comfort, while individuals’ attention is mainly affected by posters and signage systems placed along the way. The model could be implemented in building simulation models, to predict the elevators use during the time under different circumstances, hence to optimize related O&M measures. © 2021, The Author(s), under exclusive license to Springer Nature Singapore Pte Ltd.",Behavioral models; Building operation and maintenance; Buildings users’ behavior; Condition-based maintenance; Elevators; In situ evaluation,A_nucleo_forte,sim,FALSE,TRUE,TRUE,TRUE,TRUE,TRUE,5,RQ1;RQ2;RQ3;RQ4;RQ5,12,analise_central,RQ0=FALSE; RQ1=TRUE; RQ2=TRUE; RQ3=TRUE; RQ4=TRUE; RQ5=TRUE; n_rqs=5; score=12; estrato_resumo=A_nucleo_forte; uso=analise_central
REG_05870,2025,Scopus|WoS,10.1109/sustech63138.2025.11025561,"Examining Building Design Strategies for Zero Energy Performance: Operational Efficiency, Reconstruction, and Restoration for Sustainable Urban Development","The transition to renewable energy has become a pivotal factor in urban planning due to the rising costs and adverse environmental impacts of conventional energy sources, the growth of smart cities, and increasing population demands. As a significant energy consumer during operations, the building sector necessitates strategies to enhance the integration of renewable energy while minimizing reliance on traditional sources. Zero Energy Building (ZEB) is an innovative approach wherein a building generates an equivalent amount of energy from renewable sources, such as solar photovoltaic systems, to offset its conventional energy consumption. However, there is limited research on the influence of building shape on achieving zero-energy goals. This study addresses this gap by analyzing various design strategies for new construction, retrofits, reconstructions, and restorations to identify optimal building shapes for achieving zero-energy performance. The research modeled the operational performance of different building shapes by evaluating energy production and consumption. Each design is optimized based on energy outcomes to determine the ideal configurations for ZEBs. The findings revealed that building shape significantly impacts operational performance. The one-story house emerged as the most favorable ZEB configuration. It achieved a net energy production of 167 kWh/m2/year, surpassing its annual energy demand despite its initially high energy usage. Conversely, achieving zero-energy was challenging for a two-story design (206 kWh/m2/year), whereas an alternative two-story design nearly met the target with a net energy of -0.69 kWh/m2/year. Implementing a ZEB retrofit approach significantly reduced operational energy from 293 kWh/m2/year to 91.4 kWh/m2/year for a tower design. These findings underscore the critical role of building shape in ZEB performance and provide valuable insights for future urban planning and energy-efficient building designs. © 2025 IEEE.",BIM; Building Design; Building Geometry; Building Information Modeling; Building Operation; Building Performance; Energy Analysis; Reconstruction; Renewable Energy; Restoration; Retrofit; Smart Cities; Sustainability; Urban Planning; Zero Energy Building; Sustainability BIM Building Information Modeling Building Performance Renewable Energy Reconstruction Building Operation Retrofit Building Design Building Geometry Urban Planning Smart Cities Zero Energy Building Energy Analysis Restoration,A_nucleo_forte,sim,TRUE,TRUE,TRUE,FALSE,FALSE,TRUE,4,RQ0;RQ1;RQ2;RQ5,12,analise_central,RQ0=TRUE; RQ1=TRUE; RQ2=TRUE; RQ3=FALSE; RQ4=FALSE; RQ5=TRUE; n_rqs=4; score=12; estrato_resumo=A_nucleo_forte; uso=analise_central
REG_06494,2024,Scopus|WoS,10.1080/23744731.2024.2351310,The applications of building information modeling in the life-cycle of green buildings: a comprehensive review,"Previous research indicates that Building Information Modeling (BIM) serves as a digital platform for integrating pertinent data across all stages of construction, enhancing data management capabilities. This is notably crucial during initial investment planning and throughout project execution, facilitating efficient engineering information management, practice, quality assurance, and cost control concurrently. BIM contributes novel insights into green building development while posing significant challenges. The complexity of optimizing multiple performance indicators using BIM has hindered its widespread adoption in design practice, confining its application primarily to academic research. Therefore, this paper reviewed 168 previous studies from the past ten years, conducted an in-depth review and comparison, and provides suggestions for possible future research direction for BIM research. Specifically, the paper systematically reviews the application of BIM in design, construction, operation and maintenance, retrofit and demolition, and all the assessment phases of green buildings, and discusses the advantages of the BIM application in green buildings as well as an analysis of the current research gaps. This research enhances practitioners’ understanding of BIM and green buildings’ current trends and development status. It elucidates BIM's role in fostering green building development, guiding future industry professionals and researchers in effectively integrating BIM into sustainable construction practices. © Copyright © 2024 ASHRAE.",BIM-BASED FRAMEWORK ENERGY PERFORMANCE FACILITIES MANAGEMENT FAULT-DETECTION INDOOR NAVIGATION SAFETY MANAGEMENT DEMOLITION WASTE THERMAL COMFORT INTEGRATING BIM CONSTRUCTION,A_nucleo_forte,sim,TRUE,TRUE,TRUE,FALSE,FALSE,TRUE,4,RQ0;RQ1;RQ2;RQ5,12,analise_central,RQ0=TRUE; RQ1=TRUE; RQ2=TRUE; RQ3=FALSE; RQ4=FALSE; RQ5=TRUE; n_rqs=4; score=12; estrato_resumo=A_nucleo_forte; uso=analise_central
REG_03534,2020,Scopus,10.1109/ieem45057.2020.9309951,Digital twin-based framework for green building maintenance system,"This study analyses the characteristics and theoretical basis of green building maintenance system (GBMS) and proposes a digital twin(DT)-based framework for GBMS (DT-GBMS). This framework helps operation teams solve the problem of insufficient informatization and automatic management ability of green building maintenance. Besides, the structure of DT-GBMS is designed in detail according to practical usage. Finally, a prototype based on Bentley Systems software is developed by using 3D laser scanner and sensors to verify the feasibility of the proposed framework. The results indicate that the DT-GBMS can reflect the accurate and real-time status of green buildings and is able to improve the efficiency of green building maintenance by automatic management.  © 2020 IEEE.",Digital twin; Green building; Maintenance system,B_nucleo_descritivo,parcial,TRUE,TRUE,FALSE,FALSE,FALSE,TRUE,3,RQ0;RQ1;RQ5,7,analise_secundaria,RQ0=TRUE; RQ1=TRUE; RQ2=FALSE; RQ3=FALSE; RQ4=FALSE; RQ5=TRUE; n_rqs=3; score=7; estrato_resumo=B_nucleo_descritivo; uso=analise_secundaria
REG_04173,2019,Scopus,10.1088/1755-1315/296/1/012037,Environmental consequences of refurbishment vs. demolition and reconstruction: A comparative life cycle assessment of an Italian case study,"In the building sector, the new standards for energy efficiency are reducing the energy consumption and the carbon emissions for building operation to nearly zero. As a result, the greenhouse gases emissions and related environmental impacts from materials production, and especially insulation, are becoming dominant. In the next future, most of building stock is expected to be refurbished and a great amount of construction materials will be consequently required. A relevant share of waste is generated from building construction and demolition and limiting the volume is a priority of the EU community. In this work the renovation of industrial buildings in a dismissed area located in Lecco, Italy, was considered as case study. Five alternative construction systems for renovating the building envelopes were assumed, and a life cycle assessment (LCA) adopted in order to measure the environmental impact of each alternative. The results where compared with a scenario which includes demolition and reconstruction of a similar building with the same net volume and thermal resistance. The results showed that timber and concrete are the most valuable materials to rebuild the structures in case of demolition, contrarily to steel which leads generally to higher environmental impacts, except land use. Refurbishment scenarios generally account for a lower global warming potential (GWP) even if demolition, waste treatment and benefit from recycling/reuse are taken into account. © 2019 IOP Publishing Ltd. All rights reserved.",,A_nucleo_forte,sim,FALSE,FALSE,TRUE,FALSE,TRUE,FALSE,2,RQ2;RQ4,7,analise_secundaria,RQ0=FALSE; RQ1=FALSE; RQ2=TRUE; RQ3=FALSE; RQ4=TRUE; RQ5=FALSE; n_rqs=2; score=7; estrato_resumo=A_nucleo_forte; uso=analise_secundaria
REG_06286,2024,Scopus,10.1002/eqe.4154,Probabilistic life-cycle environmental impact of conventional and emerging steel frames in seismic zones,"This paper presents a comprehensive framework for life-cycle carbon emission assessment of steel frame structures in seismic zones, with a particular focus on emerging self-centering steel structures with reduced residual deformation and enhanced seismic resilience. The proposed framework is illustrated through a life-cycle embodied carbon (EC) emission study on an office building located at Los Angeles, USA. Different structural bracing systems are considered for comparison, namely, conventional concentrically braced frame (CBF), bucking-restrained braced frame (BRBF), and self-centering braced frames (SCBFs). The life cycle assessment (LCA) of EC emissions mainly involves four phases: (1) components manufacturing phase, (2) construction phase, (3) operation and maintenance phase, and (4) EC emissions related to seismic hazard. For the last stage, the engineering demand parameter (EDP) is obtained through incremental dynamic analysis (IDA), and combined with the fragility function and the seismic risk curve to obtain the expected EC emissions related to seismic hazard over the life cycle. Among other findings, the results show that: (1) In the manufacturing process, the EC emissions of the emerging SCBFs are slightly increased (by up to 1.4%) compared with the two other conventional steel frames. (2) During the construction, operation, and maintenance phases, there is no difference in the EC emissions for the different structural systems. (3) The EC emissions related to potential seismic risk are reduced by up to 65.3% when the proposed self-centering structural system (P-SCBF) is used. (4) Compared with the CBF, the total EC emission over a 100-year lifespan can be reduced by up to 14.6% when the P-SCBF is used. Due to the limited deformation capacity of braces, the EC emissions of CBF and BRBF are more sensitive to increases in the intensity measure (IM). Since a building becomes difficult to repair when the maximum residual inter-story drift exceeds 0.5%, BRBF and CBF are more susceptible to demolition due to unacceptable residual deformation, leading to higher EC emissions. The EC reduction efficiency of the emerging steel frames become more remarkable with increasing life span. © 2024 John Wiley & Sons Ltd.",embodied carbon (EC) emission; environmental impact; life cycle assessment (LCA); self-centering brace; steel frame,B_nucleo_descritivo,parcial,TRUE,TRUE,TRUE,FALSE,TRUE,FALSE,4,RQ0;RQ1;RQ2;RQ4,8,analise_secundaria,RQ0=TRUE; RQ1=TRUE; RQ2=TRUE; RQ3=FALSE; RQ4=TRUE; RQ5=FALSE; n_rqs=4; score=8; estrato_resumo=B_nucleo_descritivo; uso=analise_secundaria
REG_03901,2020,Scopus|WoS,10.1016/j.scs.2019.101804,Development and application of municipal residential buildings facilities management model,"The aim of this study is to develop a method for managing municipal residential buildings. The developed model encompasses a system of requirements for the buildings, the assessment of the compliance of the buildings with the set requirements, the rating of the buildings based on their compliance with the applicable requirements and the assessment of the decision-making on alternative possibilities of real estate (RE) management. To achieve these targets, a criteria system for the assessment of municipal residential buildings based on construction regulations, municipal functions and public administration requirements was developed. The significance of the compliance of the buildings with these requirements was determined. The model was applied in practice to assess the social housing of Kaunas Municipality, in Lithuania. The suitability of the model to prioritize the alternative facilities was substantiated by the received objective and qualitative indicators of building assessment, data processing using recognized methods of analysis, economic calculations and the suitability of the received results for use in the decision-making process. This study aims to deliver a comprehensive sustainability management assessment tool which could potentially be employed in the case of building stocks. © 2019 Elsevier Ltd",Analytic Hierarchy Process; Management model; Real estate; Residential buildings; Sustainability; Sustainability Management model Real estate Residential buildings Analytic Hierarchy Process PROPERTY ASSET MANAGEMENT INNOVATION,B_nucleo_descritivo,parcial,TRUE,TRUE,TRUE,TRUE,TRUE,FALSE,5,RQ0;RQ1;RQ2;RQ3;RQ4,10,analise_secundaria,RQ0=TRUE; RQ1=TRUE; RQ2=TRUE; RQ3=TRUE; RQ4=TRUE; RQ5=FALSE; n_rqs=5; score=10; estrato_resumo=B_nucleo_descritivo; uso=analise_secundaria
REG_00362,2017,Scopus,10.1016/j.enbuild.2017.09.056,"Mining electrical meter data to predict principal building use, performance class, and operations strategy for hundreds of non-residential buildings","This study focuses on the inference of characteristic data from a data set of 507 non-residential buildings. A two-step framework is presented that extracts statistical, model-based, and pattern-based behavior. The goal of the framework is to reduce the expert intervention needed to utilize measured raw data in order to infer information such as building use type, performance class, and operational behavior. The first step is temporal feature extraction, which utilizes a library of data mining techniques to filter various phenomenon from the raw data. This step transforms quantitative raw data into qualitative categories that are presented in heat map visualizations for interpretation. In the second step, a random forest classification model is tested for accuracy in predicting primary space use, magnitude of energy consumption, and type of operational strategy using the generated features. The results show that predictions with these methods are 45.6% more accurate for primary building use type, 24.3% more accurate for performance class, and 63.6% more accurate for building operations type as compared to baselines. © 2017 Elsevier B.V.",Building performance; Data mining; Energy efficiency; Performance classification; Smart meters,A_nucleo_forte,sim,FALSE,FALSE,TRUE,FALSE,TRUE,FALSE,2,RQ2;RQ4,7,analise_secundaria,RQ0=FALSE; RQ1=FALSE; RQ2=TRUE; RQ3=FALSE; RQ4=TRUE; RQ5=FALSE; n_rqs=2; score=7; estrato_resumo=A_nucleo_forte; uso=analise_secundaria
REG_02137,2011,Scopus,10.1061/41182(416)82,Using laser scanning to access the accuracy of as-built BIM,"The growth of laser scanning and building information modeling (BIM) has impacted the process by which we document facilities. However, despite rapid advances in scanning technology, there still remains a great disconnect between the data derived from laser scans and the creation of functional as-built BIM to be used in the operation and maintenance phase of a building's life cycle. Even with the paradigm shift to BIM-centered processes, the question still remains as to how owners can be assured of the accuracy of their as-built models and supplemental documentation. This paper addresses some of the current methods used to capture and update existing facility information and also reviews several laser scanning applications currently being developed. Based on existing 2D as-built documentation available for a campus facility, a 3D BIM was created post construction. Then, using point-cloud data from a small area of the building, a case study was conducted to assess the accuracy and value of updating the previously generated BIM to better represent the as-is conditions. © 2011 ASCE.",Building information models; Imaging techniques,B_nucleo_descritivo,parcial,FALSE,TRUE,TRUE,FALSE,TRUE,FALSE,3,RQ1;RQ2;RQ4,5,analise_secundaria,RQ0=FALSE; RQ1=TRUE; RQ2=TRUE; RQ3=FALSE; RQ4=TRUE; RQ5=FALSE; n_rqs=3; score=5; estrato_resumo=B_nucleo_descritivo; uso=analise_secundaria
REG_03910,2020,Scopus,10.1007/978-981-13-9528-4_99,Towards Zero Emission Residential Buildings (ZEBs) in a Humid Subtropical Climate. Analysis Emissions from Energy Use and Embodied Emissions from Materials in Referential Locations According to Obligatory Residential Energy Codes and Using Generic LCA Data Sources,"The primary objective of this paper is to investigate whether is it possible to achieve a zero greenhouse gas emission residential building (ZEB) operating in a humid subtropical climate. Sydney, Atlanta, Shanghai and New Delhi, recognised as main regional policymaker centres, were included in the scope of analysis as referential locations. Calculations of annual energy consumption, embodied emissions from production (A1-A3) and replacement (B4) of construction materials, as well as on-site renewable energy production, were performed on the basis of mandatory energy standards, building performance simulations and generic, process-based life cycle data. All calculations were based on a single-family building model with timber construction. All building’s thermal energy demands are provided by electrical air-to-water heat pump with a backup from an electric coil heater. Additionally, the roof-mounted photovoltaic system is used specifically to reduce GHG emission from building operation and materials. The preliminary results of this study show that zero emission ambition level for residential building is obtained in Sydney and Atlanta, where mandatory energy codes enforced high standards of building energy performance. The paper presents and discusses the results of the environmental impact for a model residential building in each of the specific humid subtropical climate locations. Additionally, general adjustments of the energy codes requirements that could enable higher ZEB ambitions are proposed. © 2020, Springer Nature Singapore Pte Ltd.",Energy policy; Humid subtropical climate; Zero emission residential building,A_nucleo_forte,sim,FALSE,FALSE,TRUE,FALSE,TRUE,TRUE,3,RQ2;RQ4;RQ5,9,analise_secundaria,RQ0=FALSE; RQ1=FALSE; RQ2=TRUE; RQ3=FALSE; RQ4=TRUE; RQ5=TRUE; n_rqs=3; score=9; estrato_resumo=A_nucleo_forte; uso=analise_secundaria
REG_05320,2025,Scopus,10.1108/978-1-83662-376-2,Sustainable Maintenance Strategies for Government Office Buildings in Emerging Economies,"Provision of infrastructure development continues to be a great concern in emerging economies, particularly in ensuring sustainable growth through business continuity, and human development. The functionality and reliability of existing infrastructure is nowhere close to the aspirations of the global infrastructure initiative, thus affecting the rate at which services can be delivered to the public. Lack of understanding on the requirements of maintenance management has exacerbated the reliability of this infrastructure, particularly public office buildings. The expertly curated chapters provide an unambiguous perspective on the practice requirements of maintenance management for public office buildings. Perspectives shared in the book include but not limited to maintenance principles and practice specifications for public asset management. Facility management is mostly to benefit from the perspectives deliberated in the book. More so, government institutions and regulatory bodies will also benefit from the findings of the book regarding practice requirements of maintenance management for public office buildings. The book further contributes towards expanding the existing body of knowledge in the field of maintenance management for public buildings.. © 2025 Khotso Dithebe, Clinton Ohis Aigbavboa, Wellington Didibhuku Thwala, and Bhaven Naik. All rights reserved.",,B_nucleo_descritivo,parcial,FALSE,TRUE,FALSE,FALSE,TRUE,TRUE,3,RQ1;RQ4;RQ5,5,analise_secundaria,RQ0=FALSE; RQ1=TRUE; RQ2=FALSE; RQ3=FALSE; RQ4=TRUE; RQ5=TRUE; n_rqs=3; score=5; estrato_resumo=B_nucleo_descritivo; uso=analise_secundaria
REG_09539,2015,WoS,,A study on the energy sustainability of the kinetic building envelopes,"Recently, kinetic building envelope has been an emerging technology as an innovative way to control exterior building environment, but products from many researches about the facade could not been reached to the industrialization so far. That is because its initial installation, operation and maintenance costs are still too high to use for the practical field, although buildings using kinetic envelopes could decrease their energy consumption significantly. This narrow point of view needs to be reconsidered, since buildings require great amount of energy to run their functions through the whole life and using better building components can lead to achieve much more benefits in aspects of the Lifecycle Cost (LCC). This study aims to suggest a standard type of the kinetic envelope as a prototype and to reveal its energy efficiency by a series of building performance simulations.",kinetic envelope building facade Building Information Modeling (BIM) energy simulation building sustainability,B_nucleo_descritivo,parcial,FALSE,TRUE,TRUE,TRUE,FALSE,FALSE,3,RQ1;RQ2;RQ3,6,analise_secundaria,RQ0=FALSE; RQ1=TRUE; RQ2=TRUE; RQ3=TRUE; RQ4=FALSE; RQ5=FALSE; n_rqs=3; score=6; estrato_resumo=B_nucleo_descritivo; uso=analise_secundaria
REG_03863,2020,Scopus,,A study on quality of cost data in life cycle cost analysis of maintenance during the in-use phases of university building,"Life Cycle Cost (LCC) analysis is an economic assessment technique that can help building owners to determine the most optimum total cost of maintaining the building and to compare the most cost-effective of mutually exclusive alternatives by discounting the future cost to today’s value. However, many commentators pointed out that the key setback of implementing LCC technique is the difficulty on identifying and procuring quality and reliable data, which can be used as inputs into the process of producing a complete and reliable LCC analysis. The objective of this paper is to present the outcomes of the study on the quality of cost data as inputs for LCC analysis of maintenance during the in-use phases of university building. The methodology employed for the study is a qualitative research strategy that comprises of literature review and semi-structured interview. The quality of cost data of the operation and maintenance cost of the university building was studied to determine the readiness of the cost data as inputs into the process of producing a comprehensive and reliable LCC analysis of maintenance during the in-use phases for the university building maintenance management practice. The semi-structured interview was carried out with the identified group of people that have knowledge, skills or experience in the field of university building maintenance practice with the objectives to obtain feedback and opinions on the state of data quality, and to identify strategies that can be recommended to improve the quality of data for the practice of LCC analysis of maintenance during the in use-phases of university building. The results have established that the operation and maintenance cost data of the university building are not readily available, accessible, current and reliable to be used as inputs in producing a comprehensive and reliable LCC analysis of maintenance during the in-use phases of university building. To overcome this setback, the majority of the interviewees recommended there is a need to develop an appropriate methodology encompasses with strategies that can improve the quality of data in effort to produce a comprehensive and reliable LCC analysis of maintenance during the in-use phases of university building. © 2020, Construction Research Institute of Malaysia. All rights reserved.",Cost data; Life Cycle Cost (LCC); Quality; University building maintenance,A_nucleo_forte,sim,FALSE,TRUE,TRUE,FALSE,TRUE,FALSE,3,RQ1;RQ2;RQ4,8,analise_secundaria,RQ0=FALSE; RQ1=TRUE; RQ2=TRUE; RQ3=FALSE; RQ4=TRUE; RQ5=FALSE; n_rqs=3; score=8; estrato_resumo=A_nucleo_forte; uso=analise_secundaria
REG_01990,2012,Scopus,10.4028/www.scientific.net/amr.433-440.957,"Integration of ""green building ""into residence districts - Take the design of the Yushan Huafu Home Community for example","In the green building concept, not only do the influences of the local climate, architectural form, usage mode, facilities condition, construction process, building materials and access management on the external environment as well as the comfortable and healthy internal environment are taken into account, but also the different interests of investors, users, design, installation, operation and maintenance personnel are integrated. In other words, the relationship among the lasting design, favorable environment and beneficiaries must be balanced and interactive, and hence the optimal greening effect can be accomplished. From this point of view, the green building can balance and coordinate the different needs and energy dependences between the internal and external environments and the users, and hence the buildings and the environments can be melted together naturally. In this paper, the author studies the whole process of integrating the ""green building"" into residence districts by the Yushan Huafu Home Community for example. © (2012) Trans Tech Publications, Switzerland.",Environmental balance; Green building; Home community design,B_nucleo_descritivo,parcial,FALSE,TRUE,TRUE,FALSE,TRUE,FALSE,3,RQ1;RQ2;RQ4,5,analise_secundaria,RQ0=FALSE; RQ1=TRUE; RQ2=TRUE; RQ3=FALSE; RQ4=TRUE; RQ5=FALSE; n_rqs=3; score=5; estrato_resumo=B_nucleo_descritivo; uso=analise_secundaria
REG_08190,2010,Scopus,10.1057/jba.2009.21,Discussion of proactive maintenance strategies in façades' coatings of social housing,"Façades should meet the users' needs, assuring a good global performance during their service life. Proactive maintenance is becoming increasingly crucial to the rational management of buildings and to reducing global expenses. It offers clear advantages over reactive maintenance, that is interventions which take place after several complaints or in emergencies. Proactive maintenance of building elements helps to create mechanisms to prevent and / or control their deterioration, through the implementation of maintenance actions that are both reliable and economic. This paper discusses a technical and economic analysis that compares three proactive strategies (preventive, predictive and improvement) for two types of coatings typically used in maintenance interventions of façades of social housing units in Lisbon: emulsion, and elastomeric coatings. Finally, crucial parameters to reduce the uncertainty and ensure the reliability of technical and economic analyses for each maintenance strategy are established and discussed. This methodology, the result of 2 years' academic research ( Flores, 2002 ), is intended to help clients, users, practitioners (especially maintenance managers) and decision-makers in their choice of façade intervention (type, frequency and cost estimate) at the buildings' design and post-occupancy phases. © 2010 Macmillan Publishers Ltd.",Building envelope; Coating; Life-cycle cost; Maintenance costs; Painting,B_nucleo_descritivo,parcial,FALSE,TRUE,TRUE,FALSE,TRUE,FALSE,3,RQ1;RQ2;RQ4,5,analise_secundaria,RQ0=FALSE; RQ1=TRUE; RQ2=TRUE; RQ3=FALSE; RQ4=TRUE; RQ5=FALSE; n_rqs=3; score=5; estrato_resumo=B_nucleo_descritivo; uso=analise_secundaria
REG_04562,2026,Scopus,10.1108/jchmsd-04-2026-0267,"From restoration to circular care: maintenance, repair and material continuity in sustainable heritage management","Purpose – This article develops the Circular Care Framework for sustainable heritage management. It connects maintenance, repair, material continuity, embodied carbon preservation and social-managerial care to show how heritage sustainability can be understood as a continuous practice of care and resource responsibility alongside restoration, adaptive reuse and energy upgrading. Design/methodology/approach – The article adopts a targeted structured conceptual review and framework development approach. It synthesizes literature across sustainable heritage management, circular economy and the built environment, maintenance, repair and preventive conservation and embodied carbon, material continuity and building life-cycle thinking. Findings – The conceptual synthesis identifies eight interrelated decision domains: retention, repair, maintenance, reversibility, adaptability, material continuity, embodied carbon preservation and social-managerial care. The framework positions circular care as a life-cycle-oriented decision logic that connects conservation ethics with resource and carbon responsibility. Research limitations/implications – As a conceptual framework, the Circular Care Framework requires future empirical testing to validate its practical applicability in heritage buildings, historic urban areas, adaptive reuse projects and maintenance management processes. Originality/value – The article contributes an integrative conceptual framework that positions maintenance, repair and material continuity as core sustainability practices in heritage management rather than as secondary technical operations. © Emerald Publishing Limited",Circular care; Conservation ethics; Embodied carbon; Heritage governance; Maintenance; Material continuity; Repair; Sustainable heritage management,B_nucleo_descritivo,parcial,TRUE,TRUE,FALSE,FALSE,TRUE,TRUE,4,RQ0;RQ1;RQ4;RQ5,8,analise_secundaria,RQ0=TRUE; RQ1=TRUE; RQ2=FALSE; RQ3=FALSE; RQ4=TRUE; RQ5=TRUE; n_rqs=4; score=8; estrato_resumo=B_nucleo_descritivo; uso=analise_secundaria
REG_02684,2022,Scopus,10.1061/(asce)cf.1943-5509.0001698,"Postoccupancy Evaluation for Student Housing with a Focus on Maintenance Planning, Design Process, and Client Requirement","The improvement of facility maintenance and operation practices for constructed buildings is a major concern for all facility management (FM) firms worldwide. The owner, planner, and developer of housing projects, especially projects that are repeated, are eager to enhance the quality of the coming projects based on satisfaction of the current facility occupants. Little research has been conducted to link occupants' requirements and satisfaction with FM practices or with the design of future facilities. The main purpose of this research was to determine students' satisfaction with and obtain their qualitative feedback regarding a hostel facility to determine whether the constructed facility is providing the performance needed by users of the facility. The research also evaluated the housing facility from the occupants' perspective and correlated this with the current maintenance practices to improve the maintenance planning and the overall performance of the facility. A survey covering 56 different performance attributes was conducted using a questionnaire distributed to the students. The overall level of satisfaction with the studied attributes indicated that the students generally were satisfied with the housing facility. This study will enable the maintenance administration and the university management to identify areas of students' dissatisfaction with housing facility, which will help to improve the performance and the overall satisfaction. Thus, the results and findings from this study will keep the quality of future constructed students housing up to the desired standards and level of service. The study contributes to the body of knowledge on improving student accommodation in higher education and provides valuable insight to the facility management. © 2021 American Society of Civil Engineers.",Asset management; Campus student housing; Construction management; Housing facilities; Life-cycle costs; Operation and maintenance; Postoccupancy evaluation; Repeat construction projects,B_nucleo_descritivo,parcial,FALSE,TRUE,TRUE,FALSE,TRUE,TRUE,4,RQ1;RQ2;RQ4;RQ5,7,analise_secundaria,RQ0=FALSE; RQ1=TRUE; RQ2=TRUE; RQ3=FALSE; RQ4=TRUE; RQ5=TRUE; n_rqs=4; score=7; estrato_resumo=B_nucleo_descritivo; uso=analise_secundaria
REG_06570,2024,Scopus,10.1109/icssas64001.2024.10760900,Intelligent Predictive Maintenance for Smart Building Systems,"An innovative method for streamlining building maintenance and operations in smart buildings is intelligent predictive maintenance, or IPM. This thorough analysis looks at the main advantages, difficulties, and cutting-edge methods for integrating IPM in smart building settings. Early failure identification, decreased downtime, longer equipment lifespans, and optimised maintenance plans are among the main advantages of IPM. These benefits have the potential to significantly reduce costs while also enhancing building performance and occupant comfort. IPM must also overcome a number of significant obstacles, including issues with data quality, security and privacy, complexity of the model, and interpretability. The paper examines the most recent cuttingedge methods and algorithms being created and used for IPM in smart buildings in order to address these issues. These encompass machine learning, deep learning, statistical techniques, and hybrid methodologies. The assessment, for example, emphasises the potential use of federated learning-a machine learning technique that protects privacy-for anomaly detection in smart buildings. The review also explores the particular difficulties associated with maintaining smart buildings, such as system complexity, occupant behaviour, and maintenance strategy and costs. To overcome these obstacles, IPM implementation must take a deliberate and comprehensive approach. Through the development and implementation of efficient IPM solutions to optimise building operations and maintenance, practitioners and researchers can benefit from the deep understanding gained from this thorough assessment, which will ultimately progress sustainability and smart building technologies. © 2024 IEEE.",Anomaly Detection; Data Analysis; Deep Learning; Machine Learning; Maintenance Optimization; Predictive Maintenance; Sensor Fusion,B_nucleo_descritivo,parcial,FALSE,TRUE,TRUE,TRUE,FALSE,FALSE,3,RQ1;RQ2;RQ3,6,analise_secundaria,RQ0=FALSE; RQ1=TRUE; RQ2=TRUE; RQ3=TRUE; RQ4=FALSE; RQ5=FALSE; n_rqs=3; score=6; estrato_resumo=B_nucleo_descritivo; uso=analise_secundaria
REG_03081,2021,Scopus,10.1016/j.jobe.2021.102385,Assessing critical risk factors (CRFs) to sustainable housing: The perspective of a sub-Saharan African country,"Ensuring safe, affordable and energy efficient housing facilities to members of the general public by 2030 are prominent objectives delineated within the United Nation's (UN) Sustainable Development Goals (SDGs). However, attaining these goals has been negatively influenced by various risk factors. This study explores linear relationships among clusters of these risk factors and the sustainable development goals in the Ghanaian housing market. Specifically, 21 risk factors, established through a comprehensive literature review, were categorized into four main clusters/constructs, namely: 1) political and procurement risks; 2) financial-related risks; 3) design and construction risks and 4) operation and maintenance risks. A questionnaire survey was conducted with respondents mostly in the formal/regulated/controlled sector of the Ghanaian housing market. Partial least square structural equation modelling (PLS-SEM) on the data revealed causal relationships among constructs of risks that could influence the SDGs. Results revealed that only ‘political and procurement risks’ have a significant impact (t-value of 2.321) on the SDGs. Besides, this risk category has significant impacts on all the other risk categories with the highest impact (t-value of 4.538) on ‘design and construction risks’. The study contributes to the scientific literature by providing a novel investigation of the influence of risk constructs on the SDGs in housing. The study's findings may be used to influence research informed local policymakers and supranational organizations who seek to develop interventions/policies for reducing the housing crisis in most cities in Ghana and other sub-Saharan African countries. © 2021 Elsevier Ltd",Affordability; Affordable housing; Critical risks; Ghana; Risks; Sustainable housing,A_nucleo_forte,sim,FALSE,TRUE,TRUE,FALSE,TRUE,FALSE,3,RQ1;RQ2;RQ4,8,analise_secundaria,RQ0=FALSE; RQ1=TRUE; RQ2=TRUE; RQ3=FALSE; RQ4=TRUE; RQ5=FALSE; n_rqs=3; score=8; estrato_resumo=A_nucleo_forte; uso=analise_secundaria
REG_06511,2024,Scopus,10.1061/9780784485262.059,A BIM and AIoT Integration Framework for Improving Energy Efficiency in Green Buildings,"The green building (GB) sector contends with a significant energy performance gap. Building information modeling (BIM), Artificial Intelligence (AI), and Internet of Things (IoT) technologies can address this issue effectively by optimizing design and accurately predicting and monitoring energy consumption. However, research on integrating BIM and AI of Things (AIoT) for GB is nascent. Intelligent processing and analyzing heterogeneous data schema from various information systems is the main challenge faced by many researchers in GB domain. Thus, this study aims to systematically analyze the application of BIM and AIoT in GB and construct an integration framework for improving energy performance. In addition, this framework illustrates how to exchange, transmit, and process massive amounts of heterogeneous data from BIM and IoT platforms by leveraging AI and Semantic Web technologies. Results show that BIM and AIoT integration can assist in intelligent energy-saving decisions through effective data exchange, cloud/edge/fog computing, and user interface (UI). This research contributes to the creation of the BIM-AIoT integration framework. This framework lays a foundation for energy efficiency, facility management, and intelligent construction in the GB domain. Finally, this research highlights the challenges and recommendations related to BIM-AIoT applications in GB. © 2024 ASCE.",,B_nucleo_descritivo,parcial,TRUE,TRUE,TRUE,FALSE,FALSE,TRUE,4,RQ0;RQ1;RQ2;RQ5,9,analise_secundaria,RQ0=TRUE; RQ1=TRUE; RQ2=TRUE; RQ3=FALSE; RQ4=FALSE; RQ5=TRUE; n_rqs=4; score=9; estrato_resumo=B_nucleo_descritivo; uso=analise_secundaria
REG_04692,2026,Scopus,10.31893/multiscience.2026215,"Educational management strategies of Danqing dance school in Pingdingshan, China","This study investigated the educational management strategies of Danqing Dance School in Pingdingshan, Henan Province, China. As a well-known private dance institution, the school has established a complete management system that includes curriculum creation, instructional planning, teacher training, student services, financial operations, administration, and building maintenance. The curriculum is arranged into five developmental levels corresponding to national dance test criteria, and instruction takes place in a structured three-semester, three-hour session style. The regular training and evaluation of teachers ensures their quality. Student management includes tracking information, enforcing regulations, and establishing safety practices. Financial procedures provide openness and sustainability, which are reinforced by strategic administrative planning and cultural enrichment initiatives. Danqing Dance School provides an excellent paradigm for productive and long-term private dance instruction in China. Copyright (c) 2026 The Authors. This work is licensed under a Creative Commons Attribution-NonCommercial-NoDerivatives 4.0 International License.",danqing dance school; educational management; performance training; private dance education,B_nucleo_descritivo,parcial,FALSE,TRUE,TRUE,FALSE,TRUE,FALSE,3,RQ1;RQ2;RQ4,5,analise_secundaria,RQ0=FALSE; RQ1=TRUE; RQ2=TRUE; RQ3=FALSE; RQ4=TRUE; RQ5=FALSE; n_rqs=3; score=5; estrato_resumo=B_nucleo_descritivo; uso=analise_secundaria
REG_03324,2021,Scopus,10.1007/978-3-030-65181-7_2,"Performance of L-shaped Mini Louvers in Tropical Cities in Cooling Energy Reduction: Case Study of Mumbai, Mexico City, and Lagos","Sustainability is one of the biggest issues in green buildings. Many researches are done for finding optimization of building that can be implemented from the design phase to the building operation. One of the strategies to reduce energy is using sun shading devices. This paper shows one possibility of using small L-shaped mini louvers to reduce cooling energy. Rather than using custom devices and advance technologies, this research focuses on simple and widely available materials that can be applied without the needs of specific skills and maintenance. Several L-shaped mini louvers designs as shading device are simulated using computer software to show their performance of reducing cooling energy. The use of a double glass panel window without shading device will be the base case for cooling energy comparison. The simulation will be done in Grasshopper using ladybug and honeybee plugins which have widely used and validated energy simulation engines: EnergyPlus. These shading devices will be simulated in three different cities: Mumbai, Mexico City, and Lagos. The simulation will be done in one-year cycle for eight different orientations. In total, 168 simulations will be analyzed to show the results and draw conclusion of these shading devices. The conclusion shows that L-shaped mini louvers can be used as one of the strategies to achieve more energy-efficient buildings, notably reducing annual cooling energy by 30–32%. © 2021, The Author(s), under exclusive license to Springer Nature Switzerland AG.",Computer simulation; Cooling energy; Energy-efficient building; Mini louvers; Sun shading,A_nucleo_forte,sim,FALSE,TRUE,FALSE,TRUE,FALSE,FALSE,2,RQ1;RQ3,7,analise_secundaria,RQ0=FALSE; RQ1=TRUE; RQ2=FALSE; RQ3=TRUE; RQ4=FALSE; RQ5=FALSE; n_rqs=2; score=7; estrato_resumo=A_nucleo_forte; uso=analise_secundaria
REG_08339,2022,Crossref,10.9734/acri/2022/v22i7538,Maintenance-State Assessment Model for Building Maintenance Forecasting,"This study aims to provide maintenance-state assessment model for forecasting of building maintenance condition. The selected institutions for the study were state funded hospitals and schools (14 functional out of 23 general hospitals and 2 out of 3 tertiary schools). In this study, considering the shortcomings of the most widely accepted condition survey protocol (CSP) 1 matrix, that is suitable for small projects and defect based, the study developed a model that is suitable for large projects and maintenance management system based for assessment of building’s condition. This model was developed analogous to CSP 1 matrix. Two types of ratings used are condition assessment and priority assessment. These two assessment criteria are then multiplied to determine the building maintenance rating score (BMRS). The study developed a 3x3 maintenance matrix model for evaluating building maintenance-state. It also found 25% of the buildings in “good condition” requiring only planned maintenance; 68.75% in “fair condition” requiring condition monitoring and 6.25% in “serious attention” condition.",,B_nucleo_descritivo,parcial,TRUE,TRUE,TRUE,FALSE,TRUE,FALSE,4,RQ0;RQ1;RQ2;RQ4,8,analise_secundaria,RQ0=TRUE; RQ1=TRUE; RQ2=TRUE; RQ3=FALSE; RQ4=TRUE; RQ5=FALSE; n_rqs=4; score=8; estrato_resumo=B_nucleo_descritivo; uso=analise_secundaria
REG_03592,2020,Scopus,10.1016/j.egyr.2020.09.024,Technical and economic analysis of a solar air heating system integration in a residential building wall to increase energy efficiency by solar heat gain and thermal insulation,"Buildings are the major energy consumers, especially when they are located in severe climatic conditions where the energy requirements for heating and cooling are very high. Implementation of renewable energy sources in buildings to reduce their energy consumption and thus the fossil fuel consumption is a priority measure to reduce energy bill costs and greenhouse gas emissions, respectively. Although the initial cost of purchasing and installing renewable energy systems remains high, the costs associated with the operation and maintenance of these systems are negligible. This study aimed to analyse the integration of renewable energy sources in the building sector, namely the solar air heating system (SAHS), to assess the techno-economic-environmental performance of this system on reducing building energy consumption, economic benefits, and greenhouse gas emissions reduction. The paper analyses the annual efficiency of the SAHS integration into the building envelope, in a temperate-continental climate, with hot summers and cold winters. Finally, the proposed SAHS system was evaluated against the natural gas boiler heating system. The results of the financial analysis showed that the simple payback period of SAHS investment will recover in a period between 14 years to 5 years when the subsidies granted by the state are between 0% and 50%. The SAHS proposed here is economically feasible for the weather conditions and the building geographical orientation analysed and system implementation is a good solution to reduce buildings’ energy consumption by using renewable energy. The results show that the implementation of SAHS efficiently reduces, depending on weather conditions, the dependence on fossil fuels by reducing the thermal energy need to heat the building by a minimum of 15.53% in 2011 and a maximum of 24, 68% in 2007. Installing SAHS on the building wall, it will reduce the building heat loss through the wall, achieving a lost heat recovery at a rate ranging between 9.8% and 12.51%. Besides the economic benefits, the paper also highlights the environmental benefits of reducing CO2 emissions. Thus, the use of this system will reduce yearly CO2 emissions, depending on weather conditions, between 38 t CO2/year (2014) and 44 t CO2/year (2007). © 2020 The Author(s)",Air thermal insulation; Building energy efficiency; Economic analysis; Environmental analysis; Renewable energy; Solar air heating system; Solar energy,B_nucleo_descritivo,parcial,FALSE,TRUE,TRUE,FALSE,TRUE,FALSE,3,RQ1;RQ2;RQ4,5,analise_secundaria,RQ0=FALSE; RQ1=TRUE; RQ2=TRUE; RQ3=FALSE; RQ4=TRUE; RQ5=FALSE; n_rqs=3; score=5; estrato_resumo=B_nucleo_descritivo; uso=analise_secundaria
REG_05136,2025,Scopus,10.1051/e3sconf/202566701005,CAFM – Integrated Tool for the Operational Phase of the Construction Life Cycle,"The article deals with the implementation of the CAFM (Computer-Aided Facility Management) software solution and its connection with BIM (Building Information Modeling) technology, while analyzing their joint contribution to effective building management and maintenance. CAFM systems allow real-time monitoring, management and analysis of technical equipment, energy consumption and maintenance planning. Their use brings benefits such as increased energy efficiency, optimization of space utilization, reduction of operating costs and streamlining of work processes by eliminating repetitive activities. Despite these benefits, the implementation of CAFM systems also involves several challenges - for example, the need for staff training, securing software licenses, updating BIM models or introducing reliable data backup. However, these initial demands bring long-term benefits in the form of better planning, management and maintenance of objects using modern digital tools. The main goal of the article is to raise awareness of the possibilities of digitalization in facility management and at the same time show a practical example of its implementation in a specific building. Implemented software solutions have an undeniable number of advantages, such as saving funds and increasing employee performance, which is due to the fact that employees do not have to perform routine work, which is mostly replaced by software solutions. © The Authors, published by EDP Sciences 2025.",,B_nucleo_descritivo,parcial,FALSE,TRUE,TRUE,TRUE,FALSE,FALSE,3,RQ1;RQ2;RQ3,6,analise_secundaria,RQ0=FALSE; RQ1=TRUE; RQ2=TRUE; RQ3=TRUE; RQ4=FALSE; RQ5=FALSE; n_rqs=3; score=6; estrato_resumo=B_nucleo_descritivo; uso=analise_secundaria
REG_01595,2013,Scopus,10.5829/idosi.mejsr.2013.17.09.12286,Building maintenance management preliminary finding of a case study in ICYM,"Building Maintenance Management (BMM) is essential to prolong the building life cycle and reduce the company loss. When buildings are neglected, defects can occur which may result in extensive and unavoidable damage to the building fabric or structure. The objective of this study is to identify International College of Yayasan Melaka (ICYM) building maintenance problems. As such, the chosen building needs to be identified before the research start. The defect and the problem face will be collected and noted in a check list. This will be done by questionnaires and distributed to all service users in ICYM building management office and student hostel. Interview sessions and site visit are also conducted to understand the problem encounter. Hence, this paper is focusing on the maintenance management system which the aim is to reduce the downtime of plant items taking into account the possible impact of a failure in terms of cost. The analysis shows that the hostel building contributed to the most problematic area in ICYM. Based on the preliminary finding, it shows that there is a need to propose a systematic building maintenance management. © IDOSI Publications, 2013.",Building maintenance management; Defect and failure,A_nucleo_forte,sim,FALSE,TRUE,TRUE,FALSE,FALSE,FALSE,2,RQ1;RQ2,7,analise_secundaria,RQ0=FALSE; RQ1=TRUE; RQ2=TRUE; RQ3=FALSE; RQ4=FALSE; RQ5=FALSE; n_rqs=2; score=7; estrato_resumo=A_nucleo_forte; uso=analise_secundaria
REG_04819,2026,Scopus,10.17683/ijomam/issue24.25,ENERGY-SAVING RECONSTRUCTION SCHEME OF BUILDINGS BASED ON ENERGY CONSUMPTION DATA,"The energy consumption level of urban public buildings is increasing continuously in the operation stage, and building energy-saving management has become an integral part of the energy management system. Twenty public buildings were selected as samples, and hourly energy consumption data, meteorological data and building operation information from 2021 to 2023 were collected, and the characteristics of building energy consumption were systematically analyzed. A multiple linear regression model is constructed to quantitatively describe the relationship between building area, outdoor temperature, air humidity and building energy consumption, and an energy-saving renovation scheme is designed based on the model analysis results. The transformation measures include the replacement of high-efficiency water chillers, the renewal of LED lighting system and the optimization of external wall insulation structure. The experimental results show that the annual energy consumption per unit area of the sample building is reduced from 153 kWh/m year to 127 kWh/m year, with an average reduction of 26 kWh/m year, and the energy saving rate is maintained in the range of 16%-19%. The results of economic analysis show that the electricity saving of buildings is about 31,000-61,000 kWh/year, and the investment recovery period is about 4-5 years. The research results show that the energy consumption data analysis method provides quantitative basis for building energy-saving renovation scheme and technical reference for energy management of public buildings. © 2026 by the authors.",Building energy saving; Energy consumption data; Energy consumption forecasting model; Energy-saving transformation,B_nucleo_descritivo,parcial,FALSE,FALSE,TRUE,TRUE,TRUE,TRUE,4,RQ2;RQ3;RQ4;RQ5,8,analise_secundaria,RQ0=FALSE; RQ1=FALSE; RQ2=TRUE; RQ3=TRUE; RQ4=TRUE; RQ5=TRUE; n_rqs=4; score=8; estrato_resumo=B_nucleo_descritivo; uso=analise_secundaria
REG_00054,2018,Scopus,10.1051/matecconf/201820302012,Green Procurement in Construction Industry: A Theoretical Perspective of Enablers and Barriers,"The global environment is gradually deteriorating, and the construction sector is commonly considered as most influential to such issues extending from non-renewable resource depletion to global warming. Developing countries in Asia produce more than 60% of the CO2 emissions and this increases from year to year in the real estate industries. Traditional building materials experience low environmental performance; furthermore, they can lead to several risks related to the environment which consists of the construction process and building operation, such as the diverse emission of hazardous waste. Therefore, green procurement has been considered as a gateway approach for enhancing the environmental performance in the building industry. Since the procurement phase is the early stage of the project lifecycle, it is the most noteworthy to ensure a sustainable future perspective. Therefore, this paper intends to establish a theoretical outlook to exploit the enablers and barriers for promoting green procurement in the construction industry. © The Authors, published by EDP Sciences, 2018.",,B_nucleo_descritivo,parcial,FALSE,FALSE,TRUE,FALSE,FALSE,TRUE,2,RQ2;RQ5,5,analise_secundaria,RQ0=FALSE; RQ1=FALSE; RQ2=TRUE; RQ3=FALSE; RQ4=FALSE; RQ5=TRUE; n_rqs=2; score=5; estrato_resumo=B_nucleo_descritivo; uso=analise_secundaria
REG_04826,2026,Scopus,10.1109/icetsis68266.2026.11549378,AI-Integrated Digital Twin Framework for Quality and Performance Management in Sustainable Buildings,"Operational quality in sustainable buildings is often compromised by fragmentation across Building Information Modeling (BIM), the Internet of Things (IoT), and Building Management Systems (BMS). This paper proposes an Artificial Intelligence (AI)-integrated Semantic Digital Twin (SDT) framework that redefines quality management as a traceable and governance-ready operational process. The framework combines ontology-driven semantics, hybrid physics-AI modeling, and a requirements-to-KPI traceability graph to connect lifecycle intent, data provenance, analytic outputs, and operator decisions. A seven-layer architecture is introduced together with an assurance loop that validates data, quantifies uncertainty, records explainability artifacts, and enforces human approval before controlled actuation. To address evaluation needs, the paper also defines a benchmark-ready Design Science Research blueprint using BOPTEST and governance metrics, including energy use intensity, comfort violation hours, CO2 exceedance hours, fault detection performance, uncertainty calibration, traceability completeness, and approval latency. The contribution is therefore not only an architectural model, but also a practical audit-ready basis for trustworthy and scalable building operations.  © 2026 IEEE.",BOPTEST; Digital Twin; Explainable AI; Fault Detection and Diagnosis (FDD); Operational Governance; Semantic Interoperability; Smart Facility Management; Sustainable Buildings,B_nucleo_descritivo,parcial,TRUE,TRUE,FALSE,FALSE,FALSE,TRUE,3,RQ0;RQ1;RQ5,7,analise_secundaria,RQ0=TRUE; RQ1=TRUE; RQ2=FALSE; RQ3=FALSE; RQ4=FALSE; RQ5=TRUE; n_rqs=3; score=7; estrato_resumo=B_nucleo_descritivo; uso=analise_secundaria
REG_05312,2025,Scopus,10.1007/s13762-025-06679-9,Advancement in urban climate change assessment and mitigation technologies,"Urban climate change associated with global climate change and urbanization is a major challenge for most cities worldwide. Implementing climate change mitigation and adaptation is urgent for both developed and developing cities before they suffer locked-in effects. However, addressing urban climate change requires updated and innovative theories, methods, technologies, and strategies for impact assessment, planning and design methods, urban operation and maintenance, and scheme generation. Among them, there are still many challenges and barriers to overcome in which effective communication and exchange among different stakeholders, at different levels, and from different perspectives should be carried out. This special issue, along with the 4th International Conference on Urban Climate and Urban Design, aims to publish outstanding ideas, thoughts, models, techniques, strategies, cases, and practices on the assessment, preparation, mitigation, and adaptation of urban climate change. This special issue has advanced knowledge of climate-related risk assessment, land use and its dynamic impacts, carbon emission estimation and sequestration, urban environmental quality and innovative estimation techniques, climate-adaptive urban planning and design, sustainable and low-carbon building design, and sustainable urban governance. The published outcomes are expected to provide a reference for urban planners, designers, and managers of developing and developed cities to make more scientific decisions to cope with urban climate change. © The Author(s) under exclusive licence to Iranian Society of Environmentalists (IRSEN) and Science and Research Branch, Islamic Azad University 2025.",Assessment methods; Carbon sequestration; Climate-adaptive urban design; Low-carbon design; Outdoor environmental quality improvement; Urban climate change,B_nucleo_descritivo,parcial,FALSE,TRUE,TRUE,FALSE,TRUE,TRUE,4,RQ1;RQ2;RQ4;RQ5,7,analise_secundaria,RQ0=FALSE; RQ1=TRUE; RQ2=TRUE; RQ3=FALSE; RQ4=TRUE; RQ5=TRUE; n_rqs=4; score=7; estrato_resumo=B_nucleo_descritivo; uso=analise_secundaria
REG_00504,2017,Scopus,10.1108/f-10-2015-0071,Life-cycle cost analysis (LCCA): a comparison of commercial flooring,"Purpose: The business case for facility expenditures is grounded in the knowledge that life-cycle economics is significant to the continued viability of the facility. The aim of this study is to develop an algorithm for life-cycle cost analysis (LCCA) and evaluate flooring products to inform decision makers about the long-term cost of ownership. Design/methodology/approach: The protocol for executing an LCCA is defined by the National Institute of Standards and Technology, including defining the problem, identifying feasible alternatives and establishing common assumptions and parameters, as well as acquiring financial information. Data were provided by an independent third-party source. Findings: The results of this study are twofold: assess functionally equivalent flooring alternatives to determine the best financial value and develop a replicable protocol and algorithm for LCCA. The study found that modular carpet was the best financial solution. As a tool for decision makers, this LCCA informs asset management about the long-term cost of ownership, providing a protocol for making practical, informed decisions for the lowest cost solution for functionally equivalent alternatives. Research limitations/implications: Projecting LCCA beyond 15 years may have limited value based on potential changes in the financial climate. Further research should focus on the implications of changes in the discount rate over time and testing the algorithm on other building systems. Practical implications: Maintenance costs are considerable when compared to initial cost of flooring. Equipment costs have a significant impact on long-term cost of ownership. Using LCCA to inform specifications and to determine the best solution for a building system such as flooring provides an evidence-based process for building design and facility management. Social implications: Life-cycle costs have a significant impact on the financial health of an organization. Using LCCA to make informed decisions about facility design and specifications may contribute to increased financial stability and resources to benefit the organization’s long term goals. Originality/value: This study contributes an algorithm instrument for buildings and building systems. The flooring tested with this protocol provides evidence to inform flooring selection based on lowest cost while considering other factors that inform appropriate selection of flooring materials. © 2017, © Emerald Publishing Limited.",Assessment; Building life cycle; Building maintenance; Building materials; Facilities management; Life-cycle costing,B_nucleo_descritivo,parcial,FALSE,TRUE,TRUE,FALSE,TRUE,TRUE,4,RQ1;RQ2;RQ4;RQ5,7,analise_secundaria,RQ0=FALSE; RQ1=TRUE; RQ2=TRUE; RQ3=FALSE; RQ4=TRUE; RQ5=TRUE; n_rqs=4; score=7; estrato_resumo=B_nucleo_descritivo; uso=analise_secundaria
REG_06583,2024,Scopus,10.1007/978-3-031-77197-2,Building Tomorrow: Unleashing the Potential of Artificial Intelligence in Construction,"This book explores the transformative impact of artificial intelligence (AI) on the construction industry, examining its readiness for widespread integration and its potential to reshape various facets of the construction lifecycle. It introduces the concept of a readiness metric tailored to the construction sector, providing a comprehensive framework for assessing and improving AI adoption. The narrative then shifts to the early stages of projects, highlighting the role of AI in promoting sustainability. From leveraging open data for data-driven decisions to using machine learning for strategic decisions in retrofitting and decarbonising the built environment, the book investigates how AI can be a catalyst for positive change in the construction process. It then explores the integration of AI into project and risk management, unlocking the potential of advanced analytics and predictive modelling to streamline processes and improve decision-making, and the application of AI in asset and facility management, highlighting how intelligent technologies can optimise the lifecycle of built assets. Examining the responsible use of AI tools, the book addresses ethical challenges and outlines guidelines for the conscientious and equitable integration of AI into the construction ecosystem. Overall, it serves as a comprehensive guide for industry professionals, researchers, and policymakers, providing insights into the current landscape, the potential of AI, and the ethical considerations necessary for responsible implementation. © The Editor(s) (if applicable) and The Author(s), under exclusive license to Springer Nature Switzerland AG 2024.",AI for sustainability; AI in the construction industry; built environment; construction process; Decision making; facility management; Machine Learning; risk management,B_nucleo_descritivo,parcial,TRUE,TRUE,TRUE,TRUE,FALSE,FALSE,4,RQ0;RQ1;RQ2;RQ3,9,analise_secundaria,RQ0=TRUE; RQ1=TRUE; RQ2=TRUE; RQ3=TRUE; RQ4=FALSE; RQ5=FALSE; n_rqs=4; score=9; estrato_resumo=B_nucleo_descritivo; uso=analise_secundaria
REG_00457,2017,Scopus,,Building energy index (BEI): A study of government office building in Malaysian public university,"Energy consumption in developing countries such as Malaysia is certainly growing in line with current economic growth and development of commercial as well as residential areas. Thus, various initiatives can be seen, in particular by the role of the government in ensuring the optimum and efficiency usage of energy in the building. Therefore, MS1525 standard is a standard that takes into account the energy efficiency of a building as a reference to determines to what extent the building meets the current standard. Then, this paper presents the Building Energy Index (BEI) for the Chancellery building in Universiti Utara Malaysia (UUM). The aim is to study BEI for the buildings whether this building achieved the standard requirement. The objective of the study was achieved by collecting data of monthly energy usage, gross floor area of the buildings and calculating BEI to get actual results. Preliminary audit which involves a brief review of utility and building operation, observation and a walkthrough in the buildings are used. In order to get a better understanding of major energy consumption in the selected buildings, general audit have been conducted to collect more detailed information about building operation. Based on MS 1525:2007 any building which implements energy efficient measures can achieved the BEI of 136 kWh/ m2/ year. Hence, the government’s target towards more energy efficiency can be archived. Suggestion on how to improve energy saving and enhancement for building performance will be concluded. © School of Engineering, Taylor’s University.",Building energy index; Energy audit; Energy efficiency; Energy management; Performance index,B_nucleo_descritivo,parcial,FALSE,FALSE,TRUE,FALSE,TRUE,TRUE,3,RQ2;RQ4;RQ5,6,analise_secundaria,RQ0=FALSE; RQ1=FALSE; RQ2=TRUE; RQ3=FALSE; RQ4=TRUE; RQ5=TRUE; n_rqs=3; score=6; estrato_resumo=B_nucleo_descritivo; uso=analise_secundaria
REG_04339,2019,Scopus,10.2118/198875-ms,Production enhancement using microemulsion technology in rona field,"Productivity impairment has been a reoccurring issue within the life cycle of wells globally. This is consequent on various factors which include near wellbore damage. The cause and extent of near wellbore damage for suspected wells, can be understood by evaluating the inflow performance, alongside a systemic understanding of the asset and identification of exceptions from expected trends. Some of the major deterrents to the remediation of near wellbore damage include, poor selection of candidate wells and improper selection/deployment of the remediation technology. Microemulsion fluids have been successfully deployed to effectively manage the persistent problem of near-wellbore damage in Rona Field. This technical paper describes the steps taken to implement a successful rigless microemulsion stimulation job (matrix stimulation) on two wells in Rona Field, which resulted in total production gain of about 1400 BOPD. In the course of this work, a structured candidate screening exercise was carried out on the wells and reservoirs in Rona Field, by leveraging embedded analytics in SEPAL well, reservoir and facility management (WRFM) tool to identify wells with impaired productivity due to formation damage. Thereafter, a carefully designed Microemulsion treatment system having an ultra-low interfacial tension, high solvency and compatibility with the formation fluids was formulated and deployed. The Microemulsion stimulation treatment resulted in approximately 411% and 30% increment in oil rates for RONA-07S and RONA-12S respectively. The lessons learnt, best practices adopted on the execution of the job, together with the operational challenges encountered and how they were resolved will be discussed in this paper. Copyright 2019, Society of Petroleum Engineers.",,C_contextual,nao,FALSE,TRUE,FALSE,FALSE,FALSE,FALSE,1,RQ1,-3,apoio_contextual,RQ0=FALSE; RQ1=TRUE; RQ2=FALSE; RQ3=FALSE; RQ4=FALSE; RQ5=FALSE; n_rqs=1; score=-3; estrato_resumo=C_contextual; uso=apoio_contextual
REG_04403,2019,Scopus,10.1201/9780429001055-36,Strategies for sustainable FM,"Facilities Management (FM) professionals can play a significant role in reducing the world’s major resource challenges and create sustainable development, if sustainability is integrated as a quality goal in FM at strategic, tactical and operational levels. This chapter provides facility managers with inspiration for formulating sustainability strategies. Companies must necessarily develop their own sustainability strategy to reflect the company’s values and ambitions. The differences are due to the fact that companies differ in core business and facilities, but they also differ in the way they relate to sustainability and in the role and responsibility of the FM organisation. The chapter discusses the strategic positions: pollution control; smart technology; best on the market; and sustainable vision. Sustainable FM is something that exists more in theory than in practice. The chapter identifies three main directions regarding the realisation of sustainable FM: environmentally friendly FM; the smart sustainable building; and pilot projects for a sustainable society of the future. © 2019 selection and editorial matter, Per Anker Jensen.",,C_contextual,nao,FALSE,TRUE,FALSE,FALSE,FALSE,FALSE,1,RQ1,-3,apoio_contextual,RQ0=FALSE; RQ1=TRUE; RQ2=FALSE; RQ3=FALSE; RQ4=FALSE; RQ5=FALSE; n_rqs=1; score=-3; estrato_resumo=C_contextual; uso=apoio_contextual
REG_02504,2022,Scopus,10.13196/j.cims.2022.09.001,Collaborative platform of lifecycle value chain for nuclear power equipment,"On the basis of summarizing the typical characteristics of nuclear power equipment, the challenges faced by the current nuclear power equipment lifecycle value chain collaboration was analyzed, the necessity of building a collaborative platform of lifecycle value chain for nuclear power equipment was pointed out, and a platform architecture was designed. According to the problems of credibility of data interaction, traceability of quality control and controllability of operation and maintenance, the key technology system for the collaborative platform of nuclear power equipment's lifecycle value chain was put forward, which included the lifecycle value chain collaborative data space construction and mining, quality control and value chain traceability in cross-enterprise collaborative environment and multi-modal data-driven intelligent operation and maintenance service and closed-loop feedback. The key technology system effectively promoted the multi-field and multi-stage business collaboration of value chain enterprises and realized the overall value creation and sustainable and stable development of the lifecycle. In combination with typical business scenarios of the lifecycle of nuclear power equipment, the preliminary research and practice had been carried out from three aspects of data interaction, quality control and status prediction, providing a reference for the further application of collaborative platform of lifecycle value chain for nuclear power equipment in the future. © 2022 CIMS. All rights reserved.",collaborative platform; lifecycle; nuclear power equipment; value chain,C_contextual,nao,FALSE,TRUE,FALSE,FALSE,FALSE,FALSE,1,RQ1,-3,apoio_contextual,RQ0=FALSE; RQ1=TRUE; RQ2=FALSE; RQ3=FALSE; RQ4=FALSE; RQ5=FALSE; n_rqs=1; score=-3; estrato_resumo=C_contextual; uso=apoio_contextual
REG_02602,2022,Scopus,10.1371/journal.pwat.0000021,"Analysis of management systems for sustainability of infection prevention and control, and water sanitation and hygiene in healthcare facilities in the Greater Kampala Area, Uganda","Sustaining Water, Sanitation, and Hygiene (WASH), and Infection Prevention and Control (IPC) services in healthcare facilities (HCFs) remain a challenge in the developing world. This is largely attributable to ineffective management systems such as leadership, training, monitoring, financing and accountability, and operation and maintenance (O&M) for WASH and IPC. This study analysed management systems for the sustainability of WASH and IPC in HCFs in the Greater Kampala Metropolitan Area (GKMA), Uganda. A descriptive cross-sectional study was conducted in 59 HCFs. Data were obtained from HCF in-charges using the WASHCon tool. Indicators of sustainability across HCF level and ownership were compared using Chi-square tests, performed in Stata 14 statistical software. A p-value of less than 0.05 was considered significant. Less than half, 42.4% (25/59) of the HCFs had trained their staff on WASH issues, and 44.1% (26/59) had WASH and IPC guidelines. Nearly all, 91.2% (31/34) of the HCFs that needed new sinks, taps, or pipes could not afford them due to insufficient funds. The perceptions of in-charges that it was their responsibility: to ensure that staff receive training on WASH and IPC (p = 0.014); to oversee the O&M of WASH and IPC infrastructure (p = 0.005); and to sustain WASH and IPC infrastructure and behaviours (p = 0.014) varied by ownership of the HCF. Availability of written guidelines on WASH and IPC varied by level and ownership (p = 0.010). In this study, sub-optimal management systems for WASH and IPC were noted, and leadership, training and monitoring, financing, and accountability varied across level and ownership of the HCFs. Nonetheless, simple acts such as recognising the best performing staff in WASH and IPC can boost the morale of the staff. Also, there is a need for budget increments and functionalisation of the WASH and IPC committees in order to sustain recommended practices. This is an open access article, free of all copyright, and may be freely reproduced, distributed, transmitted, modified, built upon, or otherwise used by anyone for any lawful purpose. The work is made available under the Creative Commons CC0 public domain dedication.",,C_contextual,nao,FALSE,TRUE,TRUE,FALSE,TRUE,TRUE,4,RQ1;RQ2;RQ4;RQ5,2,apoio_contextual,RQ0=FALSE; RQ1=TRUE; RQ2=TRUE; RQ3=FALSE; RQ4=TRUE; RQ5=TRUE; n_rqs=4; score=2; estrato_resumo=C_contextual; uso=apoio_contextual
REG_00318,2018,Scopus,,Building asset management system: A performance evaluation approach,"The role of building asset management has recently become significant in municipal governments for strategic, operational, and financial reasons. However, with age, exposure to severe conditions, and insufficient capacity to serve population growth, buildings have been progressively deteriorating. So, there is a serious need to implement more efficient, sustainable, and proactive asset management strategies to improve the management of building assets. The aim of this study is to review the existing building inventory systems and performance assessment methods since they are the basis for effective asset management. Moreover, this study proposes a multi-part condition rating model that offers a set of summary indicators to evaluate the performance of any building component or system. The results of this study indicate that the proposed model provides an improved asset performance evaluation process that leads to more effective maintenance decision making. © 2018 Institute of Industrial Engineers (IIE). All rights reserved.",Asset Management; Condition rating; Performance evaluation,C_contextual,nao,TRUE,TRUE,TRUE,TRUE,FALSE,TRUE,5,RQ0;RQ1;RQ2;RQ3;RQ5,6,apoio_contextual,RQ0=TRUE; RQ1=TRUE; RQ2=TRUE; RQ3=TRUE; RQ4=FALSE; RQ5=TRUE; n_rqs=5; score=6; estrato_resumo=C_contextual; uso=apoio_contextual
REG_01339,2014,Scopus|WoS,10.1109/tste.2014.2315651,Smart microgrids as a solution for rural electrification: Ensuring long-term sustainability through cadastre and business models,"The provision of energy at the local level by using renewable and local resources is increasingly acknowledged as a techno-economic solution for rural electrification. This work describes an approach for implementing microgrid projects at the institutional level by means of a specific entity that uses methods that engage the community in microgrid operation and maintenance (O&M), which ensures long-run benefits. The first step, related to macro-level barriers, is addressed by building a complete cadastre of isolated communities, while the second, at the micro level, focuses on business models for covering investment and O&M costs. A cadastre uncovers the key characteristics of each location (energy resources, availability, socio-economic conditions, environment, etc.). A cadastre also helps identify local needs, develop monitoring strategies, and determine benchmarks among microgrids. Its information also assists with proposing new projects, securing funding, and monitoring actual microgrids. At the micro level, local stakeholders, economic capabilities, social capital, and organizational structures are identified, which contribute to the selection of a tailored business model that can enable fundraising and O&M activities. The approach is presented in a four-stage framework: 1) background data collection; 2) community profile building; 3) system design; and 4) detailed engineering. Each community is evaluated by a prioritization index that considers the electrical conditions of each residence. © 2010-2012 IEEE.",Business models; cadastre; distributed generation; microgrid; rural electrification; Business models cadastre distributed generation microgrid rural electrification,C_contextual,nao,TRUE,TRUE,TRUE,TRUE,FALSE,TRUE,5,RQ0;RQ1;RQ2;RQ3;RQ5,6,apoio_contextual,RQ0=TRUE; RQ1=TRUE; RQ2=TRUE; RQ3=TRUE; RQ4=FALSE; RQ5=TRUE; n_rqs=5; score=6; estrato_resumo=C_contextual; uso=apoio_contextual
REG_00586,2017,Scopus,,Challenges in naval ship maintenance,"The challenges associated with the maintenance of a naval ship start right from the conceptual stage of the ship building up until the disposal of the ships. The selection of the most appropriate maintenance strategy for the life cycle of the ship plays a key role in optimizing the maintenance efforts and reducing the overall cost of the ship’s maintenance. Unlike the commercial ships, the range of expertise and skills required for maintaining a naval ship and equipment onboard is very large. The inherent complexities and the risks associated with the naval ship systems make the task of determining the best maintenance strategy for them very effortful. The enhanced operational demands of the naval forces due to the current political scenarios across the world make it difficult for the authorities to make the ship available for the maintenance in accordance with its upkeep plan. Another key factor which makes the naval ship maintenance quite challenging is the varied age of the ships in any leading naval force, which normally ranges from the newly commissioned ships to those which have completed more than 20 years in service. Maintenance of a naval ship not only involves the design of an efficient Maintenance Management System but also the selection and implementation of the right combination of maintenance strategies. This paper is an attempt to identify the challenges associated with the maintenance of naval ships in order to negotiate them for optimizing the maintenance efforts. © 2017 Royal Institution of Naval Architects. All rights reserved.",,C_contextual,nao,FALSE,TRUE,TRUE,FALSE,FALSE,FALSE,2,RQ1;RQ2,-1,apoio_contextual,RQ0=FALSE; RQ1=TRUE; RQ2=TRUE; RQ3=FALSE; RQ4=FALSE; RQ5=FALSE; n_rqs=2; score=-1; estrato_resumo=C_contextual; uso=apoio_contextual
REG_04306,2019,Crossref|Scopus|WoS,10.3390/buildings9010011,"A better maintenance strategy, a more sustainable Hanok: Towards Korean traditional public facilities","Currently, user demands for Hanok, the Korean traditional building type, are increasing in Korea, and their use as residences and accommodations are especially booming, while public facilities are rarely built in the style of Hanok these days. One of the most critical reasons for the issue is that Hanok lack usability and are difficult to maintain as a public facilities. Therefore, it is improvement of the usability of Hanok is needed for them to be accepted as public buildings and to set up the maintenance strategy for the style of the wooden structure. This research has defined public buildings in Hanok and classified them into three types according to structural standards. Then, this study analyzed the characteristics of each type, and suggested a checklist for Hanok usability, employing it to analyze the most recent exemplar Hanoks built as results in the governmental research project, monitored them in aspects of the facility management focused on the wooden structure and suggested strategies for sustainability by deriving eight factors in usability and another eight major types of defects to review the current status of the maintenance for the wooden structure. Finally, this study proposed the main direction for Hanok maintenance to establish its strategies for sustainability. © 2018 by the author.",Assessment system; Han style; Hanok; Korean traditional building; Maintenance strategy; Public facilities; Sustainability; Usability; Hanok Korean traditional building public facilities Han style usability assessment system maintenance strategy sustainability,C_contextual,nao,FALSE,FALSE,FALSE,FALSE,TRUE,TRUE,2,RQ4;RQ5,-1,apoio_contextual,RQ0=FALSE; RQ1=FALSE; RQ2=FALSE; RQ3=FALSE; RQ4=TRUE; RQ5=TRUE; n_rqs=2; score=-1; estrato_resumo=C_contextual; uso=apoio_contextual
REG_02388,2010,Scopus,10.1201/b10527-43,Towards a Process warehouse based energy building information model,"This paper describes the realization of a Process Warehouse (PW) with associated business connotations into the Engineering domain. It describes the implementation of the Process Intelligence concept that systematically captures, automates, arranges and stores the analysis methods (collection, evaluation, representation) of building performance processes and data, into the Data Warehouse (DW) of the Energy Building Information Model (eBIM), developed by the Information Technology for Sustainable and Optimised Building Operation (ITOBO) project. The rationale for this realization is to improve the overall performance of the eBIM in real time, considering its corporate goals, load balance, scalability and higher availability of the Corporate DW (CDW) of buildings networks for the end users. The paper further examines the potentials of employing a distributed PW architecture into the ITOBO platform to improve its overall performance. © 2010 Taylor & Francis Group, London.",,C_contextual,nao,FALSE,FALSE,FALSE,FALSE,FALSE,FALSE,0,,-4,apoio_contextual,RQ0=FALSE; RQ1=FALSE; RQ2=FALSE; RQ3=FALSE; RQ4=FALSE; RQ5=FALSE; n_rqs=0; score=-4; estrato_resumo=C_contextual; uso=apoio_contextual
REG_05574,2025,Scopus,10.26868/25222708.2025.1653,High-Fidelity Building Emulator for Integrated Comfort and Energy Analysis using EnergyPlus and Radiance,"The growing need for smart, energy-efficient, and occupant-centric buildings has created a demand for advanced control systems that can optimize building operations to balance energy savings, demand flexibility, and comfort. However, current building energy simulation tools, such as EnergyPlus, have limitations that hinder the development and evaluation of these complex control systems. To address this challenge, we introduce a high-fidelity building emulator that dynamically couples EnergyPlus with Radiance for enhanced daylight modeling. The introduced workflow allows researchers and practitioners to rapidly develop and evaluate innovative control solutions. An example study looking at a south-facing office zone revealed up to 67% deviation in predicted light levels, which can significantly impact building assessment. © 2025 Building Simulation Conference Proceedings. All rights reserved.",,C_contextual,parcial,FALSE,FALSE,FALSE,FALSE,FALSE,TRUE,1,RQ5,1,apoio_contextual,RQ0=FALSE; RQ1=FALSE; RQ2=FALSE; RQ3=FALSE; RQ4=FALSE; RQ5=TRUE; n_rqs=1; score=1; estrato_resumo=C_contextual; uso=apoio_contextual
REG_06921,2023,Scopus,10.1016/j.enbuild.2023.113635,Automated monitoring applications for existing buildings through natural language processing based semantic mapping of operational data and creation of digital twins,"Buildings' operation constitutes 36% of the German energy consumption. Currently, operators lack the knowledge on energy-saving techniques. There is a shortage of cost-effective and easily-implementable solutions to evaluate building performance. The cause of this problem lies with the semantically heterogeneous operational data used in technical applications. Integrating the data into monitoring applications demands substantial and costly manual efforts. This paper presents a method that enables automated generation of technical monitoring applications for existing buildings. The method outlined represents existing automation stations as digital twins and employs artificial intelligence to map the heterogeneous data to a standard and create semantic digital twins of buildings. The paper introduces a method using natural language processing for the semantic processing of data. The developed method involves a four-stage process for classification of data points, which are subsequently mapped to a uniform vocabulary. To classify the data points, language models were trained on a created dataset of 54,125 data points. Following successful training, the models can process semantically heterogeneous data points. The results, demonstrating an average F1-Score of over 95%, indicate that the developed method is suitable for automating data point mapping. The models were implemented as an Industry 4.0 service and integrated into an application. © 2023 The Author(s)",Automatic generation of monitoring applications; Buildings' operation; Classification operational building data; Energy saving; Industry 4.0 Asset Administration Shell; Interoperability of technical systems; Natural language processing for semantic mapping; Semantic digital twin,C_contextual,parcial,FALSE,FALSE,TRUE,FALSE,FALSE,FALSE,1,RQ2,1,apoio_contextual,RQ0=FALSE; RQ1=FALSE; RQ2=TRUE; RQ3=FALSE; RQ4=FALSE; RQ5=FALSE; n_rqs=1; score=1; estrato_resumo=C_contextual; uso=apoio_contextual
REG_02861,2022,Scopus,10.31705/wcs.2022.1,A DEEP LEARNING-BASED BUILDING DEFECTS DETECTION TOOL FOR SUSTAINABILITY MONITORING,"To ensure sustainability of buildings, detection of building defects is crucial. Conventional practices of defects detection from building inspection data are mostly manual and error prone. With the advancements in computer vision, imaging technology and machine learning-based tools have been developed for real-time, accurate and efficient defects detection. Deep learning (DL), which is a branch of ML is more robust in automatically retrieving elements’ semantics to detect building defects. Although DL algorithms are robust in object detection, the computational complexities and configurations of these models are high. Therefore, this study presents a process of developing a computationally inexpensive and less complicated DL model using transfer learning and Google Colab virtual machine to improve automation in building defects detection. Cracks is one of the major building defects that constraint the safety and durability of buildings thus hindering building sustainability. Building cracks images were sourced from the Internet to train the model, which was built upon You Only Look Once (YOLO) DL algorithm. To test the DL model, inspection images of five (05) buildings collected by the Facilities Management department of a University in Sydney city were used. The DL model developed using this process offers a monitoring tool to ensure the sustainability of buildings with its’ ability of detecting cracks from building inspection data in real time accurately and efficiently. Although the current model is built to detect cracks, this process can be employed to automated detection of any building defect upon providing the training images of defects. © 2022, Ceylon Institute of Builders. All rights reserved.",Computer Vision; Deep Learning; Defects; Google Colab; Sustainability,C_contextual,nao,FALSE,TRUE,TRUE,FALSE,TRUE,FALSE,3,RQ1;RQ2;RQ4,0,apoio_contextual,RQ0=FALSE; RQ1=TRUE; RQ2=TRUE; RQ3=FALSE; RQ4=TRUE; RQ5=FALSE; n_rqs=3; score=0; estrato_resumo=C_contextual; uso=apoio_contextual
REG_04833,2026,Scopus,10.1201/9781003541295-6,Urban Facility Management and Sustainable Neighborhoods,"This chapter first examines the history, philosophy, definitions, and applications of facilities management and urban facilities management. It then identifies the connections between the emerging concept of urban facilities management and urban approaches and theories. Recognizing these connections aims to enhance the understanding of the potential relationships between urban facility management and sustainable neighborhoods. As an evolving approach, urban facilities management is on the rise. Clearly, understanding its relationship with other fields can promote its growth in academic literature and discourse globally. Urban facilities management, by engaging local communities, places participation at the forefront and encourages dialogue among various stakeholders. Additionally, urban facilities management can optimize facilities management by fostering integration and merging it with the concept of intelligence. By aligning with the needs of residents and urban planning initiatives, it can effectively contribute to the vision of healthy neighborhoods and cities. Furthermore, urban facility management can aid in achieving more sustainable neighborhoods and cities by integrating into the realm of urban planning. © 2026 Jan Veuger.",,C_contextual,nao,FALSE,FALSE,FALSE,FALSE,TRUE,FALSE,1,RQ4,-3,apoio_contextual,RQ0=FALSE; RQ1=FALSE; RQ2=FALSE; RQ3=FALSE; RQ4=TRUE; RQ5=FALSE; n_rqs=1; score=-3; estrato_resumo=C_contextual; uso=apoio_contextual
REG_08189,2010,Scopus,10.1109/icee.2010.1358,"E-campus in Xiamen University: The past, present and the hopeful future","E-Campus has greater and greater roles in universities around the world. This paper discusses the E-Campus development in Xiamen University in the past, the present and the future. By analyzing its functionalities, some insufficiencies such as organizational insufficiency, ineffective information management, lack of maintenance planning, lack of a sustainable investment mechanism, insufficient involvement of university project team, lack of management process readjustment are pointed out. Future improvement and investment should be based on the management of these insufficiencies. To offer solutions to informatization, some suggestions which could be a way forward to the improvement of E-campus planning and development in universities are demonstrated. © 2010 IEEE.",E-campus; Informatization; Network,C_contextual,nao,FALSE,FALSE,FALSE,FALSE,TRUE,TRUE,2,RQ4;RQ5,-1,apoio_contextual,RQ0=FALSE; RQ1=FALSE; RQ2=FALSE; RQ3=FALSE; RQ4=TRUE; RQ5=TRUE; n_rqs=2; score=-1; estrato_resumo=C_contextual; uso=apoio_contextual
REG_04502,2019,Scopus,10.1088/1755-1315/352/1/012063,"Design and build with straw, earth and reeds for a minus carbon and plus energy building practice","The 6Zs target refers to the concept of a minus carbon and plus energy eco-cycle refugee house. A 37 m2 house was designed and constructed in a participatory manner in the City of Lund, Sweden. The 6Zs include: zero emissions, zero energy, zero waste, zero cost, zero indoor air pollutants and zero impact on the environment after the shelter is demolished. The key idea of this eco-cycle house is to reach net 6Zs during all stages - material extraction, building construction, operation and maintenance - until the shelter's end of life. The main construction material is plant-based raw fibers (mainly straw and reed), which are available around the building site. This house is designed to accommodate the needs of two adults and one child. It was built with the help of 7 refugees in 11 working days through an experimental participatory urban living lab methodology. The paper discusses the 6Z design concepts and draws conclusions on the preliminary assessment of the house prototype that was built as a proof of concept. The beneficiaries of this project are not restricted to refugees but also include the majority of individuals and families seeking affordable ways of living with a low impact on the environment. The house is designed for the cold Swedish climate, but the design concept and methodological approach can be adjusted to other climates or geographical contexts. © 2019 IOP Publishing Ltd. All rights reserved.",,C_contextual,nao,FALSE,TRUE,TRUE,FALSE,FALSE,FALSE,2,RQ1;RQ2,-1,apoio_contextual,RQ0=FALSE; RQ1=TRUE; RQ2=TRUE; RQ3=FALSE; RQ4=FALSE; RQ5=FALSE; n_rqs=2; score=-1; estrato_resumo=C_contextual; uso=apoio_contextual
REG_04340,2019,Scopus,10.1007/978-3-030-11352-0_300263,Sustainable Facilities Management (SFM),[No abstract available],,C_contextual,nao,FALSE,FALSE,FALSE,FALSE,FALSE,FALSE,0,,-4,apoio_contextual,RQ0=FALSE; RQ1=FALSE; RQ2=FALSE; RQ3=FALSE; RQ4=FALSE; RQ5=FALSE; n_rqs=0; score=-4; estrato_resumo=C_contextual; uso=apoio_contextual
REG_01467,2014,Scopus,,Redefining ongoing commissioning for government sector high performing sustainable buildings,"Fully integrating the technology of advanced metering is neither simple nor uniform nor widely accepted by property management or operations personnel. However, the promise of this technology is worth the intense effort and is rapidly redefining the way properties are operated and managed for resource efficiency management. If the deployment and integration of the basics of installation, staff education and management structuring can be handled effectively, then the information gained from appropriately installed advanced metering will save energy and water and allow the building operators to manage and control the functionality of the systems with nearly all blinders off, unlike the state of the art for facility management over the past 60 years.",,C_contextual,nao,FALSE,TRUE,FALSE,FALSE,FALSE,FALSE,1,RQ1,-3,apoio_contextual,RQ0=FALSE; RQ1=TRUE; RQ2=FALSE; RQ3=FALSE; RQ4=FALSE; RQ5=FALSE; n_rqs=1; score=-3; estrato_resumo=C_contextual; uso=apoio_contextual
REG_02031,2012,Scopus,10.1201/b12516-88,BIM as a centre piece for optimised building operation,"It is a natural business need to have our building stock operating efficiently. A building that operates efficiently is one where most characteristics of the building can be measured, monitored and recorded while responding with relevant actuation. BIM has proved over time to be a valuable asset in contributing to the management of relevant building data. This paper examines how current implemented research in the area of Optimised Building Operation can be used to further the role BIM can play. It also examines experiences using an open source BIM tool and considers the technological approach taken by such a tool as a positive step to achieving a synchronous BIM when integrated with current building performance data gathering techniques. © 2012 Taylor & Francis Group.",,C_contextual,nao,FALSE,FALSE,FALSE,FALSE,TRUE,FALSE,1,RQ4,-3,apoio_contextual,RQ0=FALSE; RQ1=FALSE; RQ2=FALSE; RQ3=FALSE; RQ4=TRUE; RQ5=FALSE; n_rqs=1; score=-3; estrato_resumo=C_contextual; uso=apoio_contextual
REG_04245,2019,Scopus,10.1088/1757-899x/513/1/012028,Deferred maintenance of buildings: A review paper,"The building must be maintained to keep it in optimal operation in giving service and it is vital and also it can be influenced towards the building performance. Therefore, immediately after construction of the building project is completed, maintenance start to set in. The conducive environment that provided for the buildings will give a good performance and significant impact. Therefore, building maintenance is crucial in making sure the buildings can deliver a good service or function, but in certain reason building maintenance and repair activities that were not performed when they should have been will be deferred. Deferred maintenance occurs because there is no efficiency in managing building maintenance. Deferred maintenance has become a pressing issue in many countries and have adverse effects to the organization (stakeholders and users). Hence, this study is intended to provide definitions, issues and challenges of deferred maintenance of the buildings. © Published under licence by IOP Publishing Ltd.",,C_contextual,nao,FALSE,TRUE,TRUE,FALSE,FALSE,FALSE,2,RQ1;RQ2,-1,apoio_contextual,RQ0=FALSE; RQ1=TRUE; RQ2=TRUE; RQ3=FALSE; RQ4=FALSE; RQ5=FALSE; n_rqs=2; score=-1; estrato_resumo=C_contextual; uso=apoio_contextual
REG_01710,2013,Scopus|WoS,10.1016/j.aei.2012.11.006,"A cloud approach to unified lifecycle data management in architecture, engineering, construction and facilities management: Integrating BIMs and SNS","The problem of data integration throughout the lifecycle of a construction project among multiple collaborative enterprises remains unsolved due to the dynamics and fragmented nature of the construction industry. This study presents a novel cloud approach that, focusing on China's special construction requirements, proposes a series of as-built BIM (building information modeling) tools and a self-organised application model that correlates project engineering data and project management data through a seamless BIM and BSNS (business social networking services) federation. To achieve a logically centralised single-source data structure, a unified data model is constructed that integrates two categories of heterogeneous databases through the adoption of handlers. Based on these models, key technical mechanisms that are critical to the successful management of large amounts of data are proposed and implemented, including permission, data manipulation and file version control. Specifically, a dynamic Generalised List series is proposed to address the sophisticated construction file versioning issue. The proposed cloud has been successfully used in real applications in China. This research work can enable data sharing not only by individuals and project teams but also by enterprises in a consistent and sustainable way throughout the life of a construction project. This system will reduce costs for construction firms by providing effective and efficient means and guides to complex project management, and by facilitating the conversion of project data into enterprise-owned properties. (C) 2012 Elsevier Ltd. All rights reserved.",Building information modeling; Business social networking services; Cloud computing; Life cycle data management; Self-organisation; Version control; Cloud computing Business social networking services Building information modeling Life cycle data management Version control Self-organisation MODEL INDUSTRY SYSTEM,C_contextual,nao,FALSE,TRUE,TRUE,FALSE,FALSE,FALSE,2,RQ1;RQ2,-1,apoio_contextual,RQ0=FALSE; RQ1=TRUE; RQ2=TRUE; RQ3=FALSE; RQ4=FALSE; RQ5=FALSE; n_rqs=2; score=-1; estrato_resumo=C_contextual; uso=apoio_contextual
REG_03659,2020,Scopus,10.1007/s11709-020-0668-6,Green building research from design to operation in the past 20 years: A perspective,[No abstract available],,C_contextual,parcial,FALSE,FALSE,FALSE,FALSE,FALSE,FALSE,0,,-1,apoio_contextual,RQ0=FALSE; RQ1=FALSE; RQ2=FALSE; RQ3=FALSE; RQ4=FALSE; RQ5=FALSE; n_rqs=0; score=-1; estrato_resumo=C_contextual; uso=apoio_contextual
REG_00524,2017,Scopus|WoS,,New methods of optimizing building maintenance,"Recent time is characterized by an increasing trend in the application of sustainable development in civil engineering, including building maintenance. There exist several methods of optimizing maintenance. One of them is the application of state-of-theart information technologies in the building maintenance process. A detailed analysis of all processes related to the building maintenance right in the design process can affect future maintenance of buildings-whether economic or energy intensity of the maintenance itself. Identification of all maintenance activities of individual building components and technical and technological installations in the proposed service life can determine their financial scope, but also time needs. A suitable version may be selected by a designer according to the future user needs. According to their requirements and resources, this version will be the best for the given group of users within the life cycle process. © 2017 Taylor & Francis Group, London, UK.",,C_contextual,nao,FALSE,TRUE,TRUE,FALSE,FALSE,FALSE,2,RQ1;RQ2,-1,apoio_contextual,RQ0=FALSE; RQ1=TRUE; RQ2=TRUE; RQ3=FALSE; RQ4=FALSE; RQ5=FALSE; n_rqs=2; score=-1; estrato_resumo=C_contextual; uso=apoio_contextual
REG_01940,2012,Crossref|Scopus,10.1080/15732471003777071,Building asset management with deficiency tracking and integrated life cycle optimisation,"This paper introduces a comprehensive building asset management system with a unique formulation in which all functions from inspection, to deterioration modelling, and life cycle analysis, track the dynamics of building deficiencies. The system also incorporates an integrated life cycle analysis that determines both the optimum repair-types and the optimum repair-timings for a large network of buildings with hundreds of components. To handle the large-scale optimisation involved, a two-phase optimisation procedure has been introduced and its powerful performance validated on various size networks. The paper provides a description of the proposed asset management system and discusses its implementation in a user-friendly prototype that suits a large school board in North America. The proposed asset management system is innovative and helps organisations with large building assets improve the overall condition of their inventory with highest return on the limited repair budget. © 2012 Taylor and Francis Group, LLC.",asset management; buildings; capital renewal; computer application; life cycle analysis; optimisation,C_contextual,nao,FALSE,TRUE,TRUE,FALSE,TRUE,FALSE,3,RQ1;RQ2;RQ4,0,apoio_contextual,RQ0=FALSE; RQ1=TRUE; RQ2=TRUE; RQ3=FALSE; RQ4=TRUE; RQ5=FALSE; n_rqs=3; score=0; estrato_resumo=C_contextual; uso=apoio_contextual
REG_02913,2022,Scopus,10.46354/i3m.2022.sesde.007,How sustainability factors influence maintenance of water distribution systems feeding manufacturing industries,"This work aims to analyse the role played by relevant sustainability factors towards the implementation of maintenance interventions in the manufacturing industrial sector. In this context, we focus on industrial water distribution systems, on whose effective work depends the functioning of core plants as well as general industrial facilities. In detail, we propose a Multi-Criteria Decision-Making (MCDM) application based on the use of the Analytic Network Process (ANP) as a methodological way to prioritise maintenance interventions while considering the influence of some of the most relevant sustainability factors identified in literature. The main advantage of such an approach consists in the elaboration of a flexible maintenance procedure for companies based on a well-known and reliable multi-criteria application. The novelty of our work refers to the development of a structured link between sustainability factors and maintenance management of industrial water distribution systems, something that is fundamental in manufacturing but also in other fields of application. © 2022 The Authors",ANP; Idustrial Systems; Maintenance Management; Mulit-Criteria Decision-Making; Sustainability Factors,C_contextual,nao,TRUE,TRUE,FALSE,TRUE,FALSE,FALSE,3,RQ0;RQ1;RQ3,2,apoio_contextual,RQ0=TRUE; RQ1=TRUE; RQ2=FALSE; RQ3=TRUE; RQ4=FALSE; RQ5=FALSE; n_rqs=3; score=2; estrato_resumo=C_contextual; uso=apoio_contextual
REG_01178,2015,Scopus,10.1201/b17396-70,Intelligent solutions for sustainable facilities management of highly energy-efficient school buildings,"The purpose of the paper is to discuss the challenges for the management and use of highly energy-efficient school buildings. An overview of the state of the art in passive house buildings is presented. Norway's first passive house school is studied as example, with a focus on the interaction between sustainable facilities management, building owner, and building user. The paper contributes to a better understanding of passive house buildings and the challenges related to the implementation of intelligent solutions for sustainable facilities management. © 2015 Taylor & Francis Group.",,C_contextual,nao,FALSE,TRUE,FALSE,FALSE,TRUE,FALSE,2,RQ1;RQ4,-2,apoio_contextual,RQ0=FALSE; RQ1=TRUE; RQ2=FALSE; RQ3=FALSE; RQ4=TRUE; RQ5=FALSE; n_rqs=2; score=-2; estrato_resumo=C_contextual; uso=apoio_contextual
REG_02093,2011,Scopus,,Representation of HVAC control in common simulation packages,"The accurate representation of building operation is essential for building simulation to represent the consequence of design and operational controls correctly. This imperative is increasing with the use of calibrated simulations as a tool in the retrofit of buildings. Central to this is the representation of HVAC systems and controls, which have a major influence on building performance. In this paper, the representation of common HVAC types and control strategies in DOE-2, Tas, Energy Plus and IES is reviewed and compared. HVAC types reviewed include variable air volume, active and passive chilled beams. Control strategies include a range of common terminal and AHU control approaches, demand controlled ventilation and central plant controls. A number of significant shortcomings are identified. Key priorities for further simulation tool development are recommended.",,C_contextual,nao,FALSE,TRUE,FALSE,FALSE,FALSE,FALSE,1,RQ1,-3,apoio_contextual,RQ0=FALSE; RQ1=TRUE; RQ2=FALSE; RQ3=FALSE; RQ4=FALSE; RQ5=FALSE; n_rqs=1; score=-3; estrato_resumo=C_contextual; uso=apoio_contextual
REG_01153,2015,Scopus,10.1061/9780784413982.ch10,BIM use and requirements among building owners,"The belief that Building Information Modeling (BIM) results in fewer conflicts and improved coordination has led many owners to mandate its utilization on new construction projects. However, owners are often unsure of what BIM deliverables and processes to demand and how proficient the entities they choose to contract with are in using such technologies. Furthermore, though owners are working to operationalize BIM for Facilities Management (FM) to obtain the full life cycle benefits, they may still lack the technical resources and core competencies to utilize models post-construction. The state of BIM deployment and execution among building owner organizations within the US is in its infancy. Using a survey consisting of primarily higher education building owners conducted at the end of 2012, this study looks at the state of BIM execution among facility owners. It aims to determine what requirements are being set forth for BIM deliverables and how those deliverables are being used post-construction for Operations and Maintenance (O&M) in the current market. © 2015 by the American Society of Civil Engineers.",,C_contextual,nao,FALSE,TRUE,FALSE,FALSE,TRUE,TRUE,3,RQ1;RQ4;RQ5,0,apoio_contextual,RQ0=FALSE; RQ1=TRUE; RQ2=FALSE; RQ3=FALSE; RQ4=TRUE; RQ5=TRUE; n_rqs=3; score=0; estrato_resumo=C_contextual; uso=apoio_contextual
REG_02810,2022,Scopus,10.1109/sieds55548.2022.9799401,Safe and Sustainable Fleet Management with Data Analytics and Reinforcement Training,"The University of Virginia's Facilities Management (FM) Fleet consists of around 260 total vehicles and is committed to safe and sustainable driving. The fleet vehicles contain telematic tracking systems which provide feedback on a multitude of driving behavioral measures, including speeding, harsh braking, hard acceleration, seat belt usage, harsh cornering, and idling time. In a previous study, data collected on these measures was used to develop relevant educational materials on mindful driving. This paper aims to further improve safe and eco-friendly FM driving behaviors by analyzing if reinforcement training, additional scorecards and manager conversations, proved to be effective when given proactively or reactively to increased violations of driving behavioral measures. This paper outlines the process we used in determining when and how to administer the two different training programs and which vehicle shops to involve. One group of shops received in-depth training before any notable violations were detected, which was deemed proactive training. A separate shop received the reactive training after any significant increase in vehicle incidents was detected. These reinforcement training programs were largely based on the professional FM education modules and provided conversation templates for managers to use in order to re-educate their shop's respective drivers. The research showed that reactive reinforcement training was statistically significant for speeding while proactive reinforcement training was not statistically significant; however, further expansion upon both trainings may still be warranted.  © 2022 IEEE.",Data Analytics; Eco-Driving; Safety; Telematics; Training Program,C_contextual,nao,TRUE,TRUE,TRUE,FALSE,TRUE,FALSE,4,RQ0;RQ1;RQ2;RQ4,3,apoio_contextual,RQ0=TRUE; RQ1=TRUE; RQ2=TRUE; RQ3=FALSE; RQ4=TRUE; RQ5=FALSE; n_rqs=4; score=3; estrato_resumo=C_contextual; uso=apoio_contextual
REG_04399,2019,Scopus,,Research of prefabricated building supply chain management based on BIM,"Construction projects involve multi-party management, so the promotion of supply chain thinking to the construction sector is the trend of future development. At present, the problem of low degree of synergy and low supply efficiency between the various parts of the fabricated building supply chain needs to be solved urgently. The rapid development of the building information technology revolution represented by BIM provides a new solution to the whole process management of the fabricated building supply chain. From the perspective of the life cycle of fabricated buildings, the BIM technology and the prefabricated building supply chain are the main lines, and the structural model of the prefabricated building supply chain is constructed. The comprehensive decision-making, design, construction and assembly, and operation and maintenance are integrated. The specific application of BIM technology in the structural model of the fabricated building supply chain, and proposed the goal of BIM technology in the prefabricated building supply chain. The research on prefabricated building supply chain management based on BIM technology not only has theoretical significance but also practical value for the whole process management of each link in the supply chain. © 2019 Proceedings of the 8th International Conference on Logistics and Systems Engineering 2018. All rights reserved.",BIM; Prefabricated building structural model; Prefabricated building supply chain management; Supply chain management,C_contextual,nao,TRUE,TRUE,FALSE,TRUE,FALSE,FALSE,3,RQ0;RQ1;RQ3,2,apoio_contextual,RQ0=TRUE; RQ1=TRUE; RQ2=FALSE; RQ3=TRUE; RQ4=FALSE; RQ5=FALSE; n_rqs=3; score=2; estrato_resumo=C_contextual; uso=apoio_contextual
REG_09134,2016,WoS,10.1016/j.proenv.2016.04.023,Pre-assessment of Metropolitan Areas' Smart Growth through Agent Based Modelling,"Smart Growth (SG) is an approach for sustainable urban development, it emerged to restrain the drawbacks of Metropolitan Areas' urban sprawl. This approach enhances social equity and environmental justice through policies covering micro and macro levels, in addition, it discusses sustainability aspects. However, there are few attempts that simulate the effect of applying principles of SG on emergent behaviour within different context. This study aims at initiating a platform for building a SG Agent Based Model SGABM which focuses on the social behaviour, in order to assist in management of growth dynamics and build an information database for Urban Facility Management. The paper reviews literature and undergoes an application on Walkability principle. (C) 2016 The Authors. Published by Elsevier B.V.",Smart Growth Agent Based Modelling Urban Facility Management Decision Making Walkable Communities,C_contextual,nao,FALSE,TRUE,FALSE,FALSE,FALSE,FALSE,1,RQ1,-3,apoio_contextual,RQ0=FALSE; RQ1=TRUE; RQ2=FALSE; RQ3=FALSE; RQ4=FALSE; RQ5=FALSE; n_rqs=1; score=-3; estrato_resumo=C_contextual; uso=apoio_contextual
REG_06711,2024,Scopus,10.4324/9781003384113-25,SEARCHING THROUGH SMART DESIGN METHODS FOR ARCHITECTURE,"Architectural design aims to predict the future state or states of a physical project by utilizing knowledge gained from the past and present. Challenges demand other ways of thinking, designing, and making to face the trouble of an environment in flux. Building system’s adaptability and interactivity with internal and external forces are a complex endeavor. Design methods and tools help teams achieve desired change as efficiently and effectively as possible. But design decisions depend on both subjective and quantifiable measures, and uncertainty makes it difficult to define goals. In the times of Big Data, sensing environments, robotics, and AI, the knowledge generated by architecture, engineering, construction, and facilities operation firms has yet to be collected systematically and evaluated with rigor. Because methods and tools capture knowledge about design practice, sensible and collaborative approaches to form futures must be explored. Academic research centers and software developers, along with architecture engineering firms and construction companies, have been incorporating emerging technology into design and into projects, to manage their life cycles. Such efforts require collecting and organizing design information as evidence, building repositories of data, and relational databases. These groups are also developing algorithms for analyzing the data, constructing predictive models and generative neural networks, and integrating BIM with a digital twin. Yet, sharing design, construction, and building operation information among teams in the design and construction landscape presents financial, legal, ontological, and knowledge barriers. AI and machine learning may bridge the gap between the creative process and computation but may not fully resolve all existing barriers because they are buried in the methods, tools, and workflows we use. Attention must be paid to local work that may be having a wide impact in the periphery of Industry 5.0. © 2025 selection and editorial matter, Mitra Kanaani individual chapters, the contributors.",,D_descartar_sintese,nao,FALSE,FALSE,FALSE,FALSE,FALSE,TRUE,1,RQ5,-6,excluir_do_artigo,RQ0=FALSE; RQ1=FALSE; RQ2=FALSE; RQ3=FALSE; RQ4=FALSE; RQ5=TRUE; n_rqs=1; score=-6; estrato_resumo=D_descartar_sintese; uso=excluir_do_artigo
REG_01471,2014,Scopus|WoS,10.3303/cet1439024,Evaluation of structures design concept of lower structure from embodied energy and emissions,"Amount of material and energy sources and the associated environmental pollution is limited over the world. These issues lead to increasing interest in comparing the embodied energy and environmental impacts of buildings using different structure systems and alternative building materials. Buildings play significant role in energy consumption and emission production through all phases of life cycle. Over the last decade, the development towards sustainability has become important issue in building design decisions. The relative contribution of embodied impacts of building materials and structures has been recognized as being significant, especially for high energy effective buildings. Life cycle assessment (LCA) belongs to broadly used methodology which helps to make decisions in sustainable building design. The lower structure of buildings has by far the most significant contribution of embodied impacts associated with the construction phase. The goal of this paper is to assess alternative material solutions of lower structure to support decision at the design phase of project. The solutions are towards reduced embodied environmental impacts and improved energy performance. This study uses life cycle analysis in system boundary from Cradle to Gate and focuses on environmental indicators such as embodied energy and emissions of CO2eq. and SO2eq. The selection and combination of materials influence amount of energy consumption and associated production of emissions during building operation. Therefore this study also calculates thermal-physical parameters. Methods of multi-criteria decision analysis (MDCA) are used for the interpretation of results. Copyright © 2014 AIDIC Servizi S.r.l.",BUILDING-MATERIALS ENVIRONMENTAL EVALUATION CO2 EMISSIONS REDUCTION CARBON,D_descartar_sintese,parcial,FALSE,FALSE,TRUE,TRUE,FALSE,FALSE,2,RQ2;RQ3,-1,excluir_do_artigo,RQ0=FALSE; RQ1=FALSE; RQ2=TRUE; RQ3=TRUE; RQ4=FALSE; RQ5=FALSE; n_rqs=2; score=-1; estrato_resumo=D_descartar_sintese; uso=excluir_do_artigo
REG_04134,2019,Scopus,10.1088/1755-1315/323/1/012002,Life cycle cost reduction and market acceleration for new nearly zero-energy buildings,"Cost optimal and nearly zero-energy performance levels are principles initiated by the European Union's Energy Performance of Buildings Directive, which was recast in 2010. These will be significant drivers in the construction sector in the next few years because all new buildings in the EU from 2021 onwards have to be nearly zero energy buildings (nZEBs); public buildings need to achieve the standard already by 2019 [1].While nZEBs realised so far have clearly shown that the nearly zero-energy target can be achieved using existing technologies and practices, most experts agree that a broad-scale shift towards nearly zero-energy buildings requires significant adjustments to current building market structures. Cost-effective integration of efficient solution sets and renewable energy systems are the major challenges [2]. The EU Horizon project CRAVEzero focuses on proven and new approaches to reduce the costs of nZEBs at all stages of the life cycle. The primary goal is to identify and eliminate the extra costs for nZEBs related to processes, technologies, building operation and to promote innovative business models considering the cost-effectiveness for all stakeholders in the building's lifecycle. As a result, an international database for benchmarking actual nZEB life cycle costs (LCC) including urban and building planning, construction, commissioning, operation, maintenance, management, end-of-life, has been developed. Furthermore, an operative methodology to achieve the best conditions towards optimal cost nZEBs has been set-up. © 2019 IOP Publishing Ltd. All rights reserved.",,D_descartar_sintese,parcial,FALSE,TRUE,TRUE,FALSE,TRUE,TRUE,4,RQ1;RQ2;RQ4;RQ5,1,excluir_do_artigo,RQ0=FALSE; RQ1=TRUE; RQ2=TRUE; RQ3=FALSE; RQ4=TRUE; RQ5=TRUE; n_rqs=4; score=1; estrato_resumo=D_descartar_sintese; uso=excluir_do_artigo
REG_02026,2012,Scopus,10.1061/9780784412190.154,Applying a design-to-evolve approach to early lunar settlements,"The permanent settlement of the Moon will begin with a single human habitation, one that is designed to be both sustainable and expandable. But in order for it to be both sustainable and expandable it will be necessary to consider the economic, organizational, and legal requirements as well the technology of its design from the beginning. This paper will examine those factors and how they will impact the basic ""design"" of this facility. A key argument is that the facility should not be ""over-designed"" and that the usual ""aerospace approach"" to design will be counterproductive when applied to the design of a facility with mixed uses and multiple stakeholders, in a fixed location. The second theme is that we are far more likely to succeed on the Moon if we adopt an evolutionary, not a programmatic strategy towards the first settlements, and that the first facilities built, in particular, must be designed to evolve and adapt to the changing needs of the first settlement. This ""design to evolve"" approach will need to consider details such as: the ownership structure, facility management, and operational control. Especially important will be how users will be able to ""buy in"", and also how to fund infrastructure expansion as the settlement grows. The focus of the paper is on the interaction of the business model for a lunar settlement and the technical requirements for building a sustainable settlement on the Moon. Analogies with remote industrial facilities on Earth are also discussed. © ASCE 2012.",,D_descartar_sintese,nao,FALSE,TRUE,FALSE,FALSE,FALSE,FALSE,1,RQ1,-7,excluir_do_artigo,RQ0=FALSE; RQ1=TRUE; RQ2=FALSE; RQ3=FALSE; RQ4=FALSE; RQ5=FALSE; n_rqs=1; score=-7; estrato_resumo=D_descartar_sintese; uso=excluir_do_artigo
REG_03422,2021,Scopus,10.5750/ijme.v163ia1.4,ADOPTING INDUSTRY 4.0 TECHNOLOGIES IN SHIPBUILDING THROUGH CAD SYSTEMS,"Technologies are evolving faster than our capability to develop applications that bring us the value we can get from them. The potential is clear and the opportunity will be for those who identify the right application for each technology. One of the foundations of the fourth industrial revolution is the ability to handle huge amounts of data that is everywhere and available to anyone, thanks to the evolution in communication technologies. However, data is not information; it is necessary to have the capability to analyse, then extract conclusions and to learn from both. Technologies, such as Big Data (BD), Machine Learning (ML) and Artificial Intelligence (AI), give the capability to do this, but what really matters is how it is applied. Those who are able to recognise the value of analysing data correctly, to transform it into information and apply it to the improvement of the design, manufacturing, operation and maintenance processes will be successful in the industrial transformation that is taking place. This skill requires practitioners to make the best decisions and ultimately optimise the life cycle of the industrial products. Some of the fields of application of these technologies are already evident. It is possible to imagine how these technologies can enable ship design by applying rules, which will facilitate the design significantly. Equally, by integrating the validation of the structural models by the Classification Societies and much of the design through cloud based applications. The adoption proposed in this article is based on the evolution of CAD applications towards a central data model and with the aim of achieving a true Digital Twin. With a real and effective synchronization between what is designed, manufactured and what is operated, making it possible to cover the complete life cycle of the product. In this process, it is also very important to consider peoples experiences. It is necessary to understand how the new generations are immersed in a technological world, which is in a constant and rapid evolution. This interaction with this ecosystem will determine how the new rules should be defined for the CAD/CAM/CIM Systems. This paper examines some practical use cases in the design phase of shipbuilding as an example of what new technologies could provide ship design and shipbuilding in the near future. © 2021: The Royal Institution of Naval Architects.",,D_descartar_sintese,nao,FALSE,TRUE,FALSE,FALSE,FALSE,FALSE,1,RQ1,-7,excluir_do_artigo,RQ0=FALSE; RQ1=TRUE; RQ2=FALSE; RQ3=FALSE; RQ4=FALSE; RQ5=FALSE; n_rqs=1; score=-7; estrato_resumo=D_descartar_sintese; uso=excluir_do_artigo
REG_05423,2025,Scopus,10.3390/en18102471,Optimizing Space Heating in Buildings: A Deep Learning Approach for Energy Efficiency,"Building energy management is crucial in reducing energy consumption and maintaining occupant comfort, especially in heating systems. However, achieving optimal space heating efficiency while maintaining consistent comfort presents significant challenges. Traditional methods often fail to balance energy consumption with thermal comfort, especially across multiple zones in buildings with varying operational demands. This study investigates the role of deep learning models in optimizing space heating while maintaining thermal comfort across multiple building zones. It aims to enhance heating efficiency by developing predictive models for building temperature and heating consumption, evaluating the effectiveness of different deep learning architectures, and analyzing the impact of model-driven heating optimization on energy savings and occupant comfort. To address this challenge, this study employs Long Short-Term Memory (LSTM), Gated Recurrent Unit (GRU), and Transformer models to forecast area temperatures and predict space heating consumption. The proposed methodology leverages historical building temperature data, weather station measurements such as atmospheric pressure, wind speed, wind direction, relative humidity, and solar radiation, along with other weather parameters, to develop accurate and reliable predictions. A two-stage deep learning process is utilized: first, temperature predictions are generated for different building zones, and second, these predictions are used to estimate global heating consumption. This study also employs grid search and cross-validation to optimize the model configurations and custom loss functions to ensure energy efficiency and occupant comfort. Results demonstrate that the Long Short-Term Memory and Transformer models outperform the Gated Recurrent Unit regarding heating reduction, with a 20.95% and 20.69% decrease, respectively, compared to actual consumption. This study contributes significantly to energy management by providing a deep learning-driven framework that enhances energy efficiency while maintaining thermal comfort across different building areas, thereby supporting sustainable and intelligent building operations. © 2025 by the authors.",comfort; heating; machine learning; optimization; thermal,D_descartar_sintese,sim,FALSE,FALSE,TRUE,TRUE,FALSE,FALSE,2,RQ2;RQ3,1,excluir_do_artigo,RQ0=FALSE; RQ1=FALSE; RQ2=TRUE; RQ3=TRUE; RQ4=FALSE; RQ5=FALSE; n_rqs=2; score=1; estrato_resumo=D_descartar_sintese; uso=excluir_do_artigo
REG_04212,2019,Scopus|WoS,10.1016/j.jclepro.2019.02.200,Analyzing the influence factors of the carbon emissions from China's building and construction industry from 2000 to 2015,"China has been the largest contributor to global carbon emissions since 2008, with its building and construction industry considered as one of the most significant sources. However, few studies have been conducted on analyzing the influencing factors of the carbon emissions following a life cycle perspective. This study aims to evaluate the carbon emissions of this industry from a life cycle perspective, including the extraction, manufacturing, construction and construction-related transportation, and building operation, using Logarithmic Mean Divisia Index. The key findings are: 1) the extraction and manufacturing of raw materials, and building operation are the two biggest contributors to the life cycle carbon emissions of the building and construction industry, accounting for 58% and 40% respectively; 2) the most effective strategies to reduce carbon emissions in the construction stage from 2000 to 2015 are to improve energy efficiency and lower emission factor; and 3) the most effective strategies to reduce carbon emissions in the building operation stage from 2000 to 2015 are to increase development density, improve emission factor, energy structure and industry structure. This study provides useful scientific evidence for policy makers to establish appropriate emission targets and relevant reduction strategies that are relevant to China's building and construction industry. (C) 2019 Elsevier Ltd. All rights reserved.",Carbon emissions; Carbon policy; Decomposition; Logarithmic mean divisia index; Sustainability; Carbon emissions Sustainability Logarithmic mean divisia index Decomposition Carbon policy RESIDENTIAL ENERGY-CONSUMPTION GREENHOUSE-GAS EMISSIONS LIFE-CYCLE ASSESSMENT DECOMPOSITION ANALYSIS DIOXIDE EMISSIONS DRIVING FORCES CO2 EMISSIONS EMBODIED CARBON ECONOMIC-GROWTH 5-YEAR PLAN,D_descartar_sintese,sim,FALSE,FALSE,FALSE,FALSE,FALSE,FALSE,0,,-3,excluir_do_artigo,RQ0=FALSE; RQ1=FALSE; RQ2=FALSE; RQ3=FALSE; RQ4=FALSE; RQ5=FALSE; n_rqs=0; score=-3; estrato_resumo=D_descartar_sintese; uso=excluir_do_artigo
REG_06223,2024,Scopus,10.1007/s11227-024-06276-6,A real-time approach for smart building operations prediction using rule-based complex event processing and SPARQL query,"Due to the intelligent, adaptive nature of various operations and their ability to provide maximum comfort to the occupants residing in them, smart buildings are becoming a pioneering area of research. Since these architectures leverage the Internet of Things (IoT), there is a need for monitoring different operations (occupancy, humidity etc.) to provide sustainable comfort to the occupants. This work proposes a novel approach for intelligent building operations monitoring using rule-based complex event processing (CEP) and query-based approaches for dynamically monitoring the operations. Siddhi is a CEP engine designed for handling multiple sources of events data in real time and processing it according to predefined rules using a decision tree. Since datastream is dynamic in nature, to keep track of different operations, we have converted the IoT data into an RDF (Resource Description Framework) dataset. The RDF dataset is ingested to Apache Kafka for streaming and for stored data we have used GraphDB tool that extracts information with the help of SPARQL query. Additionally, a large number of events are passed through CEP for correlating and analyzing events in real time, and we measure the performance of CEP engines through SPARQL for enhancing decision support. The proposed approach is evaluated by deploying rules to events through the CEP engine and assessing their processing efficiency in terms of time. Subsequently, a risk estimation scenario is proposed to generate alerts for end users if any smart building operations need immediate attention. However, the proposed work has limitations regarding adaptive and standard parameters, which may cause the rules to fail in adapting to changing data streams. © The Author(s), under exclusive licence to Springer Science+Business Media, LLC, part of Springer Nature 2024.",CEP; Decision tree; Event-driven decision; GraphDB; Rule-based parameters; SPARQL,D_descartar_sintese,parcial,FALSE,FALSE,TRUE,TRUE,FALSE,TRUE,3,RQ2;RQ3;RQ5,1,excluir_do_artigo,RQ0=FALSE; RQ1=FALSE; RQ2=TRUE; RQ3=TRUE; RQ4=FALSE; RQ5=TRUE; n_rqs=3; score=1; estrato_resumo=D_descartar_sintese; uso=excluir_do_artigo
REG_06932,2023,Scopus,10.1108/ijbpa-07-2021-0101,Evaluating the environmental maintenance impact (EMI): a carbon life cycle assessment (LCA) of the Singgora roof tiles repair in heritage buildings,"Purpose: Heritage buildings are consistently impacted by technical and pathological issues associated with their maintenance and conservation such as diminish of building's authenticity and damaging environmental impact. This paper aims to evaluate the environmental maintenance impact (EMI) of the Singgora roof tiles repair in heritage buildings. The EMI is an evaluation upon embodied carbon expenditure during maintenance phase, thus important in repair efficiency appraisal. Design/methodology/approach: Calculation procedures within selected boundaries of life cycle assessment (LCA) and arbitrary period enabled evaluation of the EMI of Singgora roof tiles repair in heritage buildings during the maintenance phase. Findings: Evaluation of the EMI could be appreciated as a carbon LCA of Singgora roof tiles repair and has been recognised in embodied carbon expenditure reduction in the form of CO2 emissions mitigation. Importantly, the evaluation underpins decision-making for heritage buildings repair. Practical implications: EMI evaluation encompasses all building types and forms, thus comprehends the associated applied methodologies. Moreover, the evaluation reflects the emerging environmental challenges of sustaining resilient buildings globally. Social implications: EMI evaluation highlights options that may be adopted in repair. Indirectly, this implicates heritage building preservation and place's identity protection. Significantly, the evaluation supports environmentally focused conservation and promotes a sustainable repair approach. Originality/value: EMI evaluation of this paper may devoted to the holistic understanding of the complex relations between Singgora roof materials and their environmental performance. Meanwhile, the application of a carbon LCA had dictated integration of multidisciplinary of heritage buildings maintenance and conservation. © 2021, Emerald Publishing Limited.",Environmental maintenance impact (EMI); Environmental performance; Heritage buildings; Life cycle assessment (LCA); Singgora roof tiles; Sustainable repair,D_descartar_sintese,parcial,TRUE,TRUE,FALSE,TRUE,TRUE,FALSE,4,RQ0;RQ1;RQ3;RQ4,2,excluir_do_artigo,RQ0=TRUE; RQ1=TRUE; RQ2=FALSE; RQ3=TRUE; RQ4=TRUE; RQ5=FALSE; n_rqs=4; score=2; estrato_resumo=D_descartar_sintese; uso=excluir_do_artigo
REG_00979,2016,Scopus,10.1007/978-3-319-28643-3_12,The role of mobile in delivering sanitation services,"Lack of access to adequate sanitation has a considerable impact on public health, leading to mortality from diarrhea to stunting and malnutrition for children, directly affecting their school attendance. Open defecation, in addition to highly impacting privacy and dignity of individuals, is unsafe, especially for women, who are far more vulnerable to the risk of physical and sexual assault. Governments have the responsibility to improve sanitation capacity, but have often failed to provide service supply chain for operation and maintenance. Most practitioners also recognize that building a toilet cannot ensure that it will be used. In rural locations, sustainable access to sanitation is challenged by poor distribution networks, low availability to local sanitation solutions and open defecation behaviors. Growing mobile and data connectivity and use of mobile monitoring tools (SMS or applications), can improve understanding of community sanitation behaviors, while allowing service providers to develop more efficient supply chain and customer relationship management. © Springer International Publishing Switzerland 2016.",Mobile; Sanitation; Service,D_descartar_sintese,parcial,FALSE,TRUE,TRUE,FALSE,TRUE,TRUE,4,RQ1;RQ2;RQ4;RQ5,1,excluir_do_artigo,RQ0=FALSE; RQ1=TRUE; RQ2=TRUE; RQ3=FALSE; RQ4=TRUE; RQ5=TRUE; n_rqs=4; score=1; estrato_resumo=D_descartar_sintese; uso=excluir_do_artigo
REG_01634,2013,Scopus,10.1061/9780784412909.066,Challenges and opportunities involving facilities management in data handover: London 2012 case study,"There is an increasing interest of the usage of project data for the life-cycle with the evolution of Building Information Modelling, which promotes the incremental collection of data. This research considers the role of facilities management in developing data for handover at project completion by empirically studying the delivery of the London 2012 games. Eighteen interviews were conducted with project participants. Backgrounds of participants included project sponsors (client representative), delivery partners and facility manager professionals. Our findings suggest a number of approaches taken by a client for the transition of knowledge into the practices of facilities management. These approaches are 1) creating a culture for knowledge transfer in the project; 2) strategic knowledge transfer through guides and processes; 3) knowledge transfer through social interactions; 4) knowledge transfer through the representation of facilities management. There were a number of enablers identified that were aimed at progressing knowledge transfer into facilities management in the project to different degrees such as a transition phase for data handover of up to 6 months in projects. However, there were challenges that limited knowledge transfer as end-user links with the project came to an end with project completion. The contribution of this paper outlines how the client can involve facilities management professionals in the project through incorporating their knowledge during the data handover phase. However, this does not have to be one way and the implications of this study is that having a project representative after the data is handed over to the end user will further enable knowledge transfer from projects into facilities management practices. © 2013 American Society of Civil Engineers.",Client; Data handover; Facilities Management and Knowledge transfer,D_descartar_sintese,sim,FALSE,TRUE,FALSE,FALSE,FALSE,TRUE,2,RQ1;RQ5,0,excluir_do_artigo,RQ0=FALSE; RQ1=TRUE; RQ2=FALSE; RQ3=FALSE; RQ4=FALSE; RQ5=TRUE; n_rqs=2; score=0; estrato_resumo=D_descartar_sintese; uso=excluir_do_artigo
REG_05549,2025,Scopus,10.1108/f-04-2024-0064,A post-occupancy performance evaluation study on user satisfaction with university student housing facilities,"Purpose: This study used post-occupancy evaluation (POE) to assess the performance and effectiveness of student housing by examining occupants’ satisfaction with the facility across three performance elements: technical, functional and behavioral. This study aims to address a significant gap in the existing research concerning the POE of university student housing facilities, particularly in understanding how well these facilities fulfill occupant needs across the aforementioned three elements. Design/methodology/approach: This study assesses the existing literature, examines the dormitory’s physical parameters through walkthrough inspections and measures occupant satisfaction through surveys and focus group sessions. The study analyzed questionnaire responses using a four-point Likert scale, using Microsoft Excel software to determine the weighted average response for each performance element. Findings: The analysis indicated that students were satisfied with most housing condition parameters. However, noise management, lighting control, air circulation, washroom facilities, cleanliness, power sockets for equipment and several study rooms and furnishings require improvement to enhance student well-being and performance. Originality/value: This study provides significant information to aid in making informative decisions on building maintenance, retrofitting and facility upgrading. It also contributes to enhancing the field’s knowledge about POE in student housing facilities. It emphasizes the importance of using physical building attributes and user-centric features to fulfill students’ needs and expectations regarding facilities. © 2024, Emerald Publishing Limited.",Building performance; Dormitories; Occupant satisfaction; Post-occupancy evaluation; Student housing,D_descartar_sintese,parcial,FALSE,TRUE,TRUE,FALSE,TRUE,TRUE,4,RQ1;RQ2;RQ4;RQ5,1,excluir_do_artigo,RQ0=FALSE; RQ1=TRUE; RQ2=TRUE; RQ3=FALSE; RQ4=TRUE; RQ5=TRUE; n_rqs=4; score=1; estrato_resumo=D_descartar_sintese; uso=excluir_do_artigo
REG_07495,2023,Scopus,10.1201/9781003202431-7,Constructed Wetlands for Wastewater Treatment,"The treatment cost of wastewater is a significant socioeconomic factor, particularly for developing countries or small rural communities around the globe. In this regard, constructed wetlands (CWLs) are considered one of the cheapest, most efficient, and most reliable technology to treat various wastewater streams. Along with this, these facilities require minimum energy and resources during operation and maintenance. However, many challenges are associated with these facilities, e.g., high pollutant removal efficiency, maintenance, lack of long-term system evaluation, and full-scale operation. Still, this technology has the potential to compete with other technologies in terms of low-cost sustainable treatment. Therefore, this review chapter discusses CWL types, design and operational parameters, pollutant removal efficiency, advantages/limitations, recent advancements, and potential challenges in brief. Additionally, potential recommendations are included in this chapter for future work. © 2023 selection and editorial matter, Izharul Haq Farooqi and Saif Ullah Khan; individual chapters, the contributors.",,D_descartar_sintese,parcial,FALSE,TRUE,TRUE,FALSE,FALSE,TRUE,3,RQ1;RQ2;RQ5,0,excluir_do_artigo,RQ0=FALSE; RQ1=TRUE; RQ2=TRUE; RQ3=FALSE; RQ4=FALSE; RQ5=TRUE; n_rqs=3; score=0; estrato_resumo=D_descartar_sintese; uso=excluir_do_artigo
REG_02729,2022,Scopus,10.2478/otmcj-2022-0001,Linking life cycle BIM data to a facility management system using Revit Dynamo,"Facility management (FM) requires multidisciplinary activities, and thus has extensive information requirements. Much of that information is created during the design, construction, and commissioning phases of a project. Providing the owner of a facility with usable life cycle asset information after construction has been a challenge to the industry. Traditional methods of manually inputting data into FM systems are time consuming and error prone. Various automated approaches and workflows continue to be developed to respond to specific owner needs. This research developed a unique workflow that uses Dynamo within Revit to automatically extract asset management data from the model and export the data to a proprietary format required by the facility owner. The formatted spreadsheet allows for direct linking of the data to the owner's FM system, hence eliminating time wasted in manual data entry and avoiding missing any maintenance cycles that would result if the FM system is not populated with critical information in a timely manner. This article utilizes a case study approach to demonstrate this novel Dynamo workflow. The required case study asset data identified and captured include asset groups, their properties and attributes, and corresponding metadata. A basic three-dimensional representation of the facility and all its equipment are modeled in Revit and asset data are input to corresponding model elements. This article also describes the complexity of the owner's proprietary information needs and the resulting automated workflow that extracts and exports data from Revit into an Excel format that can directly link into the FM system. © 2022 Walid Thabet et al., published by Sciendo.",BIM; data; Dynamo; facility management; life cycle,D_descartar_sintese,parcial,FALSE,TRUE,FALSE,FALSE,FALSE,FALSE,1,RQ1,-4,excluir_do_artigo,RQ0=FALSE; RQ1=TRUE; RQ2=FALSE; RQ3=FALSE; RQ4=FALSE; RQ5=FALSE; n_rqs=1; score=-4; estrato_resumo=D_descartar_sintese; uso=excluir_do_artigo
REG_06755,2024,Scopus,,LARGE SHELTER BUILDING PERFORMANCE AND OPERATOR TRAINING TO IMPROVE LOCAL COMMUNITY RESILIENCE,"According to the Tokyo Metropolitan Government's damage assumptions for an earthquake near the capital in 2022, the number of people living in evacuation shelters in the 23 wards of Tokyo was estimated to be approximately 2 million. As each shelter will be flooded with more than 1,000 evacuees in the event of an earthquake, local government policies and residents' operational skills will be essential. In the 2016 Kumamoto earthquake, the second main quake caused several ceilings to fall in evacuation shelters. In some cases, local governments attempted to open them in a hurry, not realizing the possibility of building damage in the previous quake. Although damage from the second main quake was avoided, the risk of loss of human life arose. Some large evacuation shelters could not be used owing to damage to secondary materials, such as glass. When the evacuation shelters were opened, residents, who were laymen, judged the degree of damage to the buildings and started operating the evacuation shelters. Considering such social vulnerability, designers are now also required to take advance measures. After a major earthquake, evacuation shelters, where large numbers of people live, serve as bases for reconstruction. They are required to perform various functions: to protect lives with the hardware of shelters, and to improve the quality of life in the medium to long term. Particularly in large evacuation shelters with more than 1,000 people, human resources related to the management of the local community are important, and there is an urgent need to improve the skills of the community in managing evacuation shelters. The target building for this study, located in Ibaraki Prefecture, is a large public facility designed for the tsunami evacuation of 10,000 people and 2,000 medium-term residents. The building was designed to maintain its functionality after an earthquake. Therefore, the performance of the building at the time of disaster is better than that of ordinary evacuation shelters. However, this alone will not increase the resilience of the local community in the shelter, and we understood that there is a need to establish a system to shift gradually to self-management by residents while addressing several difficulties. Accordingly, we conducted a trial human resource development program to improve residents' skills in managing evacuation shelters and to realize network-building operations with supporters. © 2024, International Association for Earthquake Engineering. All rights reserved.",,D_descartar_sintese,parcial,FALSE,FALSE,TRUE,FALSE,FALSE,FALSE,1,RQ2,-3,excluir_do_artigo,RQ0=FALSE; RQ1=FALSE; RQ2=TRUE; RQ3=FALSE; RQ4=FALSE; RQ5=FALSE; n_rqs=1; score=-3; estrato_resumo=D_descartar_sintese; uso=excluir_do_artigo
REG_04624,2026,Scopus|WoS,10.3390/su18094330,Environmental and Microbiological Performance of a CAM-Compliant Green Cleaning Protocol: An Integrated Life Cycle and Surface Contamination Assessment in a Civil Facility,"The transition toward sustainable facility management requires cleaning systems that reduce environmental burdens while maintaining high hygienic standards. This study presents a comparative evaluation of a green cleaning protocol (EVA SmartClean), compliant with the Italian Minimum Environmental Criteria (CAM; D.M. 29 January 2021), compared with a conventional cleaning system implemented in a civil facility (Adriatico Guest House, Trieste, Italy; 8260 m2). The assessment integrates a cradle-to-grave Life Cycle Assessment (LCA), conducted in accordance with ISO 14040, ISO 14044, ISO 14067 and PCR 2011:03 for professional cleaning services, with an extensive microbiological surface monitoring campaign performed using RODAC plates and swab sampling. The functional unit was defined as 1 m2 of representative surface maintained clean for one year. The green protocol achieved a 47.7% reduction in Global Warming Potential (GWP100 based on IPCC AR6 characterization factors), corresponding to −110 g CO2e/m2·year and −908 kg CO2e/year for the entire facility. Major reductions in climate impact were associated with chemical consumption (−82.6%), energy use (−49.5%), and textile waste generation (−92.4%). Microbiological analyses demonstrated that both protocols complied with reference hygiene thresholds, while the green system achieved reductions in total mesophilic counts that were comparable or superior across representative surfaces. The results confirm that environmental optimization in cleaning services can be achieved without compromising microbiological safety, supporting public procurement policies aligned with CAM requirements and Sustainable Development Goals (SDGs 12 and 13). © 2026 by the authors.",CAM (Minimum Environmental Criteria); carbon footprint reduction; green cleaning; hygienic performance; microbiological surface contamination; sustainable facility management; sustainable facility management carbon footprint reduction hygienic performance green cleaning CAM (Minimum Environmental Criteria) microbiological surface contamination SUSTAINABILITY,D_descartar_sintese,parcial,FALSE,TRUE,TRUE,TRUE,FALSE,FALSE,3,RQ1;RQ2;RQ3,0,excluir_do_artigo,RQ0=FALSE; RQ1=TRUE; RQ2=TRUE; RQ3=TRUE; RQ4=FALSE; RQ5=FALSE; n_rqs=3; score=0; estrato_resumo=D_descartar_sintese; uso=excluir_do_artigo
REG_06017,2025,Scopus,,Application of Genetic Algorithm-Optimized Backpropagation Network in Library Energy Consumption Prediction,"The development of building energy consumption prediction models is crucial for achieving sustainable development in the construction industry; however, establishing rational, accurate, and efficient models to promote energy conservation and enhance energy utilization efficiency remains a challenge. This study takes libraries as a representative building type, selecting operational hours, humidity, maximum temperature, occupancy density, and solar irradiance as key influencing factors to construct a Genetic Algorithm-optimized Backpropagation (GA-BP) neural network for energy consumption prediction. Comparative experiments with a standard Backpropagation (BP) neural network, Regularized Radial Basis Function (RRBF) neural network, and Generalized Radial Basis Function (GRBF) neural network demonstrate the superior fitting performance of the GA-BP model, providing reliable scientific support for library energy management and offering a practical framework for energy-efficient building operations. © 2025 X. Tian & H. Xie.",Energy conservation and emission reduction; Energy consumption prediction; GA-BP neural network; Sustainable development,D_descartar_sintese,parcial,FALSE,FALSE,TRUE,FALSE,FALSE,FALSE,1,RQ2,-3,excluir_do_artigo,RQ0=FALSE; RQ1=FALSE; RQ2=TRUE; RQ3=FALSE; RQ4=FALSE; RQ5=FALSE; n_rqs=1; score=-3; estrato_resumo=D_descartar_sintese; uso=excluir_do_artigo
REG_00073,2018,Scopus,10.1051/e3sconf/20184802002,The challenges of adopting BIM for setting and infrastructure management of University of Minho,"The University of Minho (UMinho) is aware of the relevant role of higher education institutions in the global challenge of sustainability. The integration of sustainability values into its strategy encompasses all the fields of its activity. Taking into account the growing importance of shared knowledge resources as a reliable basis for decisions during infrastructures life cycle, the UMinho is currently undergoing an important process of implementing a 'Building Information Modelling' framework (BIM). This paper briefly describes the implementation steps that are current towards such a goal, in particular in terms of facilities management aspects. © The Authors, published by EDP Sciences, 2018.",,D_descartar_sintese,nao,TRUE,TRUE,FALSE,FALSE,TRUE,TRUE,4,RQ0;RQ1;RQ4;RQ5,-1,excluir_do_artigo,RQ0=TRUE; RQ1=TRUE; RQ2=FALSE; RQ3=FALSE; RQ4=TRUE; RQ5=TRUE; n_rqs=4; score=-1; estrato_resumo=D_descartar_sintese; uso=excluir_do_artigo
REG_06859,2024,Scopus,10.1109/ictbig64922.2024.10911546,Energy Simulation and Analysis on Residential Buildings using BIM Tools,"The way in designing buildings is very important for energy usage. Several structures lack energy efficiency in their design, which leads to increased energy usage resulting in higher energy costs. While developing buildings, architects and builders should propose energy-efficient designs as their first priority. With Building Information Modeling, the energy efficiency of a traditional structure may be assessed to see where it stands currently and to look at the possibilities for improvement. Accounting for components like the Heating Ventilation and Air Condition system, lights, and equipment, this research helps in determining the building's energy usage and costs. Building Information Modeling allows for effective decision-making and design processes as well as a comprehensive and coordinated approach to energy analysis. It also provides helpful information on the structure's energy effectiveness. The results of the energy analysis can be used to make decisions about retrofit and upgrade projects, improve building operations, and encourage the adoption of sustainable building practices. This research highlights energy analysis for a building resulted in 20.8 USD/m2/year for the consumed energy. By using energy optimization there is a scope to reduce this energy cost as per ASHRAE standards and the reduced cost of energy consumption is 8USD/m2/year. © 2024 IEEE.",ASHRAE standards; building information modeling; energy analysis; energy efficiency; sustainable building practices,D_descartar_sintese,parcial,TRUE,TRUE,TRUE,TRUE,TRUE,FALSE,5,RQ0;RQ1;RQ2;RQ3;RQ4,4,excluir_do_artigo,RQ0=TRUE; RQ1=TRUE; RQ2=TRUE; RQ3=TRUE; RQ4=TRUE; RQ5=FALSE; n_rqs=5; score=4; estrato_resumo=D_descartar_sintese; uso=excluir_do_artigo
REG_02489,2022,Scopus|WoS,10.3390/buildings12101747,Development of a Framework to Support Whole-Life-Cycle Net-Zero-Carbon Buildings through Integration of Building Information Modelling and Digital Twins,"Decision-making on whole-life-cycle net-zero-carbon buildings is critical for addressing carbon emission and environmental problems. However, there is a lack of a data integration framework and an open international standard approach integrating key decision variables to support scientific computations and decision-making for whole-life-cycle net-zero-carbon buildings. Building information modelling (BIM) is an open international standard representing building information. Digital Twin (DT) can capture and monitor real-time building conditions to facilitate building operation. Integrating information acquired by DT with BIM has considerable potential to enable an open international standard based computational representation of key decision variables throughout the whole-building life cycle process. This paper aims to develop a novel conceptual framework that integrates BIM and DT to support net-zero-carbon buildings. The framework is developed using an open international standard approach and the ontology-based representation method, to define key decision variables using entities, properties, and relationships, and integrates captured data via DT. The research makes significant contributions to enable net-zero-carbon buildings and paves the way for future research on an automated system to support decision-making for the whole-life-cycle net-zero-carbon buildings. © 2022 by the authors.",building information modelling; digital twins; ontology-based representation method; whole-life-cycle net-zero-carbon buildings; whole-life-cycle net-zero-carbon buildings building information modelling digital twins ontology-based representation method ENERGY-CONSUMPTION FACILITIES MANAGEMENT CONSTRUCTION METHODS DIOXIDE EMISSIONS EMBODIED ENERGY DESIGN PERFORMANCE BIM SIMULATION WEB,D_descartar_sintese,sim,TRUE,TRUE,TRUE,TRUE,FALSE,TRUE,5,RQ0;RQ1;RQ2;RQ3;RQ5,7,excluir_do_artigo,RQ0=TRUE; RQ1=TRUE; RQ2=TRUE; RQ3=TRUE; RQ4=FALSE; RQ5=TRUE; n_rqs=5; score=7; estrato_resumo=D_descartar_sintese; uso=excluir_do_artigo
REG_02167,2011,Scopus,,Building energy consumption and CO2 emissions in China,"Based on the theory of Life-Cycle Energy Analysis, the energy consumption of macro-level buildings in China was analyzed, and the key factors in every Life-Cycle phase were pointed out. With the analysis of building life-cycle energy consumption, carbon dioxide emissions related to buildings were calculated. It was indicated that the energy consumptions of building materials production and building operation account for largest share in building energy consumption. Reducing energy consumption on building operation and building materials were important to building energy saving and carbon dioxide mitigation.",CO<sub>2</sub> emissions; Energy consumption; Energy saving; Life-cycle analysis; Macro building,D_descartar_sintese,parcial,FALSE,FALSE,TRUE,FALSE,FALSE,FALSE,1,RQ2,-3,excluir_do_artigo,RQ0=FALSE; RQ1=FALSE; RQ2=TRUE; RQ3=FALSE; RQ4=FALSE; RQ5=FALSE; n_rqs=1; score=-3; estrato_resumo=D_descartar_sintese; uso=excluir_do_artigo
REG_09148,2020,WoS,10.1108/f-02-2019-0020,A case study of facilities management for heritage building revitalisation,"Purpose Heritage building revitalisation (HBR) is gaining its popularity to intervene historic buildings/sites for their conservation and reuse. Given that multiple stake-holding situations are often involved in HBR process, coordination or managerial problem may hinder versatile facilities design for operational efficiency while preserving the heritage values. To address the coordination challenge, this paper aims to examine the relevance and relative advantages of a FM-led revitalisation strategy for HBR, which the existing literature has not yet addressed. Design/methodology/approach This paper adopts a case study approach to a major HBR project in Hong Kong. This study conducted field observations and interviews, which were combined with publicly accessible policy and project information to identify stakeholders' opinions and specifications for the role of facilities management (FM) in HBR project process. Findings The paper reveals the role of FM in coordinating the HBR process for the benefits of stakeholders and general community. FM allows a balanced approach to heritage building adaptation, sound user experience and broader community effects. This enables efficient decision-making, creative facilities design and effective public engagement. FM's strength of fitting in the urban renewal context illustrates its comparative advantage for heritage conservation and revitalisation management. Originality/value This study examines relevance and advantage of FM-led business strategy for HBR, which the existing literature has not yet addressed. It discovers FM's strategic roles and initiates a conceptual framework for evaluation of heritage conservation management.",Heritage building revitalisation Facilities management Project process Professional services provision Coordination Community ADAPTIVE REUSE URBAN-RENEWAL SUSTAINABLE DEVELOPMENT CULTURAL-HERITAGE CONSERVATION,D_descartar_sintese,sim,TRUE,TRUE,FALSE,TRUE,TRUE,FALSE,4,RQ0;RQ1;RQ3;RQ4,4,excluir_do_artigo,RQ0=TRUE; RQ1=TRUE; RQ2=FALSE; RQ3=TRUE; RQ4=TRUE; RQ5=FALSE; n_rqs=4; score=4; estrato_resumo=D_descartar_sintese; uso=excluir_do_artigo
REG_03392,2021,Scopus,10.5334/bc.136,Factors influencing the life-cycle GHG emissions of Brazilian office buildings,"Effective mitigation of greenhouse gas (GHG) emissions in the buildings sector requires a full understanding of the factors influencing emissions over the life-cycle of buildings, particularly in places where large additions to the building stock are expected. Currently, little is known about what affects the GHG emissions of buildings located in warmer climates, a typical situation for many emerging economies. This paper presents a study of emissions from Brazilian office buildings using building archetypes. A sensitivity analysis explores possible parameter ranges, various contributions to life-cycle impacts and their key drivers. For each of the 1000 building variations in the sample, the emissions were calculated using a life-cycle assessment. Multivariate regression analysis enabled the study of the results’ sensitivity to 10 parameters, influencing building operation, design and others. The emissions ranged from 20 to 106 kg CO2-eq/m2 gross floor area and year. Electricity mix, climate and cooling efficiency were the most impactful parameters, but building component service time was also significant. POLICY RELEVANCE Emerging economies are expected to rapidly increase their building stock and energy use, particularly for cooling in the coming decades. The findings show the key factors influencing the GHG emissions of office buildings in warm climates, typical for many emerging economies, such as Brazil. For effective mitigation, priority should be placed on reducing the carbon intensity of electricity and encouraging highly efficient heating, ventilation and air-conditioning systems. Policymakers may want to offer incentives for office buildings with a combination of natural ventilation and mechanical cooling, because they were less emission-intensive in every investigated city. The benefits are the biggest for buildings in which a high proportion of windows can be opened for natural ventilation. © 2021 The Author(s).",Brazil; climate change; cooling; developing countries; energy demand; greenhouse gas (GHG) emissions; hot climates; life-cycle assessment; mixed-mode ventilation; office buildings,D_descartar_sintese,sim,FALSE,FALSE,TRUE,FALSE,TRUE,TRUE,3,RQ2;RQ4;RQ5,2,excluir_do_artigo,RQ0=FALSE; RQ1=FALSE; RQ2=TRUE; RQ3=FALSE; RQ4=TRUE; RQ5=TRUE; n_rqs=3; score=2; estrato_resumo=D_descartar_sintese; uso=excluir_do_artigo
REG_00950,2016,Scopus,10.2175/193864716819713114,Vallejo sanitation and flood control district – Using asset management for better infrastructure decision making,"The objective of the Vallejo Sanitation and Flood Control District (District) Asset Management Program is to implement asset management best practices for investment and management decision making, appropriate for the District. The ultimate goal is to optimize reinvesting in the life cycle of the District’s infrastructure by understanding and continuously delivering levels of service to customers and stake holders while balancing the tradeoffs between cost of service and risk of asset failure. The approach is based on the US EPA’s Sustainable Asset Management Framework which uses a 10 step process to answer five core questions all infrastructure managers should be able to answer: 1. What is the current state of our assets? 2. What are our performance requirements and levels of service? 3. Which assets are critical to sustaining performance and pose the greatest risk to the District? 4. What are our best capital and O&M investment strategies? 5. What is our best long term funding plan? Phase 1 of the work is focused on developing an asset management framework and implementation plan. The initial phase also includes the development of a pilot asset management plan around the solids processing facility at the District’s wastewater treatment plant. Subsequent phases will use the framework and experience from the pilot, which will be applied to the rest of the plant, pump stations, and sewer and stormwater infrastructure. It is important to note that the approach is focused on implementing a strategy that will be sustainable within the District. To achieve this, the District will use the following three guiding principles: 1. “Fit-for-Purpose” - Make sure that approach for the District is appropriate and does not implement a “one size fits all” infrastructure management framework. 2. GHD and District Staff will work collaboratively in developing the best appropriate implementation strategy to efficiently leverage existing work and knowledge. 3. Develop the program so that asset management knowledge is transferred from GHD’s experienced asset management implementors to the District staff throughout the project. This manuscript presents the results of Phase 1, including the following: 1. Development of an asset management strategy and implementation plan. 2. Asset inventory and register development considerations. 3. How the District is using condition assessment protocols to estimate remaining life. 4. How risk is being used to prioritize needs and how tolerable risk is being considered in the decision making framework. 5. How Management Strategy Groups are being used as a basis to model “what-if” scenarios for different capital, operational and maintenance management strategies. 6. Content and structure of the Pilot Asset Management Plan that has been developed as “fit-for-purpose” for the District. 7. Needs and associated future investment requirements identified using Decision Support System (DSS) analysis; and, 8. Lessons learned (business improvement projects) and next steps. Copyright ©2016 Water Environment Federation.",Asset Management; Operations and Maintenance; Utility Management,D_descartar_sintese,parcial,TRUE,TRUE,TRUE,TRUE,FALSE,FALSE,4,RQ0;RQ1;RQ2;RQ3,3,excluir_do_artigo,RQ0=TRUE; RQ1=TRUE; RQ2=TRUE; RQ3=TRUE; RQ4=FALSE; RQ5=FALSE; n_rqs=4; score=3; estrato_resumo=D_descartar_sintese; uso=excluir_do_artigo
REG_02716,2022,Scopus,10.1088/1755-1315/1026/1/012053,Evaluation of using building information modelling in green building in Saudi Arabia construction contracts,"Building Information Modelling (BIM) enables, faster development, real-time monitoring of project performance, clash detection, knowledge management, more effective and efficient operation and maintenance, and provide more reliable and timely exchange of information to support the decision-making process. Despite the worldwide adoption of BIM, its implementation is the Kingdom of Saudi Arabia is not mature, especially when it comes to green buildings. The goal of this research is to investigate the use of BIM in green buildings in KSA and provide insights on the factors that need to be considered for optimal attainment of BIM outcomes. First, BIM implementation is analyzed in international contracts such as FIDIC and NEC4. Second, the local implementation of BIM in KSA is investigated through analysing the public works contract and the contract of case study of a mega project. Finally, a survey was conducted to identify and rate the (1) obstacles, and (2) benefits of BIM implementation in green building in KSA. Among the significant results was the fact that the strongest barrier to BIM implementation is the lack of support from the management to accept changing the current practices, and the weakest barrier is actually the costs of BIM implementation. The findings shed the light on significant aspects (such as increasing awareness about BIM and fostering flexibility in managers) that will enable successful implementation of BIM in green buildings in KSA; which in turn will result in cost and schedule savings.  © Published under licence by IOP Publishing Ltd.",,D_descartar_sintese,sim,TRUE,TRUE,TRUE,TRUE,FALSE,TRUE,5,RQ0;RQ1;RQ2;RQ3;RQ5,7,excluir_do_artigo,RQ0=TRUE; RQ1=TRUE; RQ2=TRUE; RQ3=TRUE; RQ4=FALSE; RQ5=TRUE; n_rqs=5; score=7; estrato_resumo=D_descartar_sintese; uso=excluir_do_artigo
REG_02855,2022,Scopus,,Conceptual Modeling of Lifecycle Digital Twin Architecture for Bridges: A Data Structure Approach,"The concept of Digital Twin (DT) has emerged in recent years to facilitate the use of Building Information Modeling during the entire projects' lifecycle. In the DT concept, cyber-physical system theory is utilized to collect condition data about an existing asset and then integrate this data into the digital model. The major limitation though is that the current scope of DT is limited to the operation and maintenance phase. Nevertheless, the DT concept can be extended to the entire lifecycle of the asset if the relevant sensory and non-sensory data are incorporated into the digital model in an automated and systematic way. However, in the current literature, there is no clear insight about such a holistic and life-cycle DT concept for infrastructure projects. Especially, there is very little understanding about how various sensory and non-sensory data from construction and operation phases can be seamlessly integrated into the 3D BIM models. Therefore, this research aims to develop a conceptual model for the architecture of Lifecycle DT (LDT) focusing on bridges. To this end, an ontological modeling approach is adopted. The proposed ontology is validated through a workshop session where domain experts assessed the results with respect to some competency questions. The outcome of the session indicated that the proposed ontology scored sufficiently in all the criteria and succeeded in satisfying the information needs of the LDT. Overall, the proposed model offers an insight into a lifecycle modeling practice as well as automated data incorporation, enabling a smooth transition towards an upgraded modeling practice. © 2022 International Association on Automation and Robotics in Construction.",Bridge information modelling; Digital twin; Lifecycle digital twin; Ontological modelling,D_descartar_sintese,nao,TRUE,TRUE,TRUE,FALSE,FALSE,TRUE,4,RQ0;RQ1;RQ2;RQ5,0,excluir_do_artigo,RQ0=TRUE; RQ1=TRUE; RQ2=TRUE; RQ3=FALSE; RQ4=FALSE; RQ5=TRUE; n_rqs=4; score=0; estrato_resumo=D_descartar_sintese; uso=excluir_do_artigo
REG_07017,2023,Scopus,10.1016/j.enbuild.2023.113268,Economics and lifecycle carbon assessment of coconut oil as an alternative to paraffin phase change materials in North America,"Globally, almost 40% of carbon emissions are attributable to building operation and embodied carbon. Phase change materials (PCMs) can store solar energy during peak periods to decrease summer cooling loads and overnight winter heating loads and emissions. At present, most PCMs are non-renewable paraffins with high embodied carbon; plant-based oils such as coconut oil may maintain the conditioning load reductions, while reducing the sustainability and embodied carbon of PCMs. The objective of this study was to determine the economic and emissions of coconut oil as an alternative to paraffins via full house simulations in three North American locations within different climate zones. It was found that paraffin PCM had greater embodied carbon and annual heating and cooling reductions than the coconut oil, causing the lifecycle carbon footprint to be lower with paraffin PCM than with the coconut oil over the house lifetime. This indicates the importance of developing bio-based PCMs with latent heat capacity that more closely compare to paraffins, in order to minimize total building carbon footprint. It was also found that the economic payback period of both PCMs may exceed the lifetime of the house and thus render the PCMs infeasible without reductions in capital costs or increased carbon pricing. © 2023 Elsevier B.V.",Coconut oil; Embodied carbon; Paraffin; Phase change materials,D_descartar_sintese,parcial,FALSE,FALSE,TRUE,FALSE,FALSE,FALSE,1,RQ2,-3,excluir_do_artigo,RQ0=FALSE; RQ1=FALSE; RQ2=TRUE; RQ3=FALSE; RQ4=FALSE; RQ5=FALSE; n_rqs=1; score=-3; estrato_resumo=D_descartar_sintese; uso=excluir_do_artigo
REG_04541,2026,Scopus,10.1016/j.cities.2026.107238,"Corrigendum/Erratum to “Integrating AI and spatial analysis for resilient and inclusive 15-minute cities: A case study of Gdańsk”(Cities, (2026), 173, C, (107011), (S026427512600243X), 10.1016/j.cities.2026.107011)","In this article, 25 references in the reference list contain errors, including missing authors, incomplete titles, and missing or incorrect publication details, such as publisher name, journal name, volume, and page numbers. The authors acknowledge that a corrigendum is required to correct the references, and the corrected list is provided below:-Abdelkarim, S. B., Ahmad, A. M., Ferwati, S., & Naji, K. (2023). Urban facility management improving livability through smart public spaces in smart sustainable cities. Sustainability, 15(23), 16257. https://doi.org/10.3390/su152316257-Bajjali, W. (2023). Proximity and network analysis. In ArcGIS Pro and ArcGIS Online: Applications in water and environmental sciences (pp. 287–331). Springer. https://doi.org/10.1007/978-3-031-42227-0_14-Biljecki, F., & Ito, K. (2021). Street view imagery in urban analytics and GIS: A review. Landscape and Urban Planning, 215, Article 104217. https://doi.org/10.1016/j.landurbplan.2021.104217-de Rijke, C. A., Lim, N. J., Iqbal, A., Brandt, S. A., & Sahlin, E. A. (2025). A systematic review of blue-green infrastructure's role and relevance in the mitigation and management of climate-induced hazards in x-minute cities. Planning Practice & Research, 1–29. https://doi.org/10.1080/02697459.2025.2516529-Enwin, A. D., & Ikiriko, T. D. (2023). Balancing urban development: Literature on the nexus between affordable housing and urban sprawl. International Journal of Research and Review, 10(12), 560–72.https://doi.org/10.52403/ijrr.20231259-Gehl, J. (2012). Life between buildings: using public space. Island Press.-Giles-Corti, B., Foster, S., Lynch, B., & Lowe, M. (2023). What are the lessons from COVID-19 for creating healthy, sustainable, resilient future cities? npj Urban Sustainability, 3(1), 29. https://doi.org/10.1038/s42949-023-00107-y-Guo, J., He, H., He, T., Lausen, L., Li, M., Lin, H., Shi, X., Wang, C., Xie, J., Zha, S., Zhang, A., Zhang, H., Zhang, Z., Zhang, Z., Zheng, S., & Zhu, Y. (2020). GluOnCV and GluonNLP: Deep learning in computer vision and natural language processing. Journal of Machine Learning Research, 21(23), 1–7. http://jmlr.org/papers/v21/19-429.html.-Huang, W., & Khalil, E. B. (2023). Walkability optimization: Formulations, algorithms, and a case study of Toronto. Proceedings of the AAAI Conference on Artificial Intelligence, 37(12), 14249–14258.-Kyriakidis, C., Apostolopoulos, K., Papadima, A., Sideris, A., Potsiou, C., & Efthimios, B. (2024). Navigating urban space: Unveiling patterns in walking routes through space syntax in Kypseli neighborhood (Athens). Tehnički glasnik, 18 (si1), 37–44. https://doi.org/10.31803/tg-20241013222733-Lee, D. (2022). Public Space in Transition: co-production and co-management of privately owned public space in Seoul and Berlin. transcript Verlag. https://doi.org/10.1515/9783839462324-Lin, T.-Y., Maire, M., Belongie, S., Hays, J., Perona, P., Ramanan, D., Dollár, P., & Zitnick, C. L. (2014). Microsoft COCO: Common objects in context. European Conference on Computer Vision, 740–755. Springer International Publishing.-Magina, F. B., Paul, B. N., & Lupala, J. M. (2024). Impacts of urban sprawl on people's livelihoods: analysis of urban fringe neighbourhoods in Dar es Salaam, Tanzania. International Planning Studies, 29(2), 198–212. https://doi.org/10.1080/13563475.2024.2358011-Murtagh, E. M., Mair, J. L., Aguiar, E., Tudor-Locke, C., & Murphy, M. H. (2021). Outdoor walking speeds of apparently healthy adults: A systematic review and meta-analysis. Sports Medicine, 51(1), 125–141. https://doi.org/10.1007/s40279-020-01351-3-Opach, T., Navarra, C., Rød, J. K., Neset, T. S., Wilk, J., Cruz, S. S., & Joling, A. (2023). Identifying relevant volunteered geographic information about adverse weather events in Trondheim using the CitizenSensing participatory system. Environment and Planning B: Urban Analytics and City Science, 50(7), 1806–1821. https://doi.org/10.1177/23998083221136557-Patimisco, L., Annunziata, A., & Murgante, B. (2024). Spatial and configurational analysis for the implementation of the 15-minute city model: The case study of Perugia, Italy. In A. Marucci, F. Zullo, L. Fiorini, & L. Saganeiti (Eds.), Innovation in urban and regional planning (Lecture Notes in Civil Engineering, Vol. 467, pp. 661–672). Springer. https://doi.org/10.1007/978-3-031-54118-6_60-Pozoukidou, G., & Chatziyiannaki, Z. (2021). 15-Minute City: Decomposing the new urban planning eutopia. Sustainability, 13(2), 928. https://doi.org/10.3390/su13020928-Sepe, M. (2022). Designing Healthy and Liveable Cities. Taylor & Francis.-Song, G., He, X., Kong, Y., Li, K., Song, H., Zhai, S., & Luo, J. (2022). Improving the spatial accessibility of community-level healthcare service toward the ‘15-Minute City’ goal in China. ISPRS International Journal of Geo-Information, 11(8), 436. https://doi.org/10.3390/ijgi11080436-Ulloa-Leon, F., Correa-Parra, J., Vergara-Perucich, F., Cancino-Contreras, F., & Aguirre-Nuñez, C. (2023). “15-minute city” and elderly people: thinking about healthy cities. Smart Cities, 6(2), 1043–1058. https://doi.org/10.3390/smartcities6020050-Verma, A., Verma, M., Rahul, T. M., Khurana, S., & Rai, A. (2019). Measuring accessibility of various facilities by walking in world's largest mass religious gathering – Kumbh Mela. Sustainable cities and society, 45, 79–86. © 2026 The Author(s).",,D_descartar_sintese,parcial,FALSE,TRUE,TRUE,TRUE,TRUE,FALSE,4,RQ1;RQ2;RQ3;RQ4,1,excluir_do_artigo,RQ0=FALSE; RQ1=TRUE; RQ2=TRUE; RQ3=TRUE; RQ4=TRUE; RQ5=FALSE; n_rqs=4; score=1; estrato_resumo=D_descartar_sintese; uso=excluir_do_artigo
REG_00931,2016,Scopus,,Fostering sustainable micro district heating: A tool for biomass boiler design,"Biomass micro district heating networks can represent an opportunity for small communities to comply with European directives and achieve a sustainable energy supply. To foster their adoption, a facility management provider should rely on methods and tools to properly size the biomass energy conversion system, so that it can better suit the local community characteristics and requirements. To this end, the concepts of partial and complementary degrees-hour are introduced in order to partition energy flows along the whole heating season between the biomass boiler and the fossil fuel peak load one for each possible biomass boiler size. Basing on such division, the operational profile of the plant and related costs as well as carbon dioxide equivalent emissions can be evaluated. The methodology is embedded in a decision support tool, which provides the minimum cost solutions as well as the more environment-friendly ones. Results from the application of the tool to a real case of a mountain village are discussed.",Biomass boiler design; Biomass district heating; Facility management; Renewable energy; Sustainable energy supply,D_descartar_sintese,parcial,TRUE,TRUE,TRUE,TRUE,FALSE,FALSE,4,RQ0;RQ1;RQ2;RQ3,3,excluir_do_artigo,RQ0=TRUE; RQ1=TRUE; RQ2=TRUE; RQ3=TRUE; RQ4=FALSE; RQ5=FALSE; n_rqs=4; score=3; estrato_resumo=D_descartar_sintese; uso=excluir_do_artigo
REG_02104,2011,Scopus,10.1080/15614263.2011.581440,Monitoring and evaluation in police capacity building operations: 'Women as uniform?',"The monitoring and evaluation (M&E) of police capacity building operations is becoming increasingly important as the international agenda expands to sustainable peace building. This paper argues that M&E practice in police capacity building inherently impacts upon the effectiveness of reform. Accordingly, we critically analyse the utilisation of conventional M&E approaches. We apply this critical analysis to the issue of gender-sensitive reform, as an example of the social aspects of police capacity building operations - illustrating the dangers of crude 'objective' measurements in complex social change processes. In conclusion we propose the incorporation of participatory approaches in the M&E of police capacity building. © 2011 Copyright Taylor and Francis Group, LLC.",capacity building; gender-sensitive reform; local ownership; monitoring and evaluation; participation; police reform,D_descartar_sintese,nao,FALSE,FALSE,FALSE,FALSE,FALSE,FALSE,0,,-8,excluir_do_artigo,RQ0=FALSE; RQ1=FALSE; RQ2=FALSE; RQ3=FALSE; RQ4=FALSE; RQ5=FALSE; n_rqs=0; score=-8; estrato_resumo=D_descartar_sintese; uso=excluir_do_artigo
REG_00065,2018,Scopus,10.1051/matecconf/201819506010,"Service life planning for electronics, mechanical and electrical components of a hotel building","A hotel building in Yogyakarta was studied for its service life planning of electronic, electrical, and mechanical components the building. The study aims to assess the service life of hotel buildings including its electronics, mechanical and electrical components, and estimating the service life of each of the components. Data was collected from practitioners working in building maintenance office of several hotels in Yogyakarta. The Data was carefully analysed using descriptive statistics. This paper discusses the approaches and application of the availability of reference service life and service period data can be collected and applied in life cycle costing. The results of service-life data for periodical maintenance and replacement for various electronics, both mechanical and electrical parts are also presented for life cycle planning. © The Authors, published by EDP Sciences, 2018.",,B_nucleo_descritivo,parcial,FALSE,TRUE,TRUE,FALSE,FALSE,FALSE,2,RQ1;RQ2,4,mapeamento_descritivo,RQ0=FALSE; RQ1=TRUE; RQ2=TRUE; RQ3=FALSE; RQ4=FALSE; RQ5=FALSE; n_rqs=2; score=4; estrato_resumo=B_nucleo_descritivo; uso=mapeamento_descritivo
REG_07250,2023,Scopus,,A SYSTEMATIC REVIEW ON BARRIERS IN INTEGRATING BUILDING INFORMATION MODELLING (BIM) IN FACILITIES MANAGEMENT,"Building Information Modelling (BIM) and Facilities Management (FM) systems can be utilized to create a digital repository for each building component for the management of buildings, facilities, and other fixed assets. The adoption of BIM in FM is evolving, starting with the design, construction, maintenance, and operating phases of a building's life cycle for better organized, systematic, and flexible building information management. However, BIM research for facility management is still in its infancy, and implementation in this field is even l ess widespread. There is a demand to produce an up-to-date information concerning the barriers of integrating BIM with FM. Therefore, this paper conducts a systematic literature review (SLR) based on twenty (20) research publications produced from 2018 to 2022 on BIM integration in FM to examine its implementation barriers. The results show similar patterns and areas of research from four (4) insights: people, process, technology, and legal-related issues, together with the in-depth barriers of implementing BIM in FM based on these prevalent areas. The identification of these barriers can help the facility managers and authorities to successfully integrate BIM in FM which would further lead to a better performance and maintenance in asset management. © 2023, Construction Research Institute of Malaysia. All rights reserved.",Barriers; BIM; Challenges; Facility Management; Integration; Issues; Maintenance,B_nucleo_descritivo,parcial,FALSE,TRUE,FALSE,FALSE,FALSE,TRUE,2,RQ1;RQ5,4,mapeamento_descritivo,RQ0=FALSE; RQ1=TRUE; RQ2=FALSE; RQ3=FALSE; RQ4=FALSE; RQ5=TRUE; n_rqs=2; score=4; estrato_resumo=B_nucleo_descritivo; uso=mapeamento_descritivo
REG_05188,2025,Scopus,10.11949/0438-1157.20250260,Research on the total heat recovery characteristics of fresh air based on modified PVDF membranes,"Reducing energy consumption in building operations requires energy-efficient management of HVAC fresh air systems. Implementing low-carbon strategies in ventilation systems is critical for sustainable development. The membrane fresh air total heat recovery device has a wide range of application potential in the field of energy saving of fresh air system due to its compact structure and high heat and moisture exchange efficiency. Polyvinylidene fluoride(PVDF) membranes were modified with graphene oxide (GO) and polyvinylpyrrolidone (PVP) to enhance heat-moisture transfer performance. The water vapor transmission rate (WVTR) was rigorously measured, and the effects of membrane composition, surface hydrophilicity, and pore microstructure on moisture permeation mechanisms were systematically analyzed. Experimental evaluations were conducted on heat recovery cores fabricated from the modified PVDF membranes within a fresh air system. The impacts of temperature, relative humidity, and airflow rate on total heat recovery efficiency (THRE) were investigated. A predictive model for THRE was subsequently developed using dimensionless parameters. The results indicate that with 0.1 g GO and 7.0 g PVP of 3641 g/(m² ·d). Compared to commercial membranes, the modified PVDF membranes exhibited 29.7% higher THRE and 33.7% greater total heat recovery capacity (THRC). The dimensionless predictive model demonstrated high accuracy, with deviations from experimental data consistently below ±5%. © 2025, Materials China. All right resevered.",energy recovery ventilation; experimental validation; film; fresh air system; heat exchange efficiency; polyvinylidene fluoride; prediction,B_nucleo_descritivo,parcial,FALSE,FALSE,TRUE,FALSE,FALSE,FALSE,1,RQ2,3,mapeamento_descritivo,RQ0=FALSE; RQ1=FALSE; RQ2=TRUE; RQ3=FALSE; RQ4=FALSE; RQ5=FALSE; n_rqs=1; score=3; estrato_resumo=B_nucleo_descritivo; uso=mapeamento_descritivo
REG_05637,2025,Scopus,10.1088/1742-6596/3005/1/012030,Prefabricated concrete building based on LCA theory Research on carbon emissions,"In order to explore the key sources of carbon emissions and carbon emission structure in the life cycle of prefabricated concrete building, and to improve the energy-saving benefits in the life cycle of buildings. Based on the theory of life cycle assessment (LCA), the main carbon emission sources of each stage are analyzed, and the carbon emission accounting model of prefabricated concrete building materialization stage, operation and demolition stage is constructed. Taking a specific prefabricated concrete building as an example, the carbon emission composition in its life cycle is calculated. The results show that in the whole life cycle of assembled concrete buildings, the carbon emissions generated in the materialization stage account for 11.69 %, the operation and maintenance stage is as high as 88.17 %, and the demolition stage only accounts for 0.14 %. Therefore, when promoting the development of prefabricated concrete buildings, the construction industry should focus on the carbon emission reduction in the operation and maintenance stage. © Published under licence by IOP Publishing Ltd.",Accounting model; Carbon emissions; LCA; Prefabricated concrete building,B_nucleo_descritivo,parcial,FALSE,TRUE,FALSE,FALSE,FALSE,FALSE,1,RQ1,2,mapeamento_descritivo,RQ0=FALSE; RQ1=TRUE; RQ2=FALSE; RQ3=FALSE; RQ4=FALSE; RQ5=FALSE; n_rqs=1; score=2; estrato_resumo=B_nucleo_descritivo; uso=mapeamento_descritivo
REG_00550,2017,Scopus,10.4324/9781315628011,Heritage building information modelling,"Building Information Modelling (BIM) is being debated, tested and implemented wherever you look across the built environment sector. This book is about Heritage Building Information Modelling (HBIM), which necessarily differs from the commonplace applications of BIM to new construction. Where BIM is being used, the focus is still very much on design and construction. However, its use as an operational and management tool for existing buildings, particularly heritage buildings, is lagging behind. The first of its kind, this book aims to clearly define the scope for HBIM and present cutting-edge research findings alongside international case studies, before outlining challenges for the future of HBIM research and practice. After an extensive introduction to HBIM, the core themes of the book are arranged into four parts: • Restoration philosophies in practice • Data capture and visualisation for maintenance and repair • Building performance • Stakeholder engagement This book will be a key reference for built environment practitioners, researchers, academics and students engaged in BIM, HBIM, building energy modelling, building surveying, facilities management and heritage conservation more widely. © 2017 selection and editorial matter, Yusuf Arayici, John Counsell, Lamine Mahdjoubi, Gehan Nagy, Soheir Hawas and Khaled Dewidar.",,B_nucleo_descritivo,parcial,FALSE,TRUE,FALSE,FALSE,TRUE,FALSE,2,RQ1;RQ4,3,mapeamento_descritivo,RQ0=FALSE; RQ1=TRUE; RQ2=FALSE; RQ3=FALSE; RQ4=TRUE; RQ5=FALSE; n_rqs=2; score=3; estrato_resumo=B_nucleo_descritivo; uso=mapeamento_descritivo
REG_03644,2020,Scopus,10.3390/su12187702,Identifying risk indicators for natural hazard-related power outages as a component of risk assessment: An analysis using power outage data from Hurricane Irma,"Extensive use has been made of lifecycle-cost assessment to enhance the cost-effectiveness and resilience of facilities management. However, if such assessments are to be truly effective, supplemental information will be needed on the major costs to be expected over buildings' entire lives. Electricity generation and distribution systems, for example, are absolutely indispensable to industry and human society, not least in the operation of buildings and other infrastructure as networks. The widespread disruption that ensues when such power systems are damaged often carries considerable repair costs. Natural disasters likewise can cause extensive societal, economic, and environmental damage. Such damage is often associated with lengthy power outages that, as well as being directly harmful, can hinder emergency response and recovery. Accordingly, the present study investigated the correlations of natural hazard indicators such as wind speed and rainfall, along with environmental data regarding the power failure in Florida caused by Hurricane Irma in 2017 utilizing multiple regression analysis. The environmental data in question, selected on the basis of a thorough literature review, was tree density. Our analysis indicated that the independent variables, maximum wind speed, total rainfall, and tree density, were all significantly correlated with the dependent variable, power failure. Among these, rainfall was the least significant. Despite there being only three independent variables in the model, its adjusted coefficient of determination (0.512) indicated its effectiveness as a predictor of the power outages caused by Hurricane Irma. As such, our results can serve the construction industry's establishment of advanced safety guidelines and structural designs power transmission systems in regions at risk of hurricanes and typhoons. Additionally, insurance companies' loss-assessment modeling for power-system facilities would benefit from incorporating the three identified risk indicators. Finally, our findings can serve as a useful reference to policymakers tasked with mitigating power outages' effects on infrastructure in hurricane-prone areas. It is hoped that this work will be extended, facilitating infrastructure restoration planning and making societies and economies more sustainable. © 2020 by the authors.",Disaster management; Natural hazard; Power system failure; Risk management,B_nucleo_descritivo,parcial,FALSE,TRUE,TRUE,FALSE,FALSE,FALSE,2,RQ1;RQ2,4,mapeamento_descritivo,RQ0=FALSE; RQ1=TRUE; RQ2=TRUE; RQ3=FALSE; RQ4=FALSE; RQ5=FALSE; n_rqs=2; score=4; estrato_resumo=B_nucleo_descritivo; uso=mapeamento_descritivo
REG_05311,2025,Scopus,10.3390/buildings15152604,A Review of the Impact of Urban Form on Building Carbon Emissions,"With the intensification of urbanization, resulting in the growing building stock, building operations have become the main contributors to greenhouse gas emissions. However, the relationship between urban form and carbon emissions remains unclear, which limits the sustainable development of cities. This study reviews the definition of carbon sources, data characteristics, and evaluation methods of carbon emissions. In addition, the impact of urban form on building carbon emissions at the macro, meso, and micro scales is reviewed, and low-carbon design strategies for urban form are discussed. Finally, the existing problems in this field are pointed out, and future research directions are proposed. Our review found that small and medium-sized compact cities tend to have less carbon emissions, while large cities and megacities with compact urban forms have more carbon emissions. The carbon reduction design of urban form at the meso scale is often achieved by improving the microclimate. Developing a research framework for the impact mechanism of building carbon emissions in a coordinated manner with multi-scale urban forms can effectively promote the development of low-carbon sustainable cities. This review can assist urban planners and energy policymakers in selecting appropriate methods to formulate and implement low-carbon city analysis and planning projects based on limited available resources. © 2025 by the authors.",building operational phase; carbon emissions; sustainability; urban form; urban planning,B_nucleo_descritivo,parcial,FALSE,FALSE,FALSE,FALSE,TRUE,TRUE,2,RQ4;RQ5,4,mapeamento_descritivo,RQ0=FALSE; RQ1=FALSE; RQ2=FALSE; RQ3=FALSE; RQ4=TRUE; RQ5=TRUE; n_rqs=2; score=4; estrato_resumo=B_nucleo_descritivo; uso=mapeamento_descritivo
REG_05595,2025,Scopus,10.1088/1742-6596/3074/1/012013,Study on Energy Saving and Low Carbon Renovation of Ultra Low Energy Buildings in Severe Cold Regions,"Under the general environment of environmentally friendly and low carbon development and the construction industry transformation, China's building carbon emissions in 2020 accounted for 51 per cent of the total number of carbon emissions, of which is the building operation stage accounted for 22 per cent of the total carbon emissions, and the share and trend of energy consumption are consistent with the situation of carbon emissions. Ultra-low-energy buildings have long been widely recognised as energy efficient and ecological buildings. This paper takes the project of the renovation of a complex building in primary school in Shenyang in severe cold regions as a research object, analyses the difference in energy consumption and carbon emissions between the renovated building and the original building in the operation phase, and explores the energy-saving and low carbon potentials of ultra-low-energy buildings compared with traditional buildings. Calculations based on actual cases, the renovated buildings for energy consumption is 21.66kWh/m2 and carbon emissions from renovated building is 15.88kgCO2/m2, while the original buildings for energy consumption is 58.94kWh/m2 and the carbon emission of the original building is 43.22kgCO2/m2 at the building's operational stage. The renovated building has remarkable energy efficient and low carbon potential compared to the original building. © Published under licence by IOP Publishing Ltd.",,B_nucleo_descritivo,parcial,FALSE,FALSE,TRUE,FALSE,TRUE,FALSE,2,RQ2;RQ4,4,mapeamento_descritivo,RQ0=FALSE; RQ1=FALSE; RQ2=TRUE; RQ3=FALSE; RQ4=TRUE; RQ5=FALSE; n_rqs=2; score=4; estrato_resumo=B_nucleo_descritivo; uso=mapeamento_descritivo
REG_02194,2011,Scopus,10.1080/09613218.2011.556008,Text mining for occupant perspectives on the physical workplace,"An analysis is presented of occupants' responses from a commercial building indoor environment satisfaction survey database. Building from satisfaction ratings and standardized categorical responses collected in surveys for 192 office buildings in the United States, text analysis software is used to analyse text responses to open-ended survey questions, focusing on occupants' perspectives on the workplace and building overall, temperature, and acoustics. These occupant texts detail interactions between occupants and their physical environment in a technical sense, but also interpret these interactions, assess their consequences, and reflect on social relationships and other matters that lie outside dimension-by-dimension assessments of the physical environment. Viewed together these texts reveal a user-centred perspective that points to issues that rest below the surface of more technical analyses of buildings, such as over air-conditioning, worker stress and frustration, workplace usability, and relationships between physical and other aspects of the workplace. Attending to this perspective could lead to improvements in occupant experience, building and technology design, building operations, and survey research, as well as inform initiatives that require occupant adaptation and cooperation, including those for reductions in greenhouse gas emissions. © 2011 Taylor & Francis.",building performance; indoor environmental quality; occupant adaptation; occupant perceptions; text analysis; workplace satisfaction,B_nucleo_descritivo,parcial,FALSE,FALSE,TRUE,FALSE,TRUE,FALSE,2,RQ2;RQ4,4,mapeamento_descritivo,RQ0=FALSE; RQ1=FALSE; RQ2=TRUE; RQ3=FALSE; RQ4=TRUE; RQ5=FALSE; n_rqs=2; score=4; estrato_resumo=B_nucleo_descritivo; uso=mapeamento_descritivo
REG_00616,2017,Scopus,,Design for safety knowledge-based bim-integrated risk register system,"Safety is a major challenge in the Construction industry. Researchers have shown that many construction fatalities could have been avoided with proper design considerations. Design for safety (DfS) knowledge helps designers to identify how their design may pose a risk during the life cycle of a building facility. Hence, designers can use DfS knowledge to address these safety issues in the design phase. Nevertheless, identified risk and required mitigation of the risk must be noted in a risk register. Moreover, all the risks cannot be addressed or eliminated during design. Hence, residual risks must be addressed during actual construction, operation and maintenance. This study proposes a DfS knowledge-based risk register system that registers design deficient risk with mitigation action and the residual risks that must be addressed during actual construction. The risk register is integrated with the BIM so that the residual risks can be easily visualized in BIM compliant 3D model for further action in later phases. A structure of risk identification procedure incorporating DfS knowledge is described. Identified risks are stored in a database. Mitigation action along with residual risks and responsible persons/parties for a design element are linked with the BIM model. Such early identification of hazard would be very useful to be prepared for any potential risk in advance which can save significant time and cost for the constructor. Copyright © 2017 ISEC Press.",Building information modeling; Construction safety; DfS rule; Knowledge library; Residual risk; Risk mitigation; Risk review; Risk visualization,B_nucleo_descritivo,parcial,FALSE,TRUE,TRUE,FALSE,FALSE,FALSE,2,RQ1;RQ2,4,mapeamento_descritivo,RQ0=FALSE; RQ1=TRUE; RQ2=TRUE; RQ3=FALSE; RQ4=FALSE; RQ5=FALSE; n_rqs=2; score=4; estrato_resumo=B_nucleo_descritivo; uso=mapeamento_descritivo
REG_03737,2020,Scopus,10.14006/j.jzjgxb.2019.0426,Life-cycle performance integrated ternary index system for high performance steel structures,"A life-cycle performance integrated ternary index system which can reflect the structural performance, economy and green sustainability for high-performance steel structures has been established. Structural performance index includes design initial reliability indicators, time indicators, construction indicators, operation and maintenance indicators, and demolition indicators. Economic index contains costs of each stage throughout the life-cycle. Green sustainability index covers resource utilization, environmental protection and social development indicators. The 'integrated' relationship of the index system was put forward, along with the connections and influences among indicators. The feasibility and availability of the proposed index system were validated through a commercial steel construction project. It is proved that the proposed index system can reflect and evaluate the characteristics of the steel structure well. Based on the integrated ternary index system, several design suggestions for the high-performance steel structures were proposed. © 2020, Editorial Office of Journal of Building Structures. All right reserved.",Economy; Green sustainability; High-performance steel structure; Index system; Life-cycle; Structural performance,B_nucleo_descritivo,parcial,FALSE,TRUE,TRUE,FALSE,FALSE,FALSE,2,RQ1;RQ2,4,mapeamento_descritivo,RQ0=FALSE; RQ1=TRUE; RQ2=TRUE; RQ3=FALSE; RQ4=FALSE; RQ5=FALSE; n_rqs=2; score=4; estrato_resumo=B_nucleo_descritivo; uso=mapeamento_descritivo
REG_01150,2015,Crossref|Scopus,10.1007/978-3-319-23959-0,Knowledge management and information tools for building maintenance and facility management,"This book describes the latest methods and tools for the management of information within facility management services and explains how it is possible to collect, organize, and use information over the life cycle of a building in order to optimize the integration of these services and improve the efficiency of processes. The coverage includes presentation and analysis of basic concepts, procedures, and international standards in the development and management of real estate inventories, building registries, and information systems for facility management. Models of strategic management are discussed and the functions and roles of the strategic management center, explained. Detailed attention is also devoted to building information modeling (BIM) for facility management and potential interactions between information systems and BIM applications. Criteria for evaluating information system performance are identified, and guidelines of value in developing technical specifications for facility management services are proposed. The book will aid clients and facility managers in ensuring that information bases are effectively compiled and used in order to enhance building maintenance and facility management. © Springer International Publishing Switzerland 2016. All Rights reserved.",,B_nucleo_descritivo,parcial,FALSE,TRUE,FALSE,FALSE,FALSE,FALSE,1,RQ1,2,mapeamento_descritivo,RQ0=FALSE; RQ1=TRUE; RQ2=FALSE; RQ3=FALSE; RQ4=FALSE; RQ5=FALSE; n_rqs=1; score=2; estrato_resumo=B_nucleo_descritivo; uso=mapeamento_descritivo
REG_06623,2024,Scopus,10.11918/202306009,Digital twin and its applications in civil engineering: Review and outlook,"The advent of Industry 4. 0 has spawned the widespread application of digital twin technology, providing digital solutions for intelligent manufacturing and product life-cycle management. In the field of civil engineering, the enhancement of digital disaster prevention and civil structure management is a critical component in the development of future smart cities. On one hand, the establishment of precise and reliable digital twins of real-life civil structures can facilitate disaster prevention from extreme hazards, as well as identify and warn against potential risks. On the other hand, digital twins lay the foundation for technological advancements in the digital construction and management of future cities. This study first categorizes the fundamental concepts and developmental stages of digital twin technology. Then, the acquisition of twining data and construction of digital twins for civil structures are systematically summarized. Building on this foundation, a comprehensive review and outlook is presented on the application of digital twin technology in civil engineering, encompassing the operation and maintenance of structures, disaster simulation and digital twin cities. © 2024 Harbin Institute of Technology. All rights reserved.",digital disaster prevention; digital twin; digital twin city; disaster simulation; operational assessment,B_nucleo_descritivo,parcial,FALSE,TRUE,TRUE,FALSE,FALSE,FALSE,2,RQ1;RQ2,4,mapeamento_descritivo,RQ0=FALSE; RQ1=TRUE; RQ2=TRUE; RQ3=FALSE; RQ4=FALSE; RQ5=FALSE; n_rqs=2; score=4; estrato_resumo=B_nucleo_descritivo; uso=mapeamento_descritivo
REG_02742,2022,Scopus,10.1007/978-981-16-5543-2_29,Urban Facilities Management: A Way of Attaining Sustainable Cities in Sri Lanka,"Urban Facilities Management (UFM) can be identified as a novel concept, which expanded from the concept of Facilities Management (FM) to manage urban areas more sustainable and innovative way. With the emergence of UFM, FM can be performed at the macro-level to achieve urban sustainability. However, the adaptability of this concept into Sri Lankan context has not been studied yet. Thus, this paper intended to analyse the drivers and barriers to the successful adaptation of UFM into Sri Lankan context. A qualitative research approach with qualitative interview survey strategy was followed to accomplish the aim of this study. The data were collected by means of semi-structured interviews with fifteen key stakeholders, who engaged in the management and development of sustainable cities in Sri Lanka. Collected data were analysed using content analysis method. The empirical findings revealed that UFM adaptation into Sri Lankan context is still at its nascent stage in Sri Lanka. Accordingly, eleven drivers that encourage the successful UFM adaptation and eight barriers, which distract the adaptation of UFM into Sri Lankan context were discovered. The findings are therefore would enable relevant stakeholders, who engaged in management and development of cities, to make informed decisions and thereby promote modern, innovative and sustainable way for ensuring the well-being of whole society. © 2022, The Author(s), under exclusive license to Springer Nature Singapore Pte Ltd.",Barriers; Drivers; Urban facilities management; Urban sustainability,A_nucleo_forte,sim,FALSE,FALSE,FALSE,FALSE,FALSE,TRUE,1,RQ5,6,mapeamento_descritivo,RQ0=FALSE; RQ1=FALSE; RQ2=FALSE; RQ3=FALSE; RQ4=FALSE; RQ5=TRUE; n_rqs=1; score=6; estrato_resumo=A_nucleo_forte; uso=mapeamento_descritivo
REG_01741,2013,Scopus,,Benefits of applying Building Information Modeling in Facility Management,"The implementation of Building Information Modeling (BIM) in Facility Management (FM) has been recently evolving. The use of BIM by facility managers will provide all the necessary tools to keep buildings in the required living standards while eliminating all possible waste (time, money, resources, and sustainability impacts) associated with managing them. Furthermore, it enables facility managers to obtain access to the entire life-cycle information of the project, especially the ones during the planning and implementation phases by allowing them to supplement their professional inputs towards a more efficient FM. This paper proposes a methodology to develop an integrated model that can be used as a managing tool in FM. The model integrates BIM tools with the facility's maintenance management system. The model can be used to enhance space management, to generate building analysis in respect of the sustainability aspects of the facility and to secure facilities' information and data (i.e., CAD drawings, operation instructions, maintenance manuals and schedule of equipment). The successful development of the model will enable facility managers to avoid unscheduled maintenance and equipment failures, to evaluate the most suitable timing for equipment maintenance, to specify the precise amount of time required to maintain equipment by choosing the most suitable ones. This will help in reducing the maintenance and operational costs significantly, while improving the overall living/using experience. The model will then be validated to test its capability, workability and outcomes by using a case project.",,B_nucleo_descritivo,parcial,FALSE,TRUE,TRUE,FALSE,FALSE,FALSE,2,RQ1;RQ2,4,mapeamento_descritivo,RQ0=FALSE; RQ1=TRUE; RQ2=TRUE; RQ3=FALSE; RQ4=FALSE; RQ5=FALSE; n_rqs=2; score=4; estrato_resumo=B_nucleo_descritivo; uso=mapeamento_descritivo
REG_00406,2017,Scopus,10.1080/09613218.2017.1301745,Making an engine: performativities of building information standards,"Digitization of buildings requires the systematic handling of a variety and volumes of data. It is a common vision to aim for coordinated homogenization of data structures, enabled by the classification of information. This paper studies the role of building information standards for classification in digitization of the building life cycle. It draws on science and technology studies of information technology standards, big data and building information modelling (BIM) in building research. The approach is based on performativity of standards for information systems, viewing performativity as potentially non-linear and multiple. The five-year design process of a large hospital in Denmark is examined as episodes of performance of the building information standard, particularly one recent standard, the Cuneco Classification System (CCS). The study shows that despite client demands, several building information standards are active over time: an ‘expansive’ design brief process adds user demands and uses room classification. Another process diminishes the design brief more than 50%, with several standards in use. The client’s facilities management system, which performs the structuring of data ‘backwards’ into the design process, makes architects and engineers (but not contractors) use CCS. This fragmentation of performing standards is denoted ‘multiple performativities’ and includes temporal and compartmental performativity. © 2017 Informa UK Limited, trading as Taylor & Francis Group.",big data; building information modelling (BIM); design and build; hospitals; performativity; standards,B_nucleo_descritivo,parcial,FALSE,TRUE,FALSE,FALSE,TRUE,FALSE,2,RQ1;RQ4,3,mapeamento_descritivo,RQ0=FALSE; RQ1=TRUE; RQ2=FALSE; RQ3=FALSE; RQ4=TRUE; RQ5=FALSE; n_rqs=2; score=3; estrato_resumo=B_nucleo_descritivo; uso=mapeamento_descritivo
REG_07415,2023,Scopus,10.1109/aceee58657.2023.10239647,Bi-level Optimal Configuration for Smart Buildings Based on Shared Energy Storage Service,"To avoid the problems of low energy storage utilization and poor economic benefits in smart buildings with separate configurations of energy storage, a bi-level optimal configuration method for smart buildings based on shared energy storage services is proposed, which can consider the differences and complementarity of energy storage demand of each smart building in different scenarios and bring into play the maximum efficiency of energy storage while reducing energy storage investment costs. Firstly, the operation mode of smart building participation in shared energy storage is introduced. Secondly, a bi-level programming model of smart buildings based on a shared energy storage power station is established. Among them, the upper-level objective function is the optimal economic benefit considering the whole life cycle cost of a shared energy storage power station; the lower-level is the lowest smart building operation cost considering the thermal inertia of the building. And the KKT condition and Big-M method are used to convert the bi-level model into a single-level mixed integer linear model to solve. Finally, the economics and validity of the proposed model are verified by case analysis, and it is proved that smart building participation in shared energy storage services can effectively reduce costs, save energy storage resources, and achieve a win-win situation for both smart building and energy storage plant operators. © 2023 IEEE.",Bi-level programming; Capacity configuration; Shared energy storage; Smart buildings; Thermal inertia,B_nucleo_descritivo,parcial,FALSE,FALSE,TRUE,FALSE,FALSE,FALSE,1,RQ2,3,mapeamento_descritivo,RQ0=FALSE; RQ1=FALSE; RQ2=TRUE; RQ3=FALSE; RQ4=FALSE; RQ5=FALSE; n_rqs=1; score=3; estrato_resumo=B_nucleo_descritivo; uso=mapeamento_descritivo
REG_01858,2012,Scopus,,The performance nexus - A framework for improving energy efficiency in existing commercial buildings by considering a whole-of-building approach,"Efforts to reduce carbon emissions in the buildings sector have been focused on encouraging green design, construction and building operation; however, the business case is not very compelling if considering the energy cost savings alone. In recent years green building has been driven by a sense that it will improve the productivity of occupants, i something with much greater economic returns than energy savings. Reducing energy demand in green commercial buildings in a way that encourages greater productivity is not yet well understood as it involves a set of complex and interdependent factors. This paper outlines an investigation into these factors and focuses on better understanding the performance of and interaction between: design elements, internal environmental quality, occupant experience, tenant/leasing agreements, and building regulation and management. In doing so the paper presents a framework for improving energy efficiency in existing commercial buildings by considering a range of interconnected and synergistic elements.",Building management and operation; Commercial buildings; Energy performance; Internal environmental quality; Occupant satisfaction; Tenant agreements,B_nucleo_descritivo,parcial,FALSE,FALSE,TRUE,FALSE,TRUE,FALSE,2,RQ2;RQ4,4,mapeamento_descritivo,RQ0=FALSE; RQ1=FALSE; RQ2=TRUE; RQ3=FALSE; RQ4=TRUE; RQ5=FALSE; n_rqs=2; score=4; estrato_resumo=B_nucleo_descritivo; uso=mapeamento_descritivo
REG_06759,2024,Scopus,10.1109/reepe60449.2024.10479728,Achieving Smart Building Operation Sustainability by Utilizing AI Under Environmental Impact,"Smart building is evolving by integrating the best of information and communication technology (ICT), the Internet of Things (IoT), and automation solutions. stability of electric energy is a major threat to its sustainability. For its negligible running cost and emission Smart buildings depend on photovoltaic PV panels for steering their appliances with electricity. However, PV has an unstable conversion rate due to environmental factors which adversely affect its efficiency. In turn, those environmental factors form a threat to smart building sustainability. This paper conducted an empirical investigation to evaluate the influence of environmental conditions on photovoltaic systems. Additionally, by forecasting PV productivity, the paper suggests an artificial intelligent approach for realizing a sustainable smart building. Through a comparison analysis with the prior solution, the simulation results demonstrated the proposed system's effectiveness. © 2024 IEEE.",BIPV; Climate change; Environmental impact; Machine Learning; MSE; Neural Network; PV; Smart Building; Sustainability; UN SDG,B_nucleo_descritivo,parcial,FALSE,FALSE,TRUE,FALSE,FALSE,FALSE,1,RQ2,3,mapeamento_descritivo,RQ0=FALSE; RQ1=FALSE; RQ2=TRUE; RQ3=FALSE; RQ4=FALSE; RQ5=FALSE; n_rqs=1; score=3; estrato_resumo=B_nucleo_descritivo; uso=mapeamento_descritivo
REG_00185,2018,Scopus|WoS,10.1007/978-3-319-61645-2_3,Improving Sustainable Construction Practices Through Facility Management,"The construction industry is key to the development and economic growth of any country, either developing or developed. The role of the industry in the achievement of infrastructures that are economically, socially and environmentally sustainable cannot be over-emphasized. It is therefore necessary for construction industry to continuously pursue sustainable construction projects. This study examines factors influencing the adoption and implementation of sustainable construction goals as well as the impact of facility management in achieving and sustaining the practice in the construction industry. Data were collected through well-structured questionnaires administered on relevant stakeholders that are involved in various activities in the construction industry. The policies and actions which affects the transition of companies towards sustainable construction practices include implementation of sustainable policies in the design stage, waste reduction practices, effective reuse and recycling of materials, utilization of life cycle costing and implementation of facility management principles. To improve sustainable practices in the industry, concerned stakeholders must take into consideration maintenance and running of all facilities, implementation of life cycle costing, training of local construction companies on sustainable methodologies and creating awareness within the industry on benefits associated with sustainable construction. This study has contributed to the body of knowledge by examining the role of facility management in the achievement of sustainable construction, it is therefore recommended that the identified policies and techniques as well as highlighted facility management processes are given consideration by construction stakeholders in their quest to improving performance of construction projects. © 2018, Springer International Publishing AG.",Construction project; Facility management; Green building; Life cycle cost; Sustainable construction; Construction project Facility management Green building Life cycle cost Sustainable construction,B_nucleo_descritivo,parcial,FALSE,TRUE,TRUE,FALSE,FALSE,FALSE,2,RQ1;RQ2,4,mapeamento_descritivo,RQ0=FALSE; RQ1=TRUE; RQ2=TRUE; RQ3=FALSE; RQ4=FALSE; RQ5=FALSE; n_rqs=2; score=4; estrato_resumo=B_nucleo_descritivo; uso=mapeamento_descritivo
REG_02961,2022,Scopus,10.1109/ic_aset53395.2022.9765869,Actor-Critic based Adaptive Control Strategy for Effective Energy Management,"Effective energy management is the key for sustainable future. Optimizing energy consumption in commercial buildings plays a major role in reducing overall carbon footprint and operations cost. Heating, Ventilation, and Air Conditioning (HVAC) systems contribute to about 40%-50% of the total electricity consumption in a commercial buildings, placing an economic burden on building operations. Optimal management of HVAC systems is challenging due to the non-linear nature of the control problem arising out of several stochastic internal and external factors or disturbances. Conventional HVAC systems are controlled via PID controllers. Recently, a growing interest has been observed in Artificial Intelligence based HVAC control systems to improve comfort conditions while avoiding unnecessary energy consumption. In this paper, we explore the applications of an actor-critic based model free deep reinforcement learning to control the temperature of a room serving an office building. The RL control strategy is compared with the conventional PID controller, which goes out of tune during dynamic thermal load. Further, we explore the factors that affect the performance of the actor-critic based RL controller. © 2022 IEEE.",Actor-critic networks; Control systems; DDPG; Deep learning; PID controller; Reinforcement Learning,B_nucleo_descritivo,parcial,FALSE,FALSE,TRUE,FALSE,TRUE,FALSE,2,RQ2;RQ4,4,mapeamento_descritivo,RQ0=FALSE; RQ1=FALSE; RQ2=TRUE; RQ3=FALSE; RQ4=TRUE; RQ5=FALSE; n_rqs=2; score=4; estrato_resumo=B_nucleo_descritivo; uso=mapeamento_descritivo
REG_02070,2011,Scopus,10.1016/j.proeng.2011.11.134,Building control and performance: As if people and the planet matter,"Conventional approaches to planning and building control focus on physical and technical issues and on design and construction. Alternative approaches, which see buildings in a social and environmental context, seek to assess their impact on people and the planet and address building performance as part of a complex eco-system. The paper charts a personal journey and a process of evolution of knowledge and thinking from building performance, through usability to a community-based approach to facilities management. It presents an action research programme to develop a community-based approach to facilities management in the context of regeneration in the United Kingdom. A case study of the evaluation of a community building is presented to introduce a model of community-based FM and to describe appropriate metrics and tools to assess performance. The paper concludes by addressing implications for the evaluation of building performance and for asset and facilities management the Malaysian context. © 2011 Published by Elsevier Ltd.",Building performance; Community-based; Facilities management; Usability,B_nucleo_descritivo,parcial,FALSE,TRUE,FALSE,FALSE,FALSE,FALSE,1,RQ1,2,mapeamento_descritivo,RQ0=FALSE; RQ1=TRUE; RQ2=FALSE; RQ3=FALSE; RQ4=FALSE; RQ5=FALSE; n_rqs=1; score=2; estrato_resumo=B_nucleo_descritivo; uso=mapeamento_descritivo
REG_03767,2020,Scopus,10.12989/acd.2020.5.2.127,A semi-automated method for integrating textural and material data into as-built BIM using TIS,"Building Information Modeling (BIM) is increasingly used throughout the facility’s life cycle for various applications, such as design, construction, facility management, and maintenance. For existing buildings, the geometry of as-built BIM is often constructed using dense, three dimensional (3D) point clouds data obtained with laser scanners. Traditionally, as-built BIM systems do not contain the material and textural information of the buildings’ elements. This paper presents a semi-automatic method for generation of material and texture rich as-built BIM. The method captures and integrates material and textural information of building elements into as-built BIM using thermal infrared sensing (TIS). The proposed method uses TIS to capture thermal images of the interior walls of an existing building. These images are then processed to extract the interior walls using a segmentation algorithm. The digital numbers in the resulted images are then transformed into radiance values that represent the emitted thermal infrared radiation. Machine learning techniques are then applied to build a correlation between the radiance values and the material type in each image. The radiance values were used to extract textural information from the images. The extracted textural and material information are then robustly integrated into the as-built BIM providing the data needed for the assessment of building conditions in general including energy efficiency, among others. © 2020 Techno-Press, Ltd.",As-Built BIM; Building materials; Feature technology; Information visualization; Machine learning; Texture extraction; Thermal infrared imaging; Thermography,B_nucleo_descritivo,parcial,FALSE,TRUE,TRUE,FALSE,FALSE,FALSE,2,RQ1;RQ2,4,mapeamento_descritivo,RQ0=FALSE; RQ1=TRUE; RQ2=TRUE; RQ3=FALSE; RQ4=FALSE; RQ5=FALSE; n_rqs=2; score=4; estrato_resumo=B_nucleo_descritivo; uso=mapeamento_descritivo
REG_01728,2013,Scopus,10.1177/1420326x12469553,A computing model for lifecycle health performance evaluations of sustainable healthy buildings,"As hazardous substances generated indoors are becoming a greater social issue, sustainable healthy buildings are being increasingly spotlighted. Sustainable healthy buildings refer to those buildings that maintain a certain level of health performance for their lifecycle. The health performance can be evaluated in terms of time, space and health factors. Previous studies on healthy buildings have mostly focused on pollutant emissions from materials and evaluation indicators, and the studies conducted on performance evaluations have been limited to specific areas such as indoor air quality (IAQ). However, it is necessary to assess the lifecycle health performance of health factors including IAQ, temperature, humidity, noise and lighting. In addition, a computing model is required to easily and promptly calculate the health factors and share health performance evaluation results during the planning, design, construction and operation and maintenance (O & M) phases. The purpose of this study is to propose a computing model for lifecycle health performance evaluation (LHPE model) of sustainable healthy buildings. The LHPE model consists of a lifecycle health performance tree (LHT) model, a process model and an information model. The LHPE model is intended to be used as a tool to draw out the comprehensive health performance of buildings with ease and quickness, when the evaluation indicators of the factors are completed in the near future. © 2012 The Author(s).",Computing model; Health performance evaluation; Health performance tree; Healthy buildings; Lifecycle,B_nucleo_descritivo,parcial,FALSE,TRUE,FALSE,FALSE,TRUE,FALSE,2,RQ1;RQ4,3,mapeamento_descritivo,RQ0=FALSE; RQ1=TRUE; RQ2=FALSE; RQ3=FALSE; RQ4=TRUE; RQ5=FALSE; n_rqs=2; score=3; estrato_resumo=B_nucleo_descritivo; uso=mapeamento_descritivo
REG_00526,2017,Scopus,,"Trends, benefits and challenges in utilizing Building Information Modeling technology for Building operation and maintenance","This paper discusses the evolution of Building Information Modeling (BIM). BIM is a suite of technologies for representing buildings in semantic and geometric descriptions. It enables, through a variety of tools, various analyses of the underlying architectural, structural, mechanical, electrical and plumbing systems. An extensive literature review is carried out on current practices of utilizing BIM to design, construct and manage building operations through its expected lifecycle. The literature review starts by highlighting current practices and the benefits in using BIM technology. Subsequently, the paper addresses existing challenges in using BIM in assessing and understanding the operation and maintenance of buildings. Efforts made thus far to address these challenges are discussed. Our work shows that there is a substantial need for more holistic approaches to managing the lifecycle of buildings that considers not only interdependencies among core systems but also interdependencies with other interrelated civil infrastructure networks. These integrated holistic approaches will equip stakeholders of any building with mechanisms to secure a delicate balance between; 1) retained operational risks of building systems, 2) anticipated demands of their customers and 3) desired and competing objectives for both internal and external stakeholders. The paper concludes that current BIM practices pay negligible consideration to the interdependencies among building systems and components which can be a key in hindering effective implementation of sustainable operation and maintenance plans. © CSCE-CRC International Construction Specialty Conference 2017 - Held as Part of the Canadian Society for Civil Engineering Annual Conference and General Meeting 2017.All rights reserved.",,B_nucleo_descritivo,parcial,FALSE,TRUE,TRUE,FALSE,FALSE,FALSE,2,RQ1;RQ2,4,mapeamento_descritivo,RQ0=FALSE; RQ1=TRUE; RQ2=TRUE; RQ3=FALSE; RQ4=FALSE; RQ5=FALSE; n_rqs=2; score=4; estrato_resumo=B_nucleo_descritivo; uso=mapeamento_descritivo
REG_03567,2020,Scopus,10.1063/5.0031273,Evaluation of energy consumption with EnergyPlus simulation in of fice existing buildings,"One of the emerging issues in the development of infrastructure is how to design and build a new building that is more sustainable as well as retrof itting existing building towards resources energy saving. Improved design and appropriate intervention to the building may reduce its energy consumption and increase its ecological performance. This paper evaluates the design and performance of Bank Jateng of fice in Jepara, Central Java in terms of its resources intensity with simulation concept. EnergyPlus application would be used to provide a metrics-driven approach in the evaluation then the analysis with DesignBuilder. As resources efficiency is considered in the building operation, then, the paper explores some of the scenarios that works better to the building response to the local climate in reducing and saving resources energy consumption. The prediction of the identifying resources energy saving criteria were then evaluated. An environmental analysis tool then was employed to carry out in-depth analysis of the building 3D model to some to the best scenarios and optimize the design. This research is gain positive insight in improving building design in terms of its resources saving that in turn will be beneficial for the energy saving. © 2020 American Institute of Physics Inc.. All rights reserved.",,B_nucleo_descritivo,parcial,FALSE,FALSE,TRUE,FALSE,FALSE,FALSE,1,RQ2,3,mapeamento_descritivo,RQ0=FALSE; RQ1=FALSE; RQ2=TRUE; RQ3=FALSE; RQ4=FALSE; RQ5=FALSE; n_rqs=1; score=3; estrato_resumo=B_nucleo_descritivo; uso=mapeamento_descritivo
REG_06044,2025,Scopus,10.1016/j.rser.2024.114975,Detecting energy consumption anomalies with dynamic adaptive encoder-decoder deep learning networks,"Efficient management of building energy consumption is paramount for sustainability and cost-effectiveness, where anomalies in energy usage patterns can signify malfunctions, inefficiencies, or even potential hazards within the building systems. To address this problem, this study introduces an Asymmetric Hybrid Encoder-Decoder (AHED) anomaly detection architecture, designed to precisely forecast and identify point anomalies and collective anomalies within the domain of building energy usage. This architecture synthesizes both supervised and unsupervised learning approaches and utilizes an advanced decoder-encoder configuration for accurate prediction of energy consumption. Concurrently, the AHED framework applies sliding window techniques and cross-correlation analysis to convert multivariate temporal data into feature matrices, to detect anomalous patterns that manifest collectively within specified time intervals. The results demonstrate that the AHED model outperforms traditional anomaly detection techniques, achieving higher accuracy and improved generalization across diverse building environments, which affirms the efficacy and superiority of the asymmetric model in anomaly detection for building energy consumption. This study underscores the potential of dynamic adaptive deep learning networks in addressing the challenges of anomaly detection in building energy management, paving the way for more efficient and sustainable building operations. © 2024",Anomaly detection; Building energy consumption; Deep learning; Encoder-decoder,B_nucleo_descritivo,parcial,FALSE,FALSE,TRUE,FALSE,FALSE,FALSE,1,RQ2,3,mapeamento_descritivo,RQ0=FALSE; RQ1=FALSE; RQ2=TRUE; RQ3=FALSE; RQ4=FALSE; RQ5=FALSE; n_rqs=1; score=3; estrato_resumo=B_nucleo_descritivo; uso=mapeamento_descritivo
REG_01994,2012,Scopus,10.4028/www.scientific.net/amr.422.430,Study on sustainability and ecological trend design of green hotel building,"The problem what the sustainable design of the hotel concern is how to maximize meet the requirements of the management by the means of planning and architectural design for decades to come and how to cut down the cost of operation and maintenance. On the basis of the design idea of the ecological energy saving, key space comfort in modern hotel architecture, the key element of ecological design of green hotel is discussed. Based on the planning design of a star-rated hotel in Changchun, the strategy of sustainable development, such as site selection, water resources, natural climate environment, utilization of renewable energy, indoor environmental quality, green building materials are analyzed.",Architectural design; Architectural of green hotel; Building energy saving; Ecological design; Sustainable design,B_nucleo_descritivo,parcial,FALSE,TRUE,TRUE,FALSE,FALSE,FALSE,2,RQ1;RQ2,4,mapeamento_descritivo,RQ0=FALSE; RQ1=TRUE; RQ2=TRUE; RQ3=FALSE; RQ4=FALSE; RQ5=FALSE; n_rqs=2; score=4; estrato_resumo=B_nucleo_descritivo; uso=mapeamento_descritivo
REG_00562,2017,Crossref|Scopus,10.3390/su9030329,Environmental impact analysis on residential building in Malaysia using life cycle assessment,"The building industry has a significant impact on the environment due to massive natural resources and energy it uses throughout its life cycle. This study presents a life cycle assessment of a semi-detached residential building in Malaysia as a case study and assesses the environmental impact under cradle-to-grave which consists of pre-use, construction, use, and end-of-life phases by using Centre of Environmental Science of Leiden University (CML) 2001. Four impact categories were evaluated, namely, acidification, eutrophication, global warming potential (GWP), and ozone layer depletion (ODP). The building operation under use phase contributed the highest global warming potential and acidification with 2.41 × 103 kg CO2 eq and 1.10 × 101 kg SO2 eq, respectively. In the pre-use phase, concrete in the substructure has the most significant overall impact with cement as the primary raw material. The results showed that the residential building in Malaysia has a fairly high impact in GWP but lower in acidification and ODP compared to other studies. © 2017 by the authors.",Life cycle assessment; Malaysia; Residential building,A_nucleo_forte,sim,FALSE,FALSE,FALSE,FALSE,TRUE,FALSE,1,RQ4,5,mapeamento_descritivo,RQ0=FALSE; RQ1=FALSE; RQ2=FALSE; RQ3=FALSE; RQ4=TRUE; RQ5=FALSE; n_rqs=1; score=5; estrato_resumo=A_nucleo_forte; uso=mapeamento_descritivo
REG_02453,2022,Scopus,10.1016/j.jclepro.2022.134272,High-resolution temporal and spatial evolution of carbon emissions from building operations in Beijing,"Building, a main greenhouse gas source, accounts for approximately 38% of all carbon emissions, and whole-life-cycle carbon emissions from building operations account for 60%–80% of construction-related emissions. However, the high-resolution spatiotemporal distribution of building-operation carbon emissions is unclear. We developed a top-down method to calculate and map carbon emissions by (1) compiling a building-operations carbon-emission inventory that includes direct energy consumption and calculating the carbon emissions of four key energy-intensive sectors via an emissions-factor approach; (2) cleaning, reclassifying and assigning weights to POI data obtained from AutoNavi; and (3) using a GIS to obtain sectoral carbon emissions in each grid according to the POI weights and to overlay and map the total carbon emissions. In Beijing, overall carbon emissions peaked at 95.87 million tons (2012). Emissions showed a clustered core with a multicenter discrete radial distribution pattern. Additionally, the carbon emissions intensity peaked at 487.44 kg/m2 (2015). The per-unit-grid carbon emissions distribution range was generally normally distributed, and the range of 103–105 kg/grid had the widest distribution and largest number of associated grids. Southeastern carbon emissions hotspots developed, and cold spots appeared along the periphery. This research could help planners quickly zone and reduce carbon emissions, leading to improved future development strategies. © 2022 Elsevier Ltd",Building operations; Carbon emissions; Geographic information system; High resolution; Point of interest; Temporal and spatial distribution,B_nucleo_descritivo,parcial,FALSE,FALSE,TRUE,FALSE,FALSE,FALSE,1,RQ2,3,mapeamento_descritivo,RQ0=FALSE; RQ1=FALSE; RQ2=TRUE; RQ3=FALSE; RQ4=FALSE; RQ5=FALSE; n_rqs=1; score=3; estrato_resumo=B_nucleo_descritivo; uso=mapeamento_descritivo
