id_unico,ano,bases_origem,doi,titulo,resumo,palavras_chave,tipo_aplicacao,dados_utilizados,resultado_principal,lacuna_identificada,resumo_suficiente_para_extracao,estrato_uso_resumo,entra_sintese_analitica_forte,entra_mapeamento_descritivo,justificativa_reavaliacao_resumo
REG_01073,2015,Scopus,10.1016/j.habitatint.2015.03.015,Difficulties in executing the Mandatory Building Inspection Scheme (MBIS) for existing private buildings in Hong Kong,"Hong Kong is a highly developed and densely populated city with a multitude of ageing buildings. To maintain the Hong Kong's ageing building stock properly and promote public safety in a sustainable manner, it is crucial to ensure that building owners will take up the responsibility for inspecting and repairing their own properties on a regular basis. The Mandatory Building Inspection Scheme (MBIS) has been regarded as an effective measure in resolving the neglected building maintenance problems. However, there will also be some major difficulties encountered during implementation. This paper aims to investigate the genuine difficulties in executing MBIS for old private buildings in Hong Kong, based on an industry-wide empirical questionnaire survey. The survey findings reflected that the most profound difficulties in implementing MBIS include: (1) Difficulty in co-ordinating the individual flat owners for carrying out building inspection and necessary repair and maintenance works; (2) Disagreements or disputes amongst individual flat owners, owners' corporation or property management company will hinder the implementation process; and (3) Lack of property owners' initiative or owners' co-operation. After determining the key difficulties of MBIS, the research study would be significant to generate valuable insights into developing effective recommendations or measures for alleviating the barriers to MBIS success in future execution. © 2015 Elsevier Ltd.",Building inspection; Building management; Building safety; Difficulties in building repair and maintenance; Hong kong; Old private buildings,survey_ou_levantamento_com_especialistas,dados_de_questionario_ou_entrevista,nao_informado_no_resumo,nao_identificavel_pelo_resumo,sim,A_nucleo_forte,TRUE,TRUE,objeto_predial=TRUE; manutencao_gestao=TRUE; sustentabilidade=TRUE; metodo_dado_resultado=TRUE; exclusao_forte=FALSE; resumo_suficiente=sim; pontos=9
REG_07192,2023,Scopus|WoS,10.1016/j.enbuild.2022.112732,Digital Twin framework for automated fault source detection and prediction for comfort performance evaluation of existing non-residential Norwegian buildings,"Numerous buildings fall short of expectations regarding occupant satisfaction, sustainability, or energy efficiency. In this paper, the performance of buildings in terms of occupant comfort is evaluated using a probabilistic model based on Bayesian networks (BNs). The BN model is founded on an in-depth anal-ysis of satisfaction survey responses and a thorough study of building performance parameters. This study also presents a user-friendly visualization compatible with BIM to simplify data collecting in two case studies from Norway with data from 2019 to 2022. This paper proposes a novel Digital Twin approach for incorporating building information modeling (BIM) with real-time sensor data, occupants' feedback, a probabilistic model of occupants' comfort, and HVAC faults detection and prediction that may affect occupants' comfort. New methods for using BIM as a visualization platform, as well as a pre-dictive maintenance method to detect and anticipate problems in the HVAC system, are also presented. These methods will help decision-makers improve the occupants' comfort conditions in buildings. However, due to the intricate interaction between numerous equipment and the absence of data integra-tion among FM systems, CMMS, BMS, and BIM data are integrated in this paper into a framework utilizing ontology graphs to generalize the Digital Twin framework so it can be applied to many buildings. The results of this study can aid decision-makers in the facility management sector by offering insight into the aspects that influence occupant comfort, speeding up the process of identifying equipment malfunc-tions, and pointing toward possible solutions.(c) 2022 The Author(s). Published by Elsevier B.V. This is an open access article under the CC BY license (http://creativecommons.org/licenses/by/4.0/).",Building information modelling (BIM); Decision-making; Digital twin; Facility management; Fault detection; Predictive maintenance; Digital twin Building information modelling (BIM) Fault detection Predictive maintenance Facility management Decision-making QUANTITATIVE MODEL GENETIC ALGORITHM ENERGY EFFICIENCY LIGHTING CONTROL THERMAL COMFORT BIM OPTIMIZATION SATISFACTION UNCERTAINTY MANAGEMENT,estudo_de_caso,dados_de_sensores_ou_iot,nao_informado_no_resumo,nao_identificavel_pelo_resumo,sim,A_nucleo_forte,TRUE,TRUE,objeto_predial=TRUE; manutencao_gestao=TRUE; sustentabilidade=TRUE; metodo_dado_resultado=TRUE; exclusao_forte=FALSE; resumo_suficiente=sim; pontos=9
REG_03827,2020,Scopus,10.1108/jfm-07-2019-0035,The role of facilities management in green retrofit of existing buildings in the United Arab Emirates,"Purpose: Green retrofitting is acknowledged as an essential strategy toward achieving long-term sustainability in the built environment. To implement this strategy successfully, the role of facility managers cannot be ignored. The purpose of this paper is to investigate present practices that are used in managing the existing facilities, to highlight the elements that govern the process of green retrofitting, and discuss the efforts and contribution of facility managers in enhancing the environmental performance of the existing facilities stock in the United Arab Emirates (UAE). Design/methodology/approach: This study suggests that an adequate level of awareness of the benefits of green retrofit amongst owners and decision-makers is mostly dependent on facilities management (FM) professionals, who must establish effective communication channel with senior management. FM professionals in the UAE are well equipped and competent in greening existing buildings and can simultaneously lead a building to the path of achieving green building certification. Findings: To examine the role of FM in a green retrofit and its current status in the UAE built environment, a two-step qualitative method was adopted. The study started by conducting semi-structured interviews with FM professionals and then assessing the insights obtained from the interviews against an actual case study of a LEED Existing Building certified facility. Research limitations/implications: Interviews were limited to FM professionals in the private sector and the results from one case study should be considered cautiously. Originality/value: This paper emphasizes the primordial role of FM professionals in promoting green retrofit in the UAE. © 2020, Emerald Publishing Limited.",Built environment; Facilities management; Green retrofit; LEED; Operational stage; Sustainability,estudo_de_caso,dados_de_questionario_ou_entrevista,nao_informado_no_resumo,nao_identificavel_pelo_resumo,sim,A_nucleo_forte,TRUE,TRUE,objeto_predial=TRUE; manutencao_gestao=TRUE; sustentabilidade=TRUE; metodo_dado_resultado=TRUE; exclusao_forte=FALSE; resumo_suficiente=sim; pontos=9
REG_01716,2013,Scopus,10.4324/9780203075739,Sustainable retrofit and facilities management,"Governments across the globe are setting targets for reducing their carbon emissions. For example, the UK Government has committed to an eighty per cent reduction by 2050, when twenty-eight million buildings that currently exist will still be standing; this represents a challenge to improve the energy efficiency of more than one building per minute between now and 2050! This is a problem that needs tackling worldwide and is a challenge to both the refurbishment sector of the global construction industry and to those who own and operate existing buildings. Sustainable Retrofit and Facilities Management provides comprehensive guidance to those involved in the refurbishment and management of existing buildings on minimizing carbon emissions, water consumption and waste to landfill, along with enhancing the long term sustainability of a building. Practical guidance is provided on measures that can be used to improve the efficiency and sustainability of existing buildings, through both good management and refurbishment. Also explored is the relationship between the refurbishment of existing buildings, facility management and the wider community infrastructure. The book looks at management tools such as post occupancy evaluation, building health checks, energy management software, green building management toolkits and green leases. Illustrated throughout with case studies and examples of best practice, this is a must-have handbook for engineers, architects, developers, contractors and facility managers. © 2013 Paul Appleby. All rights reserved.",,estudo_de_caso,nao_informado_no_resumo,nao_informado_no_resumo,nao_identificavel_pelo_resumo,sim,A_nucleo_forte,TRUE,TRUE,objeto_predial=TRUE; manutencao_gestao=TRUE; sustentabilidade=TRUE; metodo_dado_resultado=TRUE; exclusao_forte=FALSE; resumo_suficiente=sim; pontos=8
REG_05379,2025,Scopus,10.3390/eng6060118,Offshore Wind Turbine Key Components’ Life Cycle Cost Analysis (LCCA): Specification Options in Western Australia,"Laminated Veneer Lumber (LVL) presents an alternative material for offshore wind turbine towers and blades for an energy sector whose greenhouse gas emissions are substantial. In compliance with AS/NZS 4536, this case study facilitates a specifications’ selection framework that embraces a validated, cost–benefit determination via life cycle cost analyses (LCCA) specification comparisons. A structured consultation with three key Western Australian offshore industry experts, compliant with a standard phenomenological qualitative approach, further facilitates offshore wind turbine (OWT), LCCA cost comparisons between traditional steel and fibreglass components and LVL wooden components. LVL is found to have a higher capital cost but can generate long-term savings of AUD 30,400 per comparable unit less than Traditional OWT specifications, noting a 5% lower LVL operation and maintenance cost. Where decommissioning recycling facilities exist, OWT LVL specification components are encouraged. This work argues that LVL options uptake in Western Australia (WA) is both practicable and whole-cost effective. © 2025 by the authors.",LCCA; LVL; offshore wind turbine; Western Australia,estudo_de_caso,nao_informado_no_resumo,nao_informado_no_resumo,nao_identificavel_pelo_resumo,sim,A_nucleo_forte,TRUE,TRUE,objeto_predial=TRUE; manutencao_gestao=TRUE; sustentabilidade=TRUE; metodo_dado_resultado=TRUE; exclusao_forte=FALSE; resumo_suficiente=sim; pontos=8
REG_03729,2020,Scopus,10.1088/1757-899x/830/2/022035,Information system development using BIM on wall work packages of government green building to improve the convenience of maintenance performance,"Comfort is one indicator in the performance of building maintenance. This performance can be achieved by carrying out maintenance work on the building architecture components. The maintenance of government green buildings in Indonesia has not been done in an optimum manner due to constraints in maintenance work to government green buildings such as non-digitized data, poorly documented data, substandard maintenance work, and poor or slow identification of damages. Impacts resulted from the poorly maintained building are the increasing operational cost and ineffective maintenance work done to the building. The aim of this study is to increase the comfort of maintenance performance of the architectural component of government green building, especially the wall work package. The case study taken is the Ministry of Public Works and Public Housing Building which is considered as a representation of government green building in Indonesia. The method used are literature research, case study, and survey. The result of this research is the information system development using Building Information Modelling (BIM) integrated into building maintenance systems such as Work Breakdown Structure (WBS), SOP, and building maintenance guidelines for architectural components. © Published under licence by IOP Publishing Ltd.",,estudo_de_caso,nao_informado_no_resumo,nao_informado_no_resumo,nao_identificavel_pelo_resumo,sim,A_nucleo_forte,TRUE,TRUE,objeto_predial=TRUE; manutencao_gestao=TRUE; sustentabilidade=TRUE; metodo_dado_resultado=TRUE; exclusao_forte=FALSE; resumo_suficiente=sim; pontos=8
REG_03176,2021,Scopus,10.1088/1755-1315/768/1/012132,The Strategy of Passive Ecological Building Design Based on Guangxi's Climate Characteristics - A Case Study on the Garden Art Gallery of the 12th China (Nanning) International Garden Expo,"This project is based on the climate characteristics of Guangxi, combined with regional traditional construction methods and vernacular construction materials, and mainly in the light of the passive green building technology system guided by the principle of less manpower and more natures features, which saves early investment and the cost of operation and maintenance, further verifies the effectiveness of the strategy after completion, providing a reference for the development and application of related passive building technology.  © Published under licence by IOP Publishing Ltd.",,estudo_de_caso,nao_informado_no_resumo,nao_informado_no_resumo,nao_identificavel_pelo_resumo,sim,A_nucleo_forte,TRUE,TRUE,objeto_predial=TRUE; manutencao_gestao=TRUE; sustentabilidade=TRUE; metodo_dado_resultado=TRUE; exclusao_forte=FALSE; resumo_suficiente=sim; pontos=8
REG_09503,2012,WoS,10.1016/j.sbspro.2012.11.178,Developing post occupancy evaluation sustainability assessment framework for retrofitting commercial office buildings: A proposal,"Developing a new assessment tool in the area of sustainable development requires a strategic methodology for a cohesive and logical framework incorporating relevant theory and practical experience. This study is aimed to provide a Post Occupancy Evaluation (POE) sustainability assessment framework for retrofitting commercial office buildings in Malaysia. The design of sampling selects GBI certified office buildings and a non GBI certified commercial building, to obtain the building performance score then, conducting interviews with professionals to obtain feedback on environmental performance and determine the occupants' satisfaction level in certified GBI commercial office buildings and conventional; through questionnaire distribution. (C) 2012 Published by Elsevier Ltd.",Commercial buildings Facilities management Indicators Post occupancy evaluation Sustainability,survey_ou_levantamento_com_especialistas,dados_de_questionario_ou_entrevista,nao_informado_no_resumo,nao_identificavel_pelo_resumo,sim,A_nucleo_forte,TRUE,TRUE,objeto_predial=TRUE; manutencao_gestao=TRUE; sustentabilidade=TRUE; metodo_dado_resultado=TRUE; exclusao_forte=FALSE; resumo_suficiente=sim; pontos=9
REG_03318,2021,Scopus,10.1080/20479700.2019.1616387,Addressing facility management issues and challenges common among public health care institutions in a developing country,"Providing quality facility management services for the health sector poses a great challenge for health facility managers. Given the present condition of the health facilities in public health care institutions (HCIs) in a developing country, it is crucial to know how these HCIs respond to it. This study used survey research design to put up strategies that will help in addressing the issues and challenges related to facility management in the public HCIs in a developing country. A researcher-made structured questionnaire composed of closed- and open-ended questions was used to gather information. Descriptive statistics were used to analyse the data. Findings reveal that the common issues and challenges on lack of facilities among public health sectors are mostly stemming from the very limited resources accorded to them as well as with the government procurement procedures. HCIs need to address the common problems through enhancing efficiency and sustainability measures both in the short and long-term, as well as minimizing risks and enhancing green building technologies. These are some of the plausible measures that if being considered and implemented would help confront these issues and thereby help realizing the crucial role of HCIs in providing equitable services to the country. © 2019 Informa UK Limited, trading as Taylor & Francis Group.",Developing country; devolved healthcare systems; facility management; health care institutions,nao_classificavel_pelo_resumo,dados_de_questionario_ou_entrevista,Findings reveal that the common issues and challenges on lack of facilities among public health sectors are mostly stemming from the very limited resources accorded to them as well as with the government procurement procedures.,nao_identificavel_pelo_resumo,sim,A_nucleo_forte,TRUE,TRUE,objeto_predial=TRUE; manutencao_gestao=TRUE; sustentabilidade=TRUE; metodo_dado_resultado=TRUE; exclusao_forte=FALSE; resumo_suficiente=sim; pontos=9
REG_06840,2024,Scopus,10.1109/ispa63168.2024.00294,Smart Building Management System based on Digital Twin: A Case Study on Real-Time Environmental Monitoring and Thermal Comfort Prediction,"As urban landscapes increasingly transform into smart cities, there is an increasing emphasis on smart buildings for sustainable and efficient management of resources. This evolution necessitates innovative approaches to efficiently manage energy resources, enhance occupant comfort, and ensure environmental sustainability. In response to these challenges, this study introduces a practical and novel smart building management system, which integrates Digital Twin (DT) technology with machine learning, primarily aimed at enhancing thermal comfort in buildings. The system, underpinned by a sensor network-based DT and real-time data visualization using the Unreal Engine, employs a Deep Neural Network (DNN) to predict thermal comfort. The empirical validation, conducted in a controlled laboratory setting, involves a comparative analysis of the DNN's performance against traditional models and user experience evaluation through the USE Questionnaire. Results demonstrate the DNN's superior predictive accuracy and high user satisfaction levels in usability and effectiveness. This research highlights the significant role of DT and machine learning in revolutionizing smart building operations, setting a foundation for future advancements in creating sustainable, efficient, and occupant-friendly smart cities.  © 2024 IEEE.",,estudo_de_caso,dados_de_questionario_ou_entrevista; dados_de_sensores_ou_iot,nao_informado_no_resumo,nao_identificavel_pelo_resumo,sim,A_nucleo_forte,TRUE,TRUE,objeto_predial=TRUE; manutencao_gestao=TRUE; sustentabilidade=TRUE; metodo_dado_resultado=TRUE; exclusao_forte=FALSE; resumo_suficiente=sim; pontos=9
REG_00473,2017,Scopus,10.1016/j.scs.2016.12.001,Improving sustainable office building operation by using historical data and linear models to predict energy usage,"Offices and retail outlets represent the most intensive energy consumers in the non-residential building sector and have been estimated to account for more than 50% of a building's energy usage. Accurate predictions of office building energy usage can provide potential energy savings and significantly enhance the efficient energy management of office buildings. This paper proposes a method that applies multiple linear regression (MLR) and artificial neural network (ANN) models to predict energy consumption based on weather conditions and occupancy; thus, enabling a comparison of the use of these two types of modelling methods. In this study, four models of office sites at research institutions in different New Zealand regions were developed to investigate the ability of simple models to reduce margins of error in energy auditing projects. The models were developed based on the monthly average outside temperature and the number of full-time employees (FTEs). A comparison of the actual and predicted energy usage revealed that the models can predict energy usage within an acceptable error range. The results also demonstrated that each building should be investigated as an individual unit. © 2016",Artificial neural network; Energy auditing; Energy modelling; Energy saving; Linear regression model; Office buildings,nao_classificavel_pelo_resumo,dados_historicos_ou_registros_de_manutencao,nao_informado_no_resumo,nao_identificavel_pelo_resumo,sim,A_nucleo_forte,TRUE,TRUE,objeto_predial=TRUE; manutencao_gestao=TRUE; sustentabilidade=TRUE; metodo_dado_resultado=TRUE; exclusao_forte=FALSE; resumo_suficiente=sim; pontos=8
REG_07226,2023,Scopus,,"15th Built Environment Conference, 2021","The proceedings contain 37 papers. The special focus in this conference is on Built Environment. The topics include: Challenges to Project Delivery in the Dynamic Human Settlement Environment in South Africa; digitalization of the South African Construction Industry: A Potential for Further Future Research; functionality and Mechanical Properties of Steel Fibre Reinforced Concrete in Stemming Building Collapses in Nigeria; challenges Facing Supply Chain Management on Time Delivery of Construction Projects in Tanzania; construction Organisation’s Planning and Implementation: The Case Between Conceptualization and Implementation Teams; investigating the Effects of Gentrification in the Creation of Socially Sustainable Urban Precincts: A Case Study of Bo-Kaap, Cape Town, South Africa; factors Influencing Successful Completion of Property Development Projects in Gqeberha, South African; lean Thinking as an Approach for Improving Client Communication During the Design Process; a Bespoke Approach for Relating Building and Infrastructure Poor Performance to Inadequate Maintenance Management Policy Systems; influencing Building and Infrastructure Poor Performance to Inadequate Maintenance Budget and Funding; stakeholder Participation Trends in the South African Green Building Industry: 2016–2018 Perspectives; A Review of Barriers to the Adoption of Smart Building Concepts (SBCs) in Developing Countries; critical Factors Influencing Energy Use Behaviour of Building Occupants: A Literature Review; The Challenges with Developing and Applying Knowledge, Skills and Competences (KSC) in the Nigerian Engineering and Construction Industry (NECI); a Study on Knowledge, Attitudes and Commitment of Managers Within Construction Firms Towards the Recent Construction Health and Safety Legislation Changes; the Effective Implementation of the Framework for Infrastructure Delivery and Procurement Management.",,revisao_sistematica_ou_bibliometrica,nao_informado_no_resumo,nao_informado_no_resumo,"The topics include: Challenges to Project Delivery in the Dynamic Human Settlement Environment in South Africa; digitalization of the South African Construction Industry: A Potential for Further Future Research; functionality and Mechanical Properties of Steel Fibre Reinforced Concrete in Stemming Building Collapses in Nigeria; challenges Facing Supply Chain Management on Time Delivery of Construction Projects in Tanzania; construction Organisation’s Planning and Implementation: The Case Between Conceptualization and Implementation Teams; investigating the Effects of Gentrification in the Creation of Socially Sustainable Urban Precincts: A Case Study of Bo-Kaap, Cape Town, South Africa; factors Influencing Successful Completion of Property Development Projects in Gqeberha, South African; lean Thinking as an Approach for Improving Client Communication During the Design Process; a Bespoke Approach for Relating Building and Infrastructure Poor Performance to Inadequate Maintenance Management Policy Systems; influencing Building and Infrastructure Poor Performance to Inadequate Maintenance Budget and Funding; stakeholder Participation Trends in the South African Green Building Industry: 2016–2018 Perspectives; A Review of Barriers to the Adoption of Smart Building Concepts (SBCs) in Developing Countries; critical Factors Influencing Energy Use Behaviour of Building Occupants: A Literature Review; The Challenges with Developing and Applying Knowledge, Skills and Competences (KSC) in the Nigerian Engineering and Construction Industry (NECI); a Study on Knowledge, Attitudes and Commitment of Managers Within Construction Firms Towards the Recent Construction Health and Safety Legislation Changes; the Effective Implementation of the Framework for Infrastructure Delivery and Procurement Management.",sim,A_nucleo_forte,TRUE,TRUE,objeto_predial=TRUE; manutencao_gestao=TRUE; sustentabilidade=TRUE; metodo_dado_resultado=TRUE; exclusao_forte=FALSE; resumo_suficiente=sim; pontos=9
REG_08070,2019,Scopus,10.1016/j.jobe.2019.100793,Holistic assessment of existing buildings: Indian context,"Greener buildings, condition assessment and structural damage during hazards are contemporary issues related to building performance. The increasing complexities of change of usage, deterioration with time and comfort levels have necessitated assessment of the existing building stock. In spite of ample knowledge in the field, there is often a lack of relevant data and large uncertainty is implicit in the current detailed procedures that may address only one of the issues at a time. Considering the huge existing building stock of varying typologies, vulnerability of this large population to multi-hazard scenarios and adverse environmental impacts on buildings, there is a dire need to address multi-hazard structural safety and green performance of buildings. An integrated expert opinion based model is formulated in this paper to appraise the base level performance of buildings. India specific building typologies and standards were used to frame the criteria of assessment. Data were obtained from Indian professionals in the Architecture, Engineering and Construction (AEC)industry and academia. Fuzzy TOPSIS has been employed to decide on the weighting of each criterion and thus rank buildings based on expert opinions. This tool can have wide use for municipal corporations, building insurance companies and local governments. © 2019 Elsevier Ltd",Existing building holistic assessment; Fuzzy TOPSIS; Green building; Hazard resilience; India; Sustainability,nao_classificavel_pelo_resumo,dados_de_questionario_ou_entrevista,nao_informado_no_resumo,nao_identificavel_pelo_resumo,sim,A_nucleo_forte,TRUE,TRUE,objeto_predial=TRUE; manutencao_gestao=TRUE; sustentabilidade=TRUE; metodo_dado_resultado=TRUE; exclusao_forte=FALSE; resumo_suficiente=sim; pontos=8
REG_02255,2010,Scopus,,Sensitivity analysis of facilities life cycle costs,"Life cycle cost analysis of the constructed facilities provides insight into the planning, design, construction, operation, maintenance and disposal costs of the facilities. By applying this method during the early design phase it is possible to reduce maintenance and operating costs, plan future costs of ownership and prevent or reduce the impact of business interruption due to the maintenance and functional usability. The results of the life cycle cost analysis of facilities depend considerably on the period of life cycle cost analysis and the applied discount rate once net present values are populated. This paper presents life cycle costs case study analysis of the public facility for two different analysis periods, one of 30 and another of 50 years. Facility life cycle costs for both analyzed periods have been discounted to net present value using five different discount rate factors. Predicted construction costs are calculated based on Croatian construction standards, and operation and maintenance costs are based on analysis of historical data of similar constructed facilitiesin Croatia.",Facilities life cycle costs; Facility management; Sensitivity analysis,estudo_de_caso,dados_historicos_ou_registros_de_manutencao,nao_informado_no_resumo,nao_identificavel_pelo_resumo,sim,A_nucleo_forte,TRUE,TRUE,objeto_predial=TRUE; manutencao_gestao=TRUE; sustentabilidade=TRUE; metodo_dado_resultado=TRUE; exclusao_forte=FALSE; resumo_suficiente=sim; pontos=9
REG_03910,2020,Scopus,10.1007/978-981-13-9528-4_99,Towards Zero Emission Residential Buildings (ZEBs) in a Humid Subtropical Climate. Analysis Emissions from Energy Use and Embodied Emissions from Materials in Referential Locations According to Obligatory Residential Energy Codes and Using Generic LCA Data Sources,"The primary objective of this paper is to investigate whether is it possible to achieve a zero greenhouse gas emission residential building (ZEB) operating in a humid subtropical climate. Sydney, Atlanta, Shanghai and New Delhi, recognised as main regional policymaker centres, were included in the scope of analysis as referential locations. Calculations of annual energy consumption, embodied emissions from production (A1-A3) and replacement (B4) of construction materials, as well as on-site renewable energy production, were performed on the basis of mandatory energy standards, building performance simulations and generic, process-based life cycle data. All calculations were based on a single-family building model with timber construction. All building’s thermal energy demands are provided by electrical air-to-water heat pump with a backup from an electric coil heater. Additionally, the roof-mounted photovoltaic system is used specifically to reduce GHG emission from building operation and materials. The preliminary results of this study show that zero emission ambition level for residential building is obtained in Sydney and Atlanta, where mandatory energy codes enforced high standards of building energy performance. The paper presents and discusses the results of the environmental impact for a model residential building in each of the specific humid subtropical climate locations. Additionally, general adjustments of the energy codes requirements that could enable higher ZEB ambitions are proposed. © 2020, Springer Nature Singapore Pte Ltd.",Energy policy; Humid subtropical climate; Zero emission residential building,simulacao_ou_modelagem_computacional,nao_informado_no_resumo,nao_informado_no_resumo,nao_identificavel_pelo_resumo,sim,A_nucleo_forte,TRUE,TRUE,objeto_predial=TRUE; manutencao_gestao=TRUE; sustentabilidade=TRUE; metodo_dado_resultado=TRUE; exclusao_forte=FALSE; resumo_suficiente=sim; pontos=8
REG_02809,2022,Scopus,10.54941/ahfe1002338,A Comparison of Physical Environmental Design/Assessment Methods in Elderly Care Facilities Between UK and China,"This study presented a comparative analysis of design/assessment methods of elderly care facility between UK and China, including eleven British instruments and three Chinese instruments, which were achieved using a systematic review. Two typical assessment methods were chosen to conduct a cross-country comparison, such as EVOLVE (UK) and CASCO (China). Compared with the British instrument, the Chinese method focused on the facility management; there was a clear lack of practical strategies for planning and assessing environmental performances. It is necessary to carry on more studies to develop reliable and valid assessment methods in Chinese elderly care facilities. © 2022. Published by AHFE.",Crosscountry comparison; Design/assessment methods; Elderly care facilities; Physical environment; UK and China,revisao_sistematica_ou_bibliometrica,nao_informado_no_resumo,nao_informado_no_resumo,nao_identificavel_pelo_resumo,sim,A_nucleo_forte,TRUE,TRUE,objeto_predial=TRUE; manutencao_gestao=TRUE; sustentabilidade=TRUE; metodo_dado_resultado=TRUE; exclusao_forte=FALSE; resumo_suficiente=sim; pontos=8
REG_00415,2017,Scopus|WoS,10.1061/(asce)co.1943-7862.0001348,AHP-ANP-Fuzzy Integral Integrated Network for Evaluating Performance of Innovative Business Models for Sustainable Building,"Sustainable building (SB) has emerged as an innovative approach to minimizing the resource consumption of buildings. To promote the market uptake of SB, innovative business models (BMs) are needed. However, the adoption of innovative BMs for SB is inhibited by the lack of consistent evaluation of SB's business value and structured selection of appropriate BMs. This paper aims to develop a novel model for evaluating the performance of innovative BMs for SB, and assist SB stakeholders in selecting the most appropriate BM and accelerating the delivery of SB. The research was carried out with the performance evaluation of innovative BMs for SB drawn on academic research and practices internationally. Eight key performance criteria and 33 indicators of BMs for SB were identified through a literature review and a questionnaire survey with 31 stakeholders. The interdependencies among the criteria were also examined through a focus group meeting, which, together with the weights of the criteria, were quantified through six expert interviews with representative stakeholders using integrated analytic hierarchy process (AHP) and analytical network process (ANP) methods. After that, the impacts of the interdependencies on the weights and ultimately on the derived final evaluation scores of BM alternatives were modeled using the nonadditive fuzzy integral method as the information aggregation operator. Four innovative BM alternatives for SB originally developed from real-life international cases from Australia, Singapore, Japan, and the United Kingdom were selected for evaluation using the developed model. The results showed that extended operation and maintenance service was the optimal innovative BM type for developers to deliver SB among the alternatives. This research contributes to a better understanding of BM innovations for SB, and the developed AHP-ANP-fuzzy integral integrated network provides stakeholders a consolidated model for the synthetic evaluation of innovative BMs for SB. (C) 2017 American Society of Civil Engineers.",Analytic hierarchy process (AHP); Analytical network process (ANP); Fuzzy integral; Innovative business model; Performance evaluation; Sustainable building; Sustainable construction; Innovative business model Performance evaluation Sustainable building Analytical network process (ANP) Analytic hierarchy process (AHP) Fuzzy integral Sustainable construction DECISION-MAKING SYSTEM LOGISTICS PRODUCT PROJECT CHINA,revisao_sistematica_ou_bibliometrica,dados_de_questionario_ou_entrevista,The results showed that extended operation and maintenance service was the optimal innovative BM type for developers to deliver SB among the alternatives.,nao_identificavel_pelo_resumo,sim,A_nucleo_forte,TRUE,TRUE,objeto_predial=TRUE; manutencao_gestao=TRUE; sustentabilidade=TRUE; metodo_dado_resultado=TRUE; exclusao_forte=FALSE; resumo_suficiente=sim; pontos=10
REG_06585,2024,Scopus,10.1088/1755-1315/1361/1/012051,Conceptual framework of sustainable interior design (SID) criteria and components to hotel's operational performance effectiveness,"Maintaining the hotel's operational stage and its tangible value is significant for hotel industry as the industry relies on customer satisfaction towards the service. Since the hotel industry services are vary and complex, it is crucial to recognize the contextual characteristics and understand the surrounding environment of operations through its performance effectiveness during its operational. However, issues on the maintenance management of aesthetic performance, service hospitality and awareness on sustainable interiors products are significant concerns in the hotel's performance in operational stage. Hence, this paper aims to develop a conceptual framework consisting of the sustainable interior design (SID) criteria and components that relates to hotel's operational performance effectiveness. A semi-structured interview was carried out in this study involving 18 experts comprises of interior designers', architects, and maintenance managers of green certified hotels. The data is analysed using ATLAS.ti9© qualitative software. The findings revealed that there are eight (8) sustainable interior design (SID) components consists of biophilic, energy efficiency, water consumption, health and social flexibility, environmental comfort, ergonomics, green awareness as well as sustainable site planning and management. It was found that there are 37 SID components sub-divided from the criteria which relates to the hotel's performance effectiveness. This study is significant for the hoteliers in identifying critical elements contributed to the successful performance by integrating facilities management to the SID. © Published under licence by IOP Publishing Ltd.",,proposta_de_framework_ou_modelo,dados_de_questionario_ou_entrevista,"The findings revealed that there are eight (8) sustainable interior design (SID) components consists of biophilic, energy efficiency, water consumption, health and social flexibility, environmental comfort, ergonomics, green awareness as well as sustainable site planning and management.",nao_identificavel_pelo_resumo,sim,A_nucleo_forte,TRUE,TRUE,objeto_predial=TRUE; manutencao_gestao=TRUE; sustentabilidade=TRUE; metodo_dado_resultado=TRUE; exclusao_forte=FALSE; resumo_suficiente=sim; pontos=10
REG_08109,2017,Scopus,10.1007/s13349-017-0239-2,Condition assessment of heritage timber buildings in operational environments,"Due to changing environments and aging, the structural resistance of the heritage buildings has been reduced significantly. It has become crucial to monitor and protect the architectural heritage buildings. The objective of this research is to monitor and assess the performance of the heritage Tibetan timber building in operational environments. A three-storey corridor part of the typical heritage building was chosen in the study. A long-term monitoring system was installed in the building to collect the structural response and temperature. Detailed finite element model was built based on site investigation and existing documents, and updated based on the temperature-based response sensitivity using the field-monitoring data. The updated model was further evaluated using the static and dynamic analysis for condition assessment of the building in operational environments. The results show that the updated model is effective and accurate to predict the structural behaviour of the building in operational environments. Based on temperature-based response sensitivity, it is capable of tracking structure performance throughout the life-cycle allowing for condition-based maintenance and structural protection. © 2017, Springer-Verlag GmbH Germany.",Condition assessment; Historic buildings; Response sensitivity; Temperature,nao_classificavel_pelo_resumo,dados_de_sensores_ou_iot,The results show that the updated model is effective and accurate to predict the structural behaviour of the building in operational environments.,nao_identificavel_pelo_resumo,sim,A_nucleo_forte,TRUE,TRUE,objeto_predial=TRUE; manutencao_gestao=TRUE; sustentabilidade=TRUE; metodo_dado_resultado=TRUE; exclusao_forte=FALSE; resumo_suficiente=sim; pontos=9
REG_06307,2024,Scopus|WoS,10.1177/01436244241239290,Empowering smart cities with digital twins of buildings: Applications and implementation considerations of data-driven energy modelling in building management,"Smart buildings and cities are rapidly emerging as solutions to address the challenges of efficiency, urbanisation, and sustainability in the sector. The study proposes deploying data-driven digital twins for smart buildings by utilising the available building’s technology and IT infrastructure to complement and augment existing functions. The digital twin will consist of a core data-driven energy model and a 2D visual representation of the building’s systems, with the potential for future evolution into a 3D model. This study aims to present a preliminary investigation into the idea of data-driven digital twins in building management towards enhancing the operations of smart buildings and empowering the concept of smart cities. It is demonstrated on a building on the campus of Qatar University. With an emphasis on the air conditioning systems of the building, considering their substantial contribution to overall energy consumption, the study maintains an open approach to also encompass other energy systems within the buildings, and presents a comparative evaluation between simulation-based and data-driven modelling on the case study, as well as an exploration of various machine learning algorithms that can be used. Furthermore, exploring essential smart applications of the building’s data-driven digital twin. Practical Application: The study provides a comprehensive exploration of the practical aspects of deploying data-driven digital twins for smart buildings, addressing challenges related to data collection, model development, integration with building infrastructure, and potential limitations. The paper aims to advance the field of facility management and promote smart and sustainable practices in building operations. By contributing to the existing knowledge in facility services and management, our study offers practical guidance towards optimising building performance, reducing energy consumption, and fostering sustainable urban development. © The Author(s) 2024.",Building energy modelling; building information modelling; data-driven models; machine learning; practical deployment; smart building; smart cities; Building energy modelling building information modelling smart cities smart building data-driven models machine learning practical deployment,estudo_de_caso,nao_informado_no_resumo,nao_informado_no_resumo,nao_identificavel_pelo_resumo,sim,A_nucleo_forte,TRUE,TRUE,objeto_predial=TRUE; manutencao_gestao=TRUE; sustentabilidade=TRUE; metodo_dado_resultado=TRUE; exclusao_forte=FALSE; resumo_suficiente=sim; pontos=8
REG_02808,2022,Scopus,10.1155/2022/1901201,BIM Model Management for BIM-Based Facility Management in Buildings,"Building information modeling (BIM) has recently gained popularity in the architecture, engineering, and construction industry. Specifically, BIM has been applied in facilities management (FM). However, FM-integrated BIM and MM-integrated BIM are likely to fail when BIM-FM models are not effectively updated or maintained. Thus, it is critical to focus on the management of BIM-FM models during the operation stage of buildings. While several researchers have examined BIM applications and system developments in the context of FM, there is a dearth of research on BIM management, particularly in the operation stage of sustainable buildings. Thus, an approach for BIM-FM models management is herein proposed for building projects. A BIM-FM models management (BFMM) system for owners during the operation stage was developed to ensure effective implementation for the management of BIM-FM models. Using a building in Taiwan as a case study, this study discussed and evaluated the effectiveness of the proposed BFMM system. The results reveal that the BFMM system significantly increases the efficiency of BIM-FM model management. The results of this study can provide a useful reference for those interested in adopting BIM to manage building project facilities. This study concludes by presenting the advantages and limitations of BIM-FM models as well as suggestions for future applications. © 2022 Yu Cheng Lin et al.",,estudo_de_caso,nao_informado_no_resumo,The results reveal that the BFMM system significantly increases the efficiency of BIM-FM model management.,nao_identificavel_pelo_resumo,sim,A_nucleo_forte,TRUE,TRUE,objeto_predial=TRUE; manutencao_gestao=TRUE; sustentabilidade=TRUE; metodo_dado_resultado=TRUE; exclusao_forte=FALSE; resumo_suficiente=sim; pontos=9
REG_00058,2018,Scopus|WoS,10.1016/j.jobe.2018.06.006,Indicators for quantifying environmental building performance: A systematic literature review,"Buildings as products are complex structures with a long service life compared to most other products and they induce considerable environmental impacts throughout their life cycle. The Environmental Building Performance (EBP) depends on attributes like building design, selection of building materials, building location, as well as operation and maintenance. This article provides the accumulated scientific knowledge on how to quantify EBP by a systematic literature review. Such knowledge is valuable for decision-makers and facilities managers in the process of implementing an environmental strategy and focusing on improving EBP. The review includes 69 articles that cover three research topics relating to EBP: I) indicator categories, II) building types and III) assessment methods. The results show that the environmental impacts are higher for non-residential buildings, and that the building use stage has significantly higher environmental impacts than the other stages. Relating to that, the article identifies eight main categories for quantifying EBP and discusses two methods for assessing EBP. © 2018 Elsevier Ltd",Building performance; Energy; Environmental performance; Facilities management; Life cycle assessment; Building performance Environmental performance Energy Facilities management Life cycle assessment LIFE-CYCLE ASSESSMENT TARGET VALUE DESIGN RESIDENTIAL BUILDINGS SUSTAINABILITY ASSESSMENT BUILT ENVIRONMENT ASSESSMENT LCA ENERGY IMPACTS SECTOR SELECTION,revisao_sistematica_ou_bibliometrica,nao_informado_no_resumo,"The results show that the environmental impacts are higher for non-residential buildings, and that the building use stage has significantly higher environmental impacts than the other stages.",nao_identificavel_pelo_resumo,sim,A_nucleo_forte,TRUE,TRUE,objeto_predial=TRUE; manutencao_gestao=TRUE; sustentabilidade=TRUE; metodo_dado_resultado=TRUE; exclusao_forte=FALSE; resumo_suficiente=sim; pontos=9
REG_04993,2026,Scopus,10.1080/15623599.2025.2544913,Benefits of adopting digital twin technology (DTT) in the Nigerian construction industry,"Digital twin technology is a revolution that has created substantial benefits across different industries. However, its adoption level is limited, especially in the developing construction sectors. The study elicited information from construction professionals using a random sampling approach. A survey design was adopted to comprehend the level of benefits, with a 50.9% response rate. Descriptive and inferential statistics were used to analyze the data collected, i.e. MIS and factor analysis. The study revealed a reduction in inaccurate prediction under shear loading, realistic data for accurate prediction, and real-time detection for repairs and replacement were the top benefits of the Digital Twin (DT). The least rated benefits were data for building maintenance, faster production times, and improved productivity and collaboration. Factor analysis was used to group the variables into five components: project monitoring and sustainability, enhanced project implementation and maintenance, improved production, data monitoring, and construction and operational efficiency. Enhancing construction management was the only factor that had significant differences in the opinions of professionals, while others had similar opinions among professionals. The paper contributes to comprehending the level of benefits and adoption of DT in organizations. This also served as a reference point for extensive research in other developing climes and gave insight into the perceived benefits of professionals. However, the study has some shortfalls, including in-depth interviews using case studies of some construction organizations. © 2025 Informa UK Limited, trading as Taylor & Francis Group.",Adoption; benefits; construction; developing countries; digital twin; professionals,estudo_de_caso,dados_de_questionario_ou_entrevista,nao_informado_no_resumo,nao_identificavel_pelo_resumo,sim,A_nucleo_forte,TRUE,TRUE,objeto_predial=TRUE; manutencao_gestao=TRUE; sustentabilidade=TRUE; metodo_dado_resultado=TRUE; exclusao_forte=FALSE; resumo_suficiente=sim; pontos=9
REG_07791,2016,Scopus,,"Core bundles of technologies to achieve deep energy retrofit with major building renovation projects in Europe, the United States, and China","Numerous pilot projects conducted all over the world have demonstrated that energy use in commercial and public buildings can been reduced by more than 50% after renovation. In fact, some renovated buildings have met the Passive House Institute energy efficiency standard or have even achieved a net zero energy state (Zhivov etal 2015). Research (IEA 2009;ASHRAE 2015) has identified more than 400 energy efficiency measures that can be used when buildings are retrofitted. Such measures include those related to the building envelope, mechanical and lighting systems, energy generation and distribution, and internal processes. Implementation of some individual measures (such as building envelope insulation, improved airtightness, and cogeneration) can significantly reduce building heating and cooling loads or minimize energy waste, but require significant investments with long paybacks. However, when a limited number of core technologies are implemented together (""bundled""), they can significantly reduce energy use for a smaller investment and thereby provide a faster payback. Characteristics of some of these core technology measures depend on the technologies available on an individual nation's market, on the minimum requirements of national standards, and on economics (as determined by a life cycle cost [LCC] analysis). In addition to these measures, requirements related to building envelope-related technologies (e.g., insulation levels, windows, vapor and water barriers, and requirements for building airtightness) depend on specific climate conditions. National teams associated with the International Energy Agency Energy Conservation in Buildings and Communities Program (IEA EEC) Annex 61, Business and Technical Concepts for Deep Energy Retrofit of Public Buildings (EBC 2015), have studied such conditions by computer simulation (Caseetal. 2016; Rose etal. 2016; Riel etal. 2016; Yao et al. 2016). This paper summarizes the results of these studies, which will be used in an IEA Energy in Buildings and Communities (EBC) Programme Annex 61, Deep Energy Retrofit - Case Studies (IEA 2015). The key to making a deep energy retrofit (DER) cost effective is to time the retrofit as part of a major building renovation that already has allocated funds, including those required to meet minimum energy requirements. Since there is an overlap between the funds allocated for the retrofit and those required for the DER, achieving the DER requires only an incremental cost because the DER is evaluated based on a bundle of core technologies, not on individual energy efficiency measures. To evaluate the cost effectiveness of DER project using bundles of core technologies, compared to a typical major building renovation based on minimum energy requirements, this paper proposes the use of net present value (NP V) of the differences in energy savings, maintenance, and insurance costs and other operational costs and revenues to estimate the budget increase limit, which makes the DER project LCC effective. Since most of parameters required for an LCC analysis differ not only by the individual country but also within the country (first costs and labor rates, energy rates, life of the project, and inflation and discount rates), the concept of scalar Ratio (McBride 1995) is used to calculate limitations in renovation budget increase. © 2016 ASHRAE.",,estudo_de_caso,nao_informado_no_resumo,nao_informado_no_resumo,nao_identificavel_pelo_resumo,sim,A_nucleo_forte,TRUE,TRUE,objeto_predial=TRUE; manutencao_gestao=TRUE; sustentabilidade=TRUE; metodo_dado_resultado=TRUE; exclusao_forte=FALSE; resumo_suficiente=sim; pontos=8
REG_05872,2025,Scopus,10.1108/sasbe-08-2024-0315,Future directions and research gaps in city information modelling (CIM),"Purpose: The study aimed to provide a comprehensive review and bibliometric analysis of City Information Modelling (CIM) research, focusing on its development, key contributions, and future directions. Design/methodology/approach: The methodology combined bibliometric analysis and systematic review to critically examine the research gaps and future directions in CIM utilising the Web of Science (WoS), Scopus and Emerald Insight databases. The bibliometric analysis performed using VOSviewer combined the three databases to analyse 446 documents to identify publication trends, citation patterns and research hotspots combined the three databases. The bibliometric analysis is essential to understanding the field’s structure and identifying key contributions to CIM research. The study utilised the PRISMA systematic review method to analyse 89 documents to uncover the research gaps and future directions. Findings: The study revealed that despite the upward growth of CIM research in 2023, CIM research remains fragmented, lacking a unified theoretical framework. Much of the existing work focuses on the technical integration of Building Information Modelling (BIM), Geographic information modelling (GIS), and the Internet of Things (IoT), often at the expense of socioeconomic and environmental considerations. A heavy reliance on limited case studies, small datasets, and past data hampers the generalizability of findings. While infrastructure, construction, and facility management dominate the discourse, there is comparatively little attention to governance, mobility, public-private partnerships, and social equity. To advance the field, the study identifies key areas for future research, such as developing governance frameworks, innovative asset management strategies, enhanced data security measures, and improved system interoperability. Emphasizing holistic and interdisciplinary approaches can enhance CIM’s relevance and impact, enabling it to effectively address a wider range of urban challenges. Originality/value: This study addresses the fragmented state of CIM research by consolidating knowledge from diverse domains through the integration of bibliometric analysis and systematic review methods. It provides a framework for understanding CIM’s potential in smart, sustainable urban development. The findings underscore the need for holistic, data-driven approaches to inform policy and practice, offering new insights into the field’s trajectory. © 2025, Emerald Publishing Limited.",Bibliometric review; Building information modelling (BIM); City information modelling (CIM); Smart cities; Systematic review; Urban management,revisao_sistematica_ou_bibliometrica,nao_informado_no_resumo,nao_informado_no_resumo,"Design/methodology/approach: The methodology combined bibliometric analysis and systematic review to critically examine the research gaps and future directions in CIM utilising the Web of Science (WoS), Scopus and Emerald Insight databases.",sim,A_nucleo_forte,TRUE,TRUE,objeto_predial=TRUE; manutencao_gestao=TRUE; sustentabilidade=TRUE; metodo_dado_resultado=TRUE; exclusao_forte=FALSE; resumo_suficiente=sim; pontos=9
REG_07103,2023,Scopus,10.1049/esi2.12092,Reducing carbon emissions and energy costs in multi-building facilities: A Co-optimisation approach,"Commercial buildings remain one of the most significant consumers of energy. As such, any sustainable pathway to a zero-emissions future will need to pay close attention to emissions reduction in commercial buildings. An interesting category of commercial buildings is the multi-building commercial facility with different buildings collocated within a defined geographical area, serving different purposes and containing varying equipment types. While most existing facility management approaches focus on minimising energy costs and emissions at the level of each building, this work considers a different perspective where energy and emissions are co-optimised across all buildings within the facility. Illustrative case studies based on a multi-building facility consisting of individual buildings adapted from the United States Department of Energy's (DOE) Commercial Reference Buildings database are considered. Different diurnal and seasonal variations in building usage are also considered. Simulations are run using a Python-based commercial building simulation toolbox. Results indicate that the co-optimisation approach can indeed provide superlinear emissions reductions and energy cost savings while satisfying predefined comfort limits compared to when each building is separately optimised. © 2023 The Authors. IET Energy Systems Integration published by John Wiley & Sons Ltd on behalf of The Institution of Engineering and Technology and Tianjin University.",buildings (structures); optimisation,estudo_de_caso,nao_informado_no_resumo,Results indicate that the co-optimisation approach can indeed provide superlinear emissions reductions and energy cost savings while satisfying predefined comfort limits compared to when each building is separately optimised.,nao_identificavel_pelo_resumo,sim,A_nucleo_forte,TRUE,TRUE,objeto_predial=TRUE; manutencao_gestao=TRUE; sustentabilidade=TRUE; metodo_dado_resultado=TRUE; exclusao_forte=FALSE; resumo_suficiente=sim; pontos=9
REG_06596,2024,Scopus|WoS,10.1080/09613218.2023.2284986,A qualitative and life cycle-based study of the energy performance gap in building construction: Perspectives of Finnish project professionals and property maintenance experts,"The significant share of buildings from total energy consumption across the world has been mentioned and emphasized very well by several scholars. In this regard, there have been major developments and improvements in the expertise of developing and designing buildings to be adequately energy efficient. However, the recent studies show that there is still a considerable deviation between the intended and actual energy consumption of the completed buildings. Hence, this exploratory study aims to discover the origin of success and failure in achieving energy efficiency in building construction projects with a life cycle perspective and based on viewpoints of key participants in the project and constructed building’s operation. To do so, 21 semi-structured interviews were conducted with Finnish project professionals representing client, design/planning experts, contractors and building operation/maintenance experts. Both thematic analysis and content analysis methods were employed for analysing the obtained research data. The findings reveal a set of challenges/barriers and solutions/enablers which account for failure and success of achieving energy-efficient buildings. The obtained results contribute to the existing body of knowledge and practices on achieving energy efficiency in building construction projects. © 2023 The Author(s). Published by Informa UK Limited, trading as Taylor & Francis Group.",Building construction; building energy consumption; construction management; energy performance gap; sustainability; Building construction building energy consumption construction management sustainability energy performance gap CHALLENGES IMPROVE,survey_ou_levantamento_com_especialistas,dados_de_questionario_ou_entrevista,The findings reveal a set of challenges/barriers and solutions/enablers which account for failure and success of achieving energy-efficient buildings.,nao_identificavel_pelo_resumo,sim,A_nucleo_forte,TRUE,TRUE,objeto_predial=TRUE; manutencao_gestao=TRUE; sustentabilidade=TRUE; metodo_dado_resultado=TRUE; exclusao_forte=FALSE; resumo_suficiente=sim; pontos=10
REG_08313,2019,Crossref,10.3390/su11236872,Energy and Economic Analysis of Tropical Building Envelope Material in Compliance with Thailand’s Building Energy Code,"The building envelope has a direct impact on the overall energy consumption of a building. Thus, an improvement in the building envelope using energy-efficient material can yield the desired energy performance. This study is based on the materials and compositions used in building envelopes in compliance with the building energy code of Thailand. The building under study is an educational building located in Bangkok, Thailand. Both the energy and the economic aspects of retrofitted building envelopes are discussed in this study. The energy performance was evaluated by calculating the thermal transfer value and whole building energy consumption using the building energy code (BEC) software. The simulation was done under the assumption that the building envelope in the case study building was retrofitted with different materials and compositions. The study determines the feasibility of retrofitting buildings using energy-efficient material by utilizing the discounted payback period and internal rate of return (IRR) as indicators. The results show that retrofitted building envelopes in every case can reduce the whole building energy consumption. In the best envelope configuration, energy consumption can decrease by 65%. In addition, the economic potential is also high, with an IRR value of approximately 15% and a payback period of 23 less than nine years. These finding indicate that a building envelope made with energy-efficient material can achieve good results for both energy performance and economic feasibility.",,estudo_de_caso,nao_informado_no_resumo,The results show that retrofitted building envelopes in every case can reduce the whole building energy consumption.,nao_identificavel_pelo_resumo,sim,A_nucleo_forte,TRUE,TRUE,objeto_predial=TRUE; manutencao_gestao=TRUE; sustentabilidade=TRUE; metodo_dado_resultado=TRUE; exclusao_forte=FALSE; resumo_suficiente=sim; pontos=9
REG_03843,2020,Scopus,10.14455/isec.res.2020.7(1).con-15,Application of fuzzy topsis for selecting most sustainable building wall material,"Appropriate selection of construction materials is crucial for the success of any project. Poor choice of materials can lead to higher costs during construction, higher long-term operation and maintenance expenses, and endanger humans and their surrounding environment. Since the three pillars of sustainability cover the economic, social, and environmental aspects, adoption of sustainability principles in decision making will ensure selecting the optimum construction materials. This paper presents a generic model to utilize Fuzzy Technique for Order of Preference by Similarity to Ideal Solution (TOPSIS) principles to compare the sustainability criteria of four wall material alternatives using normalized fuzzy matrices. A case study took place in United Arab Emirates (UAE) to validate the model. Several semi-structured interviews and meetings with industry experts representing material suppliers, engineering consultants, and construction contractors took place during this research. These meetings provided six selection criteria under the three main sustainability categories, agreed-upon weight for each criteria, and evaluation of the four wall material alternatives. Results obtained from consulted experts presented Sandwich Panels as the most sustainable alternative for the case study. The developed model is generic and can be implemented on any construction project, and the alternative selection can change according to the decision-makers’ opinions and preferences. © 2020 ISEC Press.",Construction material; Green building; Multiple criteria decision making (MCDM); United Arab Emirates (UAE),estudo_de_caso,dados_de_questionario_ou_entrevista,nao_informado_no_resumo,nao_identificavel_pelo_resumo,sim,A_nucleo_forte,TRUE,TRUE,objeto_predial=TRUE; manutencao_gestao=TRUE; sustentabilidade=TRUE; metodo_dado_resultado=TRUE; exclusao_forte=FALSE; resumo_suficiente=sim; pontos=9
REG_06681,2024,Scopus|WoS,10.1590/s1982-21702024000100022,3D spatio-temporal post-occupational maintenance management of high-rise residential building: a case study,"With the rise of high-rise residential buildings in urban areas, effective maintenance management is increasingly crucial. This study introduces a 3D-STBMM model that integrates 3D visualization and temporal analysis to enhance maintenance management in Malaysian high-rises. The model aims to improve decision-making, problem-solving, and resource utilization. Using digital reconstructions of maps and maintenance records from January 2020 to January 2024, the study uncovers patterns in the timing and frequency of civil and electrical maintenance activities. Civil tasks peaked in 2022 before declining, while electrical tasks showed a consistent pattern with a decrease in 2023. Spatial analysis highlights the prevalence of these activities across maintenance spread and frequency. The integrated model demonstrates potential to transform maintenance practices, enabling a data-driven, strategic approach that enhances the performance and sustainability of urban high-rise buildings. © 2024, Universidade Federal do Parana. All rights reserved.",3D visualisation; High-rise building maintenance; Predictive maintenance; Spatial analysis; spatiotemporal analysis; Temporal analysis; High-rise building maintenance 3D visualisation Temporal analysis Spatial analysis Predictive maintenance spatiotemporal analysis,estudo_de_caso,dados_historicos_ou_registros_de_manutencao,nao_informado_no_resumo,nao_identificavel_pelo_resumo,sim,A_nucleo_forte,TRUE,TRUE,objeto_predial=TRUE; manutencao_gestao=TRUE; sustentabilidade=TRUE; metodo_dado_resultado=TRUE; exclusao_forte=FALSE; resumo_suficiente=sim; pontos=9
REG_03989,2020,Scopus,10.1108/jfm-07-2020-0039,"Envisioning a strategic framework to streamline building operation, sustainability and users’ disease control","Purpose: This study aims to present a strategic framework aiming to streamline building operation and sustainability issues. To make available a further contribution to respond to Coronavirus Disease 2019 (COVID-19), an operational prevention guideline relying on the level of spread risk has also been developed, primarily intended for users when accessing and circulating within common spaces of buildings in general. Design/methodology/approach: The research approach involved the development of a whole theory, essentially based on a qualitative design, by means of tree schematic representations and explanatory frames. It presents part of a model already developed (called SIAPME), although, in general, besides integrating the underlying aspects of the individual experience of daily life, it is based on insights and impressions taken from the literature review. Findings: With an identity of its own, this study offers an overview of an alternative set of well-founded and integrated strategies to improve working processes in a number of fields of the building operation function. A structured vision has thus, been provided with interest in certain key topics of the present time, such as energy management, comfort and sustainability. Still, in this context, based on a frame of knowledge gathered to date, a current, innovative and simple guidance has also been designed to help prevent the contagion of COVID-19. Research limitations/implications: The draft of procedures is part of an ambitious goal to serve as a well-founded strategic basis for the eventual development of an advanced software solution. As it is mainly limited to qualitative analysis, from which themes and generalisations have been arranged, this research may need more empirical evidence and additional work will be necessary to overcome any gaps that may be found. Practical implications: An overall assessment of this study seems to corroborate the idea that a significant impact on the developments in building operation can occur if stakeholders seek a more integrated way of management, based on cross-referencing of current issues. At a time when great uncertainties remain and knowledge advances are in full swing, the designed framework aims to be an added input towards already existing research. Furthermore, it can be seen as a valuable contribution to improving related software applications. Originality/value: The originality lies in trying to better understand how and in which aspects the general day-to-day management of building operation can be handled more effectively, sustainable and framed, following a reasoned scientific line, in addition of trying to figure out greater capacity to deal with users’ contagions, especially in the existing context of the pandemic. © 2020, Emerald Publishing Limited.",Buildings; COVID-19; Framework; Operation; Routines; Sustainability,revisao_sistematica_ou_bibliometrica,nao_informado_no_resumo,nao_informado_no_resumo,nao_identificavel_pelo_resumo,parcial,B_nucleo_descritivo,FALSE,TRUE,objeto_predial=TRUE; manutencao_gestao=TRUE; sustentabilidade=TRUE; metodo_dado_resultado=TRUE; exclusao_forte=FALSE; resumo_suficiente=parcial; pontos=8
REG_03042,2021,Scopus|WoS,10.1680/jensu.21.00046,Co-creating social value in placemaking: the grand balancing act,"Social value in the built environment refers to the social impact any organisation or project in that sector makes on its many and varied stakeholders. This involves different agents, such as design and planning professionals, engineering and construction professionals and workers, trades, facilities management providers and their personnel and community groups and their members. This paper examines social value activities with a focus on placemaking and shows how in the Midlands, UK, regional strategic influence, consultant, design and planning efforts relate to the Useful Projects Social Value Maturity Framework and align with the UN Sustainable Development Goals (SDGs). The authors highlight how the agents collectively help ensure that Nottingham is one exemplar city with a direct participation structure of civil society in urban planning and management that operates regularly and democratically; how their activities help improve education, awareness-raising and human and institutional capacity on climate change mitigation, adaptation, impact reduction and early warning; and how they together ensure responsive, inclusive, participatory and representative decision making at all levels. The paper presents a transformative case study of social value in practice, which has a partnerships model at its heart, and the potential to inform future methodologies for business and community engagement to improve social outcomes  © 2022 ICE Publishing: All rights reserved.",education & training; environment; social impact; education & training environment social impact,estudo_de_caso,nao_informado_no_resumo,nao_informado_no_resumo,nao_identificavel_pelo_resumo,parcial,B_nucleo_descritivo,FALSE,TRUE,objeto_predial=TRUE; manutencao_gestao=TRUE; sustentabilidade=TRUE; metodo_dado_resultado=TRUE; exclusao_forte=FALSE; resumo_suficiente=parcial; pontos=8
REG_06469,2024,Scopus,10.1016/j.istruc.2023.105831,Integrating Building Information Modeling (BIM) for optimal lifecycle management of complex structures,"A fundamental issue in the development and engineering industries is the efficient management of complex structures during their entire lifecycles. Traditional fragmented techniques have been used, and this has led to instances of poor communication and subpar performance, particularly in the context of repair and restoration initiatives. Building information modeling (BIM) emerged as a ground-breaking strategy that offers a digital representation of a building's attributes and facilitates effective collaboration among several stakeholders. The current study examines how BIM impacts complex building management throughout the course of a structure's existence. It focuses on how BIM helps to advance maintenance procedures, environmental initiatives, and project effectiveness. Exploratory factor analysis (EFA), structural equation modeling (SEM), and literature research are the three phases of the study's methodology. A thorough investigation was carried out in Pakistan's Rawalpindi and Islamabad region utilizing a quantitative technique. The poll of 159 participants produced intriguing findings. The process of EFA serves to verify constructs and questions, ensuring their reliability and validity. On the other hand, SEM is used to assess the structural relationships between variables and their impact on BIM based lifecycle management. The findings suggest that the application of BIM is favorably influenced by each phase of a project, namely Design, Construction, Operation and Maintenance, Renovation and Retrofitting, and End-of-Life Decisions. This highlights the need to implement a complete BIM strategy across all stages of a project's lifespan, which may enhance facility management, decrease expenses, and promote sustainability. The results of this study have significant consequences for professionals and politicians, highlighting the crucial need to provide incentives and regulations to promote the use of BIM in building projects. © 2024",Building Information Modeling (BIM); Complex structures; Construction efficiency; Lifecycle management; Sustainability,nao_classificavel_pelo_resumo,nao_informado_no_resumo,"The findings suggest that the application of BIM is favorably influenced by each phase of a project, namely Design, Construction, Operation and Maintenance, Renovation and Retrofitting, and End-of-Life Decisions.",nao_identificavel_pelo_resumo,parcial,B_nucleo_descritivo,FALSE,TRUE,objeto_predial=TRUE; manutencao_gestao=TRUE; sustentabilidade=TRUE; metodo_dado_resultado=TRUE; exclusao_forte=FALSE; resumo_suficiente=parcial; pontos=8
REG_02761,2022,Scopus|WoS,10.1080/13467581.2021.1942001,"Integrated LCA-LCC assessment model of offsite, onsite, and conventional construction systems","Greenhouse gases associated with energy extraction, production, and consumption are considered a major source of environmental pollution that has led to global warming and climate change. In Saudi Arabia, the building sector represents the largest domain of total energy consumption (roughly 80%) followed by the industrial and agricultural sectors. This study seeks to assess the environmental impacts and economic viability of various construction systems including prefabricated and conventional ones using models for life cycle cost (LCC) and life cycle assessment (LCA). The LCA used in this study was assigned monetary values according to the market price of CO2 and then combined with the LCC. The developed LCA-LCC therefore provides information regarding the sustainability of the construction method and may assist decision makers in public sector on the selection of the best possible construction system to minimize energy consumption, greenhouse gas emission, and environmental impact while simultaneously reducing overall life cycle costs. The highest LCC was associated with construction costs, which represented 55% to 58% of the whole LCC. The operation and maintenance costs of the project over a 50-year lifespan ranged between 25% and 27% of the overall LCC, while the environmental impact cost was found to represent approximately 17.0% to 18% of the total LCC. © 2021 The Author(s). Published by Informa UK Limited, trading as Taylor & Francis Group on behalf of the Architectural Institute of Japan, Architectural Institute of Korea and Architectural Society of China.",construction systems; environmental impact cost; global warming; LCA; LCC; modular system; Siporex; LCC environmental impact cost LCA construction systems modular system Siporex global warming LIFE-CYCLE ASSESSMENT ENERGY DESIGN BUILDINGS ENVELOPE,nao_classificavel_pelo_resumo,nao_informado_no_resumo,nao_informado_no_resumo,nao_identificavel_pelo_resumo,parcial,B_nucleo_descritivo,FALSE,TRUE,objeto_predial=TRUE; manutencao_gestao=TRUE; sustentabilidade=TRUE; metodo_dado_resultado=TRUE; exclusao_forte=FALSE; resumo_suficiente=parcial; pontos=7
REG_01345,2014,Scopus,10.1109/icue.2014.6904197,Energy sustainability through domestication of energy technologies in third world countries in Africa,"Access to reliable and adequate energy is a compulsory step to industrialization, improving the living standards of the people, enhancing safety and security, and preserving a healthy environment. Energy plays a fundamental role in shaping and reshaping of the human condition and is therefore essential for human survival and a major factor for economic growth. There is a strong correlation between socio-economic development and the availability of electricity. The third world countries are faced with chronic electricity problems, which are hindering economic developmental programmes, notwithstanding the availability of vast natural resources in these countries. This paper sees and discusses over dependence of foreign energy production technologies, expatriates for operation and maintenance of power facilities as major failure of energy infrastructural growth and consequent inhibitor of economic growth. It went further to suggest capacities building in the area of renewable energy especially design and fabrication of small hydro power (SHP) facilities (parts and systems) and their production technologies as a key for better energy delivery for third world countries in African economic growth. © 2014 Cape Peninsula University of Technology.",Development; domestication; Energy Infrastructure; Renewable Energy; small hydro power; strategies; sustainability; third world countries,nao_classificavel_pelo_resumo,nao_informado_no_resumo,nao_informado_no_resumo,nao_identificavel_pelo_resumo,parcial,B_nucleo_descritivo,FALSE,TRUE,objeto_predial=TRUE; manutencao_gestao=TRUE; sustentabilidade=TRUE; metodo_dado_resultado=TRUE; exclusao_forte=FALSE; resumo_suficiente=parcial; pontos=7
REG_06253,2024,Scopus,10.3390/eng5030066,The Issue of Estimating the Maintenance and Operation Costs of Buildings: A Case Study of a School,"The operations and maintenance phase is typically the longest phase within the building life cycle. Proper and consistent building maintenance is imperative for several reasons, including extending the life of buildings, improving occupants’ comfort and safety, and ultimately saving on long-term costs. Budgets for maintenance should be foreseen. The costs of statutory periodic inspections, the costs of replacing worn materials and elements, the costs of periodic works and repairs, the costs of reactive maintenance and the costs of operation will be shown for the analyzed building—a school. This paper outlines the development of a 15-year maintenance plan and program for the building, covering the period from 2024 to 2038. The plan incorporates a discount rate of 3.64% and accounts for inflation when calculating costs. The present value of the costs of maintenance and operation of the building for 15 years is EUR 1,978,292.20 and the largest share of these costs is the operation cost of the building with EUR 1,599,002.18 (80.83%). A sensitivity analysis was conducted by varying the discount rate and analysis period, resulting in recalculated present values for maintenance costs. The analysis reveals a correlation of 26.73% between the present value of maintenance and operation costs over a 15-year period and the associated capital costs. © 2024 by the authors.",buildings maintenance; inflation; maintenance costs; maintenance plan; present value,estudo_de_caso,nao_informado_no_resumo,nao_informado_no_resumo,nao_identificavel_pelo_resumo,parcial,B_nucleo_descritivo,FALSE,TRUE,objeto_predial=TRUE; manutencao_gestao=TRUE; sustentabilidade=TRUE; metodo_dado_resultado=TRUE; exclusao_forte=FALSE; resumo_suficiente=parcial; pontos=8
REG_03353,2021,Scopus,10.30880/ijie.2021.13.07.013,BIM Enabled Sustainable Facility Management,"The scope of facility management spans from traditional activities like repair & maintenance, health & safety, through to real estate management, financial management, change management, and even contract management, tender and procurement, construction, and demolition and disposal of the constructed facility. It therefore requires considering sustainability aspects of construction, which are better addressed through sustainable design strategies. A consolidated but holistic framework has been conceptualized to ensure sustainability in facility management, especially to practice in building and AEC (architecture, engineering and construction) sectors. Although testing and validation is needed, the conceptualized framework is expected to achieve sustainability in the relevant sectors. © Universiti Tun Hussein Onn Malaysia Publisher’s Office",Building information modelling; Conceptual framework; Facility Management; Integration; Sustainability; Sustainable design,proposta_de_framework_ou_modelo,nao_informado_no_resumo,nao_informado_no_resumo,nao_identificavel_pelo_resumo,parcial,B_nucleo_descritivo,FALSE,TRUE,objeto_predial=TRUE; manutencao_gestao=TRUE; sustentabilidade=TRUE; metodo_dado_resultado=TRUE; exclusao_forte=FALSE; resumo_suficiente=parcial; pontos=8
REG_01857,2012,Scopus,,Leverage smart system services technology for smart green building management,"Reducing energy requirements and greenhouse gas emissions for building operations became a critical issue in recent years. Though many different solutions have been proposed to deal with the manner, most of them only focused on how to implement IT systems to improve the building performance. In this paper, we present the Smart System Services (S3) technology that includes a set of methodologies, tools, and common platform. Then we use an example to show how to leverage S3 technology to design and implement a smart green building management solution. With S3, not only IT system implementation but also business strategy, business operation, and all the required steps from business level to IT level are all considered to achieve better agility, scalability, and reusability. © 2012 Fraunhofer IZM.",,nao_classificavel_pelo_resumo,nao_informado_no_resumo,nao_informado_no_resumo,nao_identificavel_pelo_resumo,parcial,B_nucleo_descritivo,FALSE,TRUE,objeto_predial=TRUE; manutencao_gestao=TRUE; sustentabilidade=TRUE; metodo_dado_resultado=TRUE; exclusao_forte=FALSE; resumo_suficiente=parcial; pontos=7
REG_05151,2025,Scopus,10.26877/asset.v7i1.1005,Financial Performance Assessment of Flat Buildings Using Life Cycle Cost and Cost–Benefit Analysis,"Buildings resulting from construction projects are durable assets and decisions related to construction projects have enduring impacts. In many cases, building owners prioritize only the initial costs, such as building design, construction, and equipment costs, while neglecting the future operation and maintenance costs. This research studies life cycle costing (LCC) analysis to evaluate the financial feasibility of urban housing. The LCC calculates all the costs incurred and benefits during the building's operation. The cost is generated from construction, operational, and maintenance costs. At the same time, the benefit breaks down into flat rental costs, retail rental costs, and parking costs. The costs incurred are estimated over 25 years, and the parameters of feasibility are net Present Value (NPV), Benefit-Cost Ratio (BCR), and Internal Rate of Return (IRR). The study generates negative NPV, BCR < 1, and 0.61% of IRR. It indicates that the project is not feasible. This research gives alternatives to make the project feasible. This study employed a trial-and-error approach to ascertain the viability of investing in flat rentals by systematically adjusting rental rates. Incremental adjustments to rental rates are tested by a series of rate hikes of 50%, 100%, 150%, and 200% using a trial-and-error approach. The project will become feasible if the flat rate increases to 150-200% of the initial rental rate. © 2025, University of PGRI Semarang. All rights reserved.",Benefit-Cost Ratio; Internal Rate of Return; Life Cycle Cost Analysis; Net Present Value; Urban Residential Feasibility,nao_classificavel_pelo_resumo,nao_informado_no_resumo,It indicates that the project is not feasible.,nao_identificavel_pelo_resumo,parcial,B_nucleo_descritivo,FALSE,TRUE,objeto_predial=TRUE; manutencao_gestao=TRUE; sustentabilidade=TRUE; metodo_dado_resultado=TRUE; exclusao_forte=FALSE; resumo_suficiente=parcial; pontos=8
REG_02122,2011,Scopus|WoS,10.1016/j.proeng.2011.07.200,Sustainability criteria for Industrialised Building Systems (IBS) in Malaysia,"As the sustainability awareness rises globally, the construction industry is under increasing pressure to improve efficiency and project delivery. The implementation of Industrialised Building Systems (IBS), for which utility components are built offsite, has the potential of promoting sustainability deliverables. This can be achieved by better control of production environment, minimising construction waste, using efficient building material energy, and stabilising work conditions. As a unique building technology, IBS has not been effectively implemented in Malaysia. Possible reasons may include limited understanding among stakeholders on the IBS potential and its relevance to sustainability. This warrants studies on the sustainability issues of IBS design, construction, operation and maintenance, A framework is being developed through research to assess performance criteria related to sustainability, which should be considered during IBS design and application in the most consistent and systematic way. This paper discusses how these sustainability performance criteria are examined in a continuing research project and the processes conducive to implementing sustainable IBS in Malaysia. Existing tools, indicators and guidelines are reviewed, analysed and grouped according to characteristics and application. The research also hopes to produce guidelines for stakeholders to incorporate sustainability issues and concepts into IBS applications. (C) 2011 Published by Elsevier Ltd.",Attribution; Decision-making; Industrialised Building System (IBS); Sustainability; Sustainability Industrialised Building System (IBS) attribution decision-making PERFORMANCE CONSTRUCTION PREFABRICATION INDICATORS,nao_classificavel_pelo_resumo,nao_informado_no_resumo,nao_informado_no_resumo,nao_identificavel_pelo_resumo,parcial,B_nucleo_descritivo,FALSE,TRUE,objeto_predial=TRUE; manutencao_gestao=TRUE; sustentabilidade=TRUE; metodo_dado_resultado=TRUE; exclusao_forte=FALSE; resumo_suficiente=parcial; pontos=7
REG_04982,2026,Scopus,10.1007/978-3-032-10649-0_54,Automated UAV-Based Crack Detection and Measurement Using CNN and High-Resolution Image Processing,"The aging of concrete buildings raises significant safety and maintenance concerns, necessitating efficient crack detection methods. This study proposes an automated UAV-based crack detection and measurement system using deep learning and high-resolution image processing. UAVs collect images remotely, and a CNN-based YOLO model detects crack regions. These regions are enhanced using the VDSR algorithm for high-resolution transformation. Crack widths are measured via skeletonization and contour analysis, with pixel size calibrated using camera specifications. The proposed method overcomes limitations of previous approaches by enabling precise crack measurement from a safe distance. Experimental results demonstrate its ability to detect cracks as small as 0.3 mm while maintaining inspection efficiency. This integration of UAVs and AI enhances building maintenance reliability and sustainability. © The Author(s), under exclusive license to Springer Nature Switzerland AG 2026.",Building crack; Convolutional Neural Network; UAV; VDSR; YOLO,nao_classificavel_pelo_resumo,nao_informado_no_resumo,nao_informado_no_resumo,nao_identificavel_pelo_resumo,parcial,B_nucleo_descritivo,FALSE,TRUE,objeto_predial=TRUE; manutencao_gestao=TRUE; sustentabilidade=TRUE; metodo_dado_resultado=TRUE; exclusao_forte=FALSE; resumo_suficiente=parcial; pontos=7
REG_03457,2021,Scopus,10.1108/jfm-12-2020-0094,Facilities technology management framework for public health-care institutions in a developing country,"Purpose: This study aims to develop a Facilities technology management framework for public health-care institutions in a developing country. Design/methodology/approach: The study used descriptive research design to identify the specifications of the framework via strategic initiatives anchored on efficiency, sustainability, ecological-friendliness and technological innovation. These measures are wrapped into a facilities TM framework which incorporates concepts and practices on risk management, facility management (FM) and TM. Findings: Results of the survey of the public HCIs in the Philippines, show high levels of acceptability of proposed measures which identify the technologies, innovations and materials which are in the viable context of public hospital circumstances in the country. Research limitations/implications: The findings of this study are limited to the public HCIs in a developing country, and thus cannot be generalized to other HCIs particularly the private institutions. Practical implications: The framework seeks to help improve the operational efficiency and sustainability of public HCIs in a developing country like the Philippines. The discussions on TM revolve around the application of TM approaches. Also, the study incorporates discussions on sustainability, technology innovation and the conformity of these with HCI standards, best practices and government requirements. Social implications: The study takes into consideration the identification of FM principles and practices that are deemed suitable and applicable for public HCIs in a developing country. This study is intended to develop a TM framework for FM services which is cost-effective but not sacrificing safety, security, employees and the environment. Then the foremost consideration is the perceived suitability of the framework in the public HCI environment. Originality/value: This is an original study. It has as its scope the fusion of FM and TM approaches that would help in the identification of challenges, requirements for manpower, processes and technologies (especially, information and communications technolog-based technologies), and a corresponding TM system framework for public HCI facilities in a developing country. © 2021, Emerald Publishing Limited.",Developing country; Facility; Framework; Health sectors; Management; Technology,nao_classificavel_pelo_resumo,nao_informado_no_resumo,nao_informado_no_resumo,nao_identificavel_pelo_resumo,parcial,B_nucleo_descritivo,FALSE,TRUE,objeto_predial=TRUE; manutencao_gestao=TRUE; sustentabilidade=TRUE; metodo_dado_resultado=TRUE; exclusao_forte=FALSE; resumo_suficiente=parcial; pontos=7
REG_07241,2023,Scopus,10.1109/iceeict56924.2023.10157626,Facilities Management Information System with Data Analytics and Visualization,"This study aimed to develop a Facilities Management Information System (FMIS) to predict the most frequently requested and severe cases of facilities management services involving carpentry, plumbing, electrical, and cooling services using the J48 algorithm, as well as predict the satisfaction of condominium owners with the overall quality of work with the use of the logistic regression algorithm. The study used descriptive and developmental methods, including systems development life cycle methods and the Hypertext Preprocessor (PHP), to develop the web-based FMIS. J48 method was used to generate the tree model from the preformatted data during the training phase using Weka as a tool to predict severe cases and most requested services. It was compared with the RepTree algorithm. Following the testing phase, 10-fold cross-validation was used. J48 has a higher accuracy rate of 99.7473%. Moreover, the overall quality of work out of the facility management services was predicted using the logistic regression algorithm with Python as a tool to predict the satisfaction of unit owners with the quality of work delivered by the service providers. It was compared with the decision tree algorithm. Logistic Regression has a higher accuracy rate of 91.86%. Using the Technology Acceptance Model (TAM), all ratings under different categories fall under the 'Extremely Satisfied' description with a 5.47 mean based on the 6- Likert Scale interpretation. This suggests that the majority of the respondents are extremely satisfied with the functionality and usefulness of the developed FMIS. © 2023 IEEE.",data analytics; facilities management information systems; J48; logistic regression; visualization,nao_classificavel_pelo_resumo,dados_de_questionario_ou_entrevista,nao_informado_no_resumo,nao_identificavel_pelo_resumo,parcial,B_nucleo_descritivo,FALSE,TRUE,objeto_predial=TRUE; manutencao_gestao=TRUE; sustentabilidade=TRUE; metodo_dado_resultado=TRUE; exclusao_forte=FALSE; resumo_suficiente=parcial; pontos=8
REG_02284,2010,Scopus,,Design and performance of,"Aerated floor systems were incorporated into the design of several newly constructed buildings, including two homes in the Southwest and a community center in the Rocky Mountain region, to provide an under-slab void network that could be vented for vapor intrusion control. Compared to a conventional slab on grade liner and granular venting layer designs, the aerated floor system was selected to allow more efficient movement of ventilation air, increasing the potential for passive air flows to adequately dilute sub-slab gas concentrations and protect indoor air. Passive mitigation avoids electrical and other operation and maintenance costs associated with electric fans (active systems), resulting in a more sustainable and ""green"" remediation system. Air flow and pressure measurements were taken at these sites to determine how well the aerated flooring system performed under normal and wind pressure gradients, induced gradients using whirlybird fans, solar powered fans and using traditional radon blowers. Based on the data collected, wind-driven gradients can provide sufficient ventilation to dilute moderate sub-slab concentrations to predictable and acceptable levels with a reasonable number of riser pipes. The addition of a radon fan allowed depressurization of the under-slab void network and conversion to a mitigation system that could address higher concentration conditions.",,nao_classificavel_pelo_resumo,nao_informado_no_resumo,nao_informado_no_resumo,nao_identificavel_pelo_resumo,parcial,B_nucleo_descritivo,FALSE,TRUE,objeto_predial=TRUE; manutencao_gestao=TRUE; sustentabilidade=TRUE; metodo_dado_resultado=TRUE; exclusao_forte=FALSE; resumo_suficiente=parcial; pontos=7
REG_06299,2024,Scopus,10.1108/ecam-05-2022-0457,Development of a significant index model for assessing heritage building maintenance management challenges,"Purpose: The paper aims to identify the critical constraints that impede heritage building (HB) facility managers from discharging their duties effectively and develop an index model to guide HB maintenance management (HBMM) practitioners to the critical constraints. Design/methodology/approach: A literature review was conducted to identify HBMM constraints. Facilty management practitioners assessed the constraints' significance through an online survey. The factor analysis was used to shortlist and group the constraints, and the constraint clusters were analyzed by the fuzzy synthetic evaluation technique. A significant index cluster to determine HBMM constraints criticality was generated using the linear additive model. Findings: Embracing a total of 16 HBMM constraints, the three clusters identified are: (1) managerial and inadequacy constraints, (2) pressure and bureaucracy constraints and (3) HB peculiarities constraints. Based on the generated significant index, the HB peculiarities cluster was identified as the most significant. Research limitations/implications: The study was conducted in a particular jurisdiction, limiting the generalizability of the result. Future research should address this limitation by covering more jurisdictions. Practical implications: The significant index model (SIM) developed enables HBMM practitioners to objectively assess the criticality of HB constraints and facilitates them to effectively strategize and allocate resources for HBMM. Originality/value: The SIM, which transforms subjective judgment into the objective assessment of the HBMM constraints' criticality, can assist practitioners, policymakers and other HBMM stakeholders in implementing strategies for the sustainability of HBs. © 2023, Emerald Publishing Limited.",Facility management; Fuzzy synthetic evaluation; Heritage buildings; Maintenance; Significant index,revisao_sistematica_ou_bibliometrica,nao_informado_no_resumo,nao_informado_no_resumo,Future research should address this limitation by covering more jurisdictions.,parcial,B_nucleo_descritivo,FALSE,TRUE,objeto_predial=TRUE; manutencao_gestao=TRUE; sustentabilidade=TRUE; metodo_dado_resultado=TRUE; exclusao_forte=FALSE; resumo_suficiente=parcial; pontos=9
REG_02491,2022,Scopus,10.1097/hap.0000000000000147,The Value of Sound Environmental Practices in Healthcare Facilities Management,"The time has come for healthcare organizations to improve their efforts regarding their impact on the environment, particularly on the communities they serve. For years, healthcare has been at the forefront in addressing social needs with public health initiatives but has lagged on environmental concerns. By carefully reviewing their energy usage and aging infrastructures, healthcare leaders and their facility managers can do a better job of controlling healthcare's environmental impact. Green practices are key indicators of an organization's ethically focused sustainability efforts. So, while healthcare has traditionally focused on its social impact-providing healthcare services is, after all, inherently social-it must expand its community engagement by considering the environmental impact of hospitals and health systems on their communities in the context of climate change. Copyright © 2022 Foundation of the American College of Healthcare Executives.",,nao_classificavel_pelo_resumo,nao_informado_no_resumo,nao_informado_no_resumo,nao_identificavel_pelo_resumo,parcial,B_nucleo_descritivo,FALSE,TRUE,objeto_predial=TRUE; manutencao_gestao=TRUE; sustentabilidade=TRUE; metodo_dado_resultado=TRUE; exclusao_forte=FALSE; resumo_suficiente=parcial; pontos=7
REG_03841,2020,Scopus,10.5593/sgem2020/4.1/s17.022,Reconstruction of college campuses based on green building principles,"Study presents the current state and assessment of prospective ways of college campuses development in the Russian Federation based on environmental reconstruction. There is identified the main complex of problematic aspects of sustainable architectural development of campus territories. The paper proposes a concept of integrated modernization of buildings and territories of Russian universities. The presented priority directions for the college campuses reconstruction is based on the green building system. The research observes the modern tendencies of college campuses design and its possible implementation in the complex environmental reconstruction of the territories and buildings. The innovative principles of architectural planning and design of college campuses are founded on recent research findings that testify compliance to the international green standards and economic effectiveness. They include agile design, biophilic forms and objects, coworking open spaces, automatic engineering systems. Expediency of reconstruction using the advanced architectural design approaches has confirmed a correlation between effectiveness of building operation and identified influence factors such as acoustic characteristics, lighting, air temperature, accessibility, biophilia, color and furniture, automatic utility systems, etc. Along with this increase in monetary and energy savings, green building has been proven to make the occupants more productive. The proposed methods of integrated reconstruction of college campuses will allow to design a sustainable architectural space and achieve the environmental performance of university's buildings and territories. © 2020 International Multidisciplinary Scientific Geoconference. All rights reserved.",College campuses; Environmental reconstruction; Green building; Sustainable architecture,nao_classificavel_pelo_resumo,nao_informado_no_resumo,nao_informado_no_resumo,nao_identificavel_pelo_resumo,parcial,B_nucleo_descritivo,FALSE,TRUE,objeto_predial=TRUE; manutencao_gestao=TRUE; sustentabilidade=TRUE; metodo_dado_resultado=TRUE; exclusao_forte=FALSE; resumo_suficiente=parcial; pontos=7
REG_01200,2015,Scopus,10.1201/b17396-40,Mind the gap between sustainable design and facilities management,"The need for the built environment to improve its energy efficiency is well established. Operating energy is the largest energy consumption component during the life of a building. Decisions taken at the design phase of the building are crucial towards influencing the overall energy demand of a building. There is strong evidence suggesting a gap between the expected and achieved energy performance in non-residential buildings. The lack of understanding regarding how design intent translates into actual performance is one of the main barriers affecting the delivery of high performance buildings. This conceptual paper briefly discusses the reliability gap in the context of the disjointed nature of the construction industry, and contributes to the development of a foundation for the newly launched Norwegian research project ""Methodologies for Improvement of Non-residential Buildings' Daily Energy Efficiency Reliability"" (MINDER), which aims to narrow the gap by linking the actors and technologies found at both ends of the gap. © 2015 Taylor & Francis Group.",,estudo_conceitual_sem_aplicacao_empirica,nao_informado_no_resumo,nao_informado_no_resumo,nao_identificavel_pelo_resumo,parcial,B_nucleo_descritivo,FALSE,TRUE,objeto_predial=TRUE; manutencao_gestao=TRUE; sustentabilidade=TRUE; metodo_dado_resultado=TRUE; exclusao_forte=FALSE; resumo_suficiente=parcial; pontos=8
REG_03701,2020,Scopus,10.5109/4055226,Development system on integrated regional building permit policy to enhance green building life cycle achievement,"Green building is a friendly environment building concept that can answer the problems of the negative impact of buildings on environmental sustainability both at this time and in the future. At the beginning of the development of a green building, there were relatively many challenges experienced specifically to begin the adaptation of changing concepts from conventional to the concept of green building by stakeholders building buildings specifically by building tenant and building management. This study aims to identify the targets expected by the building stakeholders for the success of the green building concept, especially in the operational and maintenance phases of the building. This research was carried out with a qualitative and quantitative method approach. In-depth interviews are used to identify and validate the initial performance variables expected by tenants and building management from the implementation of green building. The quantitative stage for survey respondents knows the expected performance characteristics during the operation and maintenance period of the building. This study resulted in several recommendations including local and regional building policies affecting the leverage of tenants and building management for the implementation of green building that had been planned and built. The main targets that influence the ability to implement the concept are the efficiency of resources for building operations and maintenance, which include the use of energy and water. Final validation was carried out with the qualitative method by appointing several experts to assess the results of respondents' surveys where they agreed with the results because technology and policies were relatively developed to regulate the use of energy and water resources in buildings. Besides that, the direct management of the building was also felt when the building was saved, this became an achievement for the building they managed. © 2020, Novel Carbon Resource Sciences. All rights reserved.",Building life cycle; Green building; Regional policy,nao_classificavel_pelo_resumo,dados_de_questionario_ou_entrevista,nao_informado_no_resumo,nao_identificavel_pelo_resumo,parcial,B_nucleo_descritivo,FALSE,TRUE,objeto_predial=TRUE; manutencao_gestao=TRUE; sustentabilidade=TRUE; metodo_dado_resultado=TRUE; exclusao_forte=FALSE; resumo_suficiente=parcial; pontos=8
REG_00038,2018,Scopus,10.1109/icice.2017.8479079,Need analysis of building maintenance: A case study in small-scale residential buildings based on the perceptions of construction industry,"The main purpose of building maintenance management is to enhance the safety, value, use, and life of buildings. Integrating appropriately advanced hardware and software to conduct regular and preventive maintenance for buildings' and their internal facilities' effectiveness, functionality and service operations, and meet the needs and comfort of users via the most economical maintenance management process is an urgent demand for current building technology development. The development and application of Building Information Model (BIM) technology have covered the life cycle of building, also includes the maintenance management section. However, the domestic and foreign cases are mostly used in the design or construction stage, as well as large-scale or public construction. Not only the residential space for most people use every day is few related research, but Taiwan's common small-scale residential building is without any discussion. Even the relevant requirements of basic maintenance needs are no in-depth study. Therefore, this study will be aimed at the maintenance management of small-scale residential buildings to summarize and analyze the maintenance needs through questionnaires and interviews when the construction industry faces the owners' requests. Looking forward to developing a complete maintenance management tool that satisfying users' needs in the near future. © 2017 IEEE.",Building Information Model (BIM); Building Maintenance Management; Need Analysis; Preventive Maintenance,estudo_de_caso,dados_de_questionario_ou_entrevista,nao_informado_no_resumo,nao_identificavel_pelo_resumo,parcial,B_nucleo_descritivo,FALSE,TRUE,objeto_predial=TRUE; manutencao_gestao=TRUE; sustentabilidade=TRUE; metodo_dado_resultado=TRUE; exclusao_forte=FALSE; resumo_suficiente=parcial; pontos=9
REG_03735,2020,Scopus,10.1051/e3sconf/202016408016,Development of building exploitation programs in the concept of energy-sustainable urban development,"In the life of every major metropolis, there comes a time when it is impossible to reach new levels of development without the use of innovative technologies. They are necessary to optimize ongoing processes in the urban environment and ensure energy-sustainable urban development. The purpose of the study was to develop a model of an exploitation program designed to monitor and ensure the safe and energy efficient exploitation of buildings and assess the quality of work of managing organizations. The relevance of the study is justified, on the one hand, by the lack of a unified system of planning and quality control of building management, and, on the other hand, by the need to use information technologies as part of the Digital Economy of the Russian Federation program for successful planning of a sustainable urban environment. The object of research was the process of technical operation of buildings. The subject of the study was the study of the principles of the formation of building maintenance programs based on information technologies taking into account energy efficiency requirements. One of the significant results of the study is the developed algorithm for the formation of a building maintenance program for deciding on corrective maintenance measures. Criteria are proposed for assessing the quality of managing the safety and comfort of a building, which can be taken into account when developing voluntary national standards in the field of ""green"" construction. © The Authors",,proposta_de_framework_ou_modelo,nao_informado_no_resumo,nao_informado_no_resumo,nao_identificavel_pelo_resumo,parcial,B_nucleo_descritivo,FALSE,TRUE,objeto_predial=TRUE; manutencao_gestao=TRUE; sustentabilidade=TRUE; metodo_dado_resultado=TRUE; exclusao_forte=FALSE; resumo_suficiente=parcial; pontos=8
REG_03961,2020,Scopus,10.1007/978-3-030-49916-7_47,High-Performance Light-Weight Concrete for 3D Printing,"The aim of this experimental study is to develop high strength, lightweight concrete mixture suitable for 3D printing in construction. This work investigates the effect of replacing normal aggregate either partially or totally with expanded perlite aggregate. This material allows for better thermal insulation properties, thus decreasing the energy usage within the life cycle of the concrete structure. Expanded perlite aggregate was used in concrete by 20 vol.-%, 40 vol.%, 60 vol.%, 80 vol.-% and 100 vol.-% in replacement of the natural aggregate. Material characterization tests of compressive strength, flexural strength, and thermal conductivity were carried out for six concrete mixtures. The proposed concrete mixture, which has 100% of expanded perlite aggregate achieved reduction percentage of thermal conductivity around 62% (0.69 W/mK) relative to normal weight concrete the mixture has a compressive strength of 42 MPa at 28 days. This mixture is appealing for 3D printing in 3D concrete printing as it reduces the environmental impact of the built environment by improving the thermal insulation and decreasing the energy consumption during building operation phase. © 2020, RILEM.",3D concrete printing; Additive manufacturing; Expanded perlite; High-strength concrete; Light-weight concrete; Microstructure analyses; Thermal insulation,nao_classificavel_pelo_resumo,nao_informado_no_resumo,nao_informado_no_resumo,nao_identificavel_pelo_resumo,parcial,B_nucleo_descritivo,FALSE,TRUE,objeto_predial=TRUE; manutencao_gestao=TRUE; sustentabilidade=TRUE; metodo_dado_resultado=TRUE; exclusao_forte=FALSE; resumo_suficiente=parcial; pontos=7
REG_07899,2025,Scopus,10.1061/jaeied.aeeng-1855,HVAC System Performance in Educational Facilities: A Case Study on the Integration of Digital Twin Technology and IoT Sensors for Predictive Maintenance,"This research paper delves into the pivotal role of Digital Twin technology and Internet of Things (IoT) sensors in revolutionizing predictive maintenance for HVAC systems within educational environments, exemplified by a comprehensive case study at the Papa Giovanni XXIII school in Nichelino, Italy. Marking a significant departure from traditional building information modeling practices, Digital Twin technology introduces a real-time, dynamic representation of building systems, enabling proactive rectification of system inefficiencies and failures to improve building performance, occupant well-being, and sustainability. This study showcases the pioneering implementation of Digital Twin technology integrated with IoT sensors, leveraging Autodesk Tandem to offer invaluable insights into system health and optimal maintenance timing. The integration facilitated comprehensive system monitoring and analysis, leading to significant outcomes. Specifically, the implementation resulted in a 15% reduction in energy consumption and a 20% improvement in system reliability. Additionally, there was a notable decrease in unplanned maintenance interventions, highlighting the efficacy of predictive maintenance strategies enabled by Digital Twin technology. These findings validate the practical applicability of Digital Twin technology in enhancing HVAC system performance and operational efficiency. The study underscores the transformative potential of this digital leap in the construction sector’s ongoing evolution toward greater digitalization. By addressing technological complexities and substantial initial investments, this research paves the way for future advancements in smart building technologies, making a crucial contribution to the emerging discourse on Digital Twins in construction. © 2025 American Society of Civil Engineers.",Building information modeling (BIM); Indoor environmental quality; Operational efficiency; Predictive maintenance; Smart building technologies; Sustainability in construction,estudo_de_caso,nao_informado_no_resumo,nao_informado_no_resumo,nao_identificavel_pelo_resumo,parcial,B_nucleo_descritivo,FALSE,TRUE,objeto_predial=TRUE; manutencao_gestao=TRUE; sustentabilidade=TRUE; metodo_dado_resultado=TRUE; exclusao_forte=FALSE; resumo_suficiente=parcial; pontos=8
REG_06899,2023,Scopus,10.1007/s44242-022-00008-w,Carbon emissions from buildings based on a life cycle analysis: carbon reduction measures and effects of green building standards in China,"Carbon emissions from buildings account for approximately half of China's total social carbon emissions. Focusing only on the carbon emissions of building operation tends to neglect the carbon emissions of other related parts of the building sector, thus slowing down the progress of carbon peaking in the building sector. By applying life-cycle analysis to calculate carbon emissions throughout the building's life cycle, the performance of carbon emissions at each stage of building materials, construction, operation and end-of-life demolition can be identified, so that carbon reduction strategies in building design can be selected. This paper constructed a method for calculating the carbon emissions of green buildings in whole-building life cycle, and conducted a summary analysis of the carbon emissions of 33 projects that were awarded green building certification. The study found that the Chinese Assessment Standard for Green Buildings has a significant effect on reducing the carbon emissions of buildings in whole-building life cycle. Compared with the current average operational carbon emissions of buildings in China, the carbon intensity of green public buildings is 41.43% lower under this standard and the carbon intensity of green residential buildings is 13.99% lower. A carbon correlation analysis of the provisions of the current Chinese Assessment Standard for Green Buildings was conducted, comparing the changes in the carbon intensity of buildings before and after the revision of the standards. The study concluded that the new version of the standards has a greater impact on public buildings than residential buildings, the requirement of carbon emission reduction in the production stage of building materials is strengthened in terms of carbon emission during the whole-building life cycle. This study addresses the current problem of unclear carbon emission reduction effect of green buildings. © The Author(s) 2023.",Assessment standard for green buildings; Building carbon emission; Carbon correlation; Life cycle analysis,nao_classificavel_pelo_resumo,nao_informado_no_resumo,nao_informado_no_resumo,nao_identificavel_pelo_resumo,parcial,B_nucleo_descritivo,FALSE,TRUE,objeto_predial=TRUE; manutencao_gestao=TRUE; sustentabilidade=TRUE; metodo_dado_resultado=TRUE; exclusao_forte=FALSE; resumo_suficiente=parcial; pontos=7
REG_06479,2024,Scopus,10.1016/j.compchemeng.2023.108519,Design optimization and closed-loop operational planning to achieve sustainability goals in buildings,"Given the significant energy consumption and carbon emissions associated with buildings, there is increasing interest in improving sustainability of building operations to reduce impact on climate change. A common goal is to operate buildings as “net-zero” energy users in which all energy consumed by the building is balanced against renewable energy purchased from the grid or produced on site. To achieve net-zero status, many buildings will require significant retrofit so as to both reduce energy consumption in the absolute sense and provide the remainder without consuming fossil fuels. Thus, multi-year planning is required to ensure that goals can be met on time. In addition, due to the inherent uncertainty associated with energy consumption and generation, actually achieving net-zero energy use may require discretionary curtailment actions to be taken, and deciding whether such actions are necessary can be challenging. To address these challenges, we propose in this paper a design optimization and operational planning strategy to make the decisions needed to achieve sustainability goals in buildings. The strategy can be applied to schedule design changes over a long horizon to meet annual targets, and it can also be applied in closed loop on a shorter horizon to determine whether curtailment is needed to stay on track. We discuss the formulation of the optimization problem, solution methods, and modeling approaches for key parameters. Application of the strategy is illustrated via examples. Overall, this approach will help automate planning that is often done manually, allowing buildings to take a significant leap forward toward achieving their sustainability goals. © 2023 Elsevier Ltd",Building sustainability; Data-driven modeling; Design optimization; Operational planning,nao_classificavel_pelo_resumo,nao_informado_no_resumo,nao_informado_no_resumo,nao_identificavel_pelo_resumo,parcial,B_nucleo_descritivo,FALSE,TRUE,objeto_predial=TRUE; manutencao_gestao=TRUE; sustentabilidade=TRUE; metodo_dado_resultado=TRUE; exclusao_forte=FALSE; resumo_suficiente=parcial; pontos=7
REG_00424,2017,Scopus,10.1016/b978-0-12-409548-9.10200-3,Building Information Modeling and Building Performance Optimization,"Building Information Modeling (BIM) has become one of the most recognized technologies for Architecture, Engineering, and Construction (AEC) industry in recent years. It brings an innovative and creative revolution for the industry to substitute conventional two-dimensional design drawings by using digital three-dimensional modeling. The benefits of BIM application in AEC projects can be summarized as follows: cost saving, process control, rework reduction, quantity take-off, project management, multidimensional simulation, and visualization, which are across the whole project lifecycle from planning and design phase to operation and maintenance phase. As building energy consumption is a main sector of total energy consumption in the global, there is no doubt new technologies must be developed and applied to help minimize the energy consumption and meanwhile improve the energy efficiency in building construction sector. BIM provides an optimal solution. In this article, a detailed background introduction of what BIM is presented for better understanding. Furthermore, various BIM-based technologies for energy efficiency optimizations are respectively introduced according to applications in different disciplines and phases of building project lifecycle. In addition, a case study of a practical project shows what BIM can really contribute to the optimization of project and its impact on overall energy efficiency. © 2017 Elsevier Inc. All rights reserved.",3D modeling; 4D BIM; 5D BIM; AEC industry; Building Information Modeling (BIM); Building lifecycle; Design optimization; Energy efficiency; Integration; MEP coordination; Multidimension; Optimization; Visualization,estudo_de_caso,nao_informado_no_resumo,nao_informado_no_resumo,nao_identificavel_pelo_resumo,parcial,B_nucleo_descritivo,FALSE,TRUE,objeto_predial=TRUE; manutencao_gestao=TRUE; sustentabilidade=TRUE; metodo_dado_resultado=TRUE; exclusao_forte=FALSE; resumo_suficiente=parcial; pontos=8
REG_05153,2025,Scopus,10.1061/jladah.ladr-1360,Regulatory Framework and Data Governance around Big Data in the Construction Industry,"Big data (BD) is a collection of real-Time information from sensors and other devices that help industries understand their organizational environments at a granular level. By leveraging this data, industries can develop new products and services and make informed decisions. The construction industry is not insulated from the big data revolution, where data is generated throughout the life cycle of a project, from feasibility study to operation and maintenance, including building information modeling (BIM) collaborative models, building performance, and energy consumption. Despite the advantages of BD, concerns about data privacy, security, and governance continue to pose significant barriers to its adoption in the construction sector. With cloud computing and BD integration, a different level of vigilance in regulatory compliance, data protection and governance within the construction industry is necessary. The study aims to establish a comprehensive regulatory framework for data governance by documenting the nature of BD exchanges requiring an enhanced level of vigilance in the construction industry. The study's objective is to examine federal laws and regulatory frameworks employed to govern BD in various sectors and assess their potential applicability within the construction industry. A systematic literature review was utilized, employing keyword-based searches across multiple databases, followed by content analysis using QDA Miner Lite to identify themes related to the regulatory framework for BD in the construction industry. This research benefits practitioners by bridging existing knowledge gaps in BD governance and applying regulatory frameworks within the construction industry. © 2025 American Society of Civil Engineers.",,revisao_sistematica_ou_bibliometrica,nao_informado_no_resumo,nao_informado_no_resumo,nao_identificavel_pelo_resumo,parcial,B_nucleo_descritivo,FALSE,TRUE,objeto_predial=TRUE; manutencao_gestao=TRUE; sustentabilidade=TRUE; metodo_dado_resultado=TRUE; exclusao_forte=FALSE; resumo_suficiente=parcial; pontos=8
REG_00364,2017,Scopus|WoS,,Pathways to a low carbon economy: The evolving role of the University of the Philippines,"This article assesses the evolving role of the University of the Philippines System, which is the only national university in the country, in the transition of higher education institutions to a low-carbon economy. As national university, various initiatives have been put in place as it is duty-bound to contribute to sustainable development. Foremost is the University's Green UP program that aims to promulgate policies across the system, including green building standards, energy audits, replacement of equipment to improve energy efficiency, water and solid waste management, monitoring of building maintenance standards, environmental management, and other related strategic initiatives in relation with climate change, disaster risk reduction, and sustainability. © 2017 River Publishers. All rights reserved.",,nao_classificavel_pelo_resumo,nao_informado_no_resumo,nao_informado_no_resumo,nao_identificavel_pelo_resumo,parcial,B_nucleo_descritivo,FALSE,TRUE,objeto_predial=TRUE; manutencao_gestao=TRUE; sustentabilidade=TRUE; metodo_dado_resultado=TRUE; exclusao_forte=FALSE; resumo_suficiente=parcial; pontos=7
REG_01040,2015,Scopus,10.3303/cet1545075,A new green index as an overall quantitative green performance indicator of a facility,"In assessing the greenness of a facility, a few green performance indicators and assessment tools such as the Building Research Establishment Environmental Assessment Method (BREEAM), the Leadership in Energy and Environmental Design (LEED), and Green Building Index have been developed. Although these tools can help promote green building designs and operations, they do not provide a quantitative measure of the overall impact of a facility on the environment. This is due to the fact that most of the current green rating assessment tools utilise the point-based rating system. Such system has several limitations. First, it can only provide a relative measure of the greenness of a system. Secondly, the points awarded may not be consistent as it can vary from one assessor to another. Finally, the available rating tools do not provide a single indicator of the greenness of a system as each green element of a system is evaluated separately rather than as a whole. This paper presents a new tool for assessing the greenness of a facility that overcomes the aforementioned limitations. The use of the stock market composite index as a tool to assess the stock market performance has been extended to the domain of facility management that includes industrial and commercial buildings. The composite index has been utilised as the basis to develop a Green Index to assess and manage an organisation's level of greenness. The advantage of the composite index that could capture the movement of price within each stock and reflect it into a single composite index could be used in measuring and monitoring the impacts contributed by the individual green elements, on the environment. Results show that the formulation of the Green Index with weighting assignment using factor analysis would help organisations simultaneously optimise and improve their energy and water consumption, as well as waste generation. In addition, the Green Index graph provides facility managers with a graphical tool to visualise and gain insights on the performance trend of a facility. Copyright © 2015, AIDIC Servizi S.r.l.,.",,nao_classificavel_pelo_resumo,nao_informado_no_resumo,"Results show that the formulation of the Green Index with weighting assignment using factor analysis would help organisations simultaneously optimise and improve their energy and water consumption, as well as waste generation.",nao_identificavel_pelo_resumo,parcial,B_nucleo_descritivo,FALSE,TRUE,objeto_predial=TRUE; manutencao_gestao=TRUE; sustentabilidade=TRUE; metodo_dado_resultado=TRUE; exclusao_forte=FALSE; resumo_suficiente=parcial; pontos=8
REG_02136,2011,Scopus,10.1061/41182(416)63,Building information modeling implementation - Current and desired status,"The paper presents a methodology, which helps to extend Building Information Modeling (BIM) beyond the pre-construction stage and facilitate its implementation during the operation and maintenance (O&M) phase of a facility's life cycle. In each phase, a large amount of information is exchanged among various project participants. This information can be categorized into graphical and non-graphical data. Traditionally, these two information categories exist as independent entities and are not linked to each other. This non-linkage decreases the project participants' productivity due to implementation of time consuming information retrieval methods, and regeneration of data. BIM implementation increases the project participants' productivity by facilitating easy information access, and reusage of data. The objective of the study is to create 3D as-built model and facilitate access to the facility's O&M information through it. This facilitates BIM implementation during operation and maintenance phase of the life cycle. The paper presents the techniques to produce the 3D as-built model and steps to associate facility maintenance information to it. © 2011 ASCE.",3D; as-built; BIM; lifecycle; operation and maintenance,proposta_de_framework_ou_modelo,nao_informado_no_resumo,nao_informado_no_resumo,nao_identificavel_pelo_resumo,parcial,B_nucleo_descritivo,FALSE,TRUE,objeto_predial=TRUE; manutencao_gestao=TRUE; sustentabilidade=TRUE; metodo_dado_resultado=TRUE; exclusao_forte=FALSE; resumo_suficiente=parcial; pontos=8
REG_04403,2019,Scopus,10.1201/9780429001055-36,Strategies for sustainable FM,"Facilities Management (FM) professionals can play a significant role in reducing the world’s major resource challenges and create sustainable development, if sustainability is integrated as a quality goal in FM at strategic, tactical and operational levels. This chapter provides facility managers with inspiration for formulating sustainability strategies. Companies must necessarily develop their own sustainability strategy to reflect the company’s values and ambitions. The differences are due to the fact that companies differ in core business and facilities, but they also differ in the way they relate to sustainability and in the role and responsibility of the FM organisation. The chapter discusses the strategic positions: pollution control; smart technology; best on the market; and sustainable vision. Sustainable FM is something that exists more in theory than in practice. The chapter identifies three main directions regarding the realisation of sustainable FM: environmentally friendly FM; the smart sustainable building; and pilot projects for a sustainable society of the future. © 2019 selection and editorial matter, Per Anker Jensen.",,nao_classificavel_pelo_resumo,nao_informado_no_resumo,nao_informado_no_resumo,nao_identificavel_pelo_resumo,nao,C_contextual,FALSE,FALSE,objeto_predial=TRUE; manutencao_gestao=TRUE; sustentabilidade=TRUE; metodo_dado_resultado=TRUE; exclusao_forte=FALSE; resumo_suficiente=nao; pontos=7
REG_02504,2022,Scopus,10.13196/j.cims.2022.09.001,Collaborative platform of lifecycle value chain for nuclear power equipment,"On the basis of summarizing the typical characteristics of nuclear power equipment, the challenges faced by the current nuclear power equipment lifecycle value chain collaboration was analyzed, the necessity of building a collaborative platform of lifecycle value chain for nuclear power equipment was pointed out, and a platform architecture was designed. According to the problems of credibility of data interaction, traceability of quality control and controllability of operation and maintenance, the key technology system for the collaborative platform of nuclear power equipment's lifecycle value chain was put forward, which included the lifecycle value chain collaborative data space construction and mining, quality control and value chain traceability in cross-enterprise collaborative environment and multi-modal data-driven intelligent operation and maintenance service and closed-loop feedback. The key technology system effectively promoted the multi-field and multi-stage business collaboration of value chain enterprises and realized the overall value creation and sustainable and stable development of the lifecycle. In combination with typical business scenarios of the lifecycle of nuclear power equipment, the preliminary research and practice had been carried out from three aspects of data interaction, quality control and status prediction, providing a reference for the further application of collaborative platform of lifecycle value chain for nuclear power equipment in the future. © 2022 CIMS. All rights reserved.",collaborative platform; lifecycle; nuclear power equipment; value chain,nao_classificavel_pelo_resumo,nao_informado_no_resumo,nao_informado_no_resumo,nao_identificavel_pelo_resumo,nao,C_contextual,FALSE,FALSE,objeto_predial=TRUE; manutencao_gestao=TRUE; sustentabilidade=TRUE; metodo_dado_resultado=TRUE; exclusao_forte=FALSE; resumo_suficiente=nao; pontos=7
REG_02602,2022,Scopus,10.1371/journal.pwat.0000021,"Analysis of management systems for sustainability of infection prevention and control, and water sanitation and hygiene in healthcare facilities in the Greater Kampala Area, Uganda","Sustaining Water, Sanitation, and Hygiene (WASH), and Infection Prevention and Control (IPC) services in healthcare facilities (HCFs) remain a challenge in the developing world. This is largely attributable to ineffective management systems such as leadership, training, monitoring, financing and accountability, and operation and maintenance (O&M) for WASH and IPC. This study analysed management systems for the sustainability of WASH and IPC in HCFs in the Greater Kampala Metropolitan Area (GKMA), Uganda. A descriptive cross-sectional study was conducted in 59 HCFs. Data were obtained from HCF in-charges using the WASHCon tool. Indicators of sustainability across HCF level and ownership were compared using Chi-square tests, performed in Stata 14 statistical software. A p-value of less than 0.05 was considered significant. Less than half, 42.4% (25/59) of the HCFs had trained their staff on WASH issues, and 44.1% (26/59) had WASH and IPC guidelines. Nearly all, 91.2% (31/34) of the HCFs that needed new sinks, taps, or pipes could not afford them due to insufficient funds. The perceptions of in-charges that it was their responsibility: to ensure that staff receive training on WASH and IPC (p = 0.014); to oversee the O&M of WASH and IPC infrastructure (p = 0.005); and to sustain WASH and IPC infrastructure and behaviours (p = 0.014) varied by ownership of the HCF. Availability of written guidelines on WASH and IPC varied by level and ownership (p = 0.010). In this study, sub-optimal management systems for WASH and IPC were noted, and leadership, training and monitoring, financing, and accountability varied across level and ownership of the HCFs. Nonetheless, simple acts such as recognising the best performing staff in WASH and IPC can boost the morale of the staff. Also, there is a need for budget increments and functionalisation of the WASH and IPC committees in order to sustain recommended practices. This is an open access article, free of all copyright, and may be freely reproduced, distributed, transmitted, modified, built upon, or otherwise used by anyone for any lawful purpose. The work is made available under the Creative Commons CC0 public domain dedication.",,nao_classificavel_pelo_resumo,nao_informado_no_resumo,nao_informado_no_resumo,nao_identificavel_pelo_resumo,nao,C_contextual,FALSE,FALSE,objeto_predial=TRUE; manutencao_gestao=TRUE; sustentabilidade=TRUE; metodo_dado_resultado=TRUE; exclusao_forte=FALSE; resumo_suficiente=nao; pontos=7
REG_00318,2018,Scopus,,Building asset management system: A performance evaluation approach,"The role of building asset management has recently become significant in municipal governments for strategic, operational, and financial reasons. However, with age, exposure to severe conditions, and insufficient capacity to serve population growth, buildings have been progressively deteriorating. So, there is a serious need to implement more efficient, sustainable, and proactive asset management strategies to improve the management of building assets. The aim of this study is to review the existing building inventory systems and performance assessment methods since they are the basis for effective asset management. Moreover, this study proposes a multi-part condition rating model that offers a set of summary indicators to evaluate the performance of any building component or system. The results of this study indicate that the proposed model provides an improved asset performance evaluation process that leads to more effective maintenance decision making. © 2018 Institute of Industrial Engineers (IIE). All rights reserved.",Asset Management; Condition rating; Performance evaluation,nao_classificavel_pelo_resumo,nao_informado_no_resumo,nao_informado_no_resumo,nao_identificavel_pelo_resumo,nao,C_contextual,FALSE,FALSE,objeto_predial=TRUE; manutencao_gestao=TRUE; sustentabilidade=TRUE; metodo_dado_resultado=TRUE; exclusao_forte=FALSE; resumo_suficiente=nao; pontos=7
REG_01339,2014,Scopus|WoS,10.1109/tste.2014.2315651,Smart microgrids as a solution for rural electrification: Ensuring long-term sustainability through cadastre and business models,"The provision of energy at the local level by using renewable and local resources is increasingly acknowledged as a techno-economic solution for rural electrification. This work describes an approach for implementing microgrid projects at the institutional level by means of a specific entity that uses methods that engage the community in microgrid operation and maintenance (O&M), which ensures long-run benefits. The first step, related to macro-level barriers, is addressed by building a complete cadastre of isolated communities, while the second, at the micro level, focuses on business models for covering investment and O&M costs. A cadastre uncovers the key characteristics of each location (energy resources, availability, socio-economic conditions, environment, etc.). A cadastre also helps identify local needs, develop monitoring strategies, and determine benchmarks among microgrids. Its information also assists with proposing new projects, securing funding, and monitoring actual microgrids. At the micro level, local stakeholders, economic capabilities, social capital, and organizational structures are identified, which contribute to the selection of a tailored business model that can enable fundraising and O&M activities. The approach is presented in a four-stage framework: 1) background data collection; 2) community profile building; 3) system design; and 4) detailed engineering. Each community is evaluated by a prioritization index that considers the electrical conditions of each residence. © 2010-2012 IEEE.",Business models; cadastre; distributed generation; microgrid; rural electrification; Business models cadastre distributed generation microgrid rural electrification,nao_classificavel_pelo_resumo,nao_informado_no_resumo,nao_informado_no_resumo,nao_identificavel_pelo_resumo,nao,C_contextual,FALSE,FALSE,objeto_predial=TRUE; manutencao_gestao=TRUE; sustentabilidade=TRUE; metodo_dado_resultado=TRUE; exclusao_forte=FALSE; resumo_suficiente=nao; pontos=7
REG_00586,2017,Scopus,,Challenges in naval ship maintenance,"The challenges associated with the maintenance of a naval ship start right from the conceptual stage of the ship building up until the disposal of the ships. The selection of the most appropriate maintenance strategy for the life cycle of the ship plays a key role in optimizing the maintenance efforts and reducing the overall cost of the ship’s maintenance. Unlike the commercial ships, the range of expertise and skills required for maintaining a naval ship and equipment onboard is very large. The inherent complexities and the risks associated with the naval ship systems make the task of determining the best maintenance strategy for them very effortful. The enhanced operational demands of the naval forces due to the current political scenarios across the world make it difficult for the authorities to make the ship available for the maintenance in accordance with its upkeep plan. Another key factor which makes the naval ship maintenance quite challenging is the varied age of the ships in any leading naval force, which normally ranges from the newly commissioned ships to those which have completed more than 20 years in service. Maintenance of a naval ship not only involves the design of an efficient Maintenance Management System but also the selection and implementation of the right combination of maintenance strategies. This paper is an attempt to identify the challenges associated with the maintenance of naval ships in order to negotiate them for optimizing the maintenance efforts. © 2017 Royal Institution of Naval Architects. All rights reserved.",,nao_classificavel_pelo_resumo,nao_informado_no_resumo,nao_informado_no_resumo,nao_identificavel_pelo_resumo,nao,C_contextual,FALSE,FALSE,objeto_predial=TRUE; manutencao_gestao=TRUE; sustentabilidade=TRUE; metodo_dado_resultado=TRUE; exclusao_forte=FALSE; resumo_suficiente=nao; pontos=7
REG_04306,2019,Crossref|Scopus|WoS,10.3390/buildings9010011,"A better maintenance strategy, a more sustainable Hanok: Towards Korean traditional public facilities","Currently, user demands for Hanok, the Korean traditional building type, are increasing in Korea, and their use as residences and accommodations are especially booming, while public facilities are rarely built in the style of Hanok these days. One of the most critical reasons for the issue is that Hanok lack usability and are difficult to maintain as a public facilities. Therefore, it is improvement of the usability of Hanok is needed for them to be accepted as public buildings and to set up the maintenance strategy for the style of the wooden structure. This research has defined public buildings in Hanok and classified them into three types according to structural standards. Then, this study analyzed the characteristics of each type, and suggested a checklist for Hanok usability, employing it to analyze the most recent exemplar Hanoks built as results in the governmental research project, monitored them in aspects of the facility management focused on the wooden structure and suggested strategies for sustainability by deriving eight factors in usability and another eight major types of defects to review the current status of the maintenance for the wooden structure. Finally, this study proposed the main direction for Hanok maintenance to establish its strategies for sustainability. © 2018 by the author.",Assessment system; Han style; Hanok; Korean traditional building; Maintenance strategy; Public facilities; Sustainability; Usability; Hanok Korean traditional building public facilities Han style usability assessment system maintenance strategy sustainability,nao_classificavel_pelo_resumo,nao_informado_no_resumo,nao_informado_no_resumo,nao_identificavel_pelo_resumo,nao,C_contextual,FALSE,FALSE,objeto_predial=TRUE; manutencao_gestao=TRUE; sustentabilidade=TRUE; metodo_dado_resultado=TRUE; exclusao_forte=FALSE; resumo_suficiente=nao; pontos=7
REG_02388,2010,Scopus,10.1201/b10527-43,Towards a Process warehouse based energy building information model,"This paper describes the realization of a Process Warehouse (PW) with associated business connotations into the Engineering domain. It describes the implementation of the Process Intelligence concept that systematically captures, automates, arranges and stores the analysis methods (collection, evaluation, representation) of building performance processes and data, into the Data Warehouse (DW) of the Energy Building Information Model (eBIM), developed by the Information Technology for Sustainable and Optimised Building Operation (ITOBO) project. The rationale for this realization is to improve the overall performance of the eBIM in real time, considering its corporate goals, load balance, scalability and higher availability of the Corporate DW (CDW) of buildings networks for the end users. The paper further examines the potentials of employing a distributed PW architecture into the ITOBO platform to improve its overall performance. © 2010 Taylor & Francis Group, London.",,nao_classificavel_pelo_resumo,nao_informado_no_resumo,nao_informado_no_resumo,nao_identificavel_pelo_resumo,nao,C_contextual,FALSE,FALSE,objeto_predial=TRUE; manutencao_gestao=TRUE; sustentabilidade=TRUE; metodo_dado_resultado=TRUE; exclusao_forte=FALSE; resumo_suficiente=nao; pontos=7
REG_05574,2025,Scopus,10.26868/25222708.2025.1653,High-Fidelity Building Emulator for Integrated Comfort and Energy Analysis using EnergyPlus and Radiance,"The growing need for smart, energy-efficient, and occupant-centric buildings has created a demand for advanced control systems that can optimize building operations to balance energy savings, demand flexibility, and comfort. However, current building energy simulation tools, such as EnergyPlus, have limitations that hinder the development and evaluation of these complex control systems. To address this challenge, we introduce a high-fidelity building emulator that dynamically couples EnergyPlus with Radiance for enhanced daylight modeling. The introduced workflow allows researchers and practitioners to rapidly develop and evaluate innovative control solutions. An example study looking at a south-facing office zone revealed up to 67% deviation in predicted light levels, which can significantly impact building assessment. © 2025 Building Simulation Conference Proceedings. All rights reserved.",,simulacao_ou_modelagem_computacional,nao_informado_no_resumo,nao_informado_no_resumo,nao_identificavel_pelo_resumo,parcial,C_contextual,FALSE,FALSE,objeto_predial=TRUE; manutencao_gestao=TRUE; sustentabilidade=FALSE; metodo_dado_resultado=TRUE; exclusao_forte=FALSE; resumo_suficiente=parcial; pontos=6
REG_06921,2023,Scopus,10.1016/j.enbuild.2023.113635,Automated monitoring applications for existing buildings through natural language processing based semantic mapping of operational data and creation of digital twins,"Buildings' operation constitutes 36% of the German energy consumption. Currently, operators lack the knowledge on energy-saving techniques. There is a shortage of cost-effective and easily-implementable solutions to evaluate building performance. The cause of this problem lies with the semantically heterogeneous operational data used in technical applications. Integrating the data into monitoring applications demands substantial and costly manual efforts. This paper presents a method that enables automated generation of technical monitoring applications for existing buildings. The method outlined represents existing automation stations as digital twins and employs artificial intelligence to map the heterogeneous data to a standard and create semantic digital twins of buildings. The paper introduces a method using natural language processing for the semantic processing of data. The developed method involves a four-stage process for classification of data points, which are subsequently mapped to a uniform vocabulary. To classify the data points, language models were trained on a created dataset of 54,125 data points. Following successful training, the models can process semantically heterogeneous data points. The results, demonstrating an average F1-Score of over 95%, indicate that the developed method is suitable for automating data point mapping. The models were implemented as an Industry 4.0 service and integrated into an application. © 2023 The Author(s)",Automatic generation of monitoring applications; Buildings' operation; Classification operational building data; Energy saving; Industry 4.0 Asset Administration Shell; Interoperability of technical systems; Natural language processing for semantic mapping; Semantic digital twin,nao_classificavel_pelo_resumo,dados_historicos_ou_registros_de_manutencao,nao_informado_no_resumo,nao_identificavel_pelo_resumo,parcial,C_contextual,FALSE,FALSE,objeto_predial=TRUE; manutencao_gestao=FALSE; sustentabilidade=TRUE; metodo_dado_resultado=TRUE; exclusao_forte=FALSE; resumo_suficiente=parcial; pontos=6
REG_02861,2022,Scopus,10.31705/wcs.2022.1,A DEEP LEARNING-BASED BUILDING DEFECTS DETECTION TOOL FOR SUSTAINABILITY MONITORING,"To ensure sustainability of buildings, detection of building defects is crucial. Conventional practices of defects detection from building inspection data are mostly manual and error prone. With the advancements in computer vision, imaging technology and machine learning-based tools have been developed for real-time, accurate and efficient defects detection. Deep learning (DL), which is a branch of ML is more robust in automatically retrieving elements’ semantics to detect building defects. Although DL algorithms are robust in object detection, the computational complexities and configurations of these models are high. Therefore, this study presents a process of developing a computationally inexpensive and less complicated DL model using transfer learning and Google Colab virtual machine to improve automation in building defects detection. Cracks is one of the major building defects that constraint the safety and durability of buildings thus hindering building sustainability. Building cracks images were sourced from the Internet to train the model, which was built upon You Only Look Once (YOLO) DL algorithm. To test the DL model, inspection images of five (05) buildings collected by the Facilities Management department of a University in Sydney city were used. The DL model developed using this process offers a monitoring tool to ensure the sustainability of buildings with its’ ability of detecting cracks from building inspection data in real time accurately and efficiently. Although the current model is built to detect cracks, this process can be employed to automated detection of any building defect upon providing the training images of defects. © 2022, Ceylon Institute of Builders. All rights reserved.",Computer Vision; Deep Learning; Defects; Google Colab; Sustainability,nao_classificavel_pelo_resumo,nao_informado_no_resumo,nao_informado_no_resumo,nao_identificavel_pelo_resumo,nao,C_contextual,FALSE,FALSE,objeto_predial=TRUE; manutencao_gestao=TRUE; sustentabilidade=TRUE; metodo_dado_resultado=TRUE; exclusao_forte=FALSE; resumo_suficiente=nao; pontos=7
REG_04833,2026,Scopus,10.1201/9781003541295-6,Urban Facility Management and Sustainable Neighborhoods,"This chapter first examines the history, philosophy, definitions, and applications of facilities management and urban facilities management. It then identifies the connections between the emerging concept of urban facilities management and urban approaches and theories. Recognizing these connections aims to enhance the understanding of the potential relationships between urban facility management and sustainable neighborhoods. As an evolving approach, urban facilities management is on the rise. Clearly, understanding its relationship with other fields can promote its growth in academic literature and discourse globally. Urban facilities management, by engaging local communities, places participation at the forefront and encourages dialogue among various stakeholders. Additionally, urban facilities management can optimize facilities management by fostering integration and merging it with the concept of intelligence. By aligning with the needs of residents and urban planning initiatives, it can effectively contribute to the vision of healthy neighborhoods and cities. Furthermore, urban facility management can aid in achieving more sustainable neighborhoods and cities by integrating into the realm of urban planning. © 2026 Jan Veuger.",,nao_classificavel_pelo_resumo,nao_informado_no_resumo,nao_informado_no_resumo,nao_identificavel_pelo_resumo,nao,C_contextual,FALSE,FALSE,objeto_predial=TRUE; manutencao_gestao=TRUE; sustentabilidade=TRUE; metodo_dado_resultado=TRUE; exclusao_forte=FALSE; resumo_suficiente=nao; pontos=7
REG_08462,2022,Crossref,10.3390/su14105871,Research on Classification Method of Building Function Oriented to Urban Building Stock Management,"With the development of human society, the urban population and the urban building stock have been continuously increasing. Environmental issues such as greenhouse gases emissions, air pollution, and construction waste have gradually emerged. Due to the lack of an urban functional area database, it is very time-consuming to manually identify building functional areas. As a result, most of the current research on urban building functions are estimated at a large regional scale or only detailed calculations of individual buildings. The building functions classification method needs to be further improved. Based on the traditional methods, this paper proposes a building function classification method with higher recognition accuracy and is less time-consuming. The method is then applied to a certain area of Chaoyang District, Beijing, for validation and verification. The results show that the urban building function classification method in this paper has a recognition rate of 96.18%, an overall classification accuracy of 94.37%, and a kappa coefficient of 0.9089. The classification results are in good agreement with the virtual interpretation. In addition, automatic classification of building functions is implemented using ArcPy in ArcGIS, which significantly improves the classification efficiency.",,nao_classificavel_pelo_resumo,nao_informado_no_resumo,"The results show that the urban building function classification method in this paper has a recognition rate of 96.18%, an overall classification accuracy of 94.37%, and a kappa coefficient of 0.9089.",nao_identificavel_pelo_resumo,parcial,C_contextual,FALSE,FALSE,objeto_predial=TRUE; manutencao_gestao=FALSE; sustentabilidade=TRUE; metodo_dado_resultado=TRUE; exclusao_forte=FALSE; resumo_suficiente=parcial; pontos=6
REG_04502,2019,Scopus,10.1088/1755-1315/352/1/012063,"Design and build with straw, earth and reeds for a minus carbon and plus energy building practice","The 6Zs target refers to the concept of a minus carbon and plus energy eco-cycle refugee house. A 37 m2 house was designed and constructed in a participatory manner in the City of Lund, Sweden. The 6Zs include: zero emissions, zero energy, zero waste, zero cost, zero indoor air pollutants and zero impact on the environment after the shelter is demolished. The key idea of this eco-cycle house is to reach net 6Zs during all stages - material extraction, building construction, operation and maintenance - until the shelter's end of life. The main construction material is plant-based raw fibers (mainly straw and reed), which are available around the building site. This house is designed to accommodate the needs of two adults and one child. It was built with the help of 7 refugees in 11 working days through an experimental participatory urban living lab methodology. The paper discusses the 6Z design concepts and draws conclusions on the preliminary assessment of the house prototype that was built as a proof of concept. The beneficiaries of this project are not restricted to refugees but also include the majority of individuals and families seeking affordable ways of living with a low impact on the environment. The house is designed for the cold Swedish climate, but the design concept and methodological approach can be adjusted to other climates or geographical contexts. © 2019 IOP Publishing Ltd. All rights reserved.",,nao_classificavel_pelo_resumo,nao_informado_no_resumo,nao_informado_no_resumo,nao_identificavel_pelo_resumo,nao,C_contextual,FALSE,FALSE,objeto_predial=TRUE; manutencao_gestao=TRUE; sustentabilidade=TRUE; metodo_dado_resultado=TRUE; exclusao_forte=FALSE; resumo_suficiente=nao; pontos=7
REG_04340,2019,Scopus,10.1007/978-3-030-11352-0_300263,Sustainable Facilities Management (SFM),[No abstract available],,nao_classificavel_pelo_resumo,nao_informado_no_resumo,nao_informado_no_resumo,nao_identificavel_pelo_resumo,nao,C_contextual,FALSE,FALSE,objeto_predial=TRUE; manutencao_gestao=TRUE; sustentabilidade=TRUE; metodo_dado_resultado=TRUE; exclusao_forte=FALSE; resumo_suficiente=nao; pontos=7
REG_01467,2014,Scopus,,Redefining ongoing commissioning for government sector high performing sustainable buildings,"Fully integrating the technology of advanced metering is neither simple nor uniform nor widely accepted by property management or operations personnel. However, the promise of this technology is worth the intense effort and is rapidly redefining the way properties are operated and managed for resource efficiency management. If the deployment and integration of the basics of installation, staff education and management structuring can be handled effectively, then the information gained from appropriately installed advanced metering will save energy and water and allow the building operators to manage and control the functionality of the systems with nearly all blinders off, unlike the state of the art for facility management over the past 60 years.",,nao_classificavel_pelo_resumo,nao_informado_no_resumo,nao_informado_no_resumo,nao_identificavel_pelo_resumo,nao,C_contextual,FALSE,FALSE,objeto_predial=TRUE; manutencao_gestao=TRUE; sustentabilidade=TRUE; metodo_dado_resultado=TRUE; exclusao_forte=FALSE; resumo_suficiente=nao; pontos=7
REG_02031,2012,Scopus,10.1201/b12516-88,BIM as a centre piece for optimised building operation,"It is a natural business need to have our building stock operating efficiently. A building that operates efficiently is one where most characteristics of the building can be measured, monitored and recorded while responding with relevant actuation. BIM has proved over time to be a valuable asset in contributing to the management of relevant building data. This paper examines how current implemented research in the area of Optimised Building Operation can be used to further the role BIM can play. It also examines experiences using an open source BIM tool and considers the technological approach taken by such a tool as a positive step to achieving a synchronous BIM when integrated with current building performance data gathering techniques. © 2012 Taylor & Francis Group.",,nao_classificavel_pelo_resumo,nao_informado_no_resumo,nao_informado_no_resumo,nao_identificavel_pelo_resumo,nao,C_contextual,FALSE,FALSE,objeto_predial=TRUE; manutencao_gestao=TRUE; sustentabilidade=TRUE; metodo_dado_resultado=TRUE; exclusao_forte=FALSE; resumo_suficiente=nao; pontos=7
REG_04245,2019,Scopus,10.1088/1757-899x/513/1/012028,Deferred maintenance of buildings: A review paper,"The building must be maintained to keep it in optimal operation in giving service and it is vital and also it can be influenced towards the building performance. Therefore, immediately after construction of the building project is completed, maintenance start to set in. The conducive environment that provided for the buildings will give a good performance and significant impact. Therefore, building maintenance is crucial in making sure the buildings can deliver a good service or function, but in certain reason building maintenance and repair activities that were not performed when they should have been will be deferred. Deferred maintenance occurs because there is no efficiency in managing building maintenance. Deferred maintenance has become a pressing issue in many countries and have adverse effects to the organization (stakeholders and users). Hence, this study is intended to provide definitions, issues and challenges of deferred maintenance of the buildings. © Published under licence by IOP Publishing Ltd.",,nao_classificavel_pelo_resumo,nao_informado_no_resumo,nao_informado_no_resumo,nao_identificavel_pelo_resumo,nao,C_contextual,FALSE,FALSE,objeto_predial=TRUE; manutencao_gestao=TRUE; sustentabilidade=TRUE; metodo_dado_resultado=TRUE; exclusao_forte=FALSE; resumo_suficiente=nao; pontos=7
REG_01710,2013,Scopus|WoS,10.1016/j.aei.2012.11.006,"A cloud approach to unified lifecycle data management in architecture, engineering, construction and facilities management: Integrating BIMs and SNS","The problem of data integration throughout the lifecycle of a construction project among multiple collaborative enterprises remains unsolved due to the dynamics and fragmented nature of the construction industry. This study presents a novel cloud approach that, focusing on China's special construction requirements, proposes a series of as-built BIM (building information modeling) tools and a self-organised application model that correlates project engineering data and project management data through a seamless BIM and BSNS (business social networking services) federation. To achieve a logically centralised single-source data structure, a unified data model is constructed that integrates two categories of heterogeneous databases through the adoption of handlers. Based on these models, key technical mechanisms that are critical to the successful management of large amounts of data are proposed and implemented, including permission, data manipulation and file version control. Specifically, a dynamic Generalised List series is proposed to address the sophisticated construction file versioning issue. The proposed cloud has been successfully used in real applications in China. This research work can enable data sharing not only by individuals and project teams but also by enterprises in a consistent and sustainable way throughout the life of a construction project. This system will reduce costs for construction firms by providing effective and efficient means and guides to complex project management, and by facilitating the conversion of project data into enterprise-owned properties. (C) 2012 Elsevier Ltd. All rights reserved.",Building information modeling; Business social networking services; Cloud computing; Life cycle data management; Self-organisation; Version control; Cloud computing Business social networking services Building information modeling Life cycle data management Version control Self-organisation MODEL INDUSTRY SYSTEM,nao_classificavel_pelo_resumo,nao_informado_no_resumo,nao_informado_no_resumo,nao_identificavel_pelo_resumo,nao,C_contextual,FALSE,FALSE,objeto_predial=TRUE; manutencao_gestao=TRUE; sustentabilidade=TRUE; metodo_dado_resultado=TRUE; exclusao_forte=FALSE; resumo_suficiente=nao; pontos=7
REG_03659,2020,Scopus,10.1007/s11709-020-0668-6,Green building research from design to operation in the past 20 years: A perspective,[No abstract available],,nao_classificavel_pelo_resumo,nao_informado_no_resumo,nao_informado_no_resumo,nao_identificavel_pelo_resumo,parcial,C_contextual,FALSE,FALSE,objeto_predial=TRUE; manutencao_gestao=FALSE; sustentabilidade=TRUE; metodo_dado_resultado=TRUE; exclusao_forte=FALSE; resumo_suficiente=parcial; pontos=5
REG_00524,2017,Scopus|WoS,,New methods of optimizing building maintenance,"Recent time is characterized by an increasing trend in the application of sustainable development in civil engineering, including building maintenance. There exist several methods of optimizing maintenance. One of them is the application of state-of-theart information technologies in the building maintenance process. A detailed analysis of all processes related to the building maintenance right in the design process can affect future maintenance of buildings-whether economic or energy intensity of the maintenance itself. Identification of all maintenance activities of individual building components and technical and technological installations in the proposed service life can determine their financial scope, but also time needs. A suitable version may be selected by a designer according to the future user needs. According to their requirements and resources, this version will be the best for the given group of users within the life cycle process. © 2017 Taylor & Francis Group, London, UK.",,nao_classificavel_pelo_resumo,nao_informado_no_resumo,nao_informado_no_resumo,nao_identificavel_pelo_resumo,nao,C_contextual,FALSE,FALSE,objeto_predial=TRUE; manutencao_gestao=TRUE; sustentabilidade=TRUE; metodo_dado_resultado=TRUE; exclusao_forte=FALSE; resumo_suficiente=nao; pontos=7
REG_01940,2012,Crossref|Scopus,10.1080/15732471003777071,Building asset management with deficiency tracking and integrated life cycle optimisation,"This paper introduces a comprehensive building asset management system with a unique formulation in which all functions from inspection, to deterioration modelling, and life cycle analysis, track the dynamics of building deficiencies. The system also incorporates an integrated life cycle analysis that determines both the optimum repair-types and the optimum repair-timings for a large network of buildings with hundreds of components. To handle the large-scale optimisation involved, a two-phase optimisation procedure has been introduced and its powerful performance validated on various size networks. The paper provides a description of the proposed asset management system and discusses its implementation in a user-friendly prototype that suits a large school board in North America. The proposed asset management system is innovative and helps organisations with large building assets improve the overall condition of their inventory with highest return on the limited repair budget. © 2012 Taylor and Francis Group, LLC.",asset management; buildings; capital renewal; computer application; life cycle analysis; optimisation,nao_classificavel_pelo_resumo,nao_informado_no_resumo,nao_informado_no_resumo,nao_identificavel_pelo_resumo,nao,C_contextual,FALSE,FALSE,objeto_predial=TRUE; manutencao_gestao=TRUE; sustentabilidade=TRUE; metodo_dado_resultado=TRUE; exclusao_forte=FALSE; resumo_suficiente=nao; pontos=7
REG_02913,2022,Scopus,10.46354/i3m.2022.sesde.007,How sustainability factors influence maintenance of water distribution systems feeding manufacturing industries,"This work aims to analyse the role played by relevant sustainability factors towards the implementation of maintenance interventions in the manufacturing industrial sector. In this context, we focus on industrial water distribution systems, on whose effective work depends the functioning of core plants as well as general industrial facilities. In detail, we propose a Multi-Criteria Decision-Making (MCDM) application based on the use of the Analytic Network Process (ANP) as a methodological way to prioritise maintenance interventions while considering the influence of some of the most relevant sustainability factors identified in literature. The main advantage of such an approach consists in the elaboration of a flexible maintenance procedure for companies based on a well-known and reliable multi-criteria application. The novelty of our work refers to the development of a structured link between sustainability factors and maintenance management of industrial water distribution systems, something that is fundamental in manufacturing but also in other fields of application. © 2022 The Authors",ANP; Idustrial Systems; Maintenance Management; Mulit-Criteria Decision-Making; Sustainability Factors,nao_classificavel_pelo_resumo,nao_informado_no_resumo,nao_informado_no_resumo,nao_identificavel_pelo_resumo,nao,C_contextual,FALSE,FALSE,objeto_predial=TRUE; manutencao_gestao=TRUE; sustentabilidade=TRUE; metodo_dado_resultado=TRUE; exclusao_forte=FALSE; resumo_suficiente=nao; pontos=7
REG_01178,2015,Scopus,10.1201/b17396-70,Intelligent solutions for sustainable facilities management of highly energy-efficient school buildings,"The purpose of the paper is to discuss the challenges for the management and use of highly energy-efficient school buildings. An overview of the state of the art in passive house buildings is presented. Norway's first passive house school is studied as example, with a focus on the interaction between sustainable facilities management, building owner, and building user. The paper contributes to a better understanding of passive house buildings and the challenges related to the implementation of intelligent solutions for sustainable facilities management. © 2015 Taylor & Francis Group.",,nao_classificavel_pelo_resumo,nao_informado_no_resumo,nao_informado_no_resumo,nao_identificavel_pelo_resumo,nao,C_contextual,FALSE,FALSE,objeto_predial=TRUE; manutencao_gestao=TRUE; sustentabilidade=TRUE; metodo_dado_resultado=TRUE; exclusao_forte=FALSE; resumo_suficiente=nao; pontos=7
REG_02093,2011,Scopus,,Representation of HVAC control in common simulation packages,"The accurate representation of building operation is essential for building simulation to represent the consequence of design and operational controls correctly. This imperative is increasing with the use of calibrated simulations as a tool in the retrofit of buildings. Central to this is the representation of HVAC systems and controls, which have a major influence on building performance. In this paper, the representation of common HVAC types and control strategies in DOE-2, Tas, Energy Plus and IES is reviewed and compared. HVAC types reviewed include variable air volume, active and passive chilled beams. Control strategies include a range of common terminal and AHU control approaches, demand controlled ventilation and central plant controls. A number of significant shortcomings are identified. Key priorities for further simulation tool development are recommended.",,nao_classificavel_pelo_resumo,nao_informado_no_resumo,nao_informado_no_resumo,nao_identificavel_pelo_resumo,nao,C_contextual,FALSE,FALSE,objeto_predial=TRUE; manutencao_gestao=TRUE; sustentabilidade=TRUE; metodo_dado_resultado=TRUE; exclusao_forte=FALSE; resumo_suficiente=nao; pontos=7
REG_01153,2015,Scopus,10.1061/9780784413982.ch10,BIM use and requirements among building owners,"The belief that Building Information Modeling (BIM) results in fewer conflicts and improved coordination has led many owners to mandate its utilization on new construction projects. However, owners are often unsure of what BIM deliverables and processes to demand and how proficient the entities they choose to contract with are in using such technologies. Furthermore, though owners are working to operationalize BIM for Facilities Management (FM) to obtain the full life cycle benefits, they may still lack the technical resources and core competencies to utilize models post-construction. The state of BIM deployment and execution among building owner organizations within the US is in its infancy. Using a survey consisting of primarily higher education building owners conducted at the end of 2012, this study looks at the state of BIM execution among facility owners. It aims to determine what requirements are being set forth for BIM deliverables and how those deliverables are being used post-construction for Operations and Maintenance (O&M) in the current market. © 2015 by the American Society of Civil Engineers.",,nao_classificavel_pelo_resumo,nao_informado_no_resumo,nao_informado_no_resumo,nao_identificavel_pelo_resumo,nao,C_contextual,FALSE,FALSE,objeto_predial=TRUE; manutencao_gestao=TRUE; sustentabilidade=TRUE; metodo_dado_resultado=TRUE; exclusao_forte=FALSE; resumo_suficiente=nao; pontos=7
REG_02810,2022,Scopus,10.1109/sieds55548.2022.9799401,Safe and Sustainable Fleet Management with Data Analytics and Reinforcement Training,"The University of Virginia's Facilities Management (FM) Fleet consists of around 260 total vehicles and is committed to safe and sustainable driving. The fleet vehicles contain telematic tracking systems which provide feedback on a multitude of driving behavioral measures, including speeding, harsh braking, hard acceleration, seat belt usage, harsh cornering, and idling time. In a previous study, data collected on these measures was used to develop relevant educational materials on mindful driving. This paper aims to further improve safe and eco-friendly FM driving behaviors by analyzing if reinforcement training, additional scorecards and manager conversations, proved to be effective when given proactively or reactively to increased violations of driving behavioral measures. This paper outlines the process we used in determining when and how to administer the two different training programs and which vehicle shops to involve. One group of shops received in-depth training before any notable violations were detected, which was deemed proactive training. A separate shop received the reactive training after any significant increase in vehicle incidents was detected. These reinforcement training programs were largely based on the professional FM education modules and provided conversation templates for managers to use in order to re-educate their shop's respective drivers. The research showed that reactive reinforcement training was statistically significant for speeding while proactive reinforcement training was not statistically significant; however, further expansion upon both trainings may still be warranted.  © 2022 IEEE.",Data Analytics; Eco-Driving; Safety; Telematics; Training Program,nao_classificavel_pelo_resumo,nao_informado_no_resumo,nao_informado_no_resumo,nao_identificavel_pelo_resumo,nao,C_contextual,FALSE,FALSE,objeto_predial=TRUE; manutencao_gestao=TRUE; sustentabilidade=TRUE; metodo_dado_resultado=TRUE; exclusao_forte=FALSE; resumo_suficiente=nao; pontos=7
REG_04399,2019,Scopus,,Research of prefabricated building supply chain management based on BIM,"Construction projects involve multi-party management, so the promotion of supply chain thinking to the construction sector is the trend of future development. At present, the problem of low degree of synergy and low supply efficiency between the various parts of the fabricated building supply chain needs to be solved urgently. The rapid development of the building information technology revolution represented by BIM provides a new solution to the whole process management of the fabricated building supply chain. From the perspective of the life cycle of fabricated buildings, the BIM technology and the prefabricated building supply chain are the main lines, and the structural model of the prefabricated building supply chain is constructed. The comprehensive decision-making, design, construction and assembly, and operation and maintenance are integrated. The specific application of BIM technology in the structural model of the fabricated building supply chain, and proposed the goal of BIM technology in the prefabricated building supply chain. The research on prefabricated building supply chain management based on BIM technology not only has theoretical significance but also practical value for the whole process management of each link in the supply chain. © 2019 Proceedings of the 8th International Conference on Logistics and Systems Engineering 2018. All rights reserved.",BIM; Prefabricated building structural model; Prefabricated building supply chain management; Supply chain management,nao_classificavel_pelo_resumo,nao_informado_no_resumo,nao_informado_no_resumo,nao_identificavel_pelo_resumo,nao,C_contextual,FALSE,FALSE,objeto_predial=TRUE; manutencao_gestao=TRUE; sustentabilidade=TRUE; metodo_dado_resultado=TRUE; exclusao_forte=FALSE; resumo_suficiente=nao; pontos=7
REG_06301,2024,Scopus,10.1051/e3sconf/202455001008,Information model of the building and its application in selected phases of the life cycle,"Despite various aspects, be it social or economic, construction is considered one of the decisive industries in many countries. In this industry, it is not possible to automate and streamline processes like for example in the automotive industry, as each construction work is unique every time. However, by implementing modern technologies of the 21st century, it is possible to streamline the processes in the pre-investment, investment and especially in the phase of using the construction work. Since the construction work is supposed to be used and functional for several decades. A suitable tool is the use of the building information model in short-""BIM"". This issue has been moving and progressing significantly in recent years. By implementing these digital technologies in construction projects, it is possible to significantly speed up the course of construction, avoid collision situations, save financial resources, and last but not least, when creating a high-quality model, it is possible to create a digital twin of a given construction work, which can significantly optimize and streamline processes right in the use phase. It is in this phase of the life cycle that there is the greatest scope for using the completed building model, which of course must be revised during the first two phases to make it as accurate as possible and usable for management and maintenance. During this phase, it is also appropriate to implement software tools such as Computer Aided Facility Management (CAFM).  © The Authors, published by EDP Sciences, 2024.",,nao_classificavel_pelo_resumo,nao_informado_no_resumo,nao_informado_no_resumo,nao_identificavel_pelo_resumo,nao,C_contextual,FALSE,FALSE,objeto_predial=TRUE; manutencao_gestao=TRUE; sustentabilidade=TRUE; metodo_dado_resultado=TRUE; exclusao_forte=FALSE; resumo_suficiente=nao; pontos=7
REG_03119,2021,Scopus,10.1145/3464385.3464711,Bringing human-centredness to technologies for buildings: An agenda for linking new types of data to the challenge of sustainability,"The politics around data and power relations related to technologies for buildings is a new area for HCI. This paper proposes an agenda for linking new types of data to the challenge of sustainability, bringing human-centredness to a particular tool for design and engineering professionals, Building Information Modeling (BIM). BIM is the preferred technology platform for coordination and collaboration in architectural design and construction. BIM contains different types of data and information about a building including 3D (geometry), 4D (time), 5D (cost), 6D (facility management) and 7D (sustainability). Once constructed, this 'digital twin' of the building allows for adding new services and for stakeholders interacting with the building design through through sensors, immersive experiences and virtual, augmented and mixed realities. As a socio-technical software process, BIM also accommodates diverging agendas on design and construction for sustainability, and these diverging concepts about 'sustainability' ""live""in different places with implications for the resulting BIM models. Based on our findings, we suggest a better integration and coherent representation of such issues of interest not only to new services but also stakeholders into the different forms of data (e.g. facilities management and sustainability). We argue for a stronger shared understanding of BIM as a platform for engaging with technologies designed for interacting with buildings and push agendas of sustainable construction.  © 2021 ACM.",Building Information Modeling; Common Data Environments; Digitized Construction; Sustainability,nao_classificavel_pelo_resumo,nao_informado_no_resumo,nao_informado_no_resumo,nao_identificavel_pelo_resumo,nao,C_contextual,FALSE,FALSE,objeto_predial=TRUE; manutencao_gestao=TRUE; sustentabilidade=TRUE; metodo_dado_resultado=TRUE; exclusao_forte=FALSE; resumo_suficiente=nao; pontos=7
REG_01483,2014,Scopus,10.1111/mice.12029,Visualization of the modeled degradation of building flooring systems in building maintenance,"The development of a maintenance program for construction projects is a highly complex and data-intensive undertaking. This exercise is characterized by the lack of relevant data on the one hand and the overwhelming amount of extraneous data on the other. The uncertainties and complexities have resulted in increased conservatism in the development of life-cycle evaluation of building maintenance programming, subsequently, these programs tend to display the symptoms of either the maintenance actions being uneconomical or fall short of providing the appropriate service to the users of the building. The current research project is based on the premise that the visual approach will facilitate a just-in-time solution to maintenance scheduling, hence, the use of virtual simulation of the building is proposed. The broader aim of this research is to develop a complete building maintenance program through visualization of buildings as they degrade over time. Here, the focus is on the flooring system and the manner they degrade over time. This requires a better understanding of their pattern and rate of usage. To this end, anthroposophy and anthropocentric descriptions of human movement pattern have been used to describe the behavior of ""subjects"" and subsequently represent the pattern and density of the degradation of flooring systems. The mathematics representing this behavior has been developed which enables it to be embedded into the proposed overall visual building maintenance model. © 2013 Computer-Aided Civil and Infrastructure Engineering.",,nao_classificavel_pelo_resumo,nao_informado_no_resumo,nao_informado_no_resumo,nao_identificavel_pelo_resumo,parcial,D_descartar_sintese,FALSE,FALSE,objeto_predial=TRUE; manutencao_gestao=TRUE; sustentabilidade=TRUE; metodo_dado_resultado=TRUE; exclusao_forte=TRUE; resumo_suficiente=parcial; pontos=3
REG_04198,2019,Scopus,10.1088/1755-1315/290/1/012055,Significant Sustainable Facilities Management (SFM) Practices in the Health Care (HC) Sector,"Health Care (HC) is identified as one of the most polluting industries. HC is recognised as the second energy intensive sector emitting 8% out of total 40% of CO2. HC is also ranked among the top 4 sources in spreading harmful substances in affecting health and wellbeing of the society. Facilities Managers are identified to be in a unique position to manage the building's operations and hence integrating sustainability in the current practice of Facilities Management (FM) in HC sector. However, identification of sustainable FM practices is challenging as FM practice differ in terms of facility type, building engineering system, organisation's business sector and culture. In this regard, the paper investigates the significant FM services and practices in integrating sustainability in HC sector. The study used a two round Delphi survey involving 10 experts who are specialised in FM and sustainable practices in the HC sector to identify the most significant FM services and sustainability practices. The results identified 8 FM services and 44 sustainability practices as significant. Building services (BS) was identified as the most significant FM service, whist practices such as ""identifying applications for energy saving measures"" and ""ensure appropriate onsite, off-site storage, transport of wastes"" were identified as the most important sustainability practices. The results of the study will be further carried forward to a questionnaire survey to rank and assign scores for each significant sustainability practices in order to develop an assessment framework to evaluate the SFM practice in HC sector. © Published under licence by IOP Publishing Ltd.",,survey_ou_levantamento_com_especialistas,dados_de_questionario_ou_entrevista,nao_informado_no_resumo,nao_identificavel_pelo_resumo,parcial,D_descartar_sintese,FALSE,FALSE,objeto_predial=TRUE; manutencao_gestao=TRUE; sustentabilidade=TRUE; metodo_dado_resultado=TRUE; exclusao_forte=TRUE; resumo_suficiente=parcial; pontos=5
REG_02079,2011,Scopus|WoS,10.1016/j.enbuild.2011.09.006,A comparative life cycle assessment of a transparent composite façade system and a glass curtain wall system,"High performance glass such as low-e coated or heat reflective glass offers better thermal performance, preventing undesired heat loss or gain during a building operation phase. However, these coatings may not be as effective in certain climate zones and create glare problems for adjacent buildings. A transparent composite facade system (TCFS) was newly configured to provide a sustainable alternative to a high performance glass wall in that the biofiber composite core acts as a shading device while the airspace between the polymer skins provides adequate insulation. A comparative life cycle assessment (LCA) method was selected as a sustainability measuring tool to compare the environmental impacts of a TCFS with a glass curtain wall system (GCWS). In this paper, the environmental performance of a facade system is characterized by the energy consumption and CO(2) emissions through all stages of the life cycle. Comparative LCA results show that the total life cycle energy of the TCFS is estimated to be 93% of that of the uncoated GONS, and the total emissions of kg CO(2) equivalent for the TCFS is determined to be 89% of the uncoated GCWS. The use phase for both the TCFS and GCWS plays a dominant role in reducing environmental impacts while the impact associated with transportation and the end-of-life management is estimated to be insignificant in this study. The life cycle inventory data and analysis results provided in this paper are expected to assist designers with a better understanding of building material selection and system improvement from the whole life cycle perspectives. (C) 2011 Elsevier B.V. All rights reserved.",Biofiber composites; Comparative life cycle assessment; Environmental impact; Glass curtain wall system; Recyclable polymers; Transparent composite façade system; Transparent composite facade system Glass curtain wall system Biofiber composites Recyclable polymers Comparative life cycle assessment Environmental impact WINDOWS,nao_classificavel_pelo_resumo,nao_informado_no_resumo,"Comparative LCA results show that the total life cycle energy of the TCFS is estimated to be 93% of that of the uncoated GONS, and the total emissions of kg CO(2) equivalent for the TCFS is determined to be 89% of the uncoated GCWS.",nao_identificavel_pelo_resumo,parcial,D_descartar_sintese,FALSE,FALSE,objeto_predial=TRUE; manutencao_gestao=TRUE; sustentabilidade=TRUE; metodo_dado_resultado=TRUE; exclusao_forte=TRUE; resumo_suficiente=parcial; pontos=4
REG_03521,2021,Scopus|WoS,10.3390/app11010257,Prioritization of factors affecting sustainability property improvement by using analytical hierarchy process and important-satisfaction model: The case of TAIPEI 101 tower,"Almost without exceptions office buildings in the world investigate the approaches of optimizing the building operation and property facilities in order to maintain the best conditions of the building from the first day of opening. For sustainable buildings, how to make continuous profit must rely on the maintenance and improvement of facilities to satisfy users. However, building managers often have trouble prioritizing improvement projects toward their sustainable objectives due to the large number of facilities that have different durability years and the importance and satisfaction of these facilities to users are also different. In the past, financial consideration was usually the only one that matters when improvement of facilities was brought up. Users feedback of satisfaction was not taken into consideration, resulting in huge expenditures did not bring in high user satisfaction. This research, by scientific analysis of the data from user feedback, applies the Analytic Hierarchy Process (AHP) using TAIPEI 101 Tower as a case study to explore the key factors affecting tenants’ willingness to lease office buildings by distributing questionnaires to real estate experts. By filtering out key indicators related to property facilities that users care about, this study used Importance and Satisfaction Analysis (IS Analysis) to identify items that need urgent improvement. This innovative analysis methodology can systematically and logically find out the priority of improvement projects, assisting building managers effectively invest limited resources in projects with substantial benefit, which is helpful for sustainable property management. © 2020 by the authors. Licensee MDPI, Basel, Switzerland.",Analytic hierarchy process; Important-satisfaction model; Sustainability; TAIPEI 101; analytic hierarchy process important-satisfaction model TAIPEI 101 sustainability,estudo_de_caso,dados_de_questionario_ou_entrevista,nao_informado_no_resumo,nao_identificavel_pelo_resumo,sim,D_descartar_sintese,FALSE,FALSE,objeto_predial=TRUE; manutencao_gestao=TRUE; sustentabilidade=TRUE; metodo_dado_resultado=TRUE; exclusao_forte=TRUE; resumo_suficiente=sim; pontos=5
REG_05509,2025,Scopus,10.1002/bate.202500003,Evolving from smartBRIDGE Hamburg to the digital twin of the main port route of Hamburg,"Evolving from smartBRIDGE Hamburg to the digital twin of the main port route of Hamburg. A high-quality and efficient infrastructure is essential for a well-functioning economy. To achieve this, infrastructure operators in Germany face significant challenges, namely an aging infrastructure that has to deal with continuously increasing traffic loads. At the same time, the construction industry is responsible for approx. 40 % of global CO2 emissions. In times of impending climate change, the pressure to maintain infrastructure sustainably and in an environmentally friendly manner is increasing. A valid approach to improve processes is the use of digital technologies and more efficient working methods. The following article focuses on the use of digital twins of infrastructure belonging to the Hamburg Port Authority (HPA). Firstly, smartBRIDGE Hamburg – the digital twin of the Köhlbrand bridge. smartBRIDGE Hamburg demonstrates the potential of digital maintenance management and generates an objective overview of the condition of the structure based on analog and digital data. Building on these experiences, an interdisciplinary team of authors from the Bundesministerium für Digitales und Verkehr (BMDV), BIM.Hamburg, and Marx Krontal Partner haver created the report “Digitaler Zwilling von Brücken: Beitrag zum Masterplan Digitaler Zwilling Bundesfernstraßen.” In addition to the report, a living lab is provided, which makes the principle of the digital twin discoverable to a wider audience. In January 2024, Federal Minister Dr. Volker Wissing published the living lab and the report. As a result of the good cooperation between BMDV and BIM.Hamburg, a digital twin of the Hamburg main port route is now being developed at the HPA. © 2025, Ernst und Sohn. All rights reserved.",BIM; Building Information Modeling; digital twin; monitoring; predictive maintenance; structural diagnostics; structural information modeling; structural inspection,nao_classificavel_pelo_resumo,nao_informado_no_resumo,nao_informado_no_resumo,nao_identificavel_pelo_resumo,parcial,D_descartar_sintese,FALSE,FALSE,objeto_predial=TRUE; manutencao_gestao=TRUE; sustentabilidade=TRUE; metodo_dado_resultado=TRUE; exclusao_forte=TRUE; resumo_suficiente=parcial; pontos=3
REG_04289,2019,Scopus,10.1088/1757-899x/471/2/022019,Implementation of BIM Technology into the Design Process Using the Scheme of BIM Execution Plan,"Digital Revolution is one of the most up-to-date topics in the construction industry - and not even in that. According to the spreading of a new trend in Building Design, Construction and Facility Management - using of Building Information Modelling Technology and its Management, there are going to be many changes in the way to develop the design process and other phases of building life cycle. BIM Technology use is present in the whole life cycle of buildings and other constructions and is able to connect all participants of building process in effective way. BIM Technology as a new trend in building design reveals the need to set up effective processes, their parts, participants, their responsibilities, goals and the way to reach goals, etc. The main philosophy of BIM Technology's implementation into the design processes lies in the BIM Execution Plan. This Plan should be specified for specific activities in specific environment and for specific participants in the whole construction process. These processes should be well conceived and managed. That's way we can undoubtedly replace the ""M"" in BIM (Modelling) by the ""M"" as a Management. This paper contributes to the further thoughtful strategy for the specific process of the design - from the designer's point of view and implementation of BIM Technology into this process in order to make the design process more effective. There are identified possible barriers for this implementation, their main causes, proposal to remove these obstacles and outlined a possible process of effective design using BIM technology and its principles. It is important to realize, that the implementation of BIM Technology in the design process will lead to a better virtual reality of the building and thus its transformation into physical reality will lead to a better construction and allow for greater cost savings not only during construction phase, but also in other phases of the building life cycle, especially during its use. © 2019 Published under licence by IOP Publishing Ltd.",,nao_classificavel_pelo_resumo,nao_informado_no_resumo,nao_informado_no_resumo,nao_identificavel_pelo_resumo,nao,D_descartar_sintese,FALSE,FALSE,objeto_predial=TRUE; manutencao_gestao=TRUE; sustentabilidade=TRUE; metodo_dado_resultado=TRUE; exclusao_forte=TRUE; resumo_suficiente=nao; pontos=3
REG_06347,2024,Scopus,10.3390/electronics13122297,Prospective Directions in the Computer Systems Industry Foundation Classes (IFC) for Shaping Data Exchange in the Sustainability and Resilience of Cities,"Sustainability and resilience in addressing construction’s environmental, social, and economic challenges rely on interoperability. A model-centred approach using standardised information structures like industry foundation classes (IFC) is essential for data sharing in architecture, engineering, construction, and facility management. Achieving complete interoperability across domains requires further research. This review paper focuses on IFC schema, highlighting upcoming developments like IFC 5 and “IFC x”, with a core emphasis on modularisation to enhance domain interoperability, improved links between building information modelling (BIM) and geographic information systems (GIS), along with IoT integration into BIM, cloud-based collaboration, and support for other advanced technologies such as augmented reality (AR), virtual reality (VR), artificial intelligence (AI), and digital twins. Through a critical examination of the IFC and an outlook towards its future enhancements, the research has the potential to offer valuable insights into shaping the trajectory of future advancements within the AEC and facility management sectors. The study’s discoveries could aid in establishing standardised data exchange protocols in these industries, promoting uniformity across projects, facilitating smoother communication, and mitigating errors and inefficiencies. Anticipating enhancements in the IFC could catalyse innovation, fostering the adoption of emerging technologies and methodologies. Consequently, this could drive the creation of more sophisticated tools and procedures, ultimately enhancing project outcomes and operational effectiveness. © 2024 by the authors.",building information modelling (BIM); geographic information systems (GIS); IFC 5; industry foundation classes (IFC); internet of things (IoT); resilience; sustainability,nao_classificavel_pelo_resumo,nao_informado_no_resumo,nao_informado_no_resumo,Achieving complete interoperability across domains requires further research.,parcial,D_descartar_sintese,FALSE,FALSE,objeto_predial=TRUE; manutencao_gestao=TRUE; sustentabilidade=TRUE; metodo_dado_resultado=TRUE; exclusao_forte=TRUE; resumo_suficiente=parcial; pontos=4
REG_07047,2023,Scopus,10.3390/buildings13082061,Roles of Artificial Intelligence and Machine Learning in Enhancing Construction Processes and Sustainable Communities,"Machine Learning (ML), a subset of Artificial Intelligence (AI), is gaining popularity in the architectural, engineering, and construction (AEC) sector. This systematic study aims to investigate the roles of AI and ML in improving construction processes and developing more sustainable communities. This study intends to determine the various roles played by AI and ML in the development of sustainable communities and construction practices via an in-depth assessment of the current literature. Furthermore, it intends to predict future research trends and practical applications of AI and ML in the built environment. Following the Preferred Reporting Items for Systematic Reviews (PRISMA) guidelines, this study highlights the roles that AI and ML technologies play in building sustainable communities, both indoors and out. In the interior environment, they contribute to energy management by optimizing energy usage, finding inefficiencies, and recommending modifications to minimize consumption. This contributes to reducing the environmental effect of energy generation. Similarly, AI and ML technologies aid in addressing environmental challenges. They can monitor air quality, noise levels, and waste management systems to quickly discover and minimize pollution sources. Likewise, AI and ML applications in construction processes enhance planning, scheduling, and facility management. © 2023 by the authors.",artificial intelligence; communities; machine learning; roles; sustainable construction,revisao_sistematica_ou_bibliometrica,nao_informado_no_resumo,nao_informado_no_resumo,"Furthermore, it intends to predict future research trends and practical applications of AI and ML in the built environment.",sim,D_descartar_sintese,FALSE,FALSE,objeto_predial=TRUE; manutencao_gestao=TRUE; sustentabilidade=TRUE; metodo_dado_resultado=TRUE; exclusao_forte=TRUE; resumo_suficiente=sim; pontos=5
REG_00988,2016,Scopus,10.1016/j.jclepro.2015.09.046,Achieving energy efficient buildings via retrofitting of existing buildings: A case study,"Retrofitting of existing buildings plays a critical role to achieve sustainable development. There are a number of factors that affect the effectiveness of building energy efficient retrofitting. These factors can be broadly categorised as technology and management. A case study approach was employed in this study to examine effective ways of building energy efficient retrofitting based on one year of monitoring. Several feasible schemes of building energy efficient retrofitting were identified according to the characteristics of the case building. The best scheme was chosen according to results of simulation, comparison and analysis. The focuses of building energy efficient retrofitting were placed on energy conservation and indoor environment quality. In particular, during the operation stage, staff can regulate the terminal unit in accordance with their own demands. Results showed that the building operation can satisfy staff's individual requirements after the retrofit. Similarly, the annual energy consumption can be reduced by 57% compared to the national average of office buildings in China. These findings provide useful inputs for the future building energy efficient retrofitting practices as well as policy making process. © 2015 Elsevier Ltd. All rights reserved.",Existing building; Indoor environment; Operation strategy; Retrofitting,estudo_de_caso,nao_informado_no_resumo,Results showed that the building operation can satisfy staff's individual requirements after the retrofit.,nao_identificavel_pelo_resumo,sim,D_descartar_sintese,FALSE,FALSE,objeto_predial=TRUE; manutencao_gestao=TRUE; sustentabilidade=TRUE; metodo_dado_resultado=TRUE; exclusao_forte=TRUE; resumo_suficiente=sim; pontos=5
REG_01649,2013,Scopus,10.1007/978-1-4471-4781-7_15,Facilities management,"This chapter explores the discipline of facilities management and the contribution that this emerging profession makes to securing sustainable building performance. It argues that the realization of intended environmental improvements depends pivotally on the behavior of users and the on going management of the facility throughout its life. The chapter describes an alternative view of a building's evolution as seen through the eyes of the facilities manager. In doing so, it highlights a much greater diversity of opportunities in sustainable building design that extends well into the operational life. Learning scope: on successful completion of this chapter, readers will be able to: (1) demonstrate the role of facilities management in ensuring continued performance improvements with respect to sustainable objectives; (2) explore buildings as a multilayered process rather than a product; (3) explain how facilities managers consider sustainability interventions at critical points within this layered life cycle; (4) examine how whole life building economics impinges on sustainable decision making. © 2013 Springer-Verlag London. All rights are reserved.",Facilities management; Sustainable building design; Sustainable building technologies and management,nao_classificavel_pelo_resumo,nao_informado_no_resumo,nao_informado_no_resumo,nao_identificavel_pelo_resumo,nao,D_descartar_sintese,FALSE,FALSE,objeto_predial=TRUE; manutencao_gestao=TRUE; sustentabilidade=TRUE; metodo_dado_resultado=TRUE; exclusao_forte=TRUE; resumo_suficiente=nao; pontos=3
REG_05606,2025,Scopus,10.1007/978-3-031-93323-3_17,Lifecycle Approaches Based BIM: Challenges and Opportunities,"Building Information Modeling (BIM) is a smart process that uses 3D models and information management to assist Architecture/ Engineering/Construction and Facility Management (AEC-FM) practitioners in design, construct and operate buildings and infrastructure more efficiently and more economically. BIM integrates new technologies and tools to facilitate the exchange of information between the different stakeholders involved in a project, from the initial conception to the final demolition. However, one of the challenges BIM is facing is how to manage all those information generated throughout the entire lifecycle of any built asset, which can span several decades and involve multiple changes and updates. Unlike the manufacturing industry (such as aeronautics or automobiles), which has established a set of procedures and standards to document and control the product development and delivery across the whole lifecycle, the AEC-FM sector is still in the process of adopting and implementing lifecycle management, assessment concepts and practices. In this paper, we review the literature on how life-cycle approaches can be integrated with BIM enabled projects in the AEC-FM sector. We also discuss some of the benefits that lifecycle approaches can bring along with the digitalization of the sector, in terms of mitigating the environmental impacts and increasing the performance of buildings. © IFIP International Federation for Information Processing 2025.",Architecture; BIM; Construction and Facility Management; Engineering; Integration; Lifecycle Approaches,nao_classificavel_pelo_resumo,nao_informado_no_resumo,nao_informado_no_resumo,nao_identificavel_pelo_resumo,parcial,D_descartar_sintese,FALSE,FALSE,objeto_predial=TRUE; manutencao_gestao=TRUE; sustentabilidade=TRUE; metodo_dado_resultado=TRUE; exclusao_forte=TRUE; resumo_suficiente=parcial; pontos=3
REG_07770,2018,Scopus,10.1080/10485236.2018.11958659,"City of Charlotte, North Carolina Facility Energy Management and Energy Star","This article provides an overview of energy management efforts for City of Charlotte facilities. It considers energy management program implementation for new construction and the continuous maintenance and improvement of existing facilities. Energy management and the pursuit of Energy Star for the City of Charlotte's building portfolio is the responsibility of the Building Services Division of Engineering & Property Management (E&PM). This department oversees the maintenance of nearly 300 facilities and assets, including five million square feet of buildings, two million square feet of roof, and over four million square feet of parking. The diverse portfolio includes police stations, fire stations, administrative buildings, museums, fleet maintenance shops, parking decks and communication towers. Energy management strategies are aligned, yet complex across the building portfolio. E&PM's focus on energy management has reduced the city's energy use intensity and energy costs. In 2016, the city readopted an updated Policy for Sustainable City Facilities, emphasizing energy efficiency and requiring a percentage reduction beyond ASHRAE 90.1 for new construction and major renovation projects. This article highlights efforts to promote energy efficiency through the city's pursuit and achievement of Energy Star certification for its facilities. ©, Copyright Association of Energy Engineers (AEE).",,nao_classificavel_pelo_resumo,nao_informado_no_resumo,nao_informado_no_resumo,nao_identificavel_pelo_resumo,parcial,D_descartar_sintese,FALSE,FALSE,objeto_predial=TRUE; manutencao_gestao=TRUE; sustentabilidade=TRUE; metodo_dado_resultado=TRUE; exclusao_forte=TRUE; resumo_suficiente=parcial; pontos=3
REG_02750,2022,Scopus,10.1007/978-981-16-7924-7_77,Developing Indicators of Green Operation and Maintenance of Green Supply Chain Management in Construction Industry,"Operation and maintenance (O&M) is the last phase of Project Life Cycle (PLC) that focused on releasing the final deliverables to the customer and followed by the use of facilities and the maintenance of the whole building. This phase is the longest phase because it covers the entire lifetime of the building. The building that is operated and maintained using the green principles will contribute to sustainability by reducing energy and resource emissions by ensuring the building facilities’ durability and availability. Green Operation and Maintenance (GOM) programs as part of Green Supply Chain Management (GSCM) in the construction process consist of work implementation and control to conserve ‘green’ materials according to environmental needs in the project. GOM concept is important because O&M phase is the determinant of whether the building that have been initiated, designed and built with green processes can be maintained to keep contributing positively to the environment. To ensure that the O&M phase is run on the green principle, it is necessary to conduct a study to develop factors that can support the application of GSCM in the O&M phase. The aim of this study is to improve the GOM concept indicators as part of the GSCM construction. The model developed has two dimensions, 12 components, and 18 indicators for the implementation of GOM. © 2022, The Author(s), under exclusive license to Springer Nature Singapore Pte Ltd.",Green operation and maintenance; Green supply chain management; Project life cycle,nao_classificavel_pelo_resumo,nao_informado_no_resumo,nao_informado_no_resumo,nao_identificavel_pelo_resumo,parcial,D_descartar_sintese,FALSE,FALSE,objeto_predial=TRUE; manutencao_gestao=TRUE; sustentabilidade=TRUE; metodo_dado_resultado=TRUE; exclusao_forte=TRUE; resumo_suficiente=parcial; pontos=3
REG_06917,2023,Scopus|WoS,10.1186/s12877-023-04493-x,The perceptions of food service staff in a nursing home on an upcoming transition towards a healthy and sustainable food environment: a qualitative study,"Background: Healthy and sustainable food environments are urgently needed, also in nursing and residential care homes. Malnutrition in care homes is becoming an increasing problem as populations worldwide are ageing and many older people do not consume sufficient protein, fibre, fruit, and vegetables. Nursing homes also often experience a lot of food waste. A transition in the food environment like a nursing home, involves the participation of facility management and food service staff members. This study aims to map out their perceived barriers and facilitators for this transition. Methods: A qualitative study using semi-structured interviews was conducted with food service staff members (n = 16), comprising of kitchen staff (n = 4), wait staff (n = 10), and facility management (n = 2) of two nursing homes in the Netherlands. Thematic analysis was used to derive content and meaning from transcribed interviews. Results: Four main themes were identified. Theme 1: ‘Communication, transparency and accountability in the chain’, highlighting the lack of effective communication flows and a fragmented overview of the food service chain as a whole. Theme 2: ‘Understanding, knowledge and ability of the concepts healthy and sustainable’, revealing the gap in staff’s understanding of these abstract concepts, despite perceiving themselves as having sufficient knowledge and ability. Theme 3: ‘The pampering service mind-set’, highlighting the contradiction in the staff’s shared goal of proving the highest quality of life for residents while also pampering them in ways that may not align with promoting healthy and sustainable food choices. Theme 4: ‘Transition is important but hard to realize’, describing the barriers such as existing routines and a lack of resources as challenges to implementing changes in the food service. Conclusions: Facilitators to transitioning nursing homes towards a healthy and sustainable food environment as perceived by staff members included transparent communication, accountability in the food supply chain, staff’s perceived ability and shared goal, while barriers included lack of understanding of the concepts healthy and sustainable, the current pampering mindset, and top-down decision-making. These findings provide valuable insights for nursing homes seeking to transition towards a healthier and more sustainable food environment. © 2023, The Author(s).",Barriers; Facilitators; Food Environment; Healthy; Nursing home; Qualitative research; Sustainable; Transition; Transition Sustainable Healthy Food Environment Nursing home Qualitative research Barriers Facilitators MALNUTRITION PREVALENCE NUTRITIONAL-STATUS CARE MOTIVATION RESIDENTS ABILITY OPPORTUNITY DEMENTIA WASTE,survey_ou_levantamento_com_especialistas,dados_de_questionario_ou_entrevista,nao_informado_no_resumo,nao_identificavel_pelo_resumo,sim,D_descartar_sintese,FALSE,FALSE,objeto_predial=TRUE; manutencao_gestao=TRUE; sustentabilidade=TRUE; metodo_dado_resultado=TRUE; exclusao_forte=TRUE; resumo_suficiente=sim; pontos=5
REG_04712,2026,Scopus|WoS,10.1108/gm-05-2025-0280,Gender at play: examining disparities in the management of student leisure facilities in a technical university in Ghana,"Purpose – In Ghanaian Higher Education Institutions (HEIs), leisure facilities such as recreational spaces and informal learning zones play a role in student well-being and academic success. However, their gendered dimensions often hindered by structural barriers. This study aims to address this gap by examining students’ perceptions of gender inclusivity in leisure spaces at a technical university, focusing on accessibility, utilisation, satisfaction and the role of facilities management (FM) in fostering equitable and inclusive environments. Design/methodology/approach – A descriptive survey design was adopted, using a structured questionnaire administered via Google Forms to 360 randomly selected undergraduate students in the Department of Building Technology. Data were analysed using SPSS Version 26, employing descriptive statistics, independent samples t-tests and multiple regression analysis to examine the influence of facility-related variables on gender inclusivity perceptions. Findings – The results reveal moderate perceptions of inclusivity, with indicators such as Equal Access (M = 2.98) and Comfort Design (M = 2.82) falling below the scale midpoint. Statistically significant gender disparities were observed, with male students reporting higher satisfaction levels than females (p < 0.05). Regression analysis identified Design (β = 0.621) and Management (β = 0.596) as strong predictors of inclusive experiences. Low scores on Privacy and Safety Design (M = 2.88) highlight unmet gender-specific needs. Students preferred wellness-focused and integrative designs over gender-segregated zoning, advocating for inclusive planning without reinforcing binary distinctions. Practical implications – The study highlights the need for facilities managers and planners to adopt inclusive design principles, conduct periodic gender audits and engage users in participatory planning to meet diverse needs without reinforcing stereotypes. Academically, the study extends environmental psychology into FM through a gender lens, enriching literature on inclusive spatial design in African HEIs. Originality/value – This research pioneers the exploration of gender inclusivity in leisure spaces within Ghanaian HEIs. It bridges theory and practice in FM, offering valuable insights for policy formulation, design standards and sustainable campus development across Africa. © 2025 Emerald Publishing Limited",Gender; Ghana; Leisure Facilities; Management; Student; University; Gender Leisure Facilities Management Student University Ghana MOTIVATIONS,nao_classificavel_pelo_resumo,dados_de_questionario_ou_entrevista,"Findings – The results reveal moderate perceptions of inclusivity, with indicators such as Equal Access (M = 2.98) and Comfort Design (M = 2.82) falling below the scale midpoint.",nao_identificavel_pelo_resumo,sim,D_descartar_sintese,FALSE,FALSE,objeto_predial=TRUE; manutencao_gestao=TRUE; sustentabilidade=TRUE; metodo_dado_resultado=TRUE; exclusao_forte=TRUE; resumo_suficiente=sim; pontos=5
REG_06133,2024,Crossref|Scopus,10.3390/su162310210,Technical Management of Residential Buildings—The Idea of Implementing Predictive Approach Elements for Sustainable Maintenance,"This article presents the issue of sustainably managing of the technical maintenance of multi-family residential buildings with diverse characteristics. The results of this research conducted on entities managing real estate in a real estate market in the city of Poznan (0.5 million inhabitants) are presented along with comments, with attention drawn to the commonness of the approaches used in building maintenance management. Of particular note is the reactive approach (which, in extreme cases, turns out to be unreliable and does not guarantee the absence of restrictions in the possibility of using housing resources) and the practical lack of application of the proactive-predictive approach. The main features of the approaches used in management are presented, and selected examples are used to demonstrate the advantage of proactive approaches in the economic, social, and environmental aspects. This article presents arguments for the implementation of proactive management strategies, including predictive maintenance. Due to financial and technical limitations, our model is presented in support of the technical management of buildings with predictive elements. The model is based on case-based reasoning (CBR). An important element of the model is the knowledge acquisition system, which uses mandatory technical condition inspections resulting from the applicable law and inspection protocols created as a result. The proposed model is not as expensive as using full predictive maintenance using sensor infrastructure devices, and at the same time allows advanced reasoning and solves the practical problems of maintaining housing resources. © 2024 by the authors.",predictive maintenance; residential building management; sustainable development; sustainable maintenance,nao_classificavel_pelo_resumo,nao_informado_no_resumo,nao_informado_no_resumo,nao_identificavel_pelo_resumo,parcial,D_descartar_sintese,FALSE,FALSE,objeto_predial=TRUE; manutencao_gestao=TRUE; sustentabilidade=TRUE; metodo_dado_resultado=TRUE; exclusao_forte=TRUE; resumo_suficiente=parcial; pontos=3
REG_00073,2018,Scopus,10.1051/e3sconf/20184802002,The challenges of adopting BIM for setting and infrastructure management of University of Minho,"The University of Minho (UMinho) is aware of the relevant role of higher education institutions in the global challenge of sustainability. The integration of sustainability values into its strategy encompasses all the fields of its activity. Taking into account the growing importance of shared knowledge resources as a reliable basis for decisions during infrastructures life cycle, the UMinho is currently undergoing an important process of implementing a 'Building Information Modelling' framework (BIM). This paper briefly describes the implementation steps that are current towards such a goal, in particular in terms of facilities management aspects. © The Authors, published by EDP Sciences, 2018.",,nao_classificavel_pelo_resumo,nao_informado_no_resumo,nao_informado_no_resumo,nao_identificavel_pelo_resumo,nao,D_descartar_sintese,FALSE,FALSE,objeto_predial=TRUE; manutencao_gestao=TRUE; sustentabilidade=TRUE; metodo_dado_resultado=TRUE; exclusao_forte=TRUE; resumo_suficiente=nao; pontos=3
REG_06974,2023,Scopus,10.1063/5.0133075,The Challenges of Maintenance Work in The University of Sierra Leone,"Building maintenance is very pivotal and should be given priority by the institution. Maintenance problems often emerge if the building performance does not meet the expected requirements and the built quality. In addition, maintenance costs and maintenance of buildings are ignored during the design and construction phases, culminating in structures that are challenging and costly to maintain. The purpose of this study is to evaluate the current and potential challenges that the university's maintenance workers will face. Structured questionnaires were designed to collect data from the university's maintenance department heads and maintenance staff. The data were analyzed with Microsoft Excel (2019), Statistical Package for Social Sciences (SPSS) software, and the average index formula (AIF), and the results were then presented in tables and figures. The findings revealed that, in order of importance, the lack of a computer-based maintenance system, exacerbated by financial issues, preventive maintenance failures, and technological issues, are the current challenges faced by maintenance staff in implementing proper maintenance activities. Finally, the findings indicated that potential challenges to the effectiveness of the appropriate maintenance management system include aging inventory systems, inconsistent maintenance, a shortage of spare parts, and staff training. © 2023 American Institute of Physics Inc.. All rights reserved.",,nao_classificavel_pelo_resumo,dados_de_questionario_ou_entrevista,"The findings revealed that, in order of importance, the lack of a computer-based maintenance system, exacerbated by financial issues, preventive maintenance failures, and technological issues, are the current challenges faced by maintenance staff in implementing proper maintenance activities.",nao_identificavel_pelo_resumo,sim,D_descartar_sintese,FALSE,FALSE,objeto_predial=TRUE; manutencao_gestao=TRUE; sustentabilidade=TRUE; metodo_dado_resultado=TRUE; exclusao_forte=TRUE; resumo_suficiente=sim; pontos=5
REG_02521,2022,Scopus,10.3390/buildings12091360,A Methodological Framework to Optimize Data Management Costs and the Hand-Over Phase in Cultural Heritage Projects,"This paper illustrates a methodological approach to optimize the data management process and to reduce costs related to information loss, from the preliminary phases to the Facility Management (FM) one. The growing concern about sustainability issues has steadily increased attention to cultural heritage’s key role. Concurrently, Europe promotes the application of digital methods for managing interventions both for new and existing buildings. The data issue, especially in heritage projects, represents a crucial aspect; data-recovering activities or shortages of information contribute to relevant expenses and discourage stakeholders. The research focuses on how procedures involving digitalization, applied to heritage projects, can improve the information workflow, supporting the hand-over stage. Although the application of digital techniques has recognized advantages, enhancements for optimizing time and cost savings are required. The research result is a methodological framework to obtain complete heritage as-built deliverables for the management phase. The defined structure is applied through a case study approach to the restoration of a historical lyric theater. Thus, the as-built model represents a database for controlling costs and maintenance procedures. In the end, the work provides a tangible contribution to the Heritage BIM (HBIM) delivery and can be a starting point for future improvements. © 2022 by the authors.",Building Information Modelling (BIM); cost control; cultural heritage; data loss; Facility Management (FM); Heritage Building Information Modelling (HBIM); information management; project hand-over,estudo_de_caso,nao_informado_no_resumo,nao_informado_no_resumo,nao_identificavel_pelo_resumo,parcial,D_descartar_sintese,FALSE,FALSE,objeto_predial=TRUE; manutencao_gestao=TRUE; sustentabilidade=TRUE; metodo_dado_resultado=TRUE; exclusao_forte=TRUE; resumo_suficiente=parcial; pontos=4
REG_02198,2011,Scopus,10.1177/1420326x10397780,Building environmental assessment schemes for rating of IAQ in sustainable buildings,"This paper provides a review of the building environmental schemes for rating of indoor air quality which could have an important impact on health and wellbeing of occupants in sustainable homes and buildings. The majority of the building environmental assessment schemes introduced in different countries of the world are based on the BREEAM and LEED model. BREEAM has a major emphasis on energy efficiency whereas ''Indoor Environmental Quality'' and ''Health and Wellbeing'' are the most central issues for LEED. The criteria included in BREEAM, LEED and HK BEAM rating systems for assessment of indoor air quality (IAQ) are illustrated. There should be an IAQ management plan for any housing or building development, which should include a certification of the IAQ of the living spaces prior to occupancy and that low emitting materials should be used in the new build. There should also be an ongoing maintenance of the ventilation and HVAC system for the building and this should be part of an IAQ management plan for the building operation and maintenance. © 2011 SAGE Publications.",Building environmental assessment; Green buildings; Health and wellbeing; Indoor air quality; Indoor environmental quality; Sustainable development,nao_classificavel_pelo_resumo,nao_informado_no_resumo,nao_informado_no_resumo,nao_identificavel_pelo_resumo,parcial,D_descartar_sintese,FALSE,FALSE,objeto_predial=TRUE; manutencao_gestao=TRUE; sustentabilidade=TRUE; metodo_dado_resultado=TRUE; exclusao_forte=TRUE; resumo_suficiente=parcial; pontos=3
REG_03478,2021,Scopus,,LIGHTING THE WAY: OPERATION AND MAINTENACE PRACTICES FOR EMERGING UV SYSTEMS,"UV systems are emerging as a cost-effective, reliable approach to disinfect treated wastewater effluent. As these new UV systems are brought to the market, effective operation and maintenance approaches must be developed and validated to ensure that facilities using these emerging UV alternatives can maintain compliance at sustainable and reliable operating costs. Over the past several years, two emerging UV systems that have shown promise for implementation at water resource recovery facilities are HOD UV and the UVC-LED systems. With these new UV systems entering the market, there is a need to understand the operating procedures required by these new systems and to determine how to improve existing operating practices. A comparison of operational and maintenance activities of Hydro Optic Disinfection Ultraviolet light (HOD UV) and Ultraviolet Light C - light emitting diodes (UVC-LED) was made to practices employed by WRRF staff. Proper operation and maintenance activities may result in longer life, resulting in lower operating costs. Copyright © 2021 Water Environment Federation",Cooling; HOD UV; UV Transmittance; UVC-LED,nao_classificavel_pelo_resumo,nao_informado_no_resumo,nao_informado_no_resumo,nao_identificavel_pelo_resumo,parcial,D_descartar_sintese,FALSE,FALSE,objeto_predial=TRUE; manutencao_gestao=TRUE; sustentabilidade=TRUE; metodo_dado_resultado=TRUE; exclusao_forte=TRUE; resumo_suficiente=parcial; pontos=3
REG_00955,2016,Scopus,,Energy savings and maintenance optimization through the implementation of GESTENSIS energy management system,"Buildings in Europe are responsible of 40% of the final energy consumption. With the aim to accomplish the European 20/20/20 targets, buildings play an important role. Moreover, public buildings should exemplify the best practices in terms of energy efficiency. In this context this paper describes an energy management system for buildings developed in the GESTENSIS project. The system is composed by 5 modules that give tools to building managers to optimize the energy consumption. The building managers have a set of metrics to understand how their building is working and to know if the building performance is decreasing. The system also supports building managers in their daily building operation, optimizing the different types of spaces (corridors, lecture rooms and PC rooms). The system also helps building managers to carry out maintenance activities. It is expected to reduce 15.26% of the gas consumption and 37.59% of the electricity consumption. © 2016 Taylor & Francis Group.",,nao_classificavel_pelo_resumo,nao_informado_no_resumo,nao_informado_no_resumo,nao_identificavel_pelo_resumo,parcial,D_descartar_sintese,FALSE,FALSE,objeto_predial=TRUE; manutencao_gestao=TRUE; sustentabilidade=TRUE; metodo_dado_resultado=TRUE; exclusao_forte=TRUE; resumo_suficiente=parcial; pontos=3
REG_02736,2022,Crossref|Scopus,10.1016/j.jobe.2021.103490,Strategic approaches towards achieving sustainable and effective building maintenance practices in maintenance-managed buildings: A combination of expert interviews and a literature review,"Buildings have been consistently identified as the sector with the greatest potential to reduce both energy consumption and carbon dioxide (CO2) emissions through more sustainable and effective strategies of building maintenance, along with enhancing user behaviour. While ineffective building maintenance practices have environmental, economic and social consequences, according to evidence from the literature, there has been a lack of studies that offer strategic approaches for sustainable and effective building maintenance practices. The significance of these strategic approaches comes from the fact that building maintenance practices are still based on unsatisfactory actions in many countries around the world. Thus, studies that provide such approaches could contribute to improvements globally and help reduce the impact of these practices, while also pointing stakeholders involved in the right direction. Consequently, an in-depth semi-structured interview was developed and conducted based on the current issues and needs, as well as the latest trends in the challenges, in building maintenance, supported by an extensive review of the recent literature. This study introduces seven strategies that will positively improve maintenance work procedures within the domain of sustainability practices and allow for a more effective allocation of resources, capabilities and time. The adoption of these strategies by stakeholders in maintenance-managed buildings will significantly overcome both the current issues and future challenges in achieving sustainable and effective building maintenance practices, which will benefit the environmental, economic and social dimensions. © 2021 Elsevier Ltd",Buildings' energy saving; Buildings' sustainability; CO<sub>2</sub> emissions reduction; Facilities management; Maintenance-based BIM; Sustainable building maintenance,revisao_sistematica_ou_bibliometrica,dados_de_questionario_ou_entrevista,nao_informado_no_resumo,nao_identificavel_pelo_resumo,sim,D_descartar_sintese,FALSE,FALSE,objeto_predial=TRUE; manutencao_gestao=TRUE; sustentabilidade=TRUE; metodo_dado_resultado=TRUE; exclusao_forte=TRUE; resumo_suficiente=sim; pontos=5
REG_02924,2022,Scopus,10.52202/067798-0127,Assessment of The Effectiveness of Comprehensive Urban Water Environment Management in Yueyang,"The new urban water environment management model of ""plant and network as one"" in the Yangtze River protection is implemented for the first time in the pilot cities, and according to the idea of plant and network as one, this paper constructs a scientific index system for Yueyang City, and evaluates the effectiveness of the PPP project of comprehensive management of the central city sewage system in Yueyang City from three aspects, namely the effectiveness of the pipe network, sewage treatment and ecological environment. The results show that (1) the scientific index system can provide scientific guidelines for the assessment of the effectiveness of urban water environment management. (2) The post-engineering pipe network has a significant impact on the increase of pollutant concentration in the incoming plant, but attention should be paid to the later operation and maintenance and management. (3) All three wastewater treatment plants in Yueyang City meet the requirements for facility and equipment utilisation, but all are in low-efficiency operation, and only Luojiapo wastewater treatment plant has water reuse. (4) After the construction of the project, the water quality of South Lake and Basho Lake has improved significantly, but the water quality of Dongfeng Lake still exceeds the TN standard. In conclusion, the new urban water environment management model of ""plant and network integration"" has good effects on the water environment management of Yueyang City, but attention should be paid to the later operation and maintenance of facilities and equipment. © Geology Resource Management and Sustainable Development 2022.All rights reserved.",Effectiveness Assessment; Plant and Network Integration; Urban Water Environment; Yangtze River Protection,nao_classificavel_pelo_resumo,nao_informado_no_resumo,The results show that (1) the scientific index system can provide scientific guidelines for the assessment of the effectiveness of urban water environment management.,nao_identificavel_pelo_resumo,parcial,D_descartar_sintese,FALSE,FALSE,objeto_predial=TRUE; manutencao_gestao=TRUE; sustentabilidade=TRUE; metodo_dado_resultado=TRUE; exclusao_forte=TRUE; resumo_suficiente=parcial; pontos=4
REG_07140,2023,Scopus,10.1108/f-06-2022-0088,Research and evidence-based standards paving the way for a digital and sustainable transformation of the built environment,"Purpose: Researchers and standardisation bodies are key to accelerating societal transition and contributing to society’s demands for sustainability, resilience and digitalisation. Standards are the agreed-upon best practices published by national or international bodies and are key enablers of transformation. Scholars have not yet identified a relationship between standards and facilities management (FM) research. The purpose of this paper is to investigate the role of formal standards in FM research. Design/methodology/approach: A literature review was conducted to identify journal articles addressing standards and FM. A total of 198 journal articles published from 2010 to 2021 were identified. After screening these articles, 27 journal articles were considered the most relevant for data analysis. Findings: The findings show that the role of standards in research can be analysed thematically, categorically, textually, methodologically and directionally. Standards are relevant to research by defining terms, creating backgrounds, guiding research, supporting the development of new standards and encouraging more collaboration between research and standardisation. Some studies have shown how standards influence research, but only a few have explored how research influences standards. Research limitations/implications: This research provides examples that inspire stronger collaboration between people and processes in research and standardisation. Originality/value: The articles collected and analysed in this study comprise original research. A limited preliminary study of ten core articles was presented at the International Council for Research and Innovation in Building and Construction World Congress 2022. This presentation of this work provides an expanded framework for analysing the roles of standards in research. This framework includes (1) categorical analysis of research and standardisation streams; (2) thematic analysis of the topic of interest; (3) textual analysis of the use of the term “standard”; (4) methodological analysis of the influence of standards on the research method; and (5) directional analysis of the intended audience. © 2023, Emerald Publishing Limited.",Digital transformation; Facility management; ISO 41000-series; Research collaboration; Standardisation; Sustainability,revisao_sistematica_ou_bibliometrica,nao_informado_no_resumo,"Findings: The findings show that the role of standards in research can be analysed thematically, categorically, textually, methodologically and directionally.",nao_identificavel_pelo_resumo,sim,D_descartar_sintese,FALSE,FALSE,objeto_predial=TRUE; manutencao_gestao=TRUE; sustentabilidade=TRUE; metodo_dado_resultado=TRUE; exclusao_forte=TRUE; resumo_suficiente=sim; pontos=5
REG_04614,2026,Scopus|WoS,10.1016/j.enbuild.2026.117332,Digital twins for sustainable buildings: From framework to strategy guidelines and application,"This paper investigates the application of Digital Twin (DT) technology to support sustainability assessments in the built environment. While DTs are increasingly adopted in building contexts, three key fundamental challenges persist: (1) lack of pragmatic guidance for DT development, (2) limited integration of multiple sustainability assessments, and (3) insufficient support for decision-making through contextualized visualization. To address the scientific gaps, this study introduced the Digital Twin Strategy Schedule and Digital Twin Strategy Document, which provide guidance for defining DT objectives, analytical scope, and data requirements. These instruments were derived by interpreting and adapting general DT strategy guidelines to the specific needs of sustainability-oriented DTs for buildings and are iteratively refined through application to a real-world case study. The proposed framework integrated energy modeling, Material Flow Analysis, and Life Cycle Assessment within a unified architecture. An automated workflow was developed to link Building Information Modeling, the analytical models, and Building Automation System data, enabling consistent data exchange, validation, and traceability. The proposed approach was demonstrated through a case study of a university building equipped with smart sensors. Sustainability indicators and operational performance metrics were visualized within an immersive, interactive 3D environment, supporting anomaly detection and alert-based communication. Results highlighted the potential of DTs to enhance sustainability-informed decision-making and challenges associated with data completeness, semantic alignment, and geometric interoperability. Overall, this work formalizes and demonstrates a DT architecture to connect sustainability analytics with spatially contextualized visualization, moving beyond static dashboards toward actionable decision support for building operation and maintenance. © 2026 The Author(s).",Built environment; Digital twin; Sustainability; Sustainable design; Digital twin Sustainability Built environment Sustainable design INDOOR ENVIRONMENTAL-QUALITY CYCLE ASSESSMENT FRAMEWORK ENERGY METABOLISM,estudo_de_caso,dados_de_sensores_ou_iot,nao_informado_no_resumo,nao_identificavel_pelo_resumo,parcial,D_descartar_sintese,FALSE,FALSE,objeto_predial=TRUE; manutencao_gestao=TRUE; sustentabilidade=TRUE; metodo_dado_resultado=TRUE; exclusao_forte=TRUE; resumo_suficiente=parcial; pontos=5
REG_00941,2016,Scopus|WoS,10.1108/ijshe-09-2014-0133,Sustainable facility development: perceived benefits and challenges,"Purpose: The purpose of this paper is to assess the perceived benefits and challenges of implementing sustainable initiatives in collegiate recreational sports facilities. Additionally, this paper intends to contribute to the evolving field of facility sustainability in higher education. Design/methodology/approach: The design included qualitative research methods that allowed respondents to elaborate on perceived benefits and challenges. Respondents consisted of directors of campus recreation departments at National Intramural-Recreational Sports Association member institutions. Content analysis served as the method for analyzing and categorizing the data. Findings: Six categories of perceived benefits became distinguishable, including Educational, Environmental, Ethical, Fiscal and Operational. Eight categories of perceived challenges emerged after responses were analyzed, including Administrative, Attitudinal, Commitment, Educational, Facility, and Fiscal. The majority of respondents indicated Fiscal demands as being the top challenge when it comes to implementing sustainable initiatives. Common themes arose from the responses and were sorted within their respective category. Originality/value: This paper contributes to the evolving field of sustainability by providing some data regarding recreational sports facilities in higher education. Administrators, particularly those in Student Affairs, Facilities Management and Campus Recreation can benefit from this paper by assessing their respective institution’s current view of sustainability and by proactively determining a strategy to combat the potential challenges identified. Additionally, identifying perceived benefits can help equip facility directors and executives with justification and rationale for moving toward sustainable facility design and operation. © 2016, © Emerald Group Publishing Limited.",Benefits; Challenges; Perceptions; Recreation; Sport; Sustainability; Perceptions Sustainability Benefits Challenges Sport Recreation,nao_classificavel_pelo_resumo,dados_de_questionario_ou_entrevista,nao_informado_no_resumo,nao_identificavel_pelo_resumo,parcial,D_descartar_sintese,FALSE,FALSE,objeto_predial=TRUE; manutencao_gestao=TRUE; sustentabilidade=TRUE; metodo_dado_resultado=TRUE; exclusao_forte=TRUE; resumo_suficiente=parcial; pontos=4
REG_02146,2011,Scopus|WoS,10.1108/14676371111168304,Evolution of a campus sustainability network: A case study in organizational change,"Purpose: The purpose of this paper is to examine the evolution of a sustainability network at a large California public university, as an example of organizational change. Design/methodology/approach: The paper combines participant observation and case study techniques over a three-year period. From 2007 to 2010, the author helped found the university's Institute for Sustainability and sat on both the Institute's first Advisory Board and the university's first Core Green Team. The author also interviewed 19 key informants to the sustainability network, including upper administrators, physical plant management (PPM) staff, faculty, and students. Findings: This campus sustainability initiative evolved over three decades in three phases. Phase I evolved from the 1980s in facilities management and student recycling because of changing environmental demands, the 1994 Northridge earthquake, and strong leadership who believed in developing human resources. In Phase II, faculty and Academic Affairs established the Institute for Sustainability. Phase III examines the current state at May 2010. Forces driving change include leaders' core values, incentives, communication, and community outreach. Forces inhibiting change relate to funding, information, policies, shared values, time, and training. Key informants defined success in campus sustainability as actions which: increase efficiency (and reduce waste); educate and prepare graduates for a fundamentally different world; achieve broad-based support; and improve the university's sustainability image. Research limitations/implications: This study points to at least four avenues of future research. One, scholars interested in more completely revealing their organization's sustainability network can map it using social network analysis techniques. Two, scholars could seek to answer the extent to which a campus institute becomes a center of gravity or an excuse for others to step away. Three, scholars can directly measure the four parameters of success respondents in this study identified (increase efficiency/reduce waste, educate/prepare graduates, achieve broad-based support, improve image). And four, scholars can examine how an organization's commitment to recycling affects its image. Originality/value: This paper provides a longitudinal look at the evolution of a campus sustainability network. It highlights how sustainability efforts evolve in different parts of the university at different rates, and in the present case how PPM and facilities planning influenced Academic Affairs to embrace sustainability. © Emerald Group Publishing Limited.",Campus sustainability; Greening initiatives; Organizational change; Sustainability networks; United States of America; Universities; University sustainability; United States of America Universities Organizational change University sustainability Campus sustainability Greening initiatives Sustainability networks,estudo_de_caso,dados_de_questionario_ou_entrevista,nao_informado_no_resumo,Research limitations/implications: This study points to at least four avenues of future research.,sim,D_descartar_sintese,FALSE,FALSE,objeto_predial=TRUE; manutencao_gestao=TRUE; sustentabilidade=TRUE; metodo_dado_resultado=TRUE; exclusao_forte=TRUE; resumo_suficiente=sim; pontos=6
REG_01943,2012,Scopus,10.1109/lisat.2012.6223192,Improving efficiency and reliability of building systems using machine learning and automated online evaluation,"A high percentage of newly-constructed commercial office buildings experience energy consumption that exceeds specifications and system failures after being put into use. This problem is even worse for older buildings. We present a new approach, predictive building energy optimization, which uses machine learning (ML) and automated online evaluation of historical and real-time building data to improve efficiency and reliability of building operations without requiring large amounts of additional capital investment. Our ML approach uses a predictive model to generate accurate energy demand forecasts and automated analyses that can guide optimization of building operations. In parallel, an automated online evaluation system monitors efficiency at multiple stages in the system workflow and provides building operators with continuous feedback. We implemented a prototype of this application in a large commercial building in Manhattan. Our predictive machine learning model applies Support Vector Regression (SVR) to the building's historical energy use and temperature and wet-bulb humidity data from the building's interior and exterior in order to model performance for each day. This predictive model closely approximates actual energy usage values, with some seasonal and occupant-specific variability, and the dependence of the data on day-of-the-week makes the model easily applicable to different types of buildings with minimal adjustment. In parallel, an automated online evaluator monitors the building's internal and external conditions, control actions and the results of those actions. Intelligent real-time data quality analysis components quickly detect anomalies and automatically transmit feedback to building management, who can then take necessary preventive or corrective actions. Our experiments show that this evaluator is responsive and effective in further ensuring reliable and energy-efficient operation of building systems. © 2012 IEEE.",energy efficiency; green buildings; machine learning; prediction methods; reliability; statistical analysis; support vector machines,nao_classificavel_pelo_resumo,dados_de_sensores_ou_iot,nao_informado_no_resumo,nao_identificavel_pelo_resumo,parcial,D_descartar_sintese,FALSE,FALSE,objeto_predial=TRUE; manutencao_gestao=TRUE; sustentabilidade=TRUE; metodo_dado_resultado=TRUE; exclusao_forte=TRUE; resumo_suficiente=parcial; pontos=4
REG_01642,2013,Scopus,10.1155/2013/124249,Developing mobile- and BIM-based integrated visual facility maintenance management system,"Facility maintenance management (FMM) has become an important topic for research on the operation phase of the construction life cycle. Managing FMM effectively is extremely difficult owing to various factors and environments. One of the difficulties is the performance of 2D graphics when depicting maintenance service. Building information modeling (BIM) uses precise geometry and relevant data to support the maintenance service of facilities depicted in 3D object-oriented CAD. This paper proposes a new and practical methodology with application to FMM using BIM technology. Using BIM technology, this study proposes a BIM-based facility maintenance management (BIMFMM) system for maintenance staff in the operation and maintenance phase. The BIMFMM system is then applied in selected case study of a commercial building project in Taiwan to verify the proposed methodology and demonstrate its effectiveness in FMM practice. Using the BIMFMM system, maintenance staff can access and review 3D BIM models for updating related maintenance records in a digital format. Moreover, this study presents a generic system architecture and its implementation. The combined results demonstrate that a BIMFMM-like system can be an effective visual FMM tool. © 2013 Yu-Cheng Lin and Yu-Chih Su.",,estudo_de_caso,dados_historicos_ou_registros_de_manutencao,The combined results demonstrate that a BIMFMM-like system can be an effective visual FMM tool.,nao_identificavel_pelo_resumo,sim,D_descartar_sintese,FALSE,FALSE,objeto_predial=TRUE; manutencao_gestao=TRUE; sustentabilidade=TRUE; metodo_dado_resultado=TRUE; exclusao_forte=TRUE; resumo_suficiente=sim; pontos=6
