id_unico,doi,titulo,ano,autores,fonte_periodico,tipo_documento,bases_origem,palavras_chave,usa_topsis,usa_ahp,usa_outro_mcdm,metodo_mcdm_especifico,usa_bim,usa_digital_twin,usa_iot,usa_data_driven,tipo_edificacao_sinal,pais_contexto,criterios_ambientais,criterios_economicos,criterios_sociais,criterios_tecnicos_operacionais,criterios_institucionais,criterios_risco,n_rqs_respondidas,lista_rqs_respondidas,score_alinhamento_rq,uso_recomendado_artigo,rqs_confirmadas_leitura,rq0_confirmada,rq1_confirmada,rq2_confirmada,rq3_confirmada,rq4_confirmada,rq5_confirmada,tipo_contribuicao_artigo,criterios_identificados_leitura,metodos_decisao_identificados_leitura,contexto_edificacao_identificado_leitura,dimensoes_sustentabilidade_identificadas_leitura,lacuna_ou_limite_identificado_leitura,nivel_confianca_decisao,evidencia_curta_do_resumo
REG_00110,10.1061/(asce)cf.1943-5509.0001176,Optimal FM Strategy for Commercial Office Buildings Using Fuzzy Synthetic Evaluation,2018,"Yoon, JH; Cha, HS",Journal of Performance of Constructed Facilities,Journal,Scopus|WoS,Commercial office building; Decision making; Facility management strategy; Fuzzy synthetic evaluation; Quantitative analysis; Commercial office building Decision making Facility management strategy Fuzzy synthetic evaluation Quantitative analysis PERFORMANCE-MEASUREMENT CONSTRUCTION MANAGEMENT PROJECT SYSTEM MODEL,nao,nao,nao,,nao,nao,nao,nao,comercial/escritorio,nao_informado_no_resumo,nao,sim,nao,nao,sim,nao,5,RQ0;RQ1;RQ2;RQ3;RQ4,13,analise_central,RQ0;RQ1;RQ2;RQ3;RQ4;RQ5,sim,sim,sim,sim,sim,sim,criterios_de_sustentabilidade;criterios_de_priorizacao;metodo_multicriterio_ou_decisao;gestao_manutencao_predial;facility_management;energia_desempenho_operacional;custo_ciclo_de_vida;risco_seguranca_conforto,custo;risco;vida_util;desempenho_operacional;informacao_dados;qualidade_servico,fuzzy;scoring;decision support;life-cycle cost;balanced scorecard;framework,edificio_comercial;portfolio_predial;edificio_generico,economica;tecnica_operacional;institucional;ciclo_de_vida,"Few studies have focused on the quantitative investigation of FM performance, and there has been minimal research on the methodology required to arrive at the optimal strategy.",alta,"For owners of aged buildings, considerable attention needs to be devoted to efficient facility management (FM) to extend building life and achieve life-cycle cost savings."
REG_00217,10.1108/f-03-2016-0028,Enabling an effective knowledge and information flow between the phases of building construction and facilities management,2018,"Tan, AZT; Zaman, A; Sutrisna, M",Facilities,Journal,Scopus|WoS,Building life cycles; Data gap; Facility management; Information flow; Operation and maintenance; Project handover; Facility management Operation and maintenance Information flow Building life cycles Data gap Project handover BIM FEEDBACK PROJECTS,nao,nao,nao,,sim,nao,nao,nao,nao_identificado_por_resumo,Australia,nao,nao,nao,nao,nao,nao,3,RQ0;RQ1;RQ5,10,analise_central,RQ0;RQ1;RQ2;RQ3;RQ4;RQ5,sim,sim,sim,sim,sim,sim,criterios_de_sustentabilidade;criterios_de_priorizacao;metodo_multicriterio_ou_decisao;gestao_manutencao_predial;facility_management;energia_desempenho_operacional;custo_ciclo_de_vida,vida_util;desempenho_operacional;informacao_dados,ranking;framework;BIM,portfolio_predial;edificio_generico,social;tecnica_operacional;institucional;ciclo_de_vida,"Whilst laying a good foundation to do so, further research is needed to investigate more cases in Western Australia and beyond to fully generalise the findings from this study.",alta,"Purpose: The purpose of this study is to investigate ways of transferring knowledge and information during the life-cycle phases of construction projects, particularly between the construction and occupancy phases, and t"
REG_00415,10.1061/(asce)co.1943-7862.0001348,AHP-ANP-Fuzzy Integral Integrated Network for Evaluating Performance of Innovative Business Models for Sustainable Building,2017,"Zhao, XJ; Chen, L; Pan, W; Lu, QC",Journal of Construction Engineering and Management,Journal,Scopus|WoS,Analytic hierarchy process (AHP); Analytical network process (ANP); Fuzzy integral; Innovative business model; Performance evaluation; Sustainable building; Sustainable construction; Innovative business model Performance evaluation Sustainable building Analytical network process (ANP) Analytic hierarchy process (AHP) Fuzzy integral Sustainable construction DECISION-MAKING SYSTEM LOGISTICS PRODUCT PROJECT CHINA,nao,sim,sim,AHP; ANP,nao,nao,nao,nao,nao_identificado_por_resumo,China; Reino Unido,nao,nao,nao,nao,nao,nao,4,RQ0;RQ1;RQ3;RQ5,12,analise_central,RQ0;RQ1;RQ2;RQ3;RQ4;RQ5,sim,sim,sim,sim,sim,sim,criterios_de_sustentabilidade;criterios_de_priorizacao;metodo_multicriterio_ou_decisao;gestao_manutencao_predial;energia_desempenho_operacional;custo_ciclo_de_vida,desempenho_operacional;informacao_dados,AHP;ANP;fuzzy;scoring;decision support;framework,edificio_generico,ambiental;social;tecnica_operacional;ciclo_de_vida,"To promote the market uptake of SB, innovative business models (BMs) are needed.",alta,Sustainable building (SB) has emerged as an innovative approach to minimizing the resource consumption of buildings.
REG_00489,10.1108/ijlss-09-2015-0035,Knowledge-based Lean Six Sigma maintenance system for sustainable buildings,2017,"Aldairi, J; Khan, MK; Munive-Hernandez, JE",International Journal of Lean Six Sigma,Journal,Scopus|WoS,Building maintenance; Gauge absence prerequisites (GAP); Green buildings; KB system (KBS); Lean Six Sigma (LSS); Sustainability; Sustainability Building maintenance Green buildings Lean Six Sigma (LSS) Gauge absence prerequisites (GAP) KB system (KBS) CONSTRUCTION PERFORMANCE FRAMEWORK MODEL IMPLEMENTATION MANAGEMENT ENERGY,nao,nao,sim,MCDM/MCDA generico (sem metodo nomeado no titulo+resumo),nao,nao,nao,nao,nao_identificado_por_resumo,nao_informado_no_resumo,sim,nao,nao,nao,nao,nao,4,RQ0;RQ1;RQ3;RQ5,12,analise_central,RQ0;RQ1;RQ2;RQ3;RQ4;RQ5,sim,sim,sim,sim,sim,sim,criterios_de_sustentabilidade;criterios_de_priorizacao;metodo_multicriterio_ou_decisao;gestao_manutencao_predial;energia_desempenho_operacional,energia;desempenho_operacional;informacao_dados,decision support;framework,edificio_generico,ambiental;tecnica_operacional;institucional;energia,Research limitations/implications: Future research work might consider validating this framework in other type of industries.,alta,Purpose: This paper aims to develop a knowledge-based (KB) system for Lean Six Sigma (LSS) maintenance in environmentally sustainable buildings (Lean6-SBM).
REG_00519,10.2495/sdp-v12-n3-446-456,Urban facilities management: A systemic process for achieving urban sustainability,2017,,International Journal of Sustainable Development and Planning,Journal,Scopus,Process-oriented sustainability; Sustainability assessment; Sustainable community assessment tools; Sustainable community development; Urban facilities management; Urban management; Urban sustainability,nao,nao,nao,,nao,nao,nao,nao,nao_identificado_por_resumo,nao_informado_no_resumo,sim,nao,nao,nao,nao,nao,4,RQ0;RQ1;RQ4;RQ5,11,analise_central,RQ0;RQ1;RQ2;RQ4;RQ5,sim,sim,sim,nao,sim,sim,criterios_de_sustentabilidade;criterios_de_priorizacao;gestao_manutencao_predial;facility_management,informacao_dados,framework,portfolio_predial,ambiental;social;institucional,"With cities at the forefront of the challenge of achieving global sustainability, a key concern for urban management bodies is to identify ways to promote sustainable development at the urban and sub-urban level.",alta,"With cities at the forefront of the challenge of achieving global sustainability, a key concern for urban management bodies is to identify ways to promote sustainable development at the urban and sub-urban level."
REG_00852,10.1108/ss-02-2016-0007,Developing a green maintainability framework for green walls in Singapore,2016,"Chew, MYL; Conejos, S",Structural Survey,Journal,Scopus|WoS,Facilities management; Green maintainability; Green walls; Singapore; Urban tropics; Singapore Facilities management Green maintainability Green walls Urban tropics LIFE-CYCLE ASSESSMENT LIVING WALL THERMAL PERFORMANCE ENERGY PERFORMANCE WET AREAS FACADES SYSTEMS MAINTENANCE BUILDINGS DESIGN,nao,nao,nao,,nao,nao,nao,nao,nao_identificado_por_resumo,Singapura,sim,nao,nao,sim,nao,nao,3,RQ0;RQ1;RQ5,10,analise_central,RQ0;RQ1;RQ2;RQ4;RQ5,sim,sim,sim,nao,sim,sim,criterios_de_sustentabilidade;criterios_de_priorizacao;gestao_manutencao_predial;facility_management;energia_desempenho_operacional;custo_ciclo_de_vida,condicao_fisica;energia;vida_util;desempenho_operacional;informacao_dados;manutenibilidade,framework,portfolio_predial;edificio_generico,ambiental;tecnica_operacional;institucional;energia;ciclo_de_vida,"Thus, the purpose of this paper is to determine the issues in operating and maintaining green walls, particularly in tropical areas like Singapore, leading to the development of a green maintainability framework.",alta,"Purpose: The use of green wall technology in green buildings is a growing trend; however, more research is required about their maintainability, taking into account that maintainability at the design stage is a valuable "
REG_00888,10.1016/j.proeng.2016.04.040,Optimization of Sustainability and Flood Hazard Resilience for Home Designs,2016,"Matthews, E; Friedland, CJ; Orooji, F","ICSDEC 2016 - INTEGRATING DATA SCIENCE, CONSTRUCTION AND SUSTAINABILITY",Conference Proceeding,Scopus|WoS,Life-cycle Assessment; Residential; Resilience; Sustainability; Resilience Sustainability Life-cycle Assessment Residential LIFE-CYCLE ANALYSIS BUILDINGS HOUSES RISK,nao,nao,nao,,nao,nao,nao,nao,residencial,nao_informado_no_resumo,sim,nao,nao,nao,nao,sim,4,RQ1;RQ2;RQ3;RQ4,10,analise_central,RQ0;RQ1;RQ2;RQ3;RQ4,sim,sim,sim,sim,sim,nao,criterios_de_sustentabilidade;criterios_de_priorizacao;metodo_multicriterio_ou_decisao;gestao_manutencao_predial;energia_desempenho_operacional;custo_ciclo_de_vida;risco_seguranca_conforto,risco;condicao_fisica;energia;vida_util;desempenho_operacional;emissoes_carbono,optimization;framework,edificio_residencial;edificio_generico,ambiental;tecnica_operacional;risco;energia;ciclo_de_vida,nao_identificada_no_resumo,alta,Life-cycle analysis is a beneficial tool that can be utilized to quantify the performance of buildings within the context of environmental impact metrics (e.g.
REG_01046,10.1108/sasbe-08-2014-0043,Literature review of green retrofit design for commercial buildings with BIM implication,2015,,Smart and Sustainable Built Environment,Journal,Scopus,BIM; Commercial buildings; Design framework; Energy efficiency; Green retrofit; Process design,nao,nao,nao,,sim,nao,nao,nao,comercial/escritorio,nao_informado_no_resumo,sim,nao,nao,nao,nao,nao,3,RQ0;RQ1;RQ4,9,analise_central,RQ0;RQ1;RQ2;RQ3;RQ4;RQ5,sim,sim,sim,sim,sim,sim,criterios_de_sustentabilidade;criterios_de_priorizacao;metodo_multicriterio_ou_decisao;gestao_manutencao_predial;facility_management;energia_desempenho_operacional;custo_ciclo_de_vida,energia;vida_util;desempenho_operacional;informacao_dados,framework;BIM,edificio_comercial;portfolio_predial;edificio_generico,ambiental;social;tecnica_operacional;institucional;energia;ciclo_de_vida,"© 2015, Emerald Group Publishing Limited.",alta,"It proposes studying the functional, technical, and organizational issues of the green retrofit process."
REG_01104,10.3844/ajessp.2015.55.61,Building information modeling for indoor environmental performance analysis,2015,,American Journal of Environmental Sciences,Journal,Scopus,Building performance simulation; CFD; Daylighting; Solar radiation; Sustainability,nao,nao,nao,,sim,nao,nao,nao,nao_identificado_por_resumo,nao_informado_no_resumo,sim,nao,nao,sim,nao,nao,3,RQ0;RQ1;RQ2,10,analise_central,RQ0;RQ1;RQ2;RQ3;RQ4;RQ5,sim,sim,sim,sim,sim,sim,criterios_de_sustentabilidade;criterios_de_priorizacao;metodo_multicriterio_ou_decisao;gestao_manutencao_predial;facility_management;energia_desempenho_operacional;custo_ciclo_de_vida;risco_seguranca_conforto,custo;conforto;desempenho_operacional;informacao_dados,framework;BIM,portfolio_predial;edificio_generico,ambiental;economica;tecnica_operacional;institucional;conforto;ciclo_de_vida,Further research on the framework and guidelines for BIM-based sustainability analyses and design process shall be conducted.,alta,"From the stages of building design development to post-occupancy management, BIM plays an essential role in collaboration among multi-discipline professions, time and cost saving, fabrication and construction as well as "
REG_01239,,Life cycle costing of mechanical and electrical services for private finance initiatives projects in Malaysia,2015,,International Journal of Tomography and Simulation,Journal,Scopus,Life cycle costing; Mechanical and electrical services; Private finance initiatives,nao,nao,nao,,nao,nao,nao,nao,nao_identificado_por_resumo,Malasia,nao,sim,nao,nao,nao,nao,3,RQ0;RQ1;RQ2,10,analise_central,RQ0;RQ1;RQ2;RQ3;RQ4;RQ5,sim,sim,sim,sim,sim,sim,criterios_de_sustentabilidade;criterios_de_priorizacao;metodo_multicriterio_ou_decisao;gestao_manutencao_predial;energia_desempenho_operacional;custo_ciclo_de_vida,custo;vida_util;desempenho_operacional,life-cycle cost;framework,edificio_generico,economica;tecnica_operacional;institucional;ciclo_de_vida,"In fact, Malaysia is lacking of a standard of LCC particularly for M&E services for PFI projects to provide guideline for standardized method of LCC determination.",alta,Mechanical and Electrical (M&E) services costs contribute to major percentage of total construction costs of a building as they comprise of significant operation and maintenance costs.
REG_01646,,A vector autoregressive model for interpolating missing meteorological data for use in building simulation,2013,,Proceedings of Bs 2013 13th Conference of the International Building Performance Simulation Association,Conference Proceeding,Scopus,,nao,nao,sim,MCDM/MCDA generico (sem metodo nomeado no titulo+resumo),nao,nao,nao,nao,nao_identificado_por_resumo,nao_informado_no_resumo,nao,nao,nao,nao,nao,nao,5,RQ0;RQ1;RQ2;RQ3;RQ5,14,analise_central,RQ0;RQ1;RQ2;RQ3;RQ4;RQ5,sim,sim,sim,sim,sim,sim,criterios_de_sustentabilidade;criterios_de_priorizacao;metodo_multicriterio_ou_decisao;gestao_manutencao_predial;energia_desempenho_operacional;custo_ciclo_de_vida;risco_seguranca_conforto,risco;condicao_fisica;desempenho_operacional;informacao_dados,decision support;framework,patrimonio_historico;edificio_generico,social;tecnica_operacional;ciclo_de_vida,"To overcome this problem simulation users may rely on Typical Meteorological Years (TMYs) instead of actual historical data, or they may apply an existing interpolation method to fill the gaps in historical data.",alta,"Building performance simulation is increasingly used to aid in decision making about the design, construction, retrofit, operation and maintenance of new and existing buildings."
REG_01657,10.1108/f-06-2012-0042,Evaluation of building performance for strategic facilities management in healthcare: A case study of a public hospital in Australia,2013,,Facilities,Journal,Scopus,Australia; Building performance; Facilities management; Healthcare building; Hospitals,nao,nao,nao,,nao,nao,nao,nao,hospitalar/saude,Australia,nao,nao,nao,nao,nao,nao,3,RQ0;RQ1;RQ4,9,analise_central,RQ0;RQ1;RQ2;RQ4;RQ5,sim,sim,sim,nao,sim,sim,criterios_de_sustentabilidade;criterios_de_priorizacao;gestao_manutencao_predial;facility_management;contexto_publico_universitario;energia_desempenho_operacional;lacuna_para_ies_publicas,desempenho_operacional,framework,hospital;edificio_publico;portfolio_predial;edificio_generico,social;tecnica_operacional;institucional,© Emerald Group Publishing Limited.,alta,"Purpose: The purpose of this paper is to evaluate the main elements of building performance, namely, building function, building impact and building quality in order to promote strategic facilities management in healthca"
REG_02069,10.1016/j.proeng.2011.11.187,Outsourcing in facilities management - A literature review,2011,"Kurdi, MK; Abdul-Tharim, AH; Jaffar, N; Azli, MS; Shuib, MN; Ab-Wahid, AM",2ND INTERNATIONAL BUILDING CONTROL CONFERENCE,Conference Proceeding,Scopus|WoS,Facilities; Management; Outsourcing; facilities management outsourcing,nao,nao,sim,MCDM/MCDA generico (sem metodo nomeado no titulo+resumo),nao,nao,nao,nao,nao_identificado_por_resumo,Malasia,nao,sim,nao,nao,nao,nao,4,RQ0;RQ1;RQ2;RQ3,12,analise_central,RQ0;RQ1;RQ2;RQ3;RQ4,sim,sim,sim,sim,sim,nao,criterios_de_sustentabilidade;criterios_de_priorizacao;metodo_multicriterio_ou_decisao;gestao_manutencao_predial;facility_management;energia_desempenho_operacional;custo_ciclo_de_vida,custo;vida_util;desempenho_operacional,decision support;life-cycle cost;framework,portfolio_predial;edificio_generico,economica;tecnica_operacional;institucional;ciclo_de_vida,nao_identificada_no_resumo,alta,Outsourcing in facilities management involves turning over the complete management and decision-making authority of an operation to somebody outside organization.
REG_02204,10.2495/eco110251,Sustainable carbon neutral building design: New simulation tools for teaching green buildings,2011,"Vassigh, S",Wit Transactions on Ecology and the Environment,Journal,Scopus|WoS,Augmented learning; Educational tools; Green building design; Instructional technology; Teaching sustainable design,nao,nao,sim,MCDM/MCDA generico (sem metodo nomeado no titulo+resumo),nao,nao,nao,nao,nao_identificado_por_resumo,Estados Unidos,sim,nao,nao,sim,nao,nao,4,RQ0;RQ1;RQ2;RQ3,12,analise_central,RQ0;RQ1;RQ2;RQ3;RQ4,sim,sim,sim,sim,sim,nao,criterios_de_sustentabilidade;criterios_de_priorizacao;metodo_multicriterio_ou_decisao;gestao_manutencao_predial;energia_desempenho_operacional;custo_ciclo_de_vida;risco_seguranca_conforto,custo;risco;energia;vida_util;desempenho_operacional;emissoes_carbono,decision support;framework,edificio_generico,ambiental;economica;tecnica_operacional;energia;ciclo_de_vida,nao_identificada_no_resumo,alta,The Building Industry is one of the major consumers of energy.
REG_02495,10.3390/en15197002,Digital Twins’ Applications for Building Energy Efficiency: A Review,2022,,Energies,Journal,Scopus,buildings; digital twin; energy efficiency; energy performance; occupants’ comfort,nao,nao,nao,,nao,sim,nao,nao,nao_identificado_por_resumo,nao_informado_no_resumo,sim,nao,nao,nao,nao,nao,4,RQ1;RQ2;RQ3;RQ5,11,analise_central,RQ0;RQ1;RQ2;RQ3;RQ4;RQ5,sim,sim,sim,sim,sim,sim,criterios_de_sustentabilidade;criterios_de_priorizacao;metodo_multicriterio_ou_decisao;gestao_manutencao_predial;energia_desempenho_operacional;custo_ciclo_de_vida;risco_seguranca_conforto,energia;conforto;desempenho_operacional;informacao_dados,optimization;digital twin,edificio_generico,ambiental;social;tecnica_operacional;institucional;energia;conforto;ciclo_de_vida,"This paper aims to provide a comprehensive review of the applications of digital twins for building energy efficiency, analyze research trends and identify research gaps and potential future research directions.",alta,"Over the last few decades, energy efficiency has received increasing attention from the Architecture, Engineering, Construction and Operation (AECO) industry."
REG_02540,10.3390/su14169955,An Integrated Fuzzy-Based Sustainability Framework for Post-Secondary Educational Buildings: A User-Perspective Approach,2022,"Alfalah, G; Al-Sakkaf, A; Abdelkader, EM; Zayed, T",Sustainability Switzerland,Journal,Scopus|WoS,building sustainability; facility management; fuzzy analytical network process; fuzzy expert system; post-secondary educational buildings; user perspective; user perspective post-secondary educational buildings building sustainability fuzzy analytical network process facility management fuzzy expert system FACILITIES MANAGEMENT SATISFACTION PERFORMANCE ENERGY CLASSIFICATION PERCEPTION INDICATORS UNIVERSITY OCCUPANTS COMFORT,nao,nao,sim,ANP,nao,nao,nao,nao,escolar; universitario/campus,nao_informado_no_resumo,nao,nao,sim,nao,nao,nao,4,RQ0;RQ1;RQ3;RQ4,11,analise_central,RQ0;RQ1;RQ2;RQ3;RQ4;RQ5,sim,sim,sim,sim,sim,sim,criterios_de_sustentabilidade;criterios_de_priorizacao;metodo_multicriterio_ou_decisao;gestao_manutencao_predial;facility_management;contexto_publico_universitario;energia_desempenho_operacional;risco_seguranca_conforto;lacuna_para_ies_publicas,energia;conforto;desempenho_operacional;satisfacao_usuario;informacao_dados,ANP;fuzzy;framework,universidade;escola;portfolio_predial;campus;edificio_generico,ambiental;social;tecnica_operacional;institucional;energia;conforto,"However, limited research has centered on improving educational building sustainability from users’ perspectives.",alta,Decreasing the impact of educational buildings on the environment is a primary concern of the sustainable building movement.
REG_02568,10.3390/buildings12070994,Assessment of the Perception of Sustainability for Occupants of Residential Buildings: A Case Study in the UAE,2022,,Buildings,Journal,Scopus,decision tree; perception; residential sector; structural equation modelling; sustainability,nao,nao,nao,,nao,nao,nao,nao,residencial,Emirados Arabes Unidos,nao,nao,nao,nao,nao,nao,4,RQ0;RQ1;RQ4;RQ5,11,analise_central,RQ0;RQ1;RQ2;RQ4;RQ5,sim,sim,sim,nao,sim,sim,criterios_de_sustentabilidade;criterios_de_priorizacao;gestao_manutencao_predial;facility_management;custo_ciclo_de_vida,custo;satisfacao_usuario;informacao_dados,framework,edificio_residencial;portfolio_predial;edificio_generico,ambiental;economica;social;tecnica_operacional;institucional,"Although evidence shows that the UAE is among the countries in the world that take sustainability seriously, there is a lack of information about the perception of sustainability by occupants in the residential sector in the UAE.",alta,"Although evidence shows that the UAE is among the countries in the world that take sustainability seriously, there is a lack of information about the perception of sustainability by occupants in the residential sector in"
REG_02635,10.1016/j.ssci.2021.105640,A thematic review on Prevention through design (PtD) concept application in the construction industry of developing countries,2022,,Safety Science,Journal,Scopus,Concept application; Construction industry; Prevention Through Design (PtD); Thematic analysis,nao,nao,nao,,sim,nao,nao,nao,nao_identificado_por_resumo,nao_informado_no_resumo,nao,nao,nao,nao,nao,sim,4,RQ0;RQ1;RQ2;RQ5,12,analise_central,RQ0;RQ1;RQ2;RQ3;RQ4,sim,sim,sim,sim,sim,nao,criterios_de_sustentabilidade;criterios_de_priorizacao;metodo_multicriterio_ou_decisao;gestao_manutencao_predial;energia_desempenho_operacional;custo_ciclo_de_vida;risco_seguranca_conforto,risco;seguranca;vida_util;desempenho_operacional;informacao_dados,framework;BIM,edificio_generico,tecnica_operacional;institucional;risco;seguranca;ciclo_de_vida,nao_identificada_no_resumo,alta,"The life cycle of the building or any other type of structure comprises the stages of planning, design, construction, operation, and maintenance until demolition."
REG_03126,10.1016/j.autcon.2021.103712,A performance data integrated BIM framework for building life-cycle energy efficiency and environmental optimization design,2021,"Zhuang, D; Zhang, XK; Lu, YD; Wang, C; Jin, X; Zhou, X; Shi, X",Automation in Construction,Journal,Scopus|WoS,Building information modelling; Data integration; Envelope construction; Indoor environmental quality; Life cycle cost; Multi-objective optimization; Building information modelling Data integration Multi-objective optimization Life cycle cost Indoor environmental quality Envelope construction,nao,nao,nao,,sim,nao,nao,sim,escolar,nao_informado_no_resumo,sim,sim,nao,nao,nao,nao,6,RQ0;RQ1;RQ2;RQ3;RQ4;RQ5,15,analise_central,RQ0;RQ1;RQ2;RQ3;RQ4;RQ5,sim,sim,sim,sim,sim,sim,criterios_de_sustentabilidade;criterios_de_priorizacao;metodo_multicriterio_ou_decisao;gestao_manutencao_predial;facility_management;contexto_publico_universitario;energia_desempenho_operacional;custo_ciclo_de_vida;risco_seguranca_conforto;lacuna_para_ies_publicas,custo;energia;conforto;vida_util;desempenho_operacional;informacao_dados,optimization;life-cycle cost;framework;BIM,escola;portfolio_predial;edificio_generico,ambiental;economica;tecnica_operacional;institucional;energia;conforto;ciclo_de_vida,More application scenarios focusing on the stage of facility management and different sustainability performance will be conducted in P-BIM framework in future works.,alta,Data-driven green building design in BIM is challenged by the lack of a comprehensive data integration framework with the capabilities of building life-cycle performance data management and application.
REG_03176,10.1088/1755-1315/768/1/012132,The Strategy of Passive Ecological Building Design Based on Guangxi's Climate Characteristics - A Case Study on the Garden Art Gallery of the 12th China (Nanning) International Garden Expo,2021,,Iop Conference Series Earth and Environmental Science,Conference Proceeding,Scopus,,nao,nao,sim,ANP,nao,nao,nao,nao,nao_identificado_por_resumo,China,sim,nao,nao,nao,nao,nao,4,RQ0;RQ1;RQ2;RQ3,12,analise_central,RQ0;RQ1;RQ2;RQ3;RQ4,sim,sim,sim,sim,sim,nao,criterios_de_sustentabilidade;criterios_de_priorizacao;metodo_multicriterio_ou_decisao;gestao_manutencao_predial;energia_desempenho_operacional;custo_ciclo_de_vida,custo;desempenho_operacional,ANP,edificio_comercial;edificio_generico,ambiental;economica;tecnica_operacional;ciclo_de_vida,nao_identificada_no_resumo,alta,"This project is based on the climate characteristics of Guangxi, combined with regional traditional construction methods and vernacular construction materials, and mainly in the light of the passive green building techno"
REG_03230,10.1108/f-10-2019-0108,Improving lighting efficiency in existing art museums: a case study,2021,"Hassanizadeh, N; Noorzai, E",Facilities,Journal,Scopus|WoS,Art museums lighting; Energy consumption reduction; Energy simulation; Improving efficiency; Life-cycle cost; Lighting systems; Art museums lighting Energy consumption reduction Energy simulation Improving efficiency Life-cycle cost Lighting systems ENERGY EFFICIENCY SIMULATION BUILDINGS CONSERVATION PERCEPTION DESIGN IMPACT,nao,nao,nao,,nao,nao,nao,nao,nao_identificado_por_resumo,nao_informado_no_resumo,sim,sim,nao,nao,nao,nao,3,RQ1;RQ2;RQ3,9,analise_central,RQ0;RQ1;RQ2;RQ3;RQ4;RQ5,sim,sim,sim,sim,sim,sim,criterios_de_sustentabilidade;criterios_de_priorizacao;metodo_multicriterio_ou_decisao;gestao_manutencao_predial;facility_management;energia_desempenho_operacional;custo_ciclo_de_vida,custo;energia;vida_util;desempenho_operacional;satisfacao_usuario,optimization;life-cycle cost;framework,edificio_comercial;portfolio_predial;edificio_generico,ambiental;economica;tecnica_operacional;institucional;energia;ciclo_de_vida,"© 2020, Emerald Publishing Limited.",alta,"By surveying all possible elements, this paper aims to propose a sustainability-based solution, as it relates to the development of artwork conservation, visual perception and energy efficiency during operation and maint"
REG_03334,10.1080/15623599.2019.1571750,Evaluation of facilities management sustainable parameters for improving operational efficiency,2021,"Islam, R; Nazifa, TH; Mohamed, SF",International Journal of Construction Management,Journal,Scopus|WoS,design parameters; Facilities management (FM); sustainable; Facilities management (FM) sustainable design parameters IMPLEMENTING SUSTAINABILITY PERFORMANCE-MEASUREMENT CONCEPTUAL-FRAMEWORK ASSESSMENT MODEL MAINTENANCE DESIGN BUILDINGS FM CONSTRUCTION BUSINESS,nao,nao,nao,,nao,nao,nao,nao,nao_identificado_por_resumo,Reino Unido,nao,sim,nao,sim,nao,nao,3,RQ0;RQ1;RQ2,10,analise_central,RQ0;RQ1;RQ2;RQ4;RQ5,sim,sim,sim,nao,sim,sim,criterios_de_sustentabilidade;criterios_de_priorizacao;gestao_manutencao_predial;facility_management;energia_desempenho_operacional;custo_ciclo_de_vida,custo;vida_util;desempenho_operacional;manutenibilidade,framework,portfolio_predial;edificio_generico,ambiental;economica;social;tecnica_operacional;institucional;ciclo_de_vida,"© 2019 Informa UK Limited, trading as Taylor & Francis Group.",alta,Sustainability is becoming an integral part of the life-cycle development of built facilities and is emphasized during the design phase and post-occupancy phase.
REG_03349,10.1007/978-981-15-4577-1_72,Exploring the Acceptance of Life Cycle Cost for Residential Projects in India,2021,,Lecture Notes in Civil Engineering,Book Series,Scopus,Life cycle cost; Maintenance cost; Operation cost; Residential building,nao,nao,sim,MCDM/MCDA generico (sem metodo nomeado no titulo+resumo),nao,nao,nao,nao,residencial,India; Singapura,nao,sim,nao,nao,nao,nao,6,RQ0;RQ1;RQ2;RQ3;RQ4;RQ5,15,analise_central,RQ0;RQ1;RQ2;RQ3;RQ4;RQ5,sim,sim,sim,sim,sim,sim,criterios_de_sustentabilidade;criterios_de_priorizacao;metodo_multicriterio_ou_decisao;gestao_manutencao_predial;energia_desempenho_operacional;custo_ciclo_de_vida;risco_seguranca_conforto,custo;risco;condicao_fisica;vida_util;desempenho_operacional,decision support;life-cycle cost,edificio_residencial;edificio_generico,ambiental;economica;tecnica_operacional;institucional;ciclo_de_vida,The research result reveals critical barriers in acceptance of life cycle cost in India.,alta,"In the construction project management, demands for sustainable and long-term decision-making methods are increasing as the projects are getting complex."
REG_03359,10.36680/j.itcon.2021.005,From BIM to digital twins: A systematic review of the evolution of intelligent building representations in the AEC-FM industry,2021,"Deng, M; Menassa, CC; Kamat, VR",Journal of Information Technology in Construction,Journal,Scopus|WoS,Building Information Modeling (BIM); Built Environment; Digital Twin; Internet of Things (IoT); Smart Buildings; Smart City; Built Environment Building Information Modeling (BIM) Digital Twin Internet of Things (IoT) Smart Buildings Smart City INFORMATION MODELING BIM THERMAL COMFORT FACILITY MANAGEMENT THINGS IOT FRAMEWORK SIMULATION PERFORMANCE MAINTENANCE INTEGRATION INTERNET,nao,nao,sim,MCDM/MCDA generico (sem metodo nomeado no titulo+resumo),sim,sim,sim,nao,nao_identificado_por_resumo,nao_informado_no_resumo,nao,nao,sim,nao,nao,nao,4,RQ0;RQ1;RQ3;RQ5,12,analise_central,RQ0;RQ1;RQ2;RQ3;RQ4;RQ5,sim,sim,sim,sim,sim,sim,criterios_de_sustentabilidade;criterios_de_priorizacao;metodo_multicriterio_ou_decisao;gestao_manutencao_predial;facility_management;energia_desempenho_operacional;custo_ciclo_de_vida;risco_seguranca_conforto,energia;conforto;vida_util;desempenho_operacional;informacao_dados,decision support;framework;BIM;digital twin;IoT,portfolio_predial;edificio_generico,ambiental;tecnica_operacional;institucional;energia;conforto;ciclo_de_vida,"However, research in Digital Twins for the built environment is still in its nascent stages and there is a need to understand the advances in the underlying enabling technologies and establish a convergent context for ongoing and future research.",alta,The widespread adoption of Building Information Modeling (BIM) and the recent emergence of Internet of Things (IoT) applications offer several new insights and decision-making capabilities throughout the life cycle of th
REG_03383,10.1007/978-981-15-8783-2_17,Occupants’ Behavioral Analysis for the Optimization of Building Operation and Maintenance: A Case Study to Improve the Use of Elevators in a University Building,2021,Gabriele Bernardini; Elisa Di Giuseppe; Marco D’Orazio; Enrico Quagliarini,"Smart Innovation, Systems and Technologies; Sustainability in Energy and Buildings 2020",Book Series,Crossref|Scopus,Behavioral models; Building operation and maintenance; Buildings users’ behavior; Condition-based maintenance; Elevators; In situ evaluation,nao,nao,nao,,nao,nao,nao,nao,universitario/campus; publico_geral,Singapura,nao,nao,nao,nao,nao,nao,5,RQ1;RQ2;RQ3;RQ4;RQ5,12,analise_central,RQ0;RQ1;RQ2;RQ3;RQ4;RQ5,sim,sim,sim,sim,sim,sim,criterios_de_sustentabilidade;criterios_de_priorizacao;metodo_multicriterio_ou_decisao;gestao_manutencao_predial;contexto_publico_universitario;energia_desempenho_operacional;custo_ciclo_de_vida;risco_seguranca_conforto;lacuna_para_ies_publicas,custo;risco;condicao_fisica;conforto;desempenho_operacional;residuos,optimization;framework,universidade;edificio_publico;campus;edificio_generico,ambiental;economica;social;tecnica_operacional;institucional;conforto;ciclo_de_vida,"© 2021, The Author(s), under exclusive license to Springer Nature Singapore Pte Ltd.",alta,"The impact of the users’ behavior on the building performance is largely recognized, especially considering most of common building operation and management (O&M) tasks."
REG_03670,10.1108/meq-05-2019-0093,Improving maintenance management practices on green building projects,2020,,Management of Environmental Quality an International Journal,Journal,Scopus,Framework; Green building; ICT; Improper maintenance; Maintenance management; Project,nao,nao,nao,,nao,nao,nao,nao,nao_identificado_por_resumo,nao_informado_no_resumo,sim,nao,nao,nao,nao,nao,3,RQ0;RQ1;RQ5,10,analise_central,RQ0;RQ1;RQ2;RQ4;RQ5,sim,sim,sim,nao,sim,sim,criterios_de_sustentabilidade;criterios_de_priorizacao;gestao_manutencao_predial;energia_desempenho_operacional;custo_ciclo_de_vida,condicao_fisica;desempenho_operacional;informacao_dados;manutenibilidade,framework,edificio_generico,ambiental;tecnica_operacional;institucional;ciclo_de_vida,It is also suggested that further research into maintenance of GB should consider issues in terms of concern for lifecycle assessment and sustainability.,alta,Purpose: The improper maintenance affects the performance of management practices for Green Building (GB) in Malaysia.
REG_03759,10.1108/pm-11-2019-0068,Risk management in facility management for data centres: status and deficits,2020,"Bieser, J; Kurzrock, BM; Batra, R",Property Management,Journal,Scopus|WoS,Building life cycle; Data centres; Digitalization; Facility services; Risk management; Risk management Building life cycle Facility services Digitalization Data centres,nao,nao,nao,,nao,nao,nao,nao,nao_identificado_por_resumo,nao_informado_no_resumo,nao,nao,nao,nao,nao,sim,3,RQ0;RQ1;RQ2,10,analise_central,RQ0;RQ1;RQ2;RQ4;RQ5,sim,sim,sim,nao,sim,sim,criterios_de_sustentabilidade;criterios_de_priorizacao;gestao_manutencao_predial;facility_management;energia_desempenho_operacional;custo_ciclo_de_vida;risco_seguranca_conforto,risco;vida_util;desempenho_operacional;informacao_dados,framework,portfolio_predial;edificio_generico,ambiental;tecnica_operacional;institucional;risco;ciclo_de_vida,"© 2020, Emerald Publishing Limited.",alta,Purpose: Data centres (DC) serve as critical infrastructure and require a sustainable and uninterrupted building operation.
REG_03763,10.1016/j.scs.2020.102073,A review of sustainable facility management research,2020,"Alfalah, G; Zayed, T",Sustainable Cities and Society,Journal,Scopus|WoS,Building performance; Maintainability; Sustainable facility management; Sustainable facility management Building performance Maintainability BUILDING PERFORMANCE USERS SATISFACTION BUILT ENVIRONMENT MAINTENANCE BENEFITS CONSTRUCTION INNOVATION STRATEGY OFFICES SYSTEM,nao,nao,nao,,nao,nao,nao,nao,nao_identificado_por_resumo,nao_informado_no_resumo,nao,nao,nao,sim,nao,nao,3,RQ0;RQ1;RQ5,10,analise_central,RQ0;RQ1;RQ2;RQ4;RQ5,sim,sim,sim,nao,sim,sim,criterios_de_sustentabilidade;criterios_de_priorizacao;gestao_manutencao_predial;facility_management;energia_desempenho_operacional;custo_ciclo_de_vida;risco_seguranca_conforto,custo;desempenho_operacional;informacao_dados;manutenibilidade,framework,portfolio_predial;edificio_generico,ambiental;economica;social;tecnica_operacional;institucional;conforto,"This paper presents a review of SFM publications, developing a framework for identifying areas of concern regarding SFM systems, as well as identifying and studying research gaps and limitations in the existing body of knowledge.",alta,"Sustainable facility management (SFM) has a positive effect on the three main pillars of sustainable buildings: economic, environmental, and social benefits, thereby adding value to companies, organizations, and governme"
REG_03843,10.14455/isec.res.2020.7(1).con-15,Application of fuzzy topsis for selecting most sustainable building wall material,2020,,Proceedings of International Structural Engineering and Construction,Conference Proceeding,Scopus,Construction material; Green building; Multiple criteria decision making (MCDM); United Arab Emirates (UAE),sim,nao,nao,TOPSIS,nao,nao,nao,nao,nao_identificado_por_resumo,Emirados Arabes Unidos,sim,nao,nao,nao,nao,nao,4,RQ0;RQ1;RQ2;RQ3,12,analise_central,RQ0;RQ1;RQ2;RQ3;RQ4,sim,sim,sim,sim,sim,nao,criterios_de_sustentabilidade;criterios_de_priorizacao;metodo_multicriterio_ou_decisao;gestao_manutencao_predial;energia_desempenho_operacional;custo_ciclo_de_vida,custo;desempenho_operacional,TOPSIS;MCDM;fuzzy;decision support;framework,edificio_generico,ambiental;economica;social;tecnica_operacional;ciclo_de_vida,nao_identificada_no_resumo,alta,"Poor choice of materials can lead to higher costs during construction, higher long-term operation and maintenance expenses, and endanger humans and their surrounding environment."
REG_03844,,Application of fuzzy topsis for selecting most sustainable building wall material,2020,,3rd European and Mediterranean Structural Engineering and Construction Conference 2020 Euro Med Sec 2020,Conference Proceeding,Scopus,Construction material; Green building; Multiple criteria decision making (MCDM); United Arab Emirates (UAE),sim,nao,nao,TOPSIS,nao,nao,nao,nao,nao_identificado_por_resumo,Emirados Arabes Unidos,sim,nao,nao,nao,nao,nao,4,RQ0;RQ1;RQ2;RQ3,12,analise_central,RQ0;RQ1;RQ2;RQ3;RQ4,sim,sim,sim,sim,sim,nao,criterios_de_sustentabilidade;criterios_de_priorizacao;metodo_multicriterio_ou_decisao;gestao_manutencao_predial;energia_desempenho_operacional;custo_ciclo_de_vida,custo;desempenho_operacional,TOPSIS;MCDM;fuzzy;decision support;framework,edificio_generico,ambiental;economica;social;tecnica_operacional;ciclo_de_vida,nao_identificada_no_resumo,alta,"Poor choice of materials can lead to higher costs during construction, higher long-Term operation and maintenance expenses, and endanger humans and their surrounding environment."
REG_04015,10.1108/f-08-2020-0094,Energy-efficient retrofitting of multi-storey residential buildings,2020,,Facilities,Journal,Scopus,Aged building; Building maintenance; Cardamom e-auction; Co integration; Day of the week effect; Energy modeling; Energy saving; Forward market; Market efficiency; Price discovery; Retrofit; Sustainable buildings,nao,nao,nao,,nao,nao,nao,nao,residencial,nao_informado_no_resumo,sim,nao,nao,nao,nao,nao,4,RQ0;RQ1;RQ4;RQ5,11,analise_central,RQ0;RQ1;RQ2;RQ4;RQ5,sim,sim,sim,nao,sim,sim,criterios_de_sustentabilidade;criterios_de_priorizacao;gestao_manutencao_predial;energia_desempenho_operacional;custo_ciclo_de_vida,custo;energia;desempenho_operacional;emissoes_carbono,framework,edificio_residencial;edificio_generico,ambiental;economica;tecnica_operacional;institucional;energia,"Research limitations/implications: Future studies may take a similar approach of this study to develop retrofitting frameworks for other types of buildings, and further research paper can be extended to study retrofitting for buildings in a district or a regio",alta,Purpose: Sustainable retrofitting of aged buildings plays a significant role in reducing energy demands and greenhouse gas emissions.
REG_04052,10.3390/su11247181,Forecasting repair schedule for building components based on case-based reasoning and fuzzy-AHP,2019,"Park, S; Kwon, N; Ahn, Y",Sustainability Switzerland,Journal,Scopus|WoS,Apartment buildings; Building maintenance; Case-based reasoning; Fuzzy-analytic hierarchy process; Proactive maintenance; building maintenance proactive maintenance apartment buildings case-based reasoning fuzzy-analytic hierarchy process DETERMINING ATTRIBUTE WEIGHTS COST PREDICTION CBR MODEL MAINTENANCE SYSTEM,nao,sim,nao,AHP,nao,nao,nao,nao,nao_identificado_por_resumo,nao_informado_no_resumo,nao,nao,nao,nao,nao,nao,5,RQ0;RQ1;RQ2;RQ3;RQ5,14,analise_central,RQ0;RQ1;RQ2;RQ3;RQ4;RQ5,sim,sim,sim,sim,sim,sim,criterios_de_sustentabilidade;criterios_de_priorizacao;metodo_multicriterio_ou_decisao;gestao_manutencao_predial;energia_desempenho_operacional;custo_ciclo_de_vida,custo;condicao_fisica;desempenho_operacional;informacao_dados;manutenibilidade,AHP;fuzzy;scoring;case-based reasoning;framework,edificio_generico,economica;tecnica_operacional,"However, existing approaches to maintenance are limited in terms of estimating required repairs.",alta,Building maintenance is closely related to the performance and sustainability of buildings.
REG_04120,10.1063/1.5126571,Proposed research methodology for establishing the critical success factors for maintenance management of hospital buildings,2019,,Aip Conference Proceedings,Conference Proceeding,Scopus,,nao,nao,nao,,nao,nao,nao,nao,hospitalar/saude,nao_informado_no_resumo,nao,sim,nao,nao,nao,nao,5,RQ0;RQ1;RQ2;RQ4;RQ5,13,analise_central,RQ0;RQ1;RQ2;RQ4;RQ5,sim,sim,sim,nao,sim,sim,criterios_de_sustentabilidade;criterios_de_priorizacao;gestao_manutencao_predial;energia_desempenho_operacional;custo_ciclo_de_vida;risco_seguranca_conforto,custo;risco;seguranca;desempenho_operacional;informacao_dados;manutenibilidade;qualidade_servico,framework,hospital;edificio_generico,economica;social;tecnica_operacional;institucional;risco;seguranca,"There is an increasing recognition amongst healthcare organisations on the need to improve building performance in order to increase healthcare delivery, profits, and patients' recovery and to reduce penalties.",alta,"While, maintenance costs of hospital buildings have increased significantly, fire outbreaks, equipment breakdowns, and decay of a building's components, structure and fabric suggest a need to conduct empirical research t"
REG_04122,10.1108/f-09-2018-0107,Green maintainability assessment of high-rise vertical greenery systems,2019,"Conejos, S; Chew, MYL; Azril, FHB",Facilities,Journal,Scopus|WoS,Case studies in Singapore; Green building technologies; Green maintainability; Qualitative research; Sustainable built environments; Vertical greenery systems (VGS); Qualitative research Green maintainability Case studies in Singapore Green building technologies Sustainable built environments Vertical greenery systems (VGS) LIFE-CYCLE ASSESSMENT LIVING WALLS FACADES DESIGN SUSTAINABILITY PERFORMANCE MANAGEMENT FRAMEWORK SAFE,nao,nao,nao,,nao,nao,nao,nao,nao_identificado_por_resumo,Singapura,sim,sim,nao,sim,nao,nao,4,RQ0;RQ1;RQ2;RQ5,12,analise_central,RQ0;RQ1;RQ2;RQ4;RQ5,sim,sim,sim,nao,sim,sim,criterios_de_sustentabilidade;criterios_de_priorizacao;gestao_manutencao_predial;facility_management;energia_desempenho_operacional;custo_ciclo_de_vida;risco_seguranca_conforto,custo;risco;condicao_fisica;seguranca;vida_util;desempenho_operacional;agua;informacao_dados;manutenibilidade,framework,portfolio_predial;edificio_generico,ambiental;economica;social;tecnica_operacional;institucional;risco;seguranca;ciclo_de_vida,VGS) have grown in complexity which poses maintainability challenges.,alta,Purpose: Vertical greenery systems (VGS) have been a widely accepted design strategy that contributes to creating sustainable built environments.
REG_04126,10.1108/f-10-2017-0102,Early decision-making for school building renovation,2019,"Farsäter, K; Olander, S",Facilities,Journal,Scopus|WoS,Building evaluation; Facility management; Learning environments; Property management; Refurbishment; Sustainable buildings; Facility management Property management Building evaluation Refurbishment Sustainable buildings Learning environments DESIGN,nao,nao,sim,MCDM/MCDA generico (sem metodo nomeado no titulo+resumo),nao,nao,nao,nao,escolar,nao_informado_no_resumo,nao,nao,sim,nao,nao,nao,5,RQ0;RQ1;RQ2;RQ3;RQ4,13,analise_central,RQ0;RQ1;RQ2;RQ3;RQ4;RQ5,sim,sim,sim,sim,sim,sim,criterios_de_sustentabilidade;criterios_de_priorizacao;metodo_multicriterio_ou_decisao;gestao_manutencao_predial;facility_management;contexto_publico_universitario;energia_desempenho_operacional;risco_seguranca_conforto;lacuna_para_ies_publicas,condicao_fisica;energia;conforto,decision support;framework,escola;portfolio_predial;edificio_generico,ambiental;social;tecnica_operacional;institucional;energia;conforto,Originality/value: This study illustrates the comprehensive analysis needed when renovating a building and on difficulties of addressing and evaluating all the viable aspects of concern.,alta,"Findings: Aspects such as technical status, energy use and indoor environment in the buildings were not discussed to any great extent."
REG_04163,10.3390/buildings9080182,LCC estimation model: A construction material perspective,2019,"Biolek, V; Hanák, T",Buildings,Journal,Scopus|WoS,Building; Construction material; Life cycle costs; Thermal insulation system; building construction material life cycle costs thermal insulation system LIFE-CYCLE COST DESIGN OPTIMIZATION INTEGRATION BUILDINGS ENERGY MAINTENANCE,nao,nao,sim,MCDM/MCDA generico (sem metodo nomeado no titulo+resumo),nao,nao,nao,nao,nao_identificado_por_resumo,nao_informado_no_resumo,sim,sim,nao,nao,nao,nao,4,RQ0;RQ1;RQ2;RQ3,12,analise_central,RQ0;RQ1;RQ2;RQ3;RQ4,sim,sim,sim,sim,sim,nao,criterios_de_sustentabilidade;criterios_de_priorizacao;metodo_multicriterio_ou_decisao;gestao_manutencao_predial;facility_management;energia_desempenho_operacional;custo_ciclo_de_vida,custo;energia;vida_util;desempenho_operacional;informacao_dados,optimization;decision support;life-cycle cost;framework,portfolio_predial;edificio_generico,ambiental;economica;social;tecnica_operacional;institucional;energia;ciclo_de_vida,nao_identificada_no_resumo,alta,The growing pressure to ensure sustainable construction is also associated with stricter demands on the cost-effectiveness of construction and operation of buildings and reduction of their environmental impact.
REG_04203,10.1108/ijbpa-10-2017-0049,An Integrated Computerised Maintenance Management System (I-CMMS) for IBS building maintenance,2019,Zul-Atfi Ismail,International Journal of Building Pathology and Adaptation,Journal,Crossref|Scopus|WoS,Automatic bidirectional communications; BIM technology; Database; Decision making; IBS buildings; Maintenance management; Decision making Maintenance management Database Automatic bidirectional communications BIM technology IBS buildings DECISION-MAKING KNOWLEDGE REUSE BIM CONSTRUCTION PERFORMANCE MODEL IMPLEMENTATION FRAMEWORK IMPROVE,nao,nao,sim,MCDM/MCDA generico (sem metodo nomeado no titulo+resumo),sim,nao,nao,nao,nao_identificado_por_resumo,Malasia,nao,nao,nao,nao,nao,sim,4,RQ0;RQ1;RQ2;RQ3,12,analise_central,RQ0;RQ1;RQ2;RQ3;RQ4;RQ5,sim,sim,sim,sim,sim,sim,criterios_de_sustentabilidade;criterios_de_priorizacao;metodo_multicriterio_ou_decisao;gestao_manutencao_predial;energia_desempenho_operacional;custo_ciclo_de_vida;risco_seguranca_conforto,risco;condicao_fisica;vida_util;desempenho_operacional;residuos;informacao_dados;manutenibilidade,decision support;framework;BIM,edificio_generico,tecnica_operacional;institucional;risco;ciclo_de_vida,"© 2018, Emerald Publishing Limited.",alta,"Purpose: The purpose of this paper is to focus on the development of an integrated computerised maintenance management system to improve the information storage of design and construction, diagnostic and defect risk asse"
REG_04225,10.1108/jfm-11-2017-0059,Determining a conceptual framework for safe and sustainable health-care waste management (SSHCWM) implementation in health-care facilities,2019,,Journal of Facilities Management,Journal,Scopus,FM performance; Health-care facilities; Performance assessment; Sustainable FM; Sustainble health-care waste management; Value-added FM,nao,nao,nao,,nao,nao,nao,nao,hospitalar/saude,nao_informado_no_resumo,sim,nao,nao,nao,nao,nao,3,RQ0;RQ1;RQ4,9,analise_central,RQ0;RQ1;RQ2;RQ4;RQ5,sim,sim,sim,nao,sim,sim,criterios_de_sustentabilidade;criterios_de_priorizacao;gestao_manutencao_predial;facility_management;energia_desempenho_operacional;risco_seguranca_conforto,seguranca;desempenho_operacional;residuos;informacao_dados,framework,hospital;portfolio_predial;edificio_generico,ambiental;social;tecnica_operacional;institucional,Design/methodology/approach: This paper used a review of existing literature in relation to health-care waste management in the context of sustainable facilities management and facilities management performance and forms a basis for further research.,alta,"Purpose: This paper aims to explore current sustainable facilities management knowledge and practice, focussing specifically on sustainable waste management implementation in health-care facilities with an aim to concept"
REG_04305,10.1016/j.jclepro.2018.10.065,Examining sustainability indicators of space management in elderly Facilities—a case study in China,2019,,Journal of Cleaner Production,Journal,Scopus,Elderly facilities; Space management; Sustainability dimensions; Sustainability indicators; Sustainable development,nao,nao,nao,,nao,nao,nao,nao,nao_identificado_por_resumo,China,sim,sim,sim,nao,nao,nao,4,RQ0;RQ1;RQ2;RQ5,12,analise_central,RQ0;RQ1;RQ2;RQ4;RQ5,sim,sim,sim,nao,sim,sim,criterios_de_sustentabilidade;criterios_de_priorizacao;gestao_manutencao_predial;facility_management;energia_desempenho_operacional;custo_ciclo_de_vida;risco_seguranca_conforto,custo;risco;desempenho_operacional;residuos;informacao_dados,framework,portfolio_predial;edificio_generico,ambiental;economica;social;tecnica_operacional;institucional,"An effective method to resolve these problems is sustainable space management (SSM), which is a particularly good fit for nonprofit elderly facilities with limited capital budgets.",alta,"Along with increases in the aging population and the number of elderly facilities, the existing unsustainable patterns of building operations have caused a series of space-related problems such as space waste, increasing"
REG_04552,10.1111/itor.70022,Contractors allocation for public building maintenance: a sustainable approach aligned with SDGs using AHP-TOPSIS and bi-objective optimization,2026,"Masmoudi, M; Alshamsi, M; Piya, S; Gupta, S",International Transactions in Operational Research,Journal,Scopus|WoS,AHP; bi-objective optimization; contractor allocation; facility management; maintenance; SDGs; sustainability; TOPSIS; facility management contractor allocation AHP TOPSIS bi-objective optimization maintenance sustainability SDGs FACILITY MANAGEMENT SELECTION OPERATION SERVICES BARRIERS CRITERIA MODEL,sim,sim,nao,TOPSIS; AHP,nao,nao,nao,nao,publico_geral,nao_informado_no_resumo,nao,sim,nao,nao,nao,nao,6,RQ0;RQ1;RQ2;RQ3;RQ4;RQ5,15,analise_central,RQ0;RQ1;RQ2;RQ3;RQ4,sim,sim,sim,sim,sim,nao,criterios_de_sustentabilidade;criterios_de_priorizacao;metodo_multicriterio_ou_decisao;gestao_manutencao_predial;facility_management;contexto_publico_universitario;energia_desempenho_operacional;custo_ciclo_de_vida;risco_seguranca_conforto,custo;risco;seguranca;desempenho_operacional;informacao_dados,AHP;TOPSIS;optimization;ranking;framework,edificio_publico;portfolio_predial;edificio_generico,ambiental;economica;tecnica_operacional;institucional;risco;seguranca,nao_identificada_no_resumo,alta,The facility management (FM) unit of an organization struggles with the sustainable selection of contractors for the maintenance of critical facilities.
REG_04569,10.1108/jfm-11-2025-0191,Analysis of sustainable facility management performance in university campuses based on user satisfaction indicators: the case of Ankara University Besevler Campus,2026,"Günes, S; Keskin, E; Avci, D",Journal of Facilities Management,Journal,Scopus|WoS,Campus facility management; Hierarchical regression; Management performance; Social management; Sustainability; User satisfaction; Sustainability User satisfaction Campus facility management Social management Hierarchical regression Management performance HIGHER-EDUCATION,nao,nao,nao,,nao,nao,nao,nao,universitario/campus,nao_informado_no_resumo,nao,nao,sim,nao,sim,nao,4,RQ0;RQ1;RQ4;RQ5,11,analise_central,RQ0;RQ1;RQ2;RQ4;RQ5,sim,sim,sim,nao,sim,sim,criterios_de_sustentabilidade;criterios_de_priorizacao;gestao_manutencao_predial;facility_management;contexto_publico_universitario;energia_desempenho_operacional;risco_seguranca_conforto;lacuna_para_ies_publicas,risco;conforto;desempenho_operacional;residuos;satisfacao_usuario;informacao_dados,framework,universidade;campus;portfolio_predial,ambiental;social;tecnica_operacional;institucional;conforto,"By addressing the underexplored relationship between social sustainability and user experience, the research seeks to provide evidence-based insights for sustainable campus facility management.",alta,"Purpose – This study aims to examine the impact of social governance and sustainability practices, in conjunction with technical maintenance services, on users’ perceptions of indoor comfort within university campuses."
REG_04572,10.3390/app16115640,"Coding and Relationships Between Construction and Maintenance Work Units and Their Life Cycle: A Study of the Economic, Environmental and Social Sustainability of Housing in Andalusia",2026,"Fonseca-Duarte, DO; Berges-Alvarez, I; Marrero, M",Applied Sciences Switzerland,Journal,Scopus|WoS,building life cycle; construction cost database; footprint indicators; Life Cycle Assessment (LCA); life cycle sustainability assessment (LCSA); maintenance planning; occupational risk assessment; risk index; social housing; building life cycle maintenance planning life cycle sustainability assessment (LCSA) construction cost database occupational risk assessment risk index footprint indicators Life Cycle Assessment (LCA) social housing BUILDING CONSTRUCTION CARBON FOOTPRINT E-TOWN,nao,nao,nao,,sim,nao,nao,nao,residencial,nao_informado_no_resumo,sim,nao,sim,nao,nao,sim,4,RQ0;RQ1;RQ2;RQ4,11,analise_central,RQ0;RQ1;RQ2;RQ3;RQ4,sim,sim,sim,sim,sim,nao,criterios_de_sustentabilidade;criterios_de_priorizacao;metodo_multicriterio_ou_decisao;gestao_manutencao_predial;energia_desempenho_operacional;custo_ciclo_de_vida;risco_seguranca_conforto,custo;risco;condicao_fisica;energia;seguranca;vida_util;emissoes_carbono;agua;informacao_dados,framework;BIM,edificio_residencial;edificio_generico,ambiental;economica;social;tecnica_operacional;institucional;risco;energia;seguranca;ciclo_de_vida,nao_identificada_no_resumo,alta,"The holistic assessment of building life cycles requires integrating economic, environmental, and social dimensions, including occupational risks and cost management."
REG_04575,10.3390/buildings16122389,From Construction Innovation to Operational Reality: Barriers to Technology Diffusion in the Operations and Maintenance of Public Hospitals in South Africa,2026,Nishani Harinarain; Mbongiseni Gcaba,Buildings,Journal,Crossref|Scopus,asset management; digital solutions; facilities management; operations and maintenance; public hospitals,nao,nao,nao,,nao,nao,nao,nao,hospitalar/saude,Africa do Sul,nao,nao,nao,sim,sim,nao,5,RQ0;RQ1;RQ2;RQ4;RQ5,13,analise_central,RQ0;RQ1;RQ2;RQ4;RQ5,sim,sim,sim,nao,sim,sim,criterios_de_sustentabilidade;criterios_de_priorizacao;gestao_manutencao_predial;facility_management;contexto_publico_universitario;energia_desempenho_operacional;custo_ciclo_de_vida;risco_seguranca_conforto;lacuna_para_ies_publicas,custo;risco;seguranca;desempenho_operacional;informacao_dados,framework,hospital;edificio_publico;portfolio_predial;edificio_generico,ambiental;economica;social;tecnica_operacional;institucional;risco;seguranca;ciclo_de_vida,"Key barriers include unclear institutional roles, inadequate handover processes, limited technical capacity, and the absence of strategic leadership to drive innovation.",alta,"South Africa’s public hospital system faces mounting pressure from ageing infrastructure, rising patient demand, and constrained maintenance budgets."
REG_04749,10.3233/atde260008,Considering Carbon Emissions and Energy Consumption Costs in Project Pricing: A Case Study of a Commercial Building in Shanghai,2026,,Advances in Transdisciplinary Engineering,Book Series,Scopus,carbon emissions; life cycle; Project cost,nao,nao,sim,MCDM/MCDA generico (sem metodo nomeado no titulo+resumo),nao,nao,nao,nao,comercial/escritorio,nao_informado_no_resumo,sim,nao,nao,nao,nao,nao,5,RQ0;RQ1;RQ2;RQ3;RQ4,13,analise_central,RQ0;RQ1;RQ2;RQ3;RQ4;RQ5,sim,sim,sim,sim,sim,sim,criterios_de_sustentabilidade;criterios_de_priorizacao;metodo_multicriterio_ou_decisao;gestao_manutencao_predial;energia_desempenho_operacional;custo_ciclo_de_vida,custo;condicao_fisica;energia;vida_util;desempenho_operacional;emissoes_carbono,decision support,edificio_comercial;edificio_generico,ambiental;economica;tecnica_operacional;institucional;energia;ciclo_de_vida,"However, the current cost management system still lacks effective consideration of carbon emissions during the operation and maintenance stage.",alta,"However, the current cost management system still lacks effective consideration of carbon emissions during the operation and maintenance stage."
REG_04758,10.1108/jfm-04-2024-0046,Sustainable facilities management: a sociotechnical system perspective and a review of the literature,2026,,Journal of Facilities Management,Journal,Scopus,Conceptual framework; Evolution of facilities management; Facilities management research; Literature review; Sociotechnical system; Sustainable facilities management,nao,nao,nao,,nao,nao,sim,nao,nao_identificado_por_resumo,nao_informado_no_resumo,nao,nao,nao,nao,sim,nao,3,RQ0;RQ1;RQ5,10,analise_central,RQ0;RQ1;RQ2;RQ3;RQ4;RQ5,sim,sim,sim,sim,sim,sim,criterios_de_sustentabilidade;criterios_de_priorizacao;metodo_multicriterio_ou_decisao;gestao_manutencao_predial;facility_management;energia_desempenho_operacional,desempenho_operacional;informacao_dados,framework;IoT,portfolio_predial;edificio_generico,ambiental;tecnica_operacional;institucional,"In a second step, the framework is combined with a systematic literature review of studies published between 2000 and 2023 to examine pressures applied to FM firms, explore responses and management processes and the evolution of FM practices, and identify rese",alta,Purpose – Sustainable facilities management (SFM) research necessitates a sociotechnical system perspective as core organizations and facilities management (FM) suppliers are subject to multiple pressures while participa
REG_04759,10.1108/sasbe-10-2023-0318,Factors influencing IoT adoption for sustainable facilities management in Saudi Arabia: a stakeholder assessment,2026,,Smart and Sustainable Built Environment,Journal,Scopus,Facilities management; Factors; Implementation; Internet of things; Saudi Arabia; Sustainable development goals,nao,nao,nao,,nao,nao,sim,nao,nao_identificado_por_resumo,nao_informado_no_resumo,nao,nao,nao,nao,nao,nao,4,RQ0;RQ1;RQ3;RQ5,12,analise_central,RQ0;RQ1;RQ2;RQ3;RQ4;RQ5,sim,sim,sim,sim,sim,sim,criterios_de_sustentabilidade;criterios_de_priorizacao;metodo_multicriterio_ou_decisao;gestao_manutencao_predial;facility_management;energia_desempenho_operacional,desempenho_operacional;informacao_dados,ranking;framework;IoT,portfolio_predial;edificio_generico,ambiental;social;tecnica_operacional;institucional,"Beyond academic contributions, it provides practical insights for industry professionals, fostering a culture of knowledge-sharing and guiding future research in this field.",alta,Purpose – This paper evaluates the factors influencing the utilization of the Internet of Things (IoT) for sustainable facilities management (SFM) practices in Saudi Arabia.
REG_04813,10.1016/j.jclepro.2025.147381,"Improving the performance of green office buildings in mainland China through facility management under the ""dual carbon"" goals",2026,"Zhang, YJ; Au-Yong, CP; Gu, YW; Chow, MF; Woon, KS; Zahidi, I; Wu, YH",Journal of Cleaner Production,Journal,Scopus|WoS,Carbon reduction capability; China; Digital twin; Facility management; Green office buildings; Policy; Facility management Carbon reduction capability Green office buildings Digital twin Policy China EMISSIONS,sim,nao,nao,TOPSIS,nao,sim,nao,nao,comercial/escritorio,China,sim,nao,nao,nao,nao,nao,5,RQ0;RQ1;RQ3;RQ4;RQ5,13,analise_central,RQ0;RQ1;RQ2;RQ3;RQ4;RQ5,sim,sim,sim,sim,sim,sim,criterios_de_sustentabilidade;criterios_de_priorizacao;metodo_multicriterio_ou_decisao;gestao_manutencao_predial;facility_management;energia_desempenho_operacional,desempenho_operacional;emissoes_carbono;informacao_dados,TOPSIS;optimization;framework;digital twin;machine learning,edificio_comercial;portfolio_predial;edificio_generico,ambiental;tecnica_operacional;institucional,"Addressing a significant research gap, it examines the operational phase of green buildings, often neglected in traditional design-focused evaluations.",alta,"This study examines how facility management (FM), influenced by national policy and technological advancements, can enhance the carbon reduction capacity (CRC) of green office buildings in mainland China."
REG_04824,10.1007/978-3-032-06810-1_102,Framework for Environmental Life Cycle Assessment of Operation Strategies for Existing Building Envelopes,2026,,Lecture Notes in Civil Engineering,Book Series,Scopus,building envelope; environmental impact; framework; Maintenance; use phase,nao,nao,nao,,nao,nao,nao,nao,nao_identificado_por_resumo,Suica,sim,nao,nao,nao,nao,nao,4,RQ0;RQ1;RQ2;RQ5,12,analise_central,RQ0;RQ1;RQ2;RQ3;RQ4;RQ5,sim,sim,sim,sim,sim,sim,criterios_de_sustentabilidade;criterios_de_priorizacao;metodo_multicriterio_ou_decisao;gestao_manutencao_predial;facility_management;energia_desempenho_operacional;custo_ciclo_de_vida,custo;condicao_fisica;vida_util;desempenho_operacional;informacao_dados,optimization;framework,portfolio_predial;edificio_generico,ambiental;economica;social;tecnica_operacional;institucional;ciclo_de_vida,"In a recent study, Danish facility management organisations highlighted a knowledge gap regarding environmental impact of operational activities, particularly maintenance.",alta,"The operation phase of larger buildings is usually managed by professional facility management organisations, which typically plan building improvement measures (maintenance, repair, replacement, renovation) based on eco"
REG_04939,10.1080/17452007.2026.2632103,Unraveling the impact of machine learning on the AEC sector: academia and industry perspectives,2026,"Bloch, T; Hamo-Goren, C; Grobman, YJ; Austern, G",Architectural Engineering and Design Management,Journal,Scopus|WoS,AEC industry; Artificial Intelligence (AI); Building Information Modeling (BIM); Data; Machine Learning (ML); Machine Learning (ML) Building Information Modeling (BIM) Data AEC industry Artificial Intelligence (AI) SCIENCE SCOPUS WEB,nao,nao,sim,MCDM/MCDA generico (sem metodo nomeado no titulo+resumo),sim,nao,nao,nao,nao_identificado_por_resumo,Reino Unido,sim,nao,nao,nao,nao,nao,5,RQ0;RQ1;RQ2;RQ3;RQ5,14,analise_central,RQ0;RQ1;RQ2;RQ3;RQ4;RQ5,sim,sim,sim,sim,sim,sim,criterios_de_sustentabilidade;criterios_de_priorizacao;metodo_multicriterio_ou_decisao;gestao_manutencao_predial;facility_management;energia_desempenho_operacional;custo_ciclo_de_vida;risco_seguranca_conforto,custo;energia;seguranca;desempenho_operacional;informacao_dados,ranking;framework;BIM;machine learning,portfolio_predial;edificio_generico,ambiental;economica;tecnica_operacional;institucional;risco;energia;seguranca,"However, industry devotes more effort to sustainability, cost and scheduling solutions, whereas academia lags in these areas and often relies on limited or synthetic datasets.",alta,"Overall, our mixed methods analysis reveals a strong alignment between academic research and industry practice in targeting early design and post construction phases, with both communities prioritizing the application of"
REG_04953,10.1007/978-3-032-08718-8_9,Spatial Intelligence for Efficient High-Rise Building Maintenance and Repair,2026,,Urban Book Series,Book Series,Scopus,BIM; GIS; High-rise building maintenance; Predictive maintenance; Spatial data-driven maintenance,nao,nao,nao,,nao,nao,nao,nao,residencial,Suica,nao,nao,nao,sim,nao,nao,4,RQ0;RQ1;RQ2;RQ4,11,analise_central,RQ0;RQ1;RQ2;RQ3;RQ4,sim,sim,sim,sim,sim,nao,criterios_de_sustentabilidade;criterios_de_priorizacao;metodo_multicriterio_ou_decisao;gestao_manutencao_predial;energia_desempenho_operacional;custo_ciclo_de_vida;risco_seguranca_conforto,custo;condicao_fisica;seguranca;vida_util;desempenho_operacional;informacao_dados;manutenibilidade,scoring;framework;BIM;machine learning,edificio_residencial;edificio_generico,ambiental;economica;social;tecnica_operacional;institucional;risco;seguranca,nao_identificada_no_resumo,alta,"Traditional approaches often force homeowners into a reactive maintenance strategy, leading to high repair costs and lengthy downtimes."
REG_05142,10.1108/jedt-06-2023-0259,Quantifying BIM investment value: a systematic review,2025,,Journal of Engineering Design and Technology,Journal,Scopus,Building information modelling (BIM); Construction; Estimating; Investment value; Value management,nao,nao,nao,,sim,nao,nao,nao,nao_identificado_por_resumo,nao_informado_no_resumo,sim,sim,nao,nao,nao,nao,4,RQ1;RQ2;RQ3;RQ5,11,analise_central,RQ0;RQ1;RQ2;RQ3;RQ4;RQ5,sim,sim,sim,sim,sim,sim,criterios_de_sustentabilidade;criterios_de_priorizacao;metodo_multicriterio_ou_decisao;gestao_manutencao_predial;facility_management;energia_desempenho_operacional;custo_ciclo_de_vida;risco_seguranca_conforto,custo;seguranca;desempenho_operacional;informacao_dados,framework;BIM,portfolio_predial;edificio_generico,ambiental;economica;tecnica_operacional;institucional;risco;seguranca,Two major research gaps are identified: the absence of a standardized BIM ROI method and insufficient exploration of intangible benefits.,alta,"The study categorizes quantifiable factors, including productivity, changes and rework reduction, requests for information reduction, schedule efficiency, safety, environmental sustainability and operations and facility "
REG_05161,10.3390/su17219894,Post-Construction Constructability Assessment and Service Quality in Higher Education Infrastructure: Evidence from a Peruvian University Campus,2025,Mónica Escate Lira; Victor Ariza Flores,Sustainability Switzerland,Journal,Crossref|Scopus|WoS,constructability; higher education facilities; post-occupancy evaluation; user satisfaction; constructability post-occupancy evaluation higher education facilities user satisfaction,nao,nao,nao,,nao,nao,nao,nao,universitario/campus,nao_informado_no_resumo,sim,nao,sim,nao,sim,nao,5,RQ0;RQ1;RQ2;RQ4;RQ5,13,analise_central,RQ0;RQ1;RQ2;RQ3;RQ4;RQ5,sim,sim,sim,sim,sim,sim,criterios_de_sustentabilidade;criterios_de_priorizacao;metodo_multicriterio_ou_decisao;gestao_manutencao_predial;facility_management;contexto_publico_universitario;energia_desempenho_operacional;custo_ciclo_de_vida;risco_seguranca_conforto;lacuna_para_ies_publicas,conforto;desempenho_operacional;satisfacao_usuario;informacao_dados;qualidade_servico,scoring;framework,universidade;campus;portfolio_predial;edificio_generico,ambiental;social;tecnica_operacional;institucional;conforto;ciclo_de_vida,"The instruments were validated through expert judgment, while data were analyzed using descriptive statistics, Spearman’s correlations, and non-parametric bootstrap procedures to address the limitations of a small sample size (N = 15).",alta,"This study examines the link between post-construction constructability and perceived service quality in a 15-building campus at Ricardo Palma University (Lima, Peru)."
REG_05283,10.1108/jfm-12-2023-0123,An in-depth analysis of facility management approaches in Nigeria's ailing healthcare sector,2025,,Journal of Facilities Management,Journal,Scopus,Facility management; Healthcare; Nigeria; SDGs; Thematic analysis,nao,nao,nao,,nao,nao,nao,nao,hospitalar/saude,nao_informado_no_resumo,nao,nao,nao,nao,nao,nao,3,RQ0;RQ1;RQ4,9,analise_central,RQ0;RQ1;RQ2;RQ4;RQ5,sim,sim,sim,nao,sim,sim,criterios_de_sustentabilidade;criterios_de_priorizacao;gestao_manutencao_predial;facility_management;energia_desempenho_operacional;custo_ciclo_de_vida,custo;desempenho_operacional;informacao_dados,framework,hospital;portfolio_predial,ambiental;economica;social;tecnica_operacional;institucional,"Purpose This study aims to examine facility management practices in the Nigerian healthcare sector, exploring approaches and identifying challenges facing effective healthcare facilities management.",alta,"Purpose This study aims to examine facility management practices in the Nigerian healthcare sector, exploring approaches and identifying challenges facing effective healthcare facilities management."
REG_05338,10.3390/su17146639,Developing Performance Measurement Framework for Sustainable Facility Management (SFM) in Office Buildings Using Bayesian Best Worst Method,2025,Ayşe Pınar Özyılmaz; Fehmi Samet Demirci; Ozan Okudan; Zeynep Işık,Sustainability Switzerland,Journal,Crossref|Scopus|WoS,Bayesian best worst method; framework development; office buildings; performance measurement; sustainable facility management; sustainable facility management performance measurement framework development office buildings Bayesian best worst method FOCUS GROUP CONSTRUCTION,nao,nao,sim,BWM,nao,nao,nao,nao,comercial/escritorio,nao_informado_no_resumo,sim,nao,sim,nao,nao,nao,6,RQ0;RQ1;RQ2;RQ3;RQ4;RQ5,15,analise_central,RQ0;RQ1;RQ2;RQ3;RQ4;RQ5,sim,sim,sim,sim,sim,sim,criterios_de_sustentabilidade;criterios_de_priorizacao;metodo_multicriterio_ou_decisao;gestao_manutencao_predial;facility_management;energia_desempenho_operacional;custo_ciclo_de_vida;risco_seguranca_conforto,custo;condicao_fisica;energia;conforto;desempenho_operacional;residuos,ranking;scoring;Bayesian Best Worst Method;framework,edificio_comercial;portfolio_predial;edificio_generico,ambiental;economica;social;tecnica_operacional;institucional;energia;conforto,The systematic literature review revealed a limited number of studies developing a performance measurement framework for SFM in office buildings and/or other building types in the literature.,alta,"The confluence of financial constraints, climate change mitigation efforts, and evolving user expectations has significantly transformed the concept of facility management (FM)."
REG_05371,10.1680/jinam.23.00033,Artificial intelligence in healthcare facilities asset information management: mixed review,2025,"Tjebane, MM; Musonda, I",Infrastructure Asset Management,Journal,Scopus|WoS,artificial intelligence; asset information management; communities; exploratory review; healthcare facilities; innovation and infrastructure; UN SDG 11: sustainable cities; UN SDG 9: industry; artificial intelligence asset information management healthcare facilities exploratory review UN SDG 9 UN SDG 11 MAINTENANCE MANAGEMENT MODELING BIM IMPACT IMPLEMENTATION PERFORMANCE,nao,nao,sim,MCDM/MCDA generico (sem metodo nomeado no titulo+resumo),nao,nao,nao,nao,hospitalar/saude,nao_informado_no_resumo,nao,nao,nao,sim,sim,nao,6,RQ0;RQ1;RQ2;RQ3;RQ4;RQ5,15,analise_central,RQ0;RQ1;RQ2;RQ3;RQ4;RQ5,sim,sim,sim,sim,sim,sim,criterios_de_sustentabilidade;criterios_de_priorizacao;metodo_multicriterio_ou_decisao;gestao_manutencao_predial;facility_management;energia_desempenho_operacional;custo_ciclo_de_vida,custo;condicao_fisica;desempenho_operacional;informacao_dados;manutenibilidade,decision support;framework;BIM;machine learning,hospital;portfolio_predial,ambiental;economica;social;tecnica_operacional;institucional,"The findings reveal a significant gap between research findings and practical implementation, highlighting the need for further integration and real-world usage of AI-powered solutions in healthcare facilities settings.",alta,"This study identified notable gaps, including the need for research on utilising AI to enhance asset management in healthcare, including maintenance scheduling and procurement processes."
REG_05379,10.3390/eng6060118,Offshore Wind Turbine Key Components’ Life Cycle Cost Analysis (LCCA): Specification Options in Western Australia,2025,,Eng,Journal,Scopus,LCCA; LVL; offshore wind turbine; Western Australia,nao,nao,nao,,nao,nao,nao,nao,nao_identificado_por_resumo,Australia,sim,sim,nao,nao,sim,nao,4,RQ0;RQ1;RQ2;RQ3,12,analise_central,RQ0;RQ1;RQ2;RQ3,sim,sim,sim,sim,nao,nao,criterios_de_sustentabilidade;criterios_de_priorizacao;metodo_multicriterio_ou_decisao;gestao_manutencao_predial;energia_desempenho_operacional;custo_ciclo_de_vida,custo;energia;vida_util;desempenho_operacional;emissoes_carbono;residuos,life-cycle cost;framework,nao_identificado_no_resumo,ambiental;economica;tecnica_operacional;institucional;energia;ciclo_de_vida,nao_identificada_no_resumo,alta,Laminated Veneer Lumber (LVL) presents an alternative material for offshore wind turbine towers and blades for an energy sector whose greenhouse gas emissions are substantial.
REG_05404,10.1108/ijbpa-04-2022-0060,Strategic planning of sustainable maintenance in heritage school buildings: Malaysia perspectives,2025,"Norazman, N; Salleh, NM; Nashruddin, SNAM; Ismail, WNW",International Journal of Building Pathology and Adaptation,Journal,Scopus|WoS,Heritage school buildings; Maintenance plan; Rehabilitation; Retrofitting; Sustainability; Heritage school buildings Maintenance plan Sustainability Rehabilitation Retrofitting,nao,nao,nao,,nao,nao,nao,nao,escolar,Malasia,nao,nao,nao,nao,nao,nao,3,RQ0;RQ2;RQ4,10,analise_central,RQ0;RQ1;RQ2;RQ4;RQ5,sim,sim,sim,nao,sim,sim,criterios_de_sustentabilidade;criterios_de_priorizacao;gestao_manutencao_predial;contexto_publico_universitario;custo_ciclo_de_vida;lacuna_para_ies_publicas,custo;condicao_fisica;informacao_dados;manutenibilidade,framework,escola;patrimonio_historico;edificio_generico,ambiental;economica;tecnica_operacional;institucional,"© 2022, Emerald Publishing Limited.",alta,"Although the strategies of these two approaches are different, their combination resulted in sustainable heritage building maintenance."
REG_05430,10.1108/sasbe-07-2023-0170,Development of an ontology-based asset information model for predictive maintenance in building facilities,2025,"Gispert, DE; Yitmen, I; Sadri, H; Taheri, A",Smart and Sustainable Built Environment,Journal,Scopus|WoS,Asset information model; Building facility management; Digital twins; Ontology; Operation and maintenance; Predictive maintenance; Asset information model Digital twins Predictive maintenance Ontology Building facility management Operation and maintenance DIGITAL TWIN PROGNOSTICS PRINCIPLES MANAGEMENT SCHEMA,nao,nao,sim,MCDM/MCDA generico (sem metodo nomeado no titulo+resumo),nao,sim,nao,sim,nao_identificado_por_resumo,nao_informado_no_resumo,sim,nao,nao,sim,nao,nao,3,RQ0;RQ1;RQ3,10,analise_central,RQ0;RQ1;RQ2;RQ3;RQ4;RQ5,sim,sim,sim,sim,sim,sim,criterios_de_sustentabilidade;criterios_de_priorizacao;metodo_multicriterio_ou_decisao;gestao_manutencao_predial;facility_management;energia_desempenho_operacional;custo_ciclo_de_vida,energia;desempenho_operacional;informacao_dados,decision support;framework;digital twin,portfolio_predial;edificio_generico,ambiental;tecnica_operacional;institucional;energia;ciclo_de_vida,"Findings: The research findings indicate that while the development of ontology faced challenges in defining missing entities and relations in the context of predictive maintenance, insights gained from the interviews enabled the establishment of a comprehensi",alta,Purpose: The purpose of this research is to develop a framework of an ontology-based Asset Information Model (AIM) for a Digital Twin (DT) platform and enhance predictive maintenance practices in building facilities that
REG_05449,10.1016/j.jobe.2024.111515,Enhancing asset management: Integrating digital twins for continuous permitting and compliance - A systematic literature review,2025,,Journal of Building Engineering,Journal,Scopus,Asset management; Compliance checking; Construction; Continuous permitting; Digital twins; Fourth industrial revolution,nao,nao,nao,,nao,sim,nao,nao,hospitalar/saude,nao_informado_no_resumo,sim,nao,nao,sim,sim,nao,5,RQ0;RQ1;RQ2;RQ4;RQ5,13,analise_central,RQ0;RQ1;RQ2;RQ3;RQ4;RQ5,sim,sim,sim,sim,sim,sim,criterios_de_sustentabilidade;criterios_de_priorizacao;metodo_multicriterio_ou_decisao;gestao_manutencao_predial;energia_desempenho_operacional;custo_ciclo_de_vida;risco_seguranca_conforto,custo;energia;seguranca;vida_util;desempenho_operacional;informacao_dados,optimization;framework;digital twin,hospital;edificio_generico,ambiental;economica;social;tecnica_operacional;institucional;risco;energia;seguranca;ciclo_de_vida,Future research should focus on developing comprehensive strategies to address these challenges and leverage these advancements for enhanced knowledge and asset management.,alta,"The emergence of Digital Twin technologies (DT) has revolutionised construction works and asset management, thereby improving efficiency and control through exceptional precision and operational transparency."
REG_05452,10.1007/s41062-025-01986-z,Optimization of an integrated hybrid commercial building with building information modelling,2025,"Otieno, E; Chipangio, S; Modi, R; Rangwala, H",Innovative Infrastructure Solutions,Journal,Scopus|WoS,BIPV; Building information modelling; Hybrid building; MEP; Building information modelling Hybrid building BIPV MEP BIM,nao,nao,nao,,sim,nao,sim,nao,hospitalar/saude; comercial/escritorio,Suica,sim,nao,nao,sim,nao,nao,4,RQ1;RQ2;RQ3;RQ4,10,analise_central,RQ0;RQ1;RQ2;RQ3;RQ4,sim,sim,sim,sim,sim,nao,criterios_de_sustentabilidade;criterios_de_priorizacao;metodo_multicriterio_ou_decisao;gestao_manutencao_predial;facility_management;energia_desempenho_operacional;custo_ciclo_de_vida,custo;energia;desempenho_operacional;informacao_dados,optimization;scoring;framework;BIM;IoT,hospital;edificio_comercial;portfolio_predial;edificio_generico,ambiental;economica;social;tecnica_operacional;institucional;energia;ciclo_de_vida,nao_identificada_no_resumo,alta,"BIM helps identify Mechanical, electrical, and Plumbing (MEP) problems early and optimizes resource consumption for sustainability and cost-effectiveness through digital modelling and simulations."
REG_05478,10.26599/jic.2025.9180080,The development of prefabricated buildings and intelligent construction based on digital twins,2025,,Journal of Intelligent Construction,Journal,Scopus,digital twin; intelligentize; prefabricated building; risk control,nao,nao,nao,,nao,sim,nao,nao,nao_identificado_por_resumo,China,sim,nao,nao,nao,nao,nao,3,RQ1;RQ2;RQ3,9,analise_central,RQ0;RQ1;RQ2;RQ3;RQ4,sim,sim,sim,sim,sim,nao,criterios_de_sustentabilidade;criterios_de_priorizacao;metodo_multicriterio_ou_decisao;gestao_manutencao_predial;energia_desempenho_operacional;custo_ciclo_de_vida;risco_seguranca_conforto,custo;risco;vida_util;desempenho_operacional;informacao_dados;manutenibilidade,optimization;framework;digital twin,edificio_generico,ambiental;economica;tecnica_operacional;institucional;risco;ciclo_de_vida,nao_identificada_no_resumo,alta,The effects of prefabricated buildings on the exploitation and building life cycle of green buildings are analyzed after the digital twin capability is prohibited.
REG_05495,10.3390/app15052855,Research on Real-Time Control Strategy for HVAC Systems in University Libraries,2025,,Applied Sciences Switzerland,Journal,Scopus,building maintenance; energy savings; HVAC; optimized controls; sustainable development,nao,nao,nao,,nao,nao,nao,nao,universitario/campus,nao_informado_no_resumo,sim,nao,nao,nao,nao,nao,4,RQ1;RQ2;RQ3;RQ4,10,analise_central,RQ0;RQ1;RQ2;RQ3;RQ4,sim,sim,sim,sim,sim,nao,criterios_de_sustentabilidade;criterios_de_priorizacao;metodo_multicriterio_ou_decisao;gestao_manutencao_predial;contexto_publico_universitario;energia_desempenho_operacional;custo_ciclo_de_vida;risco_seguranca_conforto,custo;energia;conforto;desempenho_operacional;informacao_dados,optimization;framework,universidade;escola;campus;edificio_generico,ambiental;economica;social;tecnica_operacional;institucional;energia;conforto,nao_identificada_no_resumo,alta,"The energy consumption of library facilities in college buildings is significant, with the HVAC system accounting for 40–60% of the total energy use."
REG_05517,10.1016/j.engstruct.2024.119393,Life-cycle cost assessment of conventional and self-centering steel frames in seismic zones: An extra focus on environmental impacts,2025,"Ping, BY; Fang, C; Hu, Y; Yu, SX",Engineering Structures,Journal,Scopus|WoS,Carbon price; Embodied carbon (EC) emission; Environmental cost; Life-cycle cost assessment; Mainshock-aftershock sequences; Self-centering braced frame; Life-cycle cost assessment Embodied carbon (EC) emission Environmental cost Carbon price Self-centering braced frame Mainshock-aftershock sequences PERFORMANCE CONNECTIONS BEHAVIOR DESIGN SUSTAINABILITY CONSUMPTION EFFICIENCY BUILDINGS,nao,nao,nao,,nao,nao,nao,nao,nao_identificado_por_resumo,nao_informado_no_resumo,sim,sim,nao,nao,nao,sim,3,RQ0;RQ1;RQ2,10,analise_central,RQ0;RQ1;RQ2;RQ3;RQ4,sim,sim,sim,sim,sim,nao,criterios_de_sustentabilidade;criterios_de_priorizacao;metodo_multicriterio_ou_decisao;gestao_manutencao_predial;energia_desempenho_operacional;custo_ciclo_de_vida;risco_seguranca_conforto,custo;risco;vida_util;desempenho_operacional;emissoes_carbono;residuos,life-cycle cost;framework,edificio_generico,ambiental;economica;tecnica_operacional;institucional;risco;ciclo_de_vida,nao_identificada_no_resumo,alta,This study develops a life-cycle cost assessment framework that integrates seismic loss and environmental costs (carbon pricing).
REG_05558,10.3390/su17020487,Applications of Digital Technologies in Promoting Sustainable Construction Practices: A Literature Review,2025,"Li, YY; Zhao, XJ; Liu, CL; Zhang, ZG",Sustainability Switzerland,Journal,Scopus|WoS,digital technologies; review; sustainable construction; digital technologies sustainable construction review LIFE-CYCLE ASSESSMENT INFORMATION MODELING BIM DELPHI SURVEY DESIGN ENERGY FRAMEWORK PERFORMANCE INTEGRATION BUILDINGS LCA,nao,nao,nao,,nao,nao,nao,nao,nao_identificado_por_resumo,nao_informado_no_resumo,sim,nao,nao,nao,nao,nao,4,RQ0;RQ1;RQ3;RQ5,12,analise_central,RQ0;RQ1;RQ2;RQ3;RQ4;RQ5,sim,sim,sim,sim,sim,sim,criterios_de_sustentabilidade;criterios_de_priorizacao;metodo_multicriterio_ou_decisao;gestao_manutencao_predial;energia_desempenho_operacional;custo_ciclo_de_vida,custo;energia;vida_util;desempenho_operacional;informacao_dados,optimization;Delphi;framework;BIM,edificio_generico,ambiental;economica;social;tecnica_operacional;institucional;energia;ciclo_de_vida,"Finally, the potential future research trends in this field were proposed: (1) strengthening research on the application of more digital technologies; (2) expanding the use of digital technologies in the Operation and Maintenance (O & M) and demolition phases;",alta,"In recent years, the applications of digital technologies in sustainable construction have gained increasing interest."
REG_05559,10.1088/1742-6596/3140/4/042019,Exploiting digital twins for occupancy and energy optimisation for office buildings,2025,,Journal of Physics Conference Series,Conference Proceeding,Scopus,,nao,nao,nao,,nao,sim,sim,nao,comercial/escritorio,nao_informado_no_resumo,sim,nao,nao,sim,nao,nao,5,RQ1;RQ2;RQ3;RQ4;RQ5,12,analise_central,RQ0;RQ1;RQ2;RQ3;RQ4;RQ5,sim,sim,sim,sim,sim,sim,criterios_de_sustentabilidade;criterios_de_priorizacao;metodo_multicriterio_ou_decisao;gestao_manutencao_predial;energia_desempenho_operacional;custo_ciclo_de_vida;risco_seguranca_conforto,custo;condicao_fisica;energia;conforto;desempenho_operacional;emissoes_carbono;informacao_dados,optimization;scoring;framework;digital twin;IoT;machine learning,edificio_comercial;edificio_generico,ambiental;economica;social;tecnica_operacional;institucional;energia;conforto,Future research should address these challenges and explore the scalability of this promising framework.,alta,The growing need for energy efficiency and sustainable building management has driven interest in digital twins (DTs) - virtual replicas that optimize building operations.
REG_05613,10.15866/irece.v16i4.25306,Potential for Integrating Post-Construction Facility Management with BIM in Steel Building Projects in the Middle East,2025,,International Review of Civil Engineering,Journal,Scopus,Barriers; Building Information Modeling; Middle East; Prefabricated Construction; Supply Chain Integration,nao,nao,nao,,sim,nao,nao,nao,nao_identificado_por_resumo,Jordania,sim,nao,nao,sim,nao,nao,5,RQ0;RQ1;RQ2;RQ3;RQ5,14,analise_central,RQ0;RQ1;RQ2;RQ3;RQ4;RQ5,sim,sim,sim,sim,sim,sim,criterios_de_sustentabilidade;criterios_de_priorizacao;metodo_multicriterio_ou_decisao;gestao_manutencao_predial;facility_management;energia_desempenho_operacional;custo_ciclo_de_vida,custo;energia;vida_util;desempenho_operacional;informacao_dados,scoring;framework;BIM,portfolio_predial;edificio_generico,ambiental;economica;social;tecnica_operacional;institucional;energia;ciclo_de_vida,"Through a comprehensive survey of professionals involved in the construction and facility management sectors, the study aims to gauge the current practices, challenges, and anticipated benefits of this integration.",alta,"This study explores the potential for integrating post-construction facility management with Building Information Modeling (BIM) in steel building projects in the Middle East, given Jordan as a case study."
REG_05632,10.1108/f-09-2024-0134,Integration of technology in decision-making in university facilities management: a literature review,2025,"Mohammed, AS; Amoah, C",Facilities,Journal,Scopus|WoS,Africa; Decision-Making; Facilities; Management; Technology; Universities; Technology Decision-Making Universities Facilities Management Africa BIM INFORMATION ORGANIZATION METHODOLOGY CHALLENGES KNOWLEDGE CAMPUS TOOL,nao,nao,sim,MCDM/MCDA generico (sem metodo nomeado no titulo+resumo),nao,nao,nao,nao,universitario/campus,Estados Unidos,nao,nao,nao,nao,sim,nao,5,RQ0;RQ1;RQ3;RQ4;RQ5,13,analise_central,RQ0;RQ1;RQ2;RQ3;RQ4;RQ5,sim,sim,sim,sim,sim,sim,criterios_de_sustentabilidade;criterios_de_priorizacao;metodo_multicriterio_ou_decisao;gestao_manutencao_predial;facility_management;contexto_publico_universitario;energia_desempenho_operacional;risco_seguranca_conforto;lacuna_para_ies_publicas,risco;desempenho_operacional;informacao_dados,decision support;framework;BIM,universidade;campus;portfolio_predial;edificio_generico,ambiental;tecnica_operacional;institucional,It addresses a critical research gap by focusing on the integration of technology in FM.,alta,"Purpose In Africa, Facilities Management (FM) remains underdeveloped, hindered by conventional practices, weak technological adoption and resistance to change."
REG_05645,10.1061/9780784486436.083,Digital Twins for Sustainable Hospitality Facilities Management: A Review and Empirical Investigation,2025,,Computing in Civil Engineering 2025 Computational and Intelligent Technologies Selected Papers from the ASCE International Conference on Computing in Civil Engineering 2025,Conference Proceeding,Scopus,,nao,nao,nao,,sim,sim,nao,nao,hospitalar/saude,nao_informado_no_resumo,sim,nao,nao,nao,nao,nao,3,RQ0;RQ1;RQ4,9,analise_central,RQ0;RQ1;RQ2;RQ4;RQ5,sim,sim,sim,nao,sim,sim,criterios_de_sustentabilidade;criterios_de_priorizacao;gestao_manutencao_predial;facility_management;energia_desempenho_operacional,energia;emissoes_carbono;informacao_dados,framework,hospital;edificio_comercial;portfolio_predial,ambiental;tecnica_operacional;institucional;energia,This study aims to investigate the role of DT in assisting hotel FM to address sustainability challenges.,alta,Digital Twins (DT) hold considerable potential to transform hospitality facilities management (FM) to advance sustainability.
REG_05650,10.21315/jcdc.2025.30.2.6,Barriers to Digital Transformation in Facilities Management: Insights from a Developing Country,2025,,Journal of Construction in Developing Countries,Journal,Scopus,Barriers; Developing country; Digital transformation; Facilities management; Innovation,nao,nao,nao,,nao,nao,nao,nao,hospitalar/saude,nao_informado_no_resumo,nao,nao,nao,sim,nao,nao,4,RQ0;RQ1;RQ4;RQ5,11,analise_central,RQ0;RQ1;RQ2;RQ4;RQ5,sim,sim,sim,nao,sim,sim,criterios_de_sustentabilidade;criterios_de_priorizacao;gestao_manutencao_predial;facility_management;energia_desempenho_operacional;custo_ciclo_de_vida,custo;desempenho_operacional;informacao_dados,framework,hospital;portfolio_predial,economica;social;tecnica_operacional;institucional,"However, its adoption, particularly in developing countries, remains slow due to persistent barriers.",alta,"Digital transformation (DT) is increasingly recognised as essential for enhancing operational efficiency, sustainability and competitiveness in facilities management (FM)."
REG_05740,10.1108/ecam-11-2024-1526,The driving mechanism for promoting the transition to sustainable operation and maintenance management of major infrastructure projects: a SLR-ISM-MICMAC analysis,2025,"Luo, T; Xue, XL; Li, Q; Zhang, MG",Engineering Construction and Architectural Management,Journal,Scopus|WoS,Driving mechanism; Interpretive structural modeling; Major infrastructure projects; Sustainable operation and maintenance management; Systematic literature review; Major infrastructure projects Sustainable operation and maintenance management Driving mechanism Systematic literature review Interpretive structural modeling ADOPTION IMPLEMENTATION COMPLEXITY MODEL CAPABILITIES ANTECEDENTS PROCUREMENT FRAMEWORK DESIGN,nao,nao,sim,MCDM/MCDA generico (sem metodo nomeado no titulo+resumo),nao,nao,nao,nao,nao_identificado_por_resumo,China,nao,nao,nao,nao,nao,nao,3,RQ0;RQ3;RQ5,11,analise_central,RQ0;RQ1;RQ2;RQ3;RQ4;RQ5,sim,sim,sim,sim,sim,sim,criterios_de_sustentabilidade;criterios_de_priorizacao;metodo_multicriterio_ou_decisao;gestao_manutencao_predial;energia_desempenho_operacional;custo_ciclo_de_vida,desempenho_operacional;manutenibilidade,decision support;framework,edificio_generico,ambiental;social;tecnica_operacional;institucional;ciclo_de_vida,"To address this research gap, this study explores its driving mechanism based on an integrated methodological framework combining systematic literature review (SLR), interpretive structural modeling (ISM), and cross-impact matrix multiplication applied to clas",alta,"Purpose: The long-term operation, dynamic environment, and increased legislation of major infrastructure projects in China promote the transition to a sustainable operation and maintenance management model."
REG_05812,10.1007/978-3-032-01036-0_42,Research on Circular Design Criteria for Historic Building Protection,2025,"Chang, AP; Zhang, ZW; Zhou, WT","9TH INTERNATIONAL CONFERENCE ON ENERGY AND ENVIRONMENTAL SCIENCE, ICEES 2025",Book Series,Scopus|WoS,Analytic hierarchy process; Circular building; Front-End Planning; Historic building; Sustainable development; Historic building Circular building Sustainable development Analytic hierarchy process Front-End Planning,nao,sim,nao,AHP,nao,nao,nao,nao,residencial,Suica,nao,nao,nao,nao,nao,nao,4,RQ0;RQ1;RQ3;RQ4,11,analise_central,RQ0;RQ1;RQ2;RQ3;RQ4,sim,sim,sim,sim,sim,nao,criterios_de_sustentabilidade;criterios_de_priorizacao;metodo_multicriterio_ou_decisao;gestao_manutencao_predial;energia_desempenho_operacional;custo_ciclo_de_vida,custo;vida_util;desempenho_operacional,AHP;decision support;framework,edificio_residencial;patrimonio_historico;edificio_generico,ambiental;economica;social;tecnica_operacional;institucional;ciclo_de_vida,nao_identificada_no_resumo,alta,"According to statistics published by the Ministry of Housing and Urban-Rural Development (MOHURD) of the People’s Republic of China, by 2024, approximately 63,500 historic buildings have been officially recognized."
REG_05816,10.1007/978-981-96-8765-7_2,Optimizing Fire Safety Compliance: Rule-Based Checking of As-Is BIM Models for Workplace Regulations,2025,,Lecture Notes in Civil Engineering,Book Series,Scopus,Building information modeling (BIM); Fire safety compliance; Rule-based checking; Smart standards; Workplace regulations,nao,nao,nao,,sim,nao,nao,nao,nao_identificado_por_resumo,Singapura,nao,nao,nao,nao,sim,nao,4,RQ0;RQ1;RQ2;RQ5,12,analise_central,RQ0;RQ1;RQ2;RQ3;RQ4;RQ5,sim,sim,sim,sim,sim,sim,criterios_de_sustentabilidade;criterios_de_priorizacao;metodo_multicriterio_ou_decisao;gestao_manutencao_predial;energia_desempenho_operacional;custo_ciclo_de_vida;risco_seguranca_conforto,risco;condicao_fisica;seguranca;desempenho_operacional;informacao_dados,framework;BIM,edificio_generico,ambiental;tecnica_operacional;institucional;risco;seguranca;ciclo_de_vida,"© The Author(s), under exclusive license to Springer Nature Singapore Pte Ltd.",alta,"By systematically linking workplace regulations with BIM models, the study aims to improve the efficiency and accuracy of fire safety inspections during the operation and maintenance (O&M) phase of buildings."
REG_05872,10.1108/sasbe-08-2024-0315,Future directions and research gaps in city information modelling (CIM),2025,,Smart and Sustainable Built Environment,Journal,Scopus,Bibliometric review; Building information modelling (BIM); City information modelling (CIM); Smart cities; Systematic review; Urban management,nao,nao,nao,,sim,nao,sim,sim,nao_identificado_por_resumo,nao_informado_no_resumo,nao,nao,nao,nao,sim,nao,3,RQ0;RQ1;RQ5,10,analise_central,RQ0;RQ1;RQ2;RQ3;RQ4;RQ5,sim,sim,sim,sim,sim,sim,criterios_de_sustentabilidade;criterios_de_priorizacao;metodo_multicriterio_ou_decisao;gestao_manutencao_predial;facility_management;custo_ciclo_de_vida;risco_seguranca_conforto,custo;risco;informacao_dados,scoring;framework;BIM;IoT,portfolio_predial;edificio_generico,ambiental;economica;social;tecnica_operacional;institucional,"Design/methodology/approach: The methodology combined bibliometric analysis and systematic review to critically examine the research gaps and future directions in CIM utilising the Web of Science (WoS), Scopus and Emerald Insight databases.",alta,"The bibliometric analysis performed using VOSviewer combined the three databases to analyse 446 documents to identify publication trends, citation patterns and research hotspots combined the three databases."
REG_05925,10.1108/f-12-2024-0173,Appraising sustainable and resilient physical infrastructure facilities in higher education institutions: the role of smart maintenance management,2025,"Ebekozien, A; Aigbavboa, C; Hafez, M; Samsurijan, MS; Oke, AE",Facilities,Journal,Scopus|WoS,Digital technologies; Higher institutions; Infrastructure development; Maintenance management; Nigeria; Digital technologies Higher institutions Infrastructure development Maintenance management Nigeria FRAMEWORK,nao,nao,nao,,nao,nao,sim,nao,universitario/campus,Nigeria,nao,sim,nao,sim,nao,sim,5,RQ0;RQ1;RQ2;RQ4;RQ5,13,analise_central,RQ0;RQ1;RQ2;RQ3;RQ4;RQ5,sim,sim,sim,sim,sim,sim,criterios_de_sustentabilidade;criterios_de_priorizacao;metodo_multicriterio_ou_decisao;gestao_manutencao_predial;contexto_publico_universitario;energia_desempenho_operacional;custo_ciclo_de_vida;risco_seguranca_conforto;lacuna_para_ies_publicas,custo;risco;desempenho_operacional;informacao_dados;manutenibilidade,framework;IoT,universidade;campus;edificio_generico,ambiental;economica;social;tecnica_operacional;institucional;risco,"The absence of regulation/ standards, maintenance expertise in smart infrastructure facilities, low maintenance budget, the fear of skill- biased technological change, the perceived maintenance cost and occupant behaviour/resistance to change emerged as the ma",alta,Studies regarding how the smart maintenance management (SMM) role can enhance sustainable and resilient HEIs physical infrastructure facilities are scarce.
REG_06111,10.1061/jpcfev.cfeng-4828,Next-Generation Building Condition Assessment: BIM and Neural Network Integration,2024,"Hosseini, MA; Ravanshadnia, M; Rahimzadegan, M; Ramezani, S",Journal of Performance of Constructed Facilities,Journal,Scopus|WoS,Artificial neural network; Asset management; Building condition assessment; Building elements defect; Building information modeling (BIM); Facility management; Fuzzy model; Building information modeling (BIM) Fuzzy model Artificial neural network Facility management Asset management Building condition assessment Building elements defect PERFORMANCE INDICATORS,nao,nao,nao,,sim,nao,nao,nao,hospitalar/saude; comercial/escritorio,nao_informado_no_resumo,nao,sim,nao,sim,nao,nao,6,RQ0;RQ1;RQ2;RQ3;RQ4;RQ5,15,analise_central,RQ0;RQ1;RQ2;RQ3;RQ4;RQ5,sim,sim,sim,sim,sim,sim,criterios_de_sustentabilidade;criterios_de_priorizacao;metodo_multicriterio_ou_decisao;gestao_manutencao_predial;facility_management;energia_desempenho_operacional;custo_ciclo_de_vida;risco_seguranca_conforto,custo;condicao_fisica;seguranca;vida_util;desempenho_operacional;informacao_dados,fuzzy;ranking;framework;BIM;machine learning,edificio_comercial;portfolio_predial;hospital;edificio_generico,ambiental;economica;social;tecnica_operacional;institucional;risco;seguranca;ciclo_de_vida,Our research addresses these limitations by integrating BIM and neural networks.,alta,The inspection of building components plays a crucial role in reducing maintenance costs throughout the building's life cycle.
REG_06159,10.1108/ijbpa-04-2022-0055,Developing a framework for building maintenance: a case study of Malaysia's low-cost housing via soft system methodology,2024,,International Journal of Building Pathology and Adaptation,Journal,Scopus,Building; Case study; Framework; Interviews; Maintenance management; Malaysia,nao,nao,nao,,nao,nao,nao,nao,residencial,Malasia,nao,sim,nao,nao,nao,nao,5,RQ0;RQ1;RQ2;RQ4;RQ5,13,analise_central,RQ0;RQ1;RQ2;RQ3;RQ4;RQ5,sim,sim,sim,sim,sim,sim,criterios_de_sustentabilidade;criterios_de_priorizacao;metodo_multicriterio_ou_decisao;gestao_manutencao_predial;energia_desempenho_operacional;custo_ciclo_de_vida,custo;vida_util;desempenho_operacional;informacao_dados;manutenibilidade,life-cycle cost;framework,edificio_residencial;edificio_generico,economica;tecnica_operacional;institucional;ciclo_de_vida,Future research is needed to consider more extensive coverage and validate the developed framework from this study via a quantitative research design.,alta,Purpose: The cost of residential building maintenance can harmfully affect low-income earners' expenditure if not checked.
REG_06247,10.1108/sasbe-11-2022-0250,BIM-IoT-FM integration: strategy for implementation of sustainable water management in buildings,2024,"Batista, LT; Franco, JRQ; Fakury, RH; Porto, MF; Alves, LVR; Kohlmann, GS",Smart and Sustainable Built Environment,Journal,Scopus|WoS,BIM; Commercial buildings; Facility management; Internet of things; Smart meter; Water management; Facility management Water management BIM Internet of things Smart meter Commercial buildings INFORMATION MODELING BIM TECHNOLOGIES CONSUMPTION CHALLENGES EFFICIENCY INTERNET,nao,nao,sim,MCDM/MCDA generico (sem metodo nomeado no titulo+resumo),sim,nao,sim,nao,comercial/escritorio,nao_informado_no_resumo,sim,nao,nao,nao,nao,nao,5,RQ0;RQ1;RQ3;RQ4;RQ5,13,analise_central,RQ0;RQ1;RQ2;RQ3;RQ4;RQ5,sim,sim,sim,sim,sim,sim,criterios_de_sustentabilidade;criterios_de_priorizacao;metodo_multicriterio_ou_decisao;gestao_manutencao_predial;facility_management;energia_desempenho_operacional,desempenho_operacional;agua;informacao_dados,decision support;framework;BIM;IoT,edificio_comercial;portfolio_predial;edificio_generico,ambiental;tecnica_operacional;institucional,"By BIM–IoT integration, the consumption parameters and ranges for 17 categories of activities were determined to contribute to fulfill the research gap for the commercial buildings.",alta,"Automating analysis using 3D models helps increase efficiency in buildings during the operational phase, consequently promotes sustainability."
REG_06255,10.13374/j.issn2095-9389.2023.11.28.003,Research and application of carbon emission calculation methods for the whole life cycle of assembled steel structure office buildings,2024,,Gongcheng Kexue Xuebao Chinese Journal of Engineering,Journal,Scopus,assembled steel structure; carbon emission calculation model; carbon reduction; life cycle assessment; office buildings,nao,nao,nao,,nao,nao,nao,nao,comercial/escritorio,nao_informado_no_resumo,sim,nao,nao,nao,nao,nao,4,RQ0;RQ1;RQ4;RQ5,11,analise_central,RQ0;RQ1;RQ2;RQ3;RQ4;RQ5,sim,sim,sim,sim,sim,sim,criterios_de_sustentabilidade;criterios_de_priorizacao;metodo_multicriterio_ou_decisao;gestao_manutencao_predial;energia_desempenho_operacional;custo_ciclo_de_vida,energia;vida_util;desempenho_operacional;emissoes_carbono;residuos,scoring;framework,edificio_comercial;edificio_generico,ambiental;tecnica_operacional;institucional;energia;ciclo_de_vida,It provides a reference for future research on the prediction of carbon emissions for similar office buildings and advancing carbon reduction initiatives in the construction industry.,alta,"To accurately assess the carbon emissions associated with assembled steel structure office buildings, this study develops a comprehensive life cycle carbon emission calculation."
REG_06405,10.1016/j.jobe.2023.108223,Towards achieving a net zero carbon building: A review of key stakeholders and their roles in net zero carbon building whole life cycle,2024,"Falana, J; Osei-Kyei, R; Tam, VW",Journal of Building Engineering,Journal,Scopus|WoS,Identification and classification of key stakeholders; Net zero carbon; Net zero carbon building; Net zero carbon building life cycle stages; Roles of key stakeholders; Net zero carbon Net zero carbon building Net zero carbon building life cycle stages Identification and classification of key stakeholders Roles of key stakeholders GREEN BUILDINGS EMBODIED CARBON CONSTRUCTION ENERGY PROJECT IDENTIFICATION PERFORMANCE EMISSIONS FRAMEWORK BARRIERS,nao,nao,sim,MCDM/MCDA generico (sem metodo nomeado no titulo+resumo),nao,nao,nao,nao,nao_identificado_por_resumo,nao_informado_no_resumo,sim,nao,nao,nao,nao,nao,4,RQ0;RQ1;RQ2;RQ3,12,analise_central,RQ0;RQ1;RQ2;RQ3;RQ4;RQ5,sim,sim,sim,sim,sim,sim,criterios_de_sustentabilidade;criterios_de_priorizacao;metodo_multicriterio_ou_decisao;gestao_manutencao_predial;energia_desempenho_operacional;custo_ciclo_de_vida,energia;vida_util;desempenho_operacional;emissoes_carbono;residuos;informacao_dados,ranking;framework,edificio_generico,ambiental;social;tecnica_operacional;institucional;energia;ciclo_de_vida,"In addition, the study serves as a basis for further research on stakeholders' analysis in net zero carbon building.",alta,The building sector is known to be a major emitter of global greenhouse gases.
REG_06494,10.1080/23744731.2024.2351310,The applications of building information modeling in the life-cycle of green buildings: a comprehensive review,2024,"Liang, RB; Ma, HB; Wang, P; Zhao, L",Science and Technology for the Built Environment,Journal,Scopus|WoS,BIM-BASED FRAMEWORK ENERGY PERFORMANCE FACILITIES MANAGEMENT FAULT-DETECTION INDOOR NAVIGATION SAFETY MANAGEMENT DEMOLITION WASTE THERMAL COMFORT INTEGRATING BIM CONSTRUCTION,nao,nao,nao,,sim,nao,nao,nao,nao_identificado_por_resumo,nao_informado_no_resumo,sim,nao,sim,nao,nao,nao,4,RQ0;RQ1;RQ2;RQ5,12,analise_central,RQ0;RQ1;RQ2;RQ3;RQ4;RQ5,sim,sim,sim,sim,sim,sim,criterios_de_sustentabilidade;criterios_de_priorizacao;metodo_multicriterio_ou_decisao;gestao_manutencao_predial;facility_management;energia_desempenho_operacional;custo_ciclo_de_vida;risco_seguranca_conforto,custo;energia;seguranca;conforto;vida_util;desempenho_operacional;residuos;informacao_dados,framework;BIM,portfolio_predial;edificio_generico,ambiental;economica;tecnica_operacional;institucional;risco;energia;conforto;seguranca;ciclo_de_vida,"Therefore, this paper reviewed 168 previous studies from the past ten years, conducted an in-depth review and comparison, and provides suggestions for possible future research direction for BIM research.",alta,BIM contributes novel insights into green building development while posing significant challenges.
REG_06525,10.1007/978-981-99-7965-3_23,Application of Circular Economy in Facility Maintenance and Management: Moving Towards a Low Carbon Future,2024,,Lecture Notes in Civil Engineering,Book Series,Scopus,Carbon emissions; Circular economy; Closed-loop design; Energy efficiency; Facility maintenance and management; Quantitative methods; Resource utilization; Sustainable development; Waste management,nao,nao,nao,,nao,nao,nao,nao,nao_identificado_por_resumo,Singapura,sim,nao,nao,nao,nao,nao,3,RQ0;RQ1;RQ5,10,analise_central,RQ0;RQ1;RQ2;RQ4;RQ5,sim,sim,sim,nao,sim,sim,criterios_de_sustentabilidade;criterios_de_priorizacao;gestao_manutencao_predial;facility_management;energia_desempenho_operacional,energia;desempenho_operacional;emissoes_carbono;residuos,framework,portfolio_predial;edificio_generico,ambiental;tecnica_operacional;institucional;energia,"© The Author(s), under exclusive license to Springer Nature Singapore Pte Ltd.",alta,The study explores the potential of integrating principles of the circular economy into facility maintenance and management towards sustainable development.
REG_06548,10.1007/978-3-031-65321-6_4,Improving Facility Management Performance in Public Higher Education Institution Buildings in Nigeria,2024,,Facility Management Practices Empirical Cases in Developing Countries,Book,Scopus,Development; Facilities; Higher education institution; Management; Performance,nao,nao,nao,,nao,nao,nao,nao,universitario/campus,Nigeria; Suica,nao,nao,nao,nao,nao,nao,4,RQ0;RQ1;RQ4;RQ5,11,analise_central,RQ0;RQ1;RQ2;RQ3;RQ4,sim,sim,sim,sim,sim,nao,criterios_de_sustentabilidade;criterios_de_priorizacao;metodo_multicriterio_ou_decisao;gestao_manutencao_predial;facility_management;contexto_publico_universitario;energia_desempenho_operacional,desempenho_operacional;satisfacao_usuario;informacao_dados,framework;machine learning,universidade;edificio_publico;portfolio_predial;campus;edificio_generico,ambiental;tecnica_operacional;institucional,nao_identificada_no_resumo,alta,Studies have shown that effective facility management (FM) is successful is key to sustainable building performance.
REG_06585,10.1088/1755-1315/1361/1/012051,Conceptual framework of sustainable interior design (SID) criteria and components to hotel's operational performance effectiveness,2024,,Iop Conference Series Earth and Environmental Science,Conference Proceeding,Scopus,,nao,nao,nao,,nao,nao,nao,nao,hospitalar/saude,nao_informado_no_resumo,sim,nao,nao,nao,nao,nao,3,RQ0;RQ1;RQ4,9,analise_central,RQ0;RQ1;RQ2;RQ4,sim,sim,sim,nao,sim,nao,criterios_de_sustentabilidade;criterios_de_priorizacao;gestao_manutencao_predial;facility_management;energia_desempenho_operacional;risco_seguranca_conforto,risco;energia;conforto;desempenho_operacional;agua;informacao_dados;manutenibilidade,framework,hospital;edificio_comercial;portfolio_predial,ambiental;social;tecnica_operacional;institucional;energia;conforto,nao_identificada_no_resumo,alta,"However, issues on the maintenance management of aesthetic performance, service hospitality and awareness on sustainable interiors products are significant concerns in the hotel's performance in operational stage."
REG_06681,10.1590/s1982-21702024000100022,3D spatio-temporal post-occupational maintenance management of high-rise residential building: a case study,2024,"Mehmood, U; Ujang, U; Azri, S; Choon, TL",Boletim De Ciencias Geodesicas,Journal,Scopus|WoS,3D visualisation; High-rise building maintenance; Predictive maintenance; Spatial analysis; spatiotemporal analysis; Temporal analysis; High-rise building maintenance 3D visualisation Temporal analysis Spatial analysis Predictive maintenance spatiotemporal analysis,nao,nao,sim,MCDM/MCDA generico (sem metodo nomeado no titulo+resumo),nao,nao,nao,sim,residencial,nao_informado_no_resumo,nao,nao,nao,sim,nao,nao,4,RQ0;RQ1;RQ3;RQ4,11,analise_central,RQ0;RQ1;RQ2;RQ3;RQ4,sim,sim,sim,sim,sim,nao,criterios_de_sustentabilidade;criterios_de_priorizacao;metodo_multicriterio_ou_decisao;gestao_manutencao_predial;energia_desempenho_operacional,desempenho_operacional;informacao_dados;manutenibilidade,decision support;framework;IoT,edificio_residencial;edificio_generico,tecnica_operacional;institucional,nao_identificada_no_resumo,alta,"With the rise of high-rise residential buildings in urban areas, effective maintenance management is increasingly crucial."
REG_06712,,INTEGRATING BIM INTO BUILT ASSET MANAGEMENT: A PATHWAY TO ACHIEVE SOCIAL SUSTAINABILITY,2024,,Association of Researchers in Construction Management Arcom 2024 Proceedings of the 40th Annual Conference,Conference Proceeding,Scopus,asset management; Building Information Modelling; digital construction; social sustainability; sustainable development goal,nao,nao,nao,,sim,nao,nao,nao,hospitalar/saude,nao_informado_no_resumo,nao,nao,sim,nao,nao,sim,5,RQ0;RQ1;RQ2;RQ4;RQ5,13,analise_central,RQ0;RQ1;RQ2;RQ3;RQ4;RQ5,sim,sim,sim,sim,sim,sim,criterios_de_sustentabilidade;criterios_de_priorizacao;metodo_multicriterio_ou_decisao;gestao_manutencao_predial;custo_ciclo_de_vida;risco_seguranca_conforto,custo;risco;seguranca;conforto;informacao_dados,scoring;BIM,portfolio_predial;hospital;edificio_generico,ambiental;economica;social;tecnica_operacional;institucional;risco;conforto;seguranca,"The bibliometric analysis and systematic review underscore the need for further research, mapping out existing gaps and suggesting future directions for BIM's potential to enhance social sustainability in asset management.",alta,"Building Information Modelling (BIM) has emerged as a critical tool in the construction management industry's shift toward sustainability, enhancing sustainable practices in building asset management by focusing on envir"
REG_06929,10.1016/j.energy.2023.129308,Investigation of system optimization and control logic on a solar geothermal hybrid heat pump system based on integral effect test data,2023,,Energy,Journal,Scopus,Artificial intelligence; Component SET separate effect test; Field test; Fuzzy logic control; SISO system integral system optimization; Solar geothermal hybrid heat pump system; System IET integral effect test; Tri-generation,nao,nao,nao,,nao,nao,nao,nao,industrial_predial,nao_informado_no_resumo,sim,sim,nao,nao,nao,nao,5,RQ1;RQ2;RQ3;RQ4;RQ5,12,analise_central,RQ0;RQ1;RQ2;RQ3;RQ4;RQ5,sim,sim,sim,sim,sim,sim,criterios_de_sustentabilidade;criterios_de_priorizacao;metodo_multicriterio_ou_decisao;gestao_manutencao_predial;energia_desempenho_operacional;custo_ciclo_de_vida,custo;energia;desempenho_operacional;informacao_dados,fuzzy;optimization;framework;machine learning,edificio_generico,ambiental;economica;tecnica_operacional;energia;ciclo_de_vida,"However, the practical challenges and limitations have resulted in a lack of extensive field trials due to the time and financial constraints associated with conducting field trials.",alta,The solar geothermal hybrid heat pump systems hold great promise for sustainable heating and cooling applications.
REG_06996,10.1051/e3sconf/202342901002,A review and bibliometric analysis of utilizing building information modeling (BIM) on effective operation and maintenance (O&M),2023,,E3s Web of Conferences,Conference Proceeding,Scopus,,nao,nao,nao,,sim,nao,nao,nao,nao_identificado_por_resumo,China,nao,nao,nao,nao,nao,nao,3,RQ0;RQ1;RQ5,10,analise_central,RQ0;RQ1;RQ2;RQ3;RQ4;RQ5,sim,sim,sim,sim,sim,sim,criterios_de_sustentabilidade;criterios_de_priorizacao;metodo_multicriterio_ou_decisao;gestao_manutencao_predial;facility_management;energia_desempenho_operacional;custo_ciclo_de_vida,condicao_fisica;energia;desempenho_operacional;informacao_dados,framework;BIM,portfolio_predial;edificio_generico,ambiental;tecnica_operacional;institucional;energia;ciclo_de_vida,Further research is needed to balance the utilization of BIM for facility management with its application for asset management.,alta,Developments in information technology can facilitate the planning and implementation of sustainable development.
REG_07000,,Using BIM to improve communication in sustainable building renovation,2023,,Future of Real Estate II Interdisciplinary Research on Real Estate,Book,Scopus,BIM; Facility Management; Norwegian case; Sustainable Renovation,nao,nao,nao,,sim,nao,nao,nao,residencial,nao_informado_no_resumo,sim,nao,sim,nao,nao,nao,3,RQ0;RQ1;RQ4,9,analise_central,RQ0;RQ1;RQ2;RQ3;RQ4,sim,sim,sim,sim,sim,nao,criterios_de_sustentabilidade;criterios_de_priorizacao;metodo_multicriterio_ou_decisao;gestao_manutencao_predial;facility_management;energia_desempenho_operacional,emissoes_carbono;informacao_dados,framework;BIM,edificio_residencial;portfolio_predial;edificio_generico,ambiental;social;tecnica_operacional;institucional,nao_identificada_no_resumo,alta,This study contributes to the reduction of greenhouse gas emissions by addressing private owners to engage them in the sustainable renovation wave initiated by the EU.
REG_07043,10.3390/buildings13082024,Net-Zero Energy Consumption Building in China: An Overview of Building-Integrated Photovoltaic Case and Initiative toward Sustainable Future Development,2023,,Buildings,Journal,Scopus,BIPV optimization strategy; building-integrated photovoltaic; carbon neutrality; case application and evaluation; incentive policies; net-zero energy consumption buildings; power generation building materials,nao,nao,nao,,nao,nao,nao,nao,nao_identificado_por_resumo,China,sim,nao,nao,nao,nao,nao,3,RQ1;RQ2;RQ3,9,analise_central,RQ0;RQ1;RQ2;RQ3;RQ4;RQ5,sim,sim,sim,sim,sim,sim,criterios_de_sustentabilidade;criterios_de_priorizacao;metodo_multicriterio_ou_decisao;gestao_manutencao_predial;energia_desempenho_operacional;custo_ciclo_de_vida,custo;energia;desempenho_operacional;emissoes_carbono,optimization;framework,edificio_generico,ambiental;economica;tecnica_operacional;energia;ciclo_de_vida,"The purpose of this study is to review the basic status of the development of building-integrated photovoltaic (BIPV) technologies in China, to identify and analyze the existing problems and challenges, and to propose optimization strategies and methods so as ",alta,"Carbon-neutral strategies have become the focus of international attention, and many countries around the world have adopted building-integrated photovoltaic (BIPV) technologies to achieve low-carbon building operation b"
REG_07061,10.1061/jcemd4.coeng-13154,Development of a Campus Facility Management Operational Framework Using a Modified Delphi Method,2023,"Naji, KK; Gunduz, M; Maki, O",Journal of Construction Engineering and Management,Journal,Scopus|WoS,Campus facility management; Critical project success factors; Delphi; Key performance indicators; Operational framework; Performance evaluation; Planning; Project management performance; Campus facility management Critical project success factors Key performance indicators Delphi Performance evaluation Operational framework Project management performance Planning CRITICAL SUCCESS FACTORS HIGHER-EDUCATION INSTITUTIONS FM SERVICES OUTSOURCING DECISION HEALTH-CARE PERFORMANCE MAINTENANCE DESIGN FUTURE SYSTEMS,nao,nao,nao,,nao,nao,nao,nao,universitario/campus,nao_informado_no_resumo,nao,nao,nao,nao,sim,nao,5,RQ0;RQ1;RQ2;RQ4;RQ5,13,analise_central,RQ0;RQ1;RQ2;RQ3;RQ4;RQ5,sim,sim,sim,sim,sim,sim,criterios_de_sustentabilidade;criterios_de_priorizacao;metodo_multicriterio_ou_decisao;gestao_manutencao_predial;facility_management;contexto_publico_universitario;energia_desempenho_operacional;custo_ciclo_de_vida;risco_seguranca_conforto;lacuna_para_ies_publicas,custo;risco;desempenho_operacional;informacao_dados;qualidade_servico,scoring;Delphi;framework,campus;hospital;portfolio_predial;universidade,economica;social;tecnica_operacional;institucional;risco,This research adds to the body of knowledge by presenting a systematic operational framework for campus facility management that identifies the underlying factors influencing performance and fills the gaps left by previous studies.,alta,An effective facility management process is crucial to overall firm performance and is becoming a core competency for organizations seeking to gain a competitive advantage.
REG_07171,10.2478/emj-2023-0002,Global trends of the research on COVID-19 risks effect in sustainable facility management fields: a bibliometric analysis,2023,,Engineering Management in Production and Services,Journal,Scopus,benchmarking; bibliometric analysis; COVID-19; facility management; risk management; sustainable,nao,nao,sim,MCDM/MCDA generico (sem metodo nomeado no titulo+resumo),nao,nao,nao,nao,hospitalar/saude,nao_informado_no_resumo,nao,nao,nao,nao,nao,sim,5,RQ0;RQ1;RQ2;RQ3;RQ4,13,analise_central,RQ0;RQ1;RQ2;RQ3;RQ4,sim,sim,sim,sim,sim,nao,criterios_de_sustentabilidade;criterios_de_priorizacao;metodo_multicriterio_ou_decisao;gestao_manutencao_predial;facility_management;risco_seguranca_conforto,risco;informacao_dados,decision support,portfolio_predial;hospital,ambiental;social;tecnica_operacional;institucional;risco,nao_identificada_no_resumo,alta,This study used bibliometric analysis to investigate global research trends regarding the effect of COVID-19 risks in sustainable facility management fields.
REG_07192,10.1016/j.enbuild.2022.112732,Digital Twin framework for automated fault source detection and prediction for comfort performance evaluation of existing non-residential Norwegian buildings,2023,"Hosamo, HH; Nielsen, HK; Kraniotis, D; Svennevig, PR; Svidt, K",Energy and Buildings,Journal,Scopus|WoS,Building information modelling (BIM); Decision-making; Digital twin; Facility management; Fault detection; Predictive maintenance; Digital twin Building information modelling (BIM) Fault detection Predictive maintenance Facility management Decision-making QUANTITATIVE MODEL GENETIC ALGORITHM ENERGY EFFICIENCY LIGHTING CONTROL THERMAL COMFORT BIM OPTIMIZATION SATISFACTION UNCERTAINTY MANAGEMENT,nao,nao,nao,,sim,sim,nao,nao,residencial,Noruega,sim,nao,sim,sim,nao,nao,5,RQ0;RQ1;RQ2;RQ3;RQ4,13,analise_central,RQ0;RQ1;RQ2;RQ3;RQ4,sim,sim,sim,sim,sim,nao,criterios_de_sustentabilidade;criterios_de_priorizacao;metodo_multicriterio_ou_decisao;gestao_manutencao_predial;facility_management;energia_desempenho_operacional;risco_seguranca_conforto,condicao_fisica;energia;conforto;desempenho_operacional;satisfacao_usuario;informacao_dados,optimization;decision support;framework;BIM;digital twin,edificio_residencial;portfolio_predial;edificio_generico,ambiental;social;tecnica_operacional;institucional;energia;conforto,nao_identificada_no_resumo,alta,"Numerous buildings fall short of expectations regarding occupant satisfaction, sustainability, or energy efficiency."
REG_07225,10.3303/cet23106026,An Embedded Joint Management Body (JMB) in a Comprehensive Life Cycle Cost Analysis Planning Mode in Sustainable Building Project,2023,,Chemical Engineering Transactions,Journal,Scopus,,nao,nao,nao,,nao,nao,nao,nao,nao_identificado_por_resumo,nao_informado_no_resumo,sim,sim,nao,nao,nao,nao,4,RQ0;RQ1;RQ2;RQ5,12,analise_central,RQ0;RQ1;RQ2;RQ3;RQ4;RQ5,sim,sim,sim,sim,sim,sim,criterios_de_sustentabilidade;criterios_de_priorizacao;metodo_multicriterio_ou_decisao;gestao_manutencao_predial;facility_management;energia_desempenho_operacional;custo_ciclo_de_vida,custo;vida_util;desempenho_operacional;residuos;informacao_dados,scoring;life-cycle cost;framework,portfolio_predial;edificio_generico,ambiental;economica;tecnica_operacional;institucional;ciclo_de_vida,This study aims to analyze the cost of involving JMB in the design stage to overcome this design gap.,alta,Sustainable building is devised to diminish the environmental impacts of the project life cycle.
REG_07228,10.1080/15623599.2020.1858539,Framework to evaluate quality performance of green building delivery: construction and operational stage,2023,,International Journal of Construction Management,Journal,Scopus,construction quality; Green buildings; operational quality; project delivery systems; quality performance; sustainability,nao,nao,nao,,nao,nao,nao,nao,hospitalar/saude,Reino Unido,sim,nao,nao,nao,sim,nao,5,RQ0;RQ1;RQ2;RQ4;RQ5,13,analise_central,RQ0;RQ1;RQ2;RQ4;RQ5,sim,sim,sim,nao,sim,sim,criterios_de_sustentabilidade;criterios_de_priorizacao;gestao_manutencao_predial;energia_desempenho_operacional;custo_ciclo_de_vida;risco_seguranca_conforto,energia;conforto;desempenho_operacional;agua;qualidade_servico,framework,hospital;edificio_generico,ambiental;social;tecnica_operacional;institucional;energia;conforto;ciclo_de_vida,Green buildings exhibit underperformance caused by inadequate construction practices and a lack of understanding of the operations and maintenance practices.,alta,"Green buildings extend the compliance to sustainability-related aspects to ensure that the energy and water consumption is conserved, promote a healthy indoor environmental quality and reducing the detrimental impacts of"
REG_07235,,EXPERT VERIFICATION OF INFORMATION REQUIREMENTS FOR INTEGRATING BUILDING INFORMATION MODELLING WITH OPERATION AND MAINTENANCE,2023,,Proceedings of the 39th Annual Arcom Conference Constructing for the Future Arcom 2023,Conference Proceeding,Scopus,BIM; integration; maintenance; operations; reliability,nao,nao,nao,,sim,nao,nao,nao,nao_identificado_por_resumo,nao_informado_no_resumo,nao,sim,nao,sim,nao,nao,3,RQ0;RQ1;RQ2,10,analise_central,RQ0;RQ1;RQ2;RQ3;RQ4;RQ5,sim,sim,sim,sim,sim,sim,criterios_de_sustentabilidade;criterios_de_priorizacao;metodo_multicriterio_ou_decisao;gestao_manutencao_predial;facility_management;energia_desempenho_operacional;custo_ciclo_de_vida,custo;vida_util;desempenho_operacional;informacao_dados,life-cycle cost;framework;BIM,edificio_comercial;portfolio_predial;edificio_generico,economica;tecnica_operacional;institucional;ciclo_de_vida,"Despite the successful project delivery for BIM in facilities management, limited investigations have focused on BIM and Operation and Maintenance (O&M) integration.",alta,"Despite the successful project delivery for BIM in facilities management, limited investigations have focused on BIM and Operation and Maintenance (O&M) integration."
REG_07476,10.2478/otmcj-2023-0005,Enhancing building maintainability through early supplier involvement in the design process,2023,,Organization Technology and Management in Construction,Journal,Scopus,design for maintainability; early supplier involvement; Egypt; framework; maintainability; maintenance; the design process,nao,nao,nao,,nao,nao,nao,nao,nao_identificado_por_resumo,Egito,nao,nao,nao,sim,nao,nao,4,RQ0;RQ1;RQ2;RQ5,12,analise_central,RQ0;RQ1;RQ2;RQ4;RQ5,sim,sim,sim,nao,sim,sim,criterios_de_sustentabilidade;criterios_de_priorizacao;gestao_manutencao_predial;energia_desempenho_operacional;custo_ciclo_de_vida;risco_seguranca_conforto,custo;risco;condicao_fisica;desempenho_operacional;satisfacao_usuario;informacao_dados;manutenibilidade,framework,edificio_generico,economica;tecnica_operacional;institucional;ciclo_de_vida,"Consequently, lack of considering maintainability aspects during the design process results in increasing maintenance and operation costs as well as reducing building performance.",alta,"Consequently, lack of considering maintainability aspects during the design process results in increasing maintenance and operation costs as well as reducing building performance."
REG_08015,10.1080/13467581.2021.1902333,CIB - UTILITY BASED SYSTEMS FRAMEWORK FOR EXISTING RESIDENTIAL BUILDING,2022,,Journal of Asian Architecture and Building Engineering,Journal,Scopus,5G information; life cycle assessment; maintenance plan; Residential building; utility theory,nao,nao,nao,,nao,nao,nao,nao,residencial,Reino Unido; Coreia do Sul,nao,sim,sim,sim,nao,nao,4,RQ0;RQ1;RQ2;RQ4,11,analise_central,RQ0;RQ1;RQ2;RQ3;RQ4;RQ5,sim,sim,sim,sim,sim,sim,criterios_de_sustentabilidade;criterios_de_priorizacao;metodo_multicriterio_ou_decisao;gestao_manutencao_predial;energia_desempenho_operacional;custo_ciclo_de_vida,custo;condicao_fisica;vida_util;desempenho_operacional;informacao_dados,ranking;life-cycle cost;framework,edificio_residencial;edificio_generico,economica;social;tecnica_operacional;institucional;ciclo_de_vida,"Published by Informa UK Limited, trading as Taylor & Francis Group on behalf of the Architectural Institute of Japan, Architectural Institute of Korea and Architectural Society of China.",alta,The proposed model can be used to evaluate CIB utility theory systems and for life-cycle sustainability assessment (LCSA).
REG_08052,10.1080/15732479.2019.1652657,Stochastic maintenance models for ceramic claddings,2020,,Structure and Infrastructure Engineering,Journal,Scopus,Ceramic claddings; degradation; inspections; interventions; maintenance modeling; Monte Carlo simulation; Petri nets,nao,nao,sim,MCDM/MCDA generico (sem metodo nomeado no titulo+resumo),nao,nao,nao,nao,nao_identificado_por_resumo,Reino Unido,nao,nao,nao,sim,nao,nao,4,RQ0;RQ1;RQ2;RQ3,12,analise_central,RQ0;RQ1;RQ2;RQ3;RQ4;RQ5,sim,sim,sim,sim,sim,sim,criterios_de_sustentabilidade;criterios_de_priorizacao;metodo_multicriterio_ou_decisao;gestao_manutencao_predial;energia_desempenho_operacional;custo_ciclo_de_vida,custo;condicao_fisica;vida_util;desempenho_operacional;manutenibilidade,decision support;framework,edificio_generico,economica;social;tecnica_operacional;ciclo_de_vida,"© 2019, © 2019 Informa UK Limited, trading as Taylor & Francis Group.",alta,"Usually, stakeholders intend to find the optimal maintenance strategy, to minimize the economic burden, while simultaneously maximizing the buildings’ performance."
REG_08528,10.56065/pdpyke84,Building Institutional Resilience Through Sustainable Facility Management in South African Vocational Education,2025,Samuel Nnadoziem Ndukuba,Construction Entrepreneurship and Real Property,journal-article,Crossref,,nao,nao,nao,,nao,nao,nao,nao,nao_identificado_por_resumo,nao_informado_no_resumo,nao,nao,nao,nao,nao,sim,3,RQ0;RQ1;RQ5,10,analise_central,RQ0;RQ1;RQ2;RQ4,sim,sim,sim,nao,sim,nao,criterios_de_sustentabilidade;criterios_de_priorizacao;gestao_manutencao_predial;facility_management;contexto_publico_universitario;energia_desempenho_operacional;custo_ciclo_de_vida;risco_seguranca_conforto,custo;risco;desempenho_operacional;informacao_dados,framework,universidade;portfolio_predial;edificio_generico,ambiental;economica;social;tecnica_operacional;institucional;risco,nao_identificada_no_resumo,alta,This research aims to examine how sustainable facility management (SFM) practices can contribute to institutional resilience in South African vocational education institutions (SAVEIs).
REG_09113,10.1061/ppscfx.sceng-1131,"Application of Multicriteria Decision-Making Methods to Determine the Appropriate Policy for Maintenance of Buildings in Karaj City, Iran",2023,"Kheradranjbar, M; Mohammadi, M; Rafiee, S",PRACTICE PERIODICAL ON STRUCTURAL DESIGN AND CONSTRUCTION,JOUR,WoS,Building assessment Repair and maintenance Multicriteria decision-making Delphi method Borda method FUZZY-AHP SELECTION STRATEGY SWARA INDUSTRY SYSTEMS SUSTAINABILITY RELIABILITY PERFORMANCE FRAMEWORK,nao,nao,sim,MCDM/MCDA generico (sem metodo nomeado no titulo+resumo),nao,nao,nao,nao,hospitalar/saude,Ira,nao,nao,sim,sim,nao,nao,5,RQ0;RQ1;RQ2;RQ3;RQ4,13,analise_central,RQ0;RQ1;RQ2;RQ3;RQ4,sim,sim,sim,sim,sim,nao,criterios_de_sustentabilidade;criterios_de_priorizacao;metodo_multicriterio_ou_decisao;gestao_manutencao_predial;energia_desempenho_operacional;risco_seguranca_conforto,condicao_fisica;seguranca;desempenho_operacional,AHP;MCDM;fuzzy;ranking;decision support;Delphi;framework,hospital;edificio_generico,social;tecnica_operacional;institucional;risco;seguranca,nao_identificada_no_resumo,alta,The purpose of this article is to identify and prioritize the effective indicators for the building maintenance system and determine the most appropriate strategy for this system using multicriteria decision making metho
REG_09127,10.1002/cepa.2183,Key Performance Indicators for Building Assessment. A case study on an R/C Building in Greece,2023,"Markogiannaki, O; Stefanidou, S","EUROPEAN ASSOCIATION ON QUALITY CONTROL OF BRIDGES AND STRUCTURES, EUROSTRUCT 2023, VOL 6, ISS 5",CPAPER,WoS,Reliability indicator retrofit strategy building maintenance performance level KPIS,nao,nao,sim,MCDM/MCDA generico (sem metodo nomeado no titulo+resumo),nao,nao,nao,nao,nao_identificado_por_resumo,Grecia,nao,nao,nao,sim,nao,nao,4,RQ0;RQ1;RQ2;RQ3,12,analise_central,RQ0;RQ1;RQ2;RQ3;RQ4,sim,sim,sim,sim,sim,nao,criterios_de_sustentabilidade;criterios_de_priorizacao;metodo_multicriterio_ou_decisao;gestao_manutencao_predial;energia_desempenho_operacional;custo_ciclo_de_vida;risco_seguranca_conforto,risco;seguranca;vida_util;desempenho_operacional;informacao_dados,decision support,edificio_generico,tecnica_operacional;institucional;risco;seguranca;ciclo_de_vida,nao_identificada_no_resumo,alta,"These performance indicators should cover all aspects of a building's life cycle including safety, operability and sustainability."
REG_09169,10.5281/zenodo.10442276,"Prioritizing Heritage Building Maintenance: A Fuzzy Model Approach for Arc De Bera, Spain",2023,"Ababneh, A",MEDITERRANEAN ARCHAEOLOGY & ARCHAEOMETRY,JOUR,WoS,Fuzzy Model Arc De Bera Art-Risk 3 0 Artificial Intelligence Digital Heritage Risk Management CULTURAL-HERITAGE,nao,nao,sim,MCDM/MCDA generico (sem metodo nomeado no titulo+resumo),nao,nao,nao,nao,nao_identificado_por_resumo,Espanha,nao,nao,nao,nao,nao,sim,5,RQ0;RQ1;RQ2;RQ3;RQ4,13,analise_central,RQ0;RQ1;RQ2;RQ3;RQ4;RQ5,sim,sim,sim,sim,sim,sim,criterios_de_sustentabilidade;criterios_de_priorizacao;metodo_multicriterio_ou_decisao;gestao_manutencao_predial;energia_desempenho_operacional;custo_ciclo_de_vida;risco_seguranca_conforto,risco;condicao_fisica;vida_util;desempenho_operacional,fuzzy;ranking;scoring;framework;machine learning,patrimonio_historico;edificio_generico,ambiental;social;tecnica_operacional;institucional;risco;ciclo_de_vida,"The ""Art-Risk 3.0"" research project has developed a new tool to address the challenges faced in maintaining and preserving cultural heritage.",alta,"This tool aims to evaluate the functional operational age and life cycle of heritage buildings in the Arc de Bera area in Tarragona, Catalonia, Spain, with the goal of promoting preventive conservation through a multidis"
REG_09290,10.18820/24150487/as24i2.4,Stakeholders' perception of critical success factors for sustainable facilities management practice in universities in sub-Saharan Africa,2017,"Awuzie, B; Isa, R",ACTA STRUCTILIA,JOUR,WoS,Facilities management sub-Saharan Africa success factors sustainable development universities HIGHER-EDUCATION DATA SATURATION,nao,nao,nao,,nao,nao,nao,nao,universitario/campus,Africa Subsaariana,nao,nao,nao,nao,nao,nao,3,RQ0;RQ2;RQ4,10,analise_central,RQ0;RQ1;RQ2;RQ3;RQ4,sim,sim,sim,sim,sim,nao,criterios_de_sustentabilidade;criterios_de_priorizacao;metodo_multicriterio_ou_decisao;gestao_manutencao_predial;facility_management;contexto_publico_universitario;risco_seguranca_conforto,risco;satisfacao_usuario;informacao_dados;qualidade_servico,scoring,universidade;portfolio_predial;campus,ambiental;social;institucional,nao_identificada_no_resumo,alta,The development of an optimal sustainable facilities management (SFM) strategy for university-built assets in sub-Saharan Africa (SSA) is desired.
REG_09503,10.1016/j.sbspro.2012.11.178,Developing post occupancy evaluation sustainability assessment framework for retrofitting commercial office buildings: A proposal,2012,"Shika, SA; Sapri, M; Jibril, JD; Sipan, I; Abdullah, S",INTERNATIONAL CONGRESS ON INTERDISCIPLINARY BUSINESS AND SOCIAL SCIENCES 2012 (ICIBSOS 2012),CPAPER,WoS,Commercial buildings Facilities management Indicators Post occupancy evaluation Sustainability,nao,nao,nao,,nao,nao,nao,nao,comercial/escritorio,nao_informado_no_resumo,sim,nao,nao,nao,nao,nao,3,RQ0;RQ1;RQ4,9,analise_central,RQ0;RQ1;RQ2;RQ3;RQ4,sim,sim,sim,sim,sim,nao,criterios_de_sustentabilidade;criterios_de_priorizacao;metodo_multicriterio_ou_decisao;gestao_manutencao_predial;facility_management;energia_desempenho_operacional;custo_ciclo_de_vida;risco_seguranca_conforto,desempenho_operacional,scoring;framework,edificio_comercial;portfolio_predial;edificio_generico,ambiental;social;tecnica_operacional;institucional;conforto;ciclo_de_vida,nao_identificada_no_resumo,alta,Developing a new assessment tool in the area of sustainable development requires a strategic methodology for a cohesive and logical framework incorporating relevant theory and practical experience.
