id_unico,ano,bases_origem,doi,titulo,resumo_presente,decisao_qualitativa_final,rqs_confirmadas_leitura,rq0_confirmada,rq1_confirmada,rq2_confirmada,rq3_confirmada,rq4_confirmada,rq5_confirmada,tipo_contribuicao_artigo,criterios_identificados_leitura,metodos_decisao_identificados_leitura,contexto_edificacao_identificado_leitura,dimensoes_sustentabilidade_identificadas_leitura,lacuna_ou_limite_identificado_leitura,motivo_decisao,evidencia_curta_do_resumo,nivel_confianca_decisao,necessita_full_text_pontual,motivo_full_text_pontual,asreview_label_compativel,observacao_auditoria
REG_00110,2018,Scopus|WoS,10.1061/(asce)cf.1943-5509.0001176,Optimal FM Strategy for Commercial Office Buildings Using Fuzzy Synthetic Evaluation,sim,manter_nucleo_principal,RQ0;RQ1;RQ2;RQ3;RQ4;RQ5,sim,sim,sim,sim,sim,sim,criterios_de_sustentabilidade;criterios_de_priorizacao;metodo_multicriterio_ou_decisao;gestao_manutencao_predial;facility_management;energia_desempenho_operacional;custo_ciclo_de_vida;risco_seguranca_conforto,custo;risco;vida_util;desempenho_operacional;informacao_dados;qualidade_servico,fuzzy;scoring;decision support;life-cycle cost;balanced scorecard;framework,edificio_comercial;portfolio_predial;edificio_generico,economica;tecnica_operacional;institucional;ciclo_de_vida,"Few studies have focused on the quantitative investigation of FM performance, and there has been minimal research on the methodology required to arrive at the optimal strategy.","Resumo confirma contribuição direta à manutenção/gestão predial ou FM, articulando sustentabilidade com critérios, método, desempenho operacional ou decisão.","For owners of aged buildings, considerable attention needs to be devoted to efficient facility management (FM) to extend building life and achieve life-cycle cost savings.",alta,nao,nao_aplicavel,include,"Auditoria qualitativa estruturada de título, resumo, palavras-chave e campos extraídos; sem uso de internet, PDFs ou full-text."
REG_00217,2018,Scopus|WoS,10.1108/f-03-2016-0028,Enabling an effective knowledge and information flow between the phases of building construction and facilities management,sim,manter_nucleo_principal,RQ0;RQ1;RQ2;RQ3;RQ4;RQ5,sim,sim,sim,sim,sim,sim,criterios_de_sustentabilidade;criterios_de_priorizacao;metodo_multicriterio_ou_decisao;gestao_manutencao_predial;facility_management;energia_desempenho_operacional;custo_ciclo_de_vida,vida_util;desempenho_operacional;informacao_dados,framework;BIM,portfolio_predial;edificio_generico,social;tecnica_operacional;institucional;ciclo_de_vida,"Whilst laying a good foundation to do so, further research is needed to investigate more cases in Western Australia and beyond to fully generalise the findings from this study.","Resumo confirma contribuição direta à manutenção/gestão predial ou FM, articulando sustentabilidade com critérios, método, desempenho operacional ou decisão.","Purpose: The purpose of this study is to investigate ways of transferring knowledge and information during the life-cycle phases of construction projects, particularly between the construction and occupancy phases, and t",alta,nao,nao_aplicavel,include,"Auditoria qualitativa estruturada de título, resumo, palavras-chave e campos extraídos; sem uso de internet, PDFs ou full-text."
REG_00415,2017,Scopus|WoS,10.1061/(asce)co.1943-7862.0001348,AHP-ANP-Fuzzy Integral Integrated Network for Evaluating Performance of Innovative Business Models for Sustainable Building,sim,manter_nucleo_principal,RQ0;RQ1;RQ2;RQ3;RQ4;RQ5,sim,sim,sim,sim,sim,sim,criterios_de_sustentabilidade;criterios_de_priorizacao;metodo_multicriterio_ou_decisao;gestao_manutencao_predial;energia_desempenho_operacional;custo_ciclo_de_vida,desempenho_operacional;informacao_dados;custo,AHP;ANP;fuzzy;scoring;decision support;framework,edificio_generico,ambiental;social;tecnica_operacional;ciclo_de_vida;economica,"To promote the market uptake of SB, innovative business models (BMs) are needed.","Resumo confirma contribuição direta à manutenção/gestão predial ou FM, articulando sustentabilidade com critérios, método, desempenho operacional ou decisão.",Sustainable building (SB) has emerged as an innovative approach to minimizing the resource consumption of buildings.,alta,nao,nao_aplicavel,include,"Auditoria qualitativa estruturada de título, resumo, palavras-chave e campos extraídos; sem uso de internet, PDFs ou full-text."
REG_00489,2017,Scopus|WoS,10.1108/ijlss-09-2015-0035,Knowledge-based Lean Six Sigma maintenance system for sustainable buildings,sim,manter_nucleo_principal,RQ0;RQ1;RQ2;RQ3;RQ4;RQ5,sim,sim,sim,sim,sim,sim,criterios_de_sustentabilidade;criterios_de_priorizacao;metodo_multicriterio_ou_decisao;gestao_manutencao_predial;energia_desempenho_operacional,energia;desempenho_operacional;informacao_dados,decision support;framework,edificio_generico,ambiental;tecnica_operacional;institucional;energia,Research limitations/implications: Future research work might consider validating this framework in other type of industries.,"Resumo confirma contribuição direta à manutenção/gestão predial ou FM, articulando sustentabilidade com critérios, método, desempenho operacional ou decisão.",Purpose: This paper aims to develop a knowledge-based (KB) system for Lean Six Sigma (LSS) maintenance in environmentally sustainable buildings (Lean6-SBM).,alta,nao,nao_aplicavel,include,"Auditoria qualitativa estruturada de título, resumo, palavras-chave e campos extraídos; sem uso de internet, PDFs ou full-text."
REG_00519,2017,Scopus,10.2495/sdp-v12-n3-446-456,Urban facilities management: A systemic process for achieving urban sustainability,sim,manter_nucleo_principal,RQ0;RQ1;RQ2;RQ4;RQ5,sim,sim,sim,nao,sim,sim,criterios_de_sustentabilidade;criterios_de_priorizacao;gestao_manutencao_predial;facility_management,informacao_dados,framework,portfolio_predial,ambiental;social;institucional,"With cities at the forefront of the challenge of achieving global sustainability, a key concern for urban management bodies is to identify ways to promote sustainable development at the urban and sub-urban level.","Resumo confirma contribuição direta à manutenção/gestão predial ou FM, articulando sustentabilidade com critérios, método, desempenho operacional ou decisão.","With cities at the forefront of the challenge of achieving global sustainability, a key concern for urban management bodies is to identify ways to promote sustainable development at the urban and sub-urban level.",alta,nao,nao_aplicavel,include,"Auditoria qualitativa estruturada de título, resumo, palavras-chave e campos extraídos; sem uso de internet, PDFs ou full-text."
REG_00852,2016,Scopus|WoS,10.1108/ss-02-2016-0007,Developing a green maintainability framework for green walls in Singapore,sim,manter_nucleo_principal,RQ0;RQ1;RQ2;RQ4;RQ5,sim,sim,sim,nao,sim,sim,criterios_de_sustentabilidade;criterios_de_priorizacao;gestao_manutencao_predial;facility_management;energia_desempenho_operacional;custo_ciclo_de_vida,condicao_fisica;energia;vida_util;desempenho_operacional;informacao_dados;manutenibilidade,framework,portfolio_predial;edificio_generico,ambiental;tecnica_operacional;institucional;energia;ciclo_de_vida,"Thus, the purpose of this paper is to determine the issues in operating and maintaining green walls, particularly in tropical areas like Singapore, leading to the development of a green maintainability framework.","Resumo confirma contribuição direta à manutenção/gestão predial ou FM, articulando sustentabilidade com critérios, método, desempenho operacional ou decisão.","Purpose: The use of green wall technology in green buildings is a growing trend; however, more research is required about their maintainability, taking into account that maintainability at the design stage is a valuable ",alta,nao,nao_aplicavel,include,"Auditoria qualitativa estruturada de título, resumo, palavras-chave e campos extraídos; sem uso de internet, PDFs ou full-text."
REG_00888,2016,Scopus|WoS,10.1016/j.proeng.2016.04.040,Optimization of Sustainability and Flood Hazard Resilience for Home Designs,sim,manter_nucleo_principal,RQ0;RQ1;RQ2;RQ3;RQ4,sim,sim,sim,sim,sim,nao,criterios_de_sustentabilidade;criterios_de_priorizacao;metodo_multicriterio_ou_decisao;gestao_manutencao_predial;energia_desempenho_operacional;custo_ciclo_de_vida;risco_seguranca_conforto,risco;condicao_fisica;energia;vida_util;desempenho_operacional;emissoes_carbono,optimization;framework,edificio_residencial;edificio_generico,ambiental;tecnica_operacional;risco;energia;ciclo_de_vida,nao_identificada_no_resumo,"Resumo confirma contribuição direta à manutenção/gestão predial ou FM, articulando sustentabilidade com critérios, método, desempenho operacional ou decisão.",Life-cycle analysis is a beneficial tool that can be utilized to quantify the performance of buildings within the context of environmental impact metrics (e.g.,alta,nao,nao_aplicavel,include,"Auditoria qualitativa estruturada de título, resumo, palavras-chave e campos extraídos; sem uso de internet, PDFs ou full-text."
REG_01046,2015,Scopus,10.1108/sasbe-08-2014-0043,Literature review of green retrofit design for commercial buildings with BIM implication,sim,manter_nucleo_principal,RQ0;RQ1;RQ2;RQ3;RQ4;RQ5,sim,sim,sim,sim,sim,sim,criterios_de_sustentabilidade;criterios_de_priorizacao;metodo_multicriterio_ou_decisao;gestao_manutencao_predial;facility_management;energia_desempenho_operacional;custo_ciclo_de_vida,energia;vida_util;desempenho_operacional;informacao_dados,framework;BIM,edificio_comercial;portfolio_predial;edificio_generico,ambiental;social;tecnica_operacional;institucional;energia;ciclo_de_vida,"A revisão identifica fragmentação entre BIM e o processo de retrofit verde e requer validação das implicações funcionais, técnicas e organizacionais propostas.","Resumo confirma contribuição direta à manutenção/gestão predial ou FM, articulando sustentabilidade com critérios, método, desempenho operacional ou decisão.","It proposes studying the functional, technical, and organizational issues of the green retrofit process.",alta,nao,nao_aplicavel,include,"Auditoria qualitativa estruturada de título, resumo, palavras-chave e campos extraídos; sem uso de internet, PDFs ou full-text."
REG_01104,2015,Scopus,10.3844/ajessp.2015.55.61,Building information modeling for indoor environmental performance analysis,sim,manter_nucleo_principal,RQ0;RQ1;RQ2;RQ3;RQ4;RQ5,sim,sim,sim,sim,sim,sim,criterios_de_sustentabilidade;criterios_de_priorizacao;metodo_multicriterio_ou_decisao;gestao_manutencao_predial;facility_management;energia_desempenho_operacional;custo_ciclo_de_vida;risco_seguranca_conforto,custo;conforto;desempenho_operacional;informacao_dados,framework;BIM,portfolio_predial;edificio_generico,ambiental;tecnica_operacional;conforto;ciclo_de_vida,Further research on the framework and guidelines for BIM-based sustainability analyses and design process shall be conducted.,"Resumo confirma contribuição direta à manutenção/gestão predial ou FM, articulando sustentabilidade com critérios, método, desempenho operacional ou decisão.","From the stages of building design development to post-occupancy management, BIM plays an essential role in collaboration among multi-discipline professions, time and cost saving, fabrication and construction as well as ",alta,nao,nao_aplicavel,include,"Auditoria qualitativa estruturada de título, resumo, palavras-chave e campos extraídos; sem uso de internet, PDFs ou full-text."
REG_01239,2015,Scopus,,Life cycle costing of mechanical and electrical services for private finance initiatives projects in Malaysia,sim,manter_nucleo_principal,RQ0;RQ1;RQ2;RQ3;RQ4;RQ5,sim,sim,sim,sim,sim,sim,criterios_de_sustentabilidade;criterios_de_priorizacao;metodo_multicriterio_ou_decisao;gestao_manutencao_predial;energia_desempenho_operacional;custo_ciclo_de_vida,custo;vida_util;desempenho_operacional,life-cycle cost;framework,edificio_generico,economica;tecnica_operacional;institucional;ciclo_de_vida,"In fact, Malaysia is lacking of a standard of LCC particularly for M&E services for PFI projects to provide guideline for standardized method of LCC determination.","Resumo confirma contribuição direta à manutenção/gestão predial ou FM, articulando sustentabilidade com critérios, método, desempenho operacional ou decisão.",Mechanical and Electrical (M&E) services costs contribute to major percentage of total construction costs of a building as they comprise of significant operation and maintenance costs.,alta,nao,nao_aplicavel,include,"Auditoria qualitativa estruturada de título, resumo, palavras-chave e campos extraídos; sem uso de internet, PDFs ou full-text."
REG_01646,2013,Scopus,,A vector autoregressive model for interpolating missing meteorological data for use in building simulation,sim,manter_nucleo_principal,RQ0;RQ1;RQ2;RQ3;RQ4;RQ5,sim,sim,sim,sim,sim,sim,criterios_de_sustentabilidade;criterios_de_priorizacao;metodo_multicriterio_ou_decisao;gestao_manutencao_predial;energia_desempenho_operacional;custo_ciclo_de_vida;risco_seguranca_conforto,risco;condicao_fisica;desempenho_operacional;informacao_dados,decision support;framework,patrimonio_historico;edificio_generico,social;tecnica_operacional;ciclo_de_vida,"To overcome this problem simulation users may rely on Typical Meteorological Years (TMYs) instead of actual historical data, or they may apply an existing interpolation method to fill the gaps in historical data.","Resumo confirma contribuição direta à manutenção/gestão predial ou FM, articulando sustentabilidade com critérios, método, desempenho operacional ou decisão.","Building performance simulation is increasingly used to aid in decision making about the design, construction, retrofit, operation and maintenance of new and existing buildings.",alta,nao,nao_aplicavel,include,"Auditoria qualitativa estruturada de título, resumo, palavras-chave e campos extraídos; sem uso de internet, PDFs ou full-text."
REG_01657,2013,Scopus,10.1108/f-06-2012-0042,Evaluation of building performance for strategic facilities management in healthcare: A case study of a public hospital in Australia,sim,manter_nucleo_principal,RQ0;RQ1;RQ2;RQ4;RQ5,sim,sim,sim,nao,sim,sim,criterios_de_sustentabilidade;criterios_de_priorizacao;gestao_manutencao_predial;facility_management;contexto_publico_universitario;energia_desempenho_operacional;lacuna_para_ies_publicas,desempenho_operacional,framework,hospital;edificio_publico;portfolio_predial;edificio_generico,social;tecnica_operacional;institucional,O instrumento de avaliação necessita adaptação e validação em outros hospitais e contextos institucionais antes de generalização.,"Resumo confirma contribuição direta à manutenção/gestão predial ou FM, articulando sustentabilidade com critérios, método, desempenho operacional ou decisão.","Purpose: The purpose of this paper is to evaluate the main elements of building performance, namely, building function, building impact and building quality in order to promote strategic facilities management in healthca",alta,nao,nao_aplicavel,include,"Auditoria qualitativa estruturada de título, resumo, palavras-chave e campos extraídos; sem uso de internet, PDFs ou full-text."
REG_02069,2011,Scopus|WoS,10.1016/j.proeng.2011.11.187,Outsourcing in facilities management - A literature review,sim,manter_nucleo_principal,RQ0;RQ1;RQ2;RQ3;RQ4,sim,sim,sim,sim,sim,nao,criterios_de_sustentabilidade;criterios_de_priorizacao;metodo_multicriterio_ou_decisao;gestao_manutencao_predial;facility_management;energia_desempenho_operacional;custo_ciclo_de_vida,custo;vida_util;desempenho_operacional,decision support;life-cycle cost;framework,portfolio_predial;edificio_generico,economica;tecnica_operacional;institucional;ciclo_de_vida,nao_identificada_no_resumo,"Resumo confirma contribuição direta à manutenção/gestão predial ou FM, articulando sustentabilidade com critérios, método, desempenho operacional ou decisão.",Outsourcing in facilities management involves turning over the complete management and decision-making authority of an operation to somebody outside organization.,alta,nao,nao_aplicavel,include,"Auditoria qualitativa estruturada de título, resumo, palavras-chave e campos extraídos; sem uso de internet, PDFs ou full-text."
REG_02204,2011,Scopus|WoS,10.2495/eco110251,Sustainable carbon neutral building design: New simulation tools for teaching green buildings,sim,manter_nucleo_principal,RQ0;RQ1;RQ2;RQ3;RQ4,sim,sim,sim,sim,sim,nao,criterios_de_sustentabilidade;criterios_de_priorizacao;metodo_multicriterio_ou_decisao;gestao_manutencao_predial;energia_desempenho_operacional;custo_ciclo_de_vida;risco_seguranca_conforto,custo;risco;energia;vida_util;desempenho_operacional;emissoes_carbono,framework,edificio_generico,ambiental;economica;tecnica_operacional;energia;ciclo_de_vida,nao_identificada_no_resumo,"Resumo confirma contribuição direta à manutenção/gestão predial ou FM, articulando sustentabilidade com critérios, método, desempenho operacional ou decisão.",The Building Industry is one of the major consumers of energy.,alta,nao,nao_aplicavel,include,"Auditoria qualitativa estruturada de título, resumo, palavras-chave e campos extraídos; sem uso de internet, PDFs ou full-text."
REG_02495,2022,Scopus,10.3390/en15197002,Digital Twins’ Applications for Building Energy Efficiency: A Review,sim,manter_nucleo_principal,RQ0;RQ1;RQ2;RQ3;RQ4;RQ5,sim,sim,sim,sim,sim,sim,criterios_de_sustentabilidade;criterios_de_priorizacao;metodo_multicriterio_ou_decisao;gestao_manutencao_predial;energia_desempenho_operacional;custo_ciclo_de_vida;risco_seguranca_conforto,energia;conforto;desempenho_operacional;informacao_dados,optimization;digital twin,edificio_generico,ambiental;social;tecnica_operacional;institucional;energia;conforto;ciclo_de_vida,"This paper aims to provide a comprehensive review of the applications of digital twins for building energy efficiency, analyze research trends and identify research gaps and potential future research directions.","Resumo confirma contribuição direta à manutenção/gestão predial ou FM, articulando sustentabilidade com critérios, método, desempenho operacional ou decisão.","Over the last few decades, energy efficiency has received increasing attention from the Architecture, Engineering, Construction and Operation (AECO) industry.",alta,nao,nao_aplicavel,include,"Auditoria qualitativa estruturada de título, resumo, palavras-chave e campos extraídos; sem uso de internet, PDFs ou full-text."
REG_02540,2022,Scopus|WoS,10.3390/su14169955,An Integrated Fuzzy-Based Sustainability Framework for Post-Secondary Educational Buildings: A User-Perspective Approach,sim,manter_nucleo_principal,RQ0;RQ1;RQ2;RQ3;RQ4;RQ5,sim,sim,sim,sim,sim,sim,criterios_de_sustentabilidade;criterios_de_priorizacao;metodo_multicriterio_ou_decisao;gestao_manutencao_predial;facility_management;contexto_publico_universitario;energia_desempenho_operacional;risco_seguranca_conforto;lacuna_para_ies_publicas,energia;conforto;desempenho_operacional;satisfacao_usuario;informacao_dados,ANP;fuzzy;framework,universidade;escola;portfolio_predial;campus;edificio_generico,ambiental;social;tecnica_operacional;institucional;energia;conforto,"However, limited research has centered on improving educational building sustainability from users’ perspectives.","Resumo confirma contribuição direta à manutenção/gestão predial ou FM, articulando sustentabilidade com critérios, método, desempenho operacional ou decisão.",Decreasing the impact of educational buildings on the environment is a primary concern of the sustainable building movement.,alta,nao,nao_aplicavel,include,"Auditoria qualitativa estruturada de título, resumo, palavras-chave e campos extraídos; sem uso de internet, PDFs ou full-text."
REG_02568,2022,Scopus,10.3390/buildings12070994,Assessment of the Perception of Sustainability for Occupants of Residential Buildings: A Case Study in the UAE,sim,manter_nucleo_principal,RQ0;RQ1;RQ2;RQ4;RQ5,sim,sim,sim,nao,sim,sim,criterios_de_sustentabilidade;criterios_de_priorizacao;gestao_manutencao_predial;facility_management;custo_ciclo_de_vida,custo;satisfacao_usuario;informacao_dados,framework,edificio_residencial;portfolio_predial;edificio_generico,ambiental;economica;social;tecnica_operacional;institucional,"Although evidence shows that the UAE is among the countries in the world that take sustainability seriously, there is a lack of information about the perception of sustainability by occupants in the residential sector in the UAE.","Resumo confirma contribuição direta à manutenção/gestão predial ou FM, articulando sustentabilidade com critérios, método, desempenho operacional ou decisão.","Although evidence shows that the UAE is among the countries in the world that take sustainability seriously, there is a lack of information about the perception of sustainability by occupants in the residential sector in",alta,nao,nao_aplicavel,include,"Auditoria qualitativa estruturada de título, resumo, palavras-chave e campos extraídos; sem uso de internet, PDFs ou full-text."
REG_02635,2022,Scopus,10.1016/j.ssci.2021.105640,A thematic review on Prevention through design (PtD) concept application in the construction industry of developing countries,sim,manter_nucleo_principal,RQ0;RQ1;RQ2;RQ3;RQ4,sim,sim,sim,sim,sim,nao,criterios_de_sustentabilidade;criterios_de_priorizacao;metodo_multicriterio_ou_decisao;gestao_manutencao_predial;energia_desempenho_operacional;custo_ciclo_de_vida;risco_seguranca_conforto,risco;seguranca;vida_util;desempenho_operacional;informacao_dados,framework;BIM,edificio_generico,tecnica_operacional;institucional;risco;seguranca;ciclo_de_vida,nao_identificada_no_resumo,"Resumo confirma contribuição direta à manutenção/gestão predial ou FM, articulando sustentabilidade com critérios, método, desempenho operacional ou decisão.","The life cycle of the building or any other type of structure comprises the stages of planning, design, construction, operation, and maintenance until demolition.",alta,nao,nao_aplicavel,include,"Auditoria qualitativa estruturada de título, resumo, palavras-chave e campos extraídos; sem uso de internet, PDFs ou full-text."
REG_03126,2021,Scopus|WoS,10.1016/j.autcon.2021.103712,A performance data integrated BIM framework for building life-cycle energy efficiency and environmental optimization design,sim,manter_nucleo_principal,RQ0;RQ1;RQ2;RQ3;RQ4;RQ5,sim,sim,sim,sim,sim,sim,criterios_de_sustentabilidade;criterios_de_priorizacao;metodo_multicriterio_ou_decisao;gestao_manutencao_predial;facility_management;contexto_publico_universitario;energia_desempenho_operacional;custo_ciclo_de_vida;risco_seguranca_conforto;lacuna_para_ies_publicas,custo;energia;conforto;vida_util;desempenho_operacional;informacao_dados,optimization;life-cycle cost;framework;BIM,escola;portfolio_predial;edificio_generico,ambiental;economica;tecnica_operacional;institucional;energia;conforto;ciclo_de_vida,More application scenarios focusing on the stage of facility management and different sustainability performance will be conducted in P-BIM framework in future works.,"Resumo confirma contribuição direta à manutenção/gestão predial ou FM, articulando sustentabilidade com critérios, método, desempenho operacional ou decisão.",Data-driven green building design in BIM is challenged by the lack of a comprehensive data integration framework with the capabilities of building life-cycle performance data management and application.,alta,nao,nao_aplicavel,include,"Auditoria qualitativa estruturada de título, resumo, palavras-chave e campos extraídos; sem uso de internet, PDFs ou full-text."
REG_03176,2021,Scopus,10.1088/1755-1315/768/1/012132,The Strategy of Passive Ecological Building Design Based on Guangxi's Climate Characteristics - A Case Study on the Garden Art Gallery of the 12th China (Nanning) International Garden Expo,sim,manter_nucleo_principal,RQ0;RQ1;RQ2;RQ3;RQ4,sim,sim,sim,sim,sim,nao,criterios_de_sustentabilidade;criterios_de_priorizacao;metodo_multicriterio_ou_decisao;gestao_manutencao_predial;energia_desempenho_operacional;custo_ciclo_de_vida,custo;desempenho_operacional,,edificio_comercial;edificio_generico,ambiental;economica;tecnica_operacional;ciclo_de_vida,nao_identificada_no_resumo,"Resumo confirma contribuição direta à manutenção/gestão predial ou FM, articulando sustentabilidade com critérios, método, desempenho operacional ou decisão.","This project is based on the climate characteristics of Guangxi, combined with regional traditional construction methods and vernacular construction materials, and mainly in the light of the passive green building techno",alta,nao,nao_aplicavel,include,"Auditoria qualitativa estruturada de título, resumo, palavras-chave e campos extraídos; sem uso de internet, PDFs ou full-text."
REG_03230,2021,Scopus|WoS,10.1108/f-10-2019-0108,Improving lighting efficiency in existing art museums: a case study,sim,manter_nucleo_principal,RQ0;RQ1;RQ2;RQ3;RQ4;RQ5,sim,sim,sim,sim,sim,sim,criterios_de_sustentabilidade;criterios_de_priorizacao;metodo_multicriterio_ou_decisao;gestao_manutencao_predial;facility_management;energia_desempenho_operacional;custo_ciclo_de_vida,custo;energia;vida_util;desempenho_operacional;satisfacao_usuario,optimization;life-cycle cost;framework,portfolio_predial;edificio_generico;museu,ambiental;economica;tecnica_operacional;institucional;energia;ciclo_de_vida,"© 2020, Emerald Publishing Limited.","Resumo confirma contribuição direta à manutenção/gestão predial ou FM, articulando sustentabilidade com critérios, método, desempenho operacional ou decisão.","By surveying all possible elements, this paper aims to propose a sustainability-based solution, as it relates to the development of artwork conservation, visual perception and energy efficiency during operation and maint",alta,nao,nao_aplicavel,include,"Auditoria qualitativa estruturada de título, resumo, palavras-chave e campos extraídos; sem uso de internet, PDFs ou full-text."
REG_03334,2021,Scopus|WoS,10.1080/15623599.2019.1571750,Evaluation of facilities management sustainable parameters for improving operational efficiency,sim,manter_nucleo_principal,RQ0;RQ1;RQ2;RQ4;RQ5,sim,sim,sim,nao,sim,sim,criterios_de_sustentabilidade;criterios_de_priorizacao;gestao_manutencao_predial;facility_management;energia_desempenho_operacional;custo_ciclo_de_vida,custo;vida_util;desempenho_operacional;manutenibilidade,framework,portfolio_predial;edificio_generico,ambiental;economica;social;tecnica_operacional;institucional;ciclo_de_vida,"© 2019 Informa UK Limited, trading as Taylor & Francis Group.","Resumo confirma contribuição direta à manutenção/gestão predial ou FM, articulando sustentabilidade com critérios, método, desempenho operacional ou decisão.",Sustainability is becoming an integral part of the life-cycle development of built facilities and is emphasized during the design phase and post-occupancy phase.,alta,nao,nao_aplicavel,include,"Auditoria qualitativa estruturada de título, resumo, palavras-chave e campos extraídos; sem uso de internet, PDFs ou full-text."
REG_03349,2021,Scopus,10.1007/978-981-15-4577-1_72,Exploring the Acceptance of Life Cycle Cost for Residential Projects in India,sim,manter_nucleo_principal,RQ0;RQ1;RQ2;RQ3;RQ4;RQ5,sim,sim,sim,sim,sim,sim,criterios_de_sustentabilidade;criterios_de_priorizacao;metodo_multicriterio_ou_decisao;gestao_manutencao_predial;energia_desempenho_operacional;custo_ciclo_de_vida;risco_seguranca_conforto,custo;risco;condicao_fisica;vida_util;desempenho_operacional,decision support;life-cycle cost,edificio_residencial;edificio_generico,ambiental;economica;tecnica_operacional;institucional;ciclo_de_vida,The research result reveals critical barriers in acceptance of life cycle cost in India.,"Resumo confirma contribuição direta à manutenção/gestão predial ou FM, articulando sustentabilidade com critérios, método, desempenho operacional ou decisão.","In the construction project management, demands for sustainable and long-term decision-making methods are increasing as the projects are getting complex.",alta,nao,nao_aplicavel,include,"Auditoria qualitativa estruturada de título, resumo, palavras-chave e campos extraídos; sem uso de internet, PDFs ou full-text."
REG_03359,2021,Scopus|WoS,10.36680/j.itcon.2021.005,From BIM to digital twins: A systematic review of the evolution of intelligent building representations in the AEC-FM industry,sim,manter_nucleo_principal,RQ0;RQ1;RQ2;RQ3;RQ4;RQ5,sim,sim,sim,sim,sim,sim,criterios_de_sustentabilidade;criterios_de_priorizacao;metodo_multicriterio_ou_decisao;gestao_manutencao_predial;facility_management;energia_desempenho_operacional;custo_ciclo_de_vida;risco_seguranca_conforto,energia;conforto;vida_util;desempenho_operacional;informacao_dados,decision support;framework;BIM;digital twin;IoT,portfolio_predial;edificio_generico,ambiental;tecnica_operacional;institucional;energia;conforto;ciclo_de_vida,"However, research in Digital Twins for the built environment is still in its nascent stages and there is a need to understand the advances in the underlying enabling technologies and establish a convergent context for ongoing and future research.","Resumo confirma contribuição direta à manutenção/gestão predial ou FM, articulando sustentabilidade com critérios, método, desempenho operacional ou decisão.",The widespread adoption of Building Information Modeling (BIM) and the recent emergence of Internet of Things (IoT) applications offer several new insights and decision-making capabilities throughout the life cycle of th,alta,nao,nao_aplicavel,include,"Auditoria qualitativa estruturada de título, resumo, palavras-chave e campos extraídos; sem uso de internet, PDFs ou full-text."
REG_03383,2021,Crossref|Scopus,10.1007/978-981-15-8783-2_17,Occupants’ Behavioral Analysis for the Optimization of Building Operation and Maintenance: A Case Study to Improve the Use of Elevators in a University Building,sim,manter_nucleo_principal,RQ0;RQ1;RQ2;RQ3;RQ4;RQ5,sim,sim,sim,sim,sim,sim,criterios_de_sustentabilidade;criterios_de_priorizacao;metodo_multicriterio_ou_decisao;gestao_manutencao_predial;contexto_publico_universitario;energia_desempenho_operacional;custo_ciclo_de_vida;risco_seguranca_conforto;lacuna_para_ies_publicas,custo;risco;condicao_fisica;conforto;desempenho_operacional;residuos,optimization;framework,universidade;edificio_publico;campus;edificio_generico,ambiental;economica;social;tecnica_operacional;institucional;conforto;ciclo_de_vida,"© 2021, The Author(s), under exclusive license to Springer Nature Singapore Pte Ltd.","Resumo confirma contribuição direta à manutenção/gestão predial ou FM, articulando sustentabilidade com critérios, método, desempenho operacional ou decisão.","The impact of the users’ behavior on the building performance is largely recognized, especially considering most of common building operation and management (O&M) tasks.",alta,nao,nao_aplicavel,include,"Auditoria qualitativa estruturada de título, resumo, palavras-chave e campos extraídos; sem uso de internet, PDFs ou full-text."
REG_03670,2020,Scopus,10.1108/meq-05-2019-0093,Improving maintenance management practices on green building projects,sim,manter_nucleo_principal,RQ0;RQ1;RQ2;RQ4;RQ5,sim,sim,sim,nao,sim,sim,criterios_de_sustentabilidade;criterios_de_priorizacao;gestao_manutencao_predial;energia_desempenho_operacional;custo_ciclo_de_vida,condicao_fisica;desempenho_operacional;informacao_dados;manutenibilidade,framework,edificio_generico,ambiental;tecnica_operacional;institucional;ciclo_de_vida,It is also suggested that further research into maintenance of GB should consider issues in terms of concern for lifecycle assessment and sustainability.,"Resumo confirma contribuição direta à manutenção/gestão predial ou FM, articulando sustentabilidade com critérios, método, desempenho operacional ou decisão.",Purpose: The improper maintenance affects the performance of management practices for Green Building (GB) in Malaysia.,alta,nao,nao_aplicavel,include,"Auditoria qualitativa estruturada de título, resumo, palavras-chave e campos extraídos; sem uso de internet, PDFs ou full-text."
REG_03759,2020,Scopus|WoS,10.1108/pm-11-2019-0068,Risk management in facility management for data centres: status and deficits,sim,manter_nucleo_principal,RQ0;RQ1;RQ2;RQ4;RQ5,sim,sim,sim,nao,sim,sim,criterios_de_sustentabilidade;criterios_de_priorizacao;gestao_manutencao_predial;facility_management;energia_desempenho_operacional;custo_ciclo_de_vida;risco_seguranca_conforto,risco;vida_util;desempenho_operacional;informacao_dados,framework,portfolio_predial;edificio_generico,ambiental;tecnica_operacional;institucional;risco;ciclo_de_vida,"© 2020, Emerald Publishing Limited.","Resumo confirma contribuição direta à manutenção/gestão predial ou FM, articulando sustentabilidade com critérios, método, desempenho operacional ou decisão.",Purpose: Data centres (DC) serve as critical infrastructure and require a sustainable and uninterrupted building operation.,alta,nao,nao_aplicavel,include,"Auditoria qualitativa estruturada de título, resumo, palavras-chave e campos extraídos; sem uso de internet, PDFs ou full-text."
REG_03763,2020,Scopus|WoS,10.1016/j.scs.2020.102073,A review of sustainable facility management research,sim,manter_nucleo_principal,RQ0;RQ1;RQ2;RQ4;RQ5,sim,sim,sim,nao,sim,sim,criterios_de_sustentabilidade;criterios_de_priorizacao;gestao_manutencao_predial;facility_management;energia_desempenho_operacional;custo_ciclo_de_vida;risco_seguranca_conforto,custo;desempenho_operacional;informacao_dados;manutenibilidade,framework,portfolio_predial;edificio_generico,ambiental;economica;social;tecnica_operacional;institucional;conforto,"This paper presents a review of SFM publications, developing a framework for identifying areas of concern regarding SFM systems, as well as identifying and studying research gaps and limitations in the existing body of knowledge.","Resumo confirma contribuição direta à manutenção/gestão predial ou FM, articulando sustentabilidade com critérios, método, desempenho operacional ou decisão.","Sustainable facility management (SFM) has a positive effect on the three main pillars of sustainable buildings: economic, environmental, and social benefits, thereby adding value to companies, organizations, and governme",alta,nao,nao_aplicavel,include,"Auditoria qualitativa estruturada de título, resumo, palavras-chave e campos extraídos; sem uso de internet, PDFs ou full-text."
REG_03843,2020,Scopus,10.14455/isec.res.2020.7(1).con-15,Application of fuzzy topsis for selecting most sustainable building wall material,sim,manter_nucleo_principal,RQ0;RQ1;RQ2;RQ3;RQ4,sim,sim,sim,sim,sim,nao,criterios_de_sustentabilidade;criterios_de_priorizacao;metodo_multicriterio_ou_decisao;gestao_manutencao_predial;energia_desempenho_operacional;custo_ciclo_de_vida,custo;desempenho_operacional,TOPSIS;MCDM;fuzzy;decision support;framework,edificio_generico,ambiental;economica;social;tecnica_operacional;ciclo_de_vida,nao_identificada_no_resumo,"Resumo confirma contribuição direta à manutenção/gestão predial ou FM, articulando sustentabilidade com critérios, método, desempenho operacional ou decisão.","Poor choice of materials can lead to higher costs during construction, higher long-term operation and maintenance expenses, and endanger humans and their surrounding environment.",alta,nao,nao_aplicavel,include,"Auditoria qualitativa estruturada de título, resumo, palavras-chave e campos extraídos; sem uso de internet, PDFs ou full-text."
REG_03844,2020,Scopus,,Application of fuzzy topsis for selecting most sustainable building wall material,sim,manter_nucleo_principal,RQ0;RQ1;RQ2;RQ3;RQ4,sim,sim,sim,sim,sim,nao,criterios_de_sustentabilidade;criterios_de_priorizacao;metodo_multicriterio_ou_decisao;gestao_manutencao_predial;energia_desempenho_operacional;custo_ciclo_de_vida,custo;desempenho_operacional,TOPSIS;MCDM;fuzzy;decision support;framework,edificio_generico,ambiental;economica;social;tecnica_operacional;ciclo_de_vida,nao_identificada_no_resumo,"Resumo confirma contribuição direta à manutenção/gestão predial ou FM, articulando sustentabilidade com critérios, método, desempenho operacional ou decisão.","Poor choice of materials can lead to higher costs during construction, higher long-Term operation and maintenance expenses, and endanger humans and their surrounding environment.",alta,nao,nao_aplicavel,include,"Auditoria qualitativa estruturada de título, resumo, palavras-chave e campos extraídos; sem uso de internet, PDFs ou full-text."
REG_04015,2020,Scopus,10.1108/f-08-2020-0094,Energy-efficient retrofitting of multi-storey residential buildings,sim,manter_nucleo_principal,RQ0;RQ1;RQ2;RQ4;RQ5,sim,sim,sim,nao,sim,sim,criterios_de_sustentabilidade;criterios_de_priorizacao;gestao_manutencao_predial;energia_desempenho_operacional;custo_ciclo_de_vida,custo;energia;desempenho_operacional;emissoes_carbono,framework,edificio_residencial;edificio_generico,ambiental;economica;tecnica_operacional;institucional;energia,"Research limitations/implications: Future studies may take a similar approach of this study to develop retrofitting frameworks for other types of buildings, and further research paper can be extended to study retrofitting for buildings in a district or a regio","Resumo confirma contribuição direta à manutenção/gestão predial ou FM, articulando sustentabilidade com critérios, método, desempenho operacional ou decisão.",Purpose: Sustainable retrofitting of aged buildings plays a significant role in reducing energy demands and greenhouse gas emissions.,alta,nao,nao_aplicavel,include,"Auditoria qualitativa estruturada de título, resumo, palavras-chave e campos extraídos; sem uso de internet, PDFs ou full-text."
REG_04052,2019,Scopus|WoS,10.3390/su11247181,Forecasting repair schedule for building components based on case-based reasoning and fuzzy-AHP,sim,manter_nucleo_principal,RQ0;RQ1;RQ2;RQ3;RQ4;RQ5,sim,sim,sim,sim,sim,sim,criterios_de_sustentabilidade;criterios_de_priorizacao;metodo_multicriterio_ou_decisao;gestao_manutencao_predial;energia_desempenho_operacional;custo_ciclo_de_vida,custo;condicao_fisica;desempenho_operacional;informacao_dados;manutenibilidade,AHP;fuzzy;scoring;case-based reasoning;framework,edificio_generico,economica;tecnica_operacional,"However, existing approaches to maintenance are limited in terms of estimating required repairs.","Resumo confirma contribuição direta à manutenção/gestão predial ou FM, articulando sustentabilidade com critérios, método, desempenho operacional ou decisão.",Building maintenance is closely related to the performance and sustainability of buildings.,alta,nao,nao_aplicavel,include,"Auditoria qualitativa estruturada de título, resumo, palavras-chave e campos extraídos; sem uso de internet, PDFs ou full-text."
REG_04120,2019,Scopus,10.1063/1.5126571,Proposed research methodology for establishing the critical success factors for maintenance management of hospital buildings,sim,manter_nucleo_principal,RQ0;RQ1;RQ2;RQ4;RQ5,sim,sim,sim,nao,sim,sim,criterios_de_sustentabilidade;criterios_de_priorizacao;gestao_manutencao_predial;energia_desempenho_operacional;custo_ciclo_de_vida;risco_seguranca_conforto,custo;risco;seguranca;desempenho_operacional;informacao_dados;manutenibilidade;qualidade_servico,framework,hospital;edificio_generico,economica;social;tecnica_operacional;institucional;risco;seguranca,"There is an increasing recognition amongst healthcare organisations on the need to improve building performance in order to increase healthcare delivery, profits, and patients' recovery and to reduce penalties.","Resumo confirma contribuição direta à manutenção/gestão predial ou FM, articulando sustentabilidade com critérios, método, desempenho operacional ou decisão.","While, maintenance costs of hospital buildings have increased significantly, fire outbreaks, equipment breakdowns, and decay of a building's components, structure and fabric suggest a need to conduct empirical research t",alta,nao,nao_aplicavel,include,"Auditoria qualitativa estruturada de título, resumo, palavras-chave e campos extraídos; sem uso de internet, PDFs ou full-text."
REG_04122,2019,Scopus|WoS,10.1108/f-09-2018-0107,Green maintainability assessment of high-rise vertical greenery systems,sim,manter_nucleo_principal,RQ0;RQ1;RQ2;RQ4;RQ5,sim,sim,sim,nao,sim,sim,criterios_de_sustentabilidade;criterios_de_priorizacao;gestao_manutencao_predial;facility_management;energia_desempenho_operacional;custo_ciclo_de_vida;risco_seguranca_conforto,custo;risco;condicao_fisica;seguranca;vida_util;desempenho_operacional;agua;informacao_dados;manutenibilidade,framework,portfolio_predial;edificio_generico,ambiental;economica;social;tecnica_operacional;institucional;risco;seguranca;ciclo_de_vida,VGS) have grown in complexity which poses maintainability challenges.,"Resumo confirma contribuição direta à manutenção/gestão predial ou FM, articulando sustentabilidade com critérios, método, desempenho operacional ou decisão.",Purpose: Vertical greenery systems (VGS) have been a widely accepted design strategy that contributes to creating sustainable built environments.,alta,nao,nao_aplicavel,include,"Auditoria qualitativa estruturada de título, resumo, palavras-chave e campos extraídos; sem uso de internet, PDFs ou full-text."
REG_04126,2019,Scopus|WoS,10.1108/f-10-2017-0102,Early decision-making for school building renovation,sim,manter_nucleo_principal,RQ0;RQ1;RQ2;RQ3;RQ4;RQ5,sim,sim,sim,sim,sim,sim,criterios_de_sustentabilidade;criterios_de_priorizacao;metodo_multicriterio_ou_decisao;gestao_manutencao_predial;facility_management;contexto_publico_universitario;energia_desempenho_operacional;risco_seguranca_conforto;lacuna_para_ies_publicas,condicao_fisica;energia;conforto,decision support;framework,escola;portfolio_predial;edificio_generico,ambiental;social;tecnica_operacional;institucional;energia;conforto,Originality/value: This study illustrates the comprehensive analysis needed when renovating a building and on difficulties of addressing and evaluating all the viable aspects of concern.,"Resumo confirma contribuição direta à manutenção/gestão predial ou FM, articulando sustentabilidade com critérios, método, desempenho operacional ou decisão.","Findings: Aspects such as technical status, energy use and indoor environment in the buildings were not discussed to any great extent.",alta,nao,nao_aplicavel,include,"Auditoria qualitativa estruturada de título, resumo, palavras-chave e campos extraídos; sem uso de internet, PDFs ou full-text."
REG_04163,2019,Scopus|WoS,10.3390/buildings9080182,LCC estimation model: A construction material perspective,sim,manter_nucleo_principal,RQ0;RQ1;RQ2;RQ3;RQ4,sim,sim,sim,sim,sim,nao,criterios_de_sustentabilidade;criterios_de_priorizacao;metodo_multicriterio_ou_decisao;gestao_manutencao_predial;facility_management;energia_desempenho_operacional;custo_ciclo_de_vida,custo;energia;vida_util;desempenho_operacional;informacao_dados,optimization;decision support;life-cycle cost;framework,portfolio_predial;edificio_generico,ambiental;economica;social;tecnica_operacional;institucional;energia;ciclo_de_vida,nao_identificada_no_resumo,"Resumo confirma contribuição direta à manutenção/gestão predial ou FM, articulando sustentabilidade com critérios, método, desempenho operacional ou decisão.",The growing pressure to ensure sustainable construction is also associated with stricter demands on the cost-effectiveness of construction and operation of buildings and reduction of their environmental impact.,alta,nao,nao_aplicavel,include,"Auditoria qualitativa estruturada de título, resumo, palavras-chave e campos extraídos; sem uso de internet, PDFs ou full-text."
REG_04203,2019,Crossref|Scopus|WoS,10.1108/ijbpa-10-2017-0049,An Integrated Computerised Maintenance Management System (I-CMMS) for IBS building maintenance,sim,manter_nucleo_principal,RQ0;RQ1;RQ2;RQ3;RQ4;RQ5,sim,sim,sim,sim,sim,sim,criterios_de_sustentabilidade;criterios_de_priorizacao;metodo_multicriterio_ou_decisao;gestao_manutencao_predial;energia_desempenho_operacional;custo_ciclo_de_vida;risco_seguranca_conforto,risco;condicao_fisica;vida_util;desempenho_operacional;residuos;informacao_dados;manutenibilidade,decision support;framework;BIM,edificio_generico,tecnica_operacional;institucional;risco;ciclo_de_vida,"© 2018, Emerald Publishing Limited.","Resumo confirma contribuição direta à manutenção/gestão predial ou FM, articulando sustentabilidade com critérios, método, desempenho operacional ou decisão.","Purpose: The purpose of this paper is to focus on the development of an integrated computerised maintenance management system to improve the information storage of design and construction, diagnostic and defect risk asse",alta,nao,nao_aplicavel,include,"Auditoria qualitativa estruturada de título, resumo, palavras-chave e campos extraídos; sem uso de internet, PDFs ou full-text."
REG_04225,2019,Scopus,10.1108/jfm-11-2017-0059,Determining a conceptual framework for safe and sustainable health-care waste management (SSHCWM) implementation in health-care facilities,sim,manter_nucleo_principal,RQ0;RQ1;RQ2;RQ4;RQ5,sim,sim,sim,nao,sim,sim,criterios_de_sustentabilidade;criterios_de_priorizacao;gestao_manutencao_predial;facility_management;energia_desempenho_operacional;risco_seguranca_conforto,seguranca;desempenho_operacional;residuos;informacao_dados,framework,hospital;portfolio_predial;edificio_generico,ambiental;social;tecnica_operacional;institucional,Design/methodology/approach: This paper used a review of existing literature in relation to health-care waste management in the context of sustainable facilities management and facilities management performance and forms a basis for further research.,"Resumo confirma contribuição direta à manutenção/gestão predial ou FM, articulando sustentabilidade com critérios, método, desempenho operacional ou decisão.","Purpose: This paper aims to explore current sustainable facilities management knowledge and practice, focussing specifically on sustainable waste management implementation in health-care facilities with an aim to concept",alta,nao,nao_aplicavel,include,"Auditoria qualitativa estruturada de título, resumo, palavras-chave e campos extraídos; sem uso de internet, PDFs ou full-text."
REG_04305,2019,Scopus,10.1016/j.jclepro.2018.10.065,Examining sustainability indicators of space management in elderly Facilities—a case study in China,sim,manter_nucleo_principal,RQ0;RQ1;RQ2;RQ4;RQ5,sim,sim,sim,nao,sim,sim,criterios_de_sustentabilidade;criterios_de_priorizacao;gestao_manutencao_predial;facility_management;energia_desempenho_operacional;custo_ciclo_de_vida;risco_seguranca_conforto,custo;risco;desempenho_operacional;residuos;informacao_dados,framework,portfolio_predial;edificio_generico,ambiental;economica;social;tecnica_operacional;institucional,"An effective method to resolve these problems is sustainable space management (SSM), which is a particularly good fit for nonprofit elderly facilities with limited capital budgets.","Resumo confirma contribuição direta à manutenção/gestão predial ou FM, articulando sustentabilidade com critérios, método, desempenho operacional ou decisão.","Along with increases in the aging population and the number of elderly facilities, the existing unsustainable patterns of building operations have caused a series of space-related problems such as space waste, increasing",alta,nao,nao_aplicavel,include,"Auditoria qualitativa estruturada de título, resumo, palavras-chave e campos extraídos; sem uso de internet, PDFs ou full-text."
REG_04552,2026,Scopus|WoS,10.1111/itor.70022,Contractors allocation for public building maintenance: a sustainable approach aligned with SDGs using AHP-TOPSIS and bi-objective optimization,sim,manter_nucleo_principal,RQ0;RQ1;RQ2;RQ3;RQ4,sim,sim,sim,sim,sim,nao,criterios_de_sustentabilidade;criterios_de_priorizacao;metodo_multicriterio_ou_decisao;gestao_manutencao_predial;facility_management;contexto_publico_universitario;energia_desempenho_operacional;custo_ciclo_de_vida;risco_seguranca_conforto,custo;risco;seguranca;desempenho_operacional;informacao_dados,AHP;TOPSIS;optimization;ranking;framework,edificio_publico;portfolio_predial;edificio_generico,ambiental;economica;tecnica_operacional;institucional;risco;seguranca,nao_identificada_no_resumo,"Resumo confirma contribuição direta à manutenção/gestão predial ou FM, articulando sustentabilidade com critérios, método, desempenho operacional ou decisão.",The facility management (FM) unit of an organization struggles with the sustainable selection of contractors for the maintenance of critical facilities.,alta,nao,nao_aplicavel,include,"Auditoria qualitativa estruturada de título, resumo, palavras-chave e campos extraídos; sem uso de internet, PDFs ou full-text."
REG_04569,2026,Scopus|WoS,10.1108/jfm-11-2025-0191,Analysis of sustainable facility management performance in university campuses based on user satisfaction indicators: the case of Ankara University Besevler Campus,sim,manter_nucleo_principal,RQ0;RQ1;RQ2;RQ4;RQ5,sim,sim,sim,nao,sim,sim,criterios_de_sustentabilidade;criterios_de_priorizacao;gestao_manutencao_predial;facility_management;contexto_publico_universitario;energia_desempenho_operacional;risco_seguranca_conforto;lacuna_para_ies_publicas,risco;conforto;desempenho_operacional;residuos;satisfacao_usuario;informacao_dados,framework,universidade;campus;portfolio_predial,ambiental;social;tecnica_operacional;institucional;conforto,"By addressing the underexplored relationship between social sustainability and user experience, the research seeks to provide evidence-based insights for sustainable campus facility management.","Resumo confirma contribuição direta à manutenção/gestão predial ou FM, articulando sustentabilidade com critérios, método, desempenho operacional ou decisão.","Purpose – This study aims to examine the impact of social governance and sustainability practices, in conjunction with technical maintenance services, on users’ perceptions of indoor comfort within university campuses.",alta,nao,nao_aplicavel,include,"Auditoria qualitativa estruturada de título, resumo, palavras-chave e campos extraídos; sem uso de internet, PDFs ou full-text."
REG_04572,2026,Scopus|WoS,10.3390/app16115640,"Coding and Relationships Between Construction and Maintenance Work Units and Their Life Cycle: A Study of the Economic, Environmental and Social Sustainability of Housing in Andalusia",sim,manter_nucleo_principal,RQ0;RQ1;RQ2;RQ3;RQ4,sim,sim,sim,sim,sim,nao,criterios_de_sustentabilidade;criterios_de_priorizacao;metodo_multicriterio_ou_decisao;gestao_manutencao_predial;energia_desempenho_operacional;custo_ciclo_de_vida;risco_seguranca_conforto,custo;risco;condicao_fisica;energia;seguranca;vida_util;emissoes_carbono;agua;informacao_dados,framework;BIM,edificio_residencial;edificio_generico,ambiental;economica;social;tecnica_operacional;institucional;risco;energia;seguranca;ciclo_de_vida,nao_identificada_no_resumo,"Resumo confirma contribuição direta à manutenção/gestão predial ou FM, articulando sustentabilidade com critérios, método, desempenho operacional ou decisão.","The holistic assessment of building life cycles requires integrating economic, environmental, and social dimensions, including occupational risks and cost management.",alta,nao,nao_aplicavel,include,"Auditoria qualitativa estruturada de título, resumo, palavras-chave e campos extraídos; sem uso de internet, PDFs ou full-text."
REG_04575,2026,Crossref|Scopus,10.3390/buildings16122389,From Construction Innovation to Operational Reality: Barriers to Technology Diffusion in the Operations and Maintenance of Public Hospitals in South Africa,sim,manter_nucleo_principal,RQ0;RQ1;RQ2;RQ4;RQ5,sim,sim,sim,nao,sim,sim,criterios_de_sustentabilidade;criterios_de_priorizacao;gestao_manutencao_predial;facility_management;contexto_publico_universitario;energia_desempenho_operacional;custo_ciclo_de_vida;risco_seguranca_conforto;lacuna_para_ies_publicas,custo;risco;seguranca;desempenho_operacional;informacao_dados,framework,hospital;edificio_publico;portfolio_predial;edificio_generico,ambiental;economica;social;tecnica_operacional;institucional;risco;seguranca;ciclo_de_vida,"Key barriers include unclear institutional roles, inadequate handover processes, limited technical capacity, and the absence of strategic leadership to drive innovation.","Resumo confirma contribuição direta à manutenção/gestão predial ou FM, articulando sustentabilidade com critérios, método, desempenho operacional ou decisão.","South Africa’s public hospital system faces mounting pressure from ageing infrastructure, rising patient demand, and constrained maintenance budgets.",alta,nao,nao_aplicavel,include,"Auditoria qualitativa estruturada de título, resumo, palavras-chave e campos extraídos; sem uso de internet, PDFs ou full-text."
REG_04749,2026,Scopus,10.3233/atde260008,Considering Carbon Emissions and Energy Consumption Costs in Project Pricing: A Case Study of a Commercial Building in Shanghai,sim,manter_nucleo_principal,RQ0;RQ1;RQ2;RQ3;RQ4;RQ5,sim,sim,sim,sim,sim,sim,criterios_de_sustentabilidade;criterios_de_priorizacao;metodo_multicriterio_ou_decisao;gestao_manutencao_predial;energia_desempenho_operacional;custo_ciclo_de_vida,custo;condicao_fisica;energia;vida_util;desempenho_operacional;emissoes_carbono,decision support,edificio_comercial;edificio_generico,ambiental;economica;tecnica_operacional;institucional;energia;ciclo_de_vida,"However, the current cost management system still lacks effective consideration of carbon emissions during the operation and maintenance stage.","Resumo confirma contribuição direta à manutenção/gestão predial ou FM, articulando sustentabilidade com critérios, método, desempenho operacional ou decisão.","However, the current cost management system still lacks effective consideration of carbon emissions during the operation and maintenance stage.",alta,nao,nao_aplicavel,include,"Auditoria qualitativa estruturada de título, resumo, palavras-chave e campos extraídos; sem uso de internet, PDFs ou full-text."
REG_04758,2026,Scopus,10.1108/jfm-04-2024-0046,Sustainable facilities management: a sociotechnical system perspective and a review of the literature,sim,manter_nucleo_principal,RQ0;RQ1;RQ2;RQ3;RQ4;RQ5,sim,sim,sim,sim,sim,sim,criterios_de_sustentabilidade;criterios_de_priorizacao;metodo_multicriterio_ou_decisao;gestao_manutencao_predial;facility_management;energia_desempenho_operacional,desempenho_operacional;informacao_dados,framework;IoT,portfolio_predial;edificio_generico,ambiental;tecnica_operacional;institucional,"In a second step, the framework is combined with a systematic literature review of studies published between 2000 and 2023 to examine pressures applied to FM firms, explore responses and management processes and the evolution of FM practices, and identify rese","Resumo confirma contribuição direta à manutenção/gestão predial ou FM, articulando sustentabilidade com critérios, método, desempenho operacional ou decisão.",Purpose – Sustainable facilities management (SFM) research necessitates a sociotechnical system perspective as core organizations and facilities management (FM) suppliers are subject to multiple pressures while participa,alta,nao,nao_aplicavel,include,"Auditoria qualitativa estruturada de título, resumo, palavras-chave e campos extraídos; sem uso de internet, PDFs ou full-text."
REG_04759,2026,Scopus,10.1108/sasbe-10-2023-0318,Factors influencing IoT adoption for sustainable facilities management in Saudi Arabia: a stakeholder assessment,sim,manter_nucleo_principal,RQ0;RQ1;RQ2;RQ3;RQ4;RQ5,sim,sim,sim,sim,sim,sim,criterios_de_sustentabilidade;criterios_de_priorizacao;metodo_multicriterio_ou_decisao;gestao_manutencao_predial;facility_management;energia_desempenho_operacional,desempenho_operacional;informacao_dados,ranking;framework;IoT,portfolio_predial;edificio_generico,ambiental;social;tecnica_operacional;institucional,"Beyond academic contributions, it provides practical insights for industry professionals, fostering a culture of knowledge-sharing and guiding future research in this field.","Resumo confirma contribuição direta à manutenção/gestão predial ou FM, articulando sustentabilidade com critérios, método, desempenho operacional ou decisão.",Purpose – This paper evaluates the factors influencing the utilization of the Internet of Things (IoT) for sustainable facilities management (SFM) practices in Saudi Arabia.,alta,nao,nao_aplicavel,include,"Auditoria qualitativa estruturada de título, resumo, palavras-chave e campos extraídos; sem uso de internet, PDFs ou full-text."
REG_04813,2026,Scopus|WoS,10.1016/j.jclepro.2025.147381,"Improving the performance of green office buildings in mainland China through facility management under the ""dual carbon"" goals",sim,manter_nucleo_principal,RQ0;RQ1;RQ2;RQ3;RQ4;RQ5,sim,sim,sim,sim,sim,sim,criterios_de_sustentabilidade;criterios_de_priorizacao;metodo_multicriterio_ou_decisao;gestao_manutencao_predial;facility_management;energia_desempenho_operacional,desempenho_operacional;emissoes_carbono;informacao_dados,TOPSIS;optimization;framework;digital twin;machine learning,edificio_comercial;portfolio_predial;edificio_generico,ambiental;tecnica_operacional;institucional,"Addressing a significant research gap, it examines the operational phase of green buildings, often neglected in traditional design-focused evaluations.","Resumo confirma contribuição direta à manutenção/gestão predial ou FM, articulando sustentabilidade com critérios, método, desempenho operacional ou decisão.","This study examines how facility management (FM), influenced by national policy and technological advancements, can enhance the carbon reduction capacity (CRC) of green office buildings in mainland China.",alta,nao,nao_aplicavel,include,"Auditoria qualitativa estruturada de título, resumo, palavras-chave e campos extraídos; sem uso de internet, PDFs ou full-text."
REG_04824,2026,Scopus,10.1007/978-3-032-06810-1_102,Framework for Environmental Life Cycle Assessment of Operation Strategies for Existing Building Envelopes,sim,manter_nucleo_principal,RQ0;RQ1;RQ2;RQ3;RQ4;RQ5,sim,sim,sim,sim,sim,sim,criterios_de_sustentabilidade;criterios_de_priorizacao;metodo_multicriterio_ou_decisao;gestao_manutencao_predial;facility_management;energia_desempenho_operacional;custo_ciclo_de_vida,custo;condicao_fisica;vida_util;desempenho_operacional;informacao_dados,optimization;framework,portfolio_predial;edificio_generico,ambiental;economica;social;tecnica_operacional;institucional;ciclo_de_vida,"In a recent study, Danish facility management organisations highlighted a knowledge gap regarding environmental impact of operational activities, particularly maintenance.","Resumo confirma contribuição direta à manutenção/gestão predial ou FM, articulando sustentabilidade com critérios, método, desempenho operacional ou decisão.","The operation phase of larger buildings is usually managed by professional facility management organisations, which typically plan building improvement measures (maintenance, repair, replacement, renovation) based on eco",alta,nao,nao_aplicavel,include,"Auditoria qualitativa estruturada de título, resumo, palavras-chave e campos extraídos; sem uso de internet, PDFs ou full-text."
REG_04939,2026,Scopus|WoS,10.1080/17452007.2026.2632103,Unraveling the impact of machine learning on the AEC sector: academia and industry perspectives,sim,manter_nucleo_principal,RQ0;RQ1;RQ2;RQ3;RQ4;RQ5,sim,sim,sim,sim,sim,sim,criterios_de_sustentabilidade;criterios_de_priorizacao;metodo_multicriterio_ou_decisao;gestao_manutencao_predial;facility_management;energia_desempenho_operacional;custo_ciclo_de_vida;risco_seguranca_conforto,custo;energia;seguranca;desempenho_operacional;informacao_dados,ranking;framework;BIM;machine learning,portfolio_predial;edificio_generico,ambiental;economica;tecnica_operacional;institucional;risco;energia;seguranca,"However, industry devotes more effort to sustainability, cost and scheduling solutions, whereas academia lags in these areas and often relies on limited or synthetic datasets.","Resumo confirma contribuição direta à manutenção/gestão predial ou FM, articulando sustentabilidade com critérios, método, desempenho operacional ou decisão.","Overall, our mixed methods analysis reveals a strong alignment between academic research and industry practice in targeting early design and post construction phases, with both communities prioritizing the application of",alta,nao,nao_aplicavel,include,"Auditoria qualitativa estruturada de título, resumo, palavras-chave e campos extraídos; sem uso de internet, PDFs ou full-text."
REG_04953,2026,Scopus,10.1007/978-3-032-08718-8_9,Spatial Intelligence for Efficient High-Rise Building Maintenance and Repair,sim,manter_nucleo_principal,RQ0;RQ1;RQ2;RQ3;RQ4,sim,sim,sim,sim,sim,nao,criterios_de_sustentabilidade;criterios_de_priorizacao;metodo_multicriterio_ou_decisao;gestao_manutencao_predial;energia_desempenho_operacional;custo_ciclo_de_vida;risco_seguranca_conforto,custo;condicao_fisica;seguranca;vida_util;desempenho_operacional;informacao_dados;manutenibilidade,scoring;framework;BIM;machine learning,edificio_residencial;edificio_generico,ambiental;economica;social;tecnica_operacional;institucional;risco;seguranca,nao_identificada_no_resumo,"Resumo confirma contribuição direta à manutenção/gestão predial ou FM, articulando sustentabilidade com critérios, método, desempenho operacional ou decisão.","Traditional approaches often force homeowners into a reactive maintenance strategy, leading to high repair costs and lengthy downtimes.",alta,nao,nao_aplicavel,include,"Auditoria qualitativa estruturada de título, resumo, palavras-chave e campos extraídos; sem uso de internet, PDFs ou full-text."
REG_05142,2025,Scopus,10.1108/jedt-06-2023-0259,Quantifying BIM investment value: a systematic review,sim,manter_nucleo_principal,RQ0;RQ1;RQ2;RQ3;RQ4;RQ5,sim,sim,sim,sim,sim,sim,criterios_de_sustentabilidade;criterios_de_priorizacao;metodo_multicriterio_ou_decisao;gestao_manutencao_predial;facility_management;energia_desempenho_operacional;custo_ciclo_de_vida;risco_seguranca_conforto,custo;seguranca;desempenho_operacional;informacao_dados,framework;BIM,portfolio_predial;edificio_generico,ambiental;economica;tecnica_operacional;institucional;risco;seguranca,Two major research gaps are identified: the absence of a standardized BIM ROI method and insufficient exploration of intangible benefits.,"Resumo confirma contribuição direta à manutenção/gestão predial ou FM, articulando sustentabilidade com critérios, método, desempenho operacional ou decisão.","The study categorizes quantifiable factors, including productivity, changes and rework reduction, requests for information reduction, schedule efficiency, safety, environmental sustainability and operations and facility ",alta,nao,nao_aplicavel,include,"Auditoria qualitativa estruturada de título, resumo, palavras-chave e campos extraídos; sem uso de internet, PDFs ou full-text."
REG_05161,2025,Crossref|Scopus|WoS,10.3390/su17219894,Post-Construction Constructability Assessment and Service Quality in Higher Education Infrastructure: Evidence from a Peruvian University Campus,sim,manter_nucleo_principal,RQ0;RQ1;RQ2;RQ3;RQ4;RQ5,sim,sim,sim,sim,sim,sim,criterios_de_sustentabilidade;criterios_de_priorizacao;metodo_multicriterio_ou_decisao;gestao_manutencao_predial;facility_management;contexto_publico_universitario;energia_desempenho_operacional;custo_ciclo_de_vida;risco_seguranca_conforto;lacuna_para_ies_publicas,conforto;desempenho_operacional;satisfacao_usuario;informacao_dados;qualidade_servico,scoring;framework,universidade;campus;portfolio_predial;edificio_generico,ambiental;social;tecnica_operacional;institucional;conforto;ciclo_de_vida,"The instruments were validated through expert judgment, while data were analyzed using descriptive statistics, Spearman’s correlations, and non-parametric bootstrap procedures to address the limitations of a small sample size (N = 15).","Resumo confirma contribuição direta à manutenção/gestão predial ou FM, articulando sustentabilidade com critérios, método, desempenho operacional ou decisão.","This study examines the link between post-construction constructability and perceived service quality in a 15-building campus at Ricardo Palma University (Lima, Peru).",alta,nao,nao_aplicavel,include,"Auditoria qualitativa estruturada de título, resumo, palavras-chave e campos extraídos; sem uso de internet, PDFs ou full-text."
REG_05283,2025,Scopus,10.1108/jfm-12-2023-0123,An in-depth analysis of facility management approaches in Nigeria's ailing healthcare sector,sim,manter_nucleo_principal,RQ0;RQ1;RQ2;RQ4;RQ5,sim,sim,sim,nao,sim,sim,criterios_de_sustentabilidade;criterios_de_priorizacao;gestao_manutencao_predial;facility_management;energia_desempenho_operacional;custo_ciclo_de_vida,custo;desempenho_operacional;informacao_dados,framework,hospital;portfolio_predial,ambiental;economica;social;tecnica_operacional;institucional,"Purpose This study aims to examine facility management practices in the Nigerian healthcare sector, exploring approaches and identifying challenges facing effective healthcare facilities management.","Resumo confirma contribuição direta à manutenção/gestão predial ou FM, articulando sustentabilidade com critérios, método, desempenho operacional ou decisão.","Purpose This study aims to examine facility management practices in the Nigerian healthcare sector, exploring approaches and identifying challenges facing effective healthcare facilities management.",alta,nao,nao_aplicavel,include,"Auditoria qualitativa estruturada de título, resumo, palavras-chave e campos extraídos; sem uso de internet, PDFs ou full-text."
REG_05338,2025,Crossref|Scopus|WoS,10.3390/su17146639,Developing Performance Measurement Framework for Sustainable Facility Management (SFM) in Office Buildings Using Bayesian Best Worst Method,sim,manter_nucleo_principal,RQ0;RQ1;RQ2;RQ3;RQ4;RQ5,sim,sim,sim,sim,sim,sim,criterios_de_sustentabilidade;criterios_de_priorizacao;metodo_multicriterio_ou_decisao;gestao_manutencao_predial;facility_management;energia_desempenho_operacional;custo_ciclo_de_vida;risco_seguranca_conforto,custo;condicao_fisica;energia;conforto;desempenho_operacional;residuos,ranking;scoring;Bayesian Best Worst Method;framework,edificio_comercial;portfolio_predial;edificio_generico,ambiental;economica;social;tecnica_operacional;institucional;energia;conforto,The systematic literature review revealed a limited number of studies developing a performance measurement framework for SFM in office buildings and/or other building types in the literature.,"Resumo confirma contribuição direta à manutenção/gestão predial ou FM, articulando sustentabilidade com critérios, método, desempenho operacional ou decisão.","The confluence of financial constraints, climate change mitigation efforts, and evolving user expectations has significantly transformed the concept of facility management (FM).",alta,nao,nao_aplicavel,include,"Auditoria qualitativa estruturada de título, resumo, palavras-chave e campos extraídos; sem uso de internet, PDFs ou full-text."
REG_05371,2025,Scopus|WoS,10.1680/jinam.23.00033,Artificial intelligence in healthcare facilities asset information management: mixed review,sim,manter_nucleo_principal,RQ0;RQ1;RQ2;RQ3;RQ4;RQ5,sim,sim,sim,sim,sim,sim,criterios_de_sustentabilidade;criterios_de_priorizacao;metodo_multicriterio_ou_decisao;gestao_manutencao_predial;facility_management;energia_desempenho_operacional;custo_ciclo_de_vida,custo;condicao_fisica;desempenho_operacional;informacao_dados;manutenibilidade,decision support;framework;BIM;machine learning,hospital;portfolio_predial,ambiental;economica;social;tecnica_operacional;institucional,"The findings reveal a significant gap between research findings and practical implementation, highlighting the need for further integration and real-world usage of AI-powered solutions in healthcare facilities settings.","Resumo confirma contribuição direta à manutenção/gestão predial ou FM, articulando sustentabilidade com critérios, método, desempenho operacional ou decisão.","This study identified notable gaps, including the need for research on utilising AI to enhance asset management in healthcare, including maintenance scheduling and procurement processes.",alta,nao,nao_aplicavel,include,"Auditoria qualitativa estruturada de título, resumo, palavras-chave e campos extraídos; sem uso de internet, PDFs ou full-text."
REG_05379,2025,Scopus,10.3390/eng6060118,Offshore Wind Turbine Key Components’ Life Cycle Cost Analysis (LCCA): Specification Options in Western Australia,sim,manter_nucleo_principal,RQ0;RQ1;RQ2;RQ3,sim,sim,sim,sim,nao,nao,criterios_de_sustentabilidade;criterios_de_priorizacao;metodo_multicriterio_ou_decisao;gestao_manutencao_predial;energia_desempenho_operacional;custo_ciclo_de_vida,custo;energia;vida_util;desempenho_operacional;emissoes_carbono;residuos,life-cycle cost;framework,nao_identificado_no_resumo,ambiental;economica;tecnica_operacional;institucional;energia;ciclo_de_vida,nao_identificada_no_resumo,"Resumo confirma contribuição direta à manutenção/gestão predial ou FM, articulando sustentabilidade com critérios, método, desempenho operacional ou decisão.",Laminated Veneer Lumber (LVL) presents an alternative material for offshore wind turbine towers and blades for an energy sector whose greenhouse gas emissions are substantial.,alta,nao,nao_aplicavel,include,"Auditoria qualitativa estruturada de título, resumo, palavras-chave e campos extraídos; sem uso de internet, PDFs ou full-text."
REG_05404,2025,Scopus|WoS,10.1108/ijbpa-04-2022-0060,Strategic planning of sustainable maintenance in heritage school buildings: Malaysia perspectives,sim,manter_nucleo_principal,RQ0;RQ1;RQ2;RQ4;RQ5,sim,sim,sim,nao,sim,sim,criterios_de_sustentabilidade;criterios_de_priorizacao;gestao_manutencao_predial;contexto_publico_universitario;custo_ciclo_de_vida;lacuna_para_ies_publicas,custo;condicao_fisica;informacao_dados;manutenibilidade,framework,escola;patrimonio_historico;edificio_generico,ambiental;economica;tecnica_operacional;institucional,"© 2022, Emerald Publishing Limited.","Resumo confirma contribuição direta à manutenção/gestão predial ou FM, articulando sustentabilidade com critérios, método, desempenho operacional ou decisão.","Although the strategies of these two approaches are different, their combination resulted in sustainable heritage building maintenance.",alta,nao,nao_aplicavel,include,"Auditoria qualitativa estruturada de título, resumo, palavras-chave e campos extraídos; sem uso de internet, PDFs ou full-text."
REG_05430,2025,Scopus|WoS,10.1108/sasbe-07-2023-0170,Development of an ontology-based asset information model for predictive maintenance in building facilities,sim,manter_nucleo_principal,RQ0;RQ1;RQ2;RQ3;RQ4;RQ5,sim,sim,sim,sim,sim,sim,criterios_de_sustentabilidade;criterios_de_priorizacao;metodo_multicriterio_ou_decisao;gestao_manutencao_predial;facility_management;energia_desempenho_operacional;custo_ciclo_de_vida,energia;desempenho_operacional;informacao_dados,decision support;framework;digital twin,portfolio_predial;edificio_generico,ambiental;tecnica_operacional;institucional;energia;ciclo_de_vida,"Findings: The research findings indicate that while the development of ontology faced challenges in defining missing entities and relations in the context of predictive maintenance, insights gained from the interviews enabled the establishment of a comprehensi","Resumo confirma contribuição direta à manutenção/gestão predial ou FM, articulando sustentabilidade com critérios, método, desempenho operacional ou decisão.",Purpose: The purpose of this research is to develop a framework of an ontology-based Asset Information Model (AIM) for a Digital Twin (DT) platform and enhance predictive maintenance practices in building facilities that,alta,nao,nao_aplicavel,include,"Auditoria qualitativa estruturada de título, resumo, palavras-chave e campos extraídos; sem uso de internet, PDFs ou full-text."
REG_05449,2025,Scopus,10.1016/j.jobe.2024.111515,Enhancing asset management: Integrating digital twins for continuous permitting and compliance - A systematic literature review,sim,manter_nucleo_principal,RQ0;RQ1;RQ2;RQ3;RQ4;RQ5,sim,sim,sim,sim,sim,sim,criterios_de_sustentabilidade;criterios_de_priorizacao;metodo_multicriterio_ou_decisao;gestao_manutencao_predial;energia_desempenho_operacional;custo_ciclo_de_vida;risco_seguranca_conforto,custo;energia;seguranca;vida_util;desempenho_operacional;informacao_dados,optimization;framework;digital twin,hospital;edificio_generico,ambiental;economica;social;tecnica_operacional;institucional;risco;energia;seguranca;ciclo_de_vida,Future research should focus on developing comprehensive strategies to address these challenges and leverage these advancements for enhanced knowledge and asset management.,"Resumo confirma contribuição direta à manutenção/gestão predial ou FM, articulando sustentabilidade com critérios, método, desempenho operacional ou decisão.","The emergence of Digital Twin technologies (DT) has revolutionised construction works and asset management, thereby improving efficiency and control through exceptional precision and operational transparency.",alta,nao,nao_aplicavel,include,"Auditoria qualitativa estruturada de título, resumo, palavras-chave e campos extraídos; sem uso de internet, PDFs ou full-text."
REG_05452,2025,Scopus|WoS,10.1007/s41062-025-01986-z,Optimization of an integrated hybrid commercial building with building information modelling,sim,manter_nucleo_principal,RQ0;RQ1;RQ2;RQ3;RQ4,sim,sim,sim,sim,sim,nao,criterios_de_sustentabilidade;criterios_de_priorizacao;metodo_multicriterio_ou_decisao;gestao_manutencao_predial;facility_management;energia_desempenho_operacional;custo_ciclo_de_vida,custo;energia;desempenho_operacional;informacao_dados,optimization;scoring;framework;BIM;IoT,hospital;edificio_comercial;portfolio_predial;edificio_generico,ambiental;economica;social;tecnica_operacional;institucional;energia;ciclo_de_vida,nao_identificada_no_resumo,"Resumo confirma contribuição direta à manutenção/gestão predial ou FM, articulando sustentabilidade com critérios, método, desempenho operacional ou decisão.","BIM helps identify Mechanical, electrical, and Plumbing (MEP) problems early and optimizes resource consumption for sustainability and cost-effectiveness through digital modelling and simulations.",alta,nao,nao_aplicavel,include,"Auditoria qualitativa estruturada de título, resumo, palavras-chave e campos extraídos; sem uso de internet, PDFs ou full-text."
REG_05478,2025,Scopus,10.26599/jic.2025.9180080,The development of prefabricated buildings and intelligent construction based on digital twins,sim,manter_nucleo_principal,RQ0;RQ1;RQ2;RQ3;RQ4,sim,sim,sim,sim,sim,nao,criterios_de_sustentabilidade;criterios_de_priorizacao;metodo_multicriterio_ou_decisao;gestao_manutencao_predial;energia_desempenho_operacional;custo_ciclo_de_vida;risco_seguranca_conforto,custo;risco;vida_util;desempenho_operacional;informacao_dados;manutenibilidade,optimization;framework;digital twin,edificio_generico,ambiental;economica;tecnica_operacional;institucional;risco;ciclo_de_vida,nao_identificada_no_resumo,"Resumo confirma contribuição direta à manutenção/gestão predial ou FM, articulando sustentabilidade com critérios, método, desempenho operacional ou decisão.",The effects of prefabricated buildings on the exploitation and building life cycle of green buildings are analyzed after the digital twin capability is prohibited.,alta,nao,nao_aplicavel,include,"Auditoria qualitativa estruturada de título, resumo, palavras-chave e campos extraídos; sem uso de internet, PDFs ou full-text."
REG_05495,2025,Scopus,10.3390/app15052855,Research on Real-Time Control Strategy for HVAC Systems in University Libraries,sim,manter_nucleo_principal,RQ0;RQ1;RQ2;RQ3;RQ4,sim,sim,sim,sim,sim,nao,criterios_de_sustentabilidade;criterios_de_priorizacao;metodo_multicriterio_ou_decisao;gestao_manutencao_predial;contexto_publico_universitario;energia_desempenho_operacional;custo_ciclo_de_vida;risco_seguranca_conforto,custo;energia;conforto;desempenho_operacional;informacao_dados,optimization;framework,universidade;escola;campus;edificio_generico,ambiental;economica;social;tecnica_operacional;institucional;energia;conforto,nao_identificada_no_resumo,"Resumo confirma contribuição direta à manutenção/gestão predial ou FM, articulando sustentabilidade com critérios, método, desempenho operacional ou decisão.","The energy consumption of library facilities in college buildings is significant, with the HVAC system accounting for 40–60% of the total energy use.",alta,nao,nao_aplicavel,include,"Auditoria qualitativa estruturada de título, resumo, palavras-chave e campos extraídos; sem uso de internet, PDFs ou full-text."
REG_05517,2025,Scopus|WoS,10.1016/j.engstruct.2024.119393,Life-cycle cost assessment of conventional and self-centering steel frames in seismic zones: An extra focus on environmental impacts,sim,manter_nucleo_principal,RQ0;RQ1;RQ2;RQ3;RQ4,sim,sim,sim,sim,sim,nao,criterios_de_sustentabilidade;criterios_de_priorizacao;metodo_multicriterio_ou_decisao;gestao_manutencao_predial;energia_desempenho_operacional;custo_ciclo_de_vida;risco_seguranca_conforto,custo;risco;vida_util;desempenho_operacional;emissoes_carbono;residuos,life-cycle cost;framework,edificio_generico,ambiental;economica;tecnica_operacional;institucional;risco;ciclo_de_vida,nao_identificada_no_resumo,"Resumo confirma contribuição direta à manutenção/gestão predial ou FM, articulando sustentabilidade com critérios, método, desempenho operacional ou decisão.",This study develops a life-cycle cost assessment framework that integrates seismic loss and environmental costs (carbon pricing).,alta,nao,nao_aplicavel,include,"Auditoria qualitativa estruturada de título, resumo, palavras-chave e campos extraídos; sem uso de internet, PDFs ou full-text."
REG_05558,2025,Scopus|WoS,10.3390/su17020487,Applications of Digital Technologies in Promoting Sustainable Construction Practices: A Literature Review,sim,manter_nucleo_principal,RQ0;RQ1;RQ2;RQ3;RQ4;RQ5,sim,sim,sim,sim,sim,sim,criterios_de_sustentabilidade;criterios_de_priorizacao;metodo_multicriterio_ou_decisao;gestao_manutencao_predial;energia_desempenho_operacional;custo_ciclo_de_vida,custo;energia;vida_util;desempenho_operacional;informacao_dados,optimization;Delphi;framework;BIM,edificio_generico,ambiental;economica;social;tecnica_operacional;institucional;energia;ciclo_de_vida,"Finally, the potential future research trends in this field were proposed: (1) strengthening research on the application of more digital technologies; (2) expanding the use of digital technologies in the Operation and Maintenance (O & M) and demolition phases;","Resumo confirma contribuição direta à manutenção/gestão predial ou FM, articulando sustentabilidade com critérios, método, desempenho operacional ou decisão.","In recent years, the applications of digital technologies in sustainable construction have gained increasing interest.",alta,nao,nao_aplicavel,include,"Auditoria qualitativa estruturada de título, resumo, palavras-chave e campos extraídos; sem uso de internet, PDFs ou full-text."
REG_05559,2025,Scopus,10.1088/1742-6596/3140/4/042019,Exploiting digital twins for occupancy and energy optimisation for office buildings,sim,manter_nucleo_principal,RQ0;RQ1;RQ2;RQ3;RQ4;RQ5,sim,sim,sim,sim,sim,sim,criterios_de_sustentabilidade;criterios_de_priorizacao;metodo_multicriterio_ou_decisao;gestao_manutencao_predial;energia_desempenho_operacional;custo_ciclo_de_vida;risco_seguranca_conforto,custo;condicao_fisica;energia;conforto;desempenho_operacional;emissoes_carbono;informacao_dados,optimization;scoring;framework;digital twin;IoT;machine learning,edificio_comercial;edificio_generico,ambiental;economica;social;tecnica_operacional;institucional;energia;conforto,Future research should address these challenges and explore the scalability of this promising framework.,"Resumo confirma contribuição direta à manutenção/gestão predial ou FM, articulando sustentabilidade com critérios, método, desempenho operacional ou decisão.",The growing need for energy efficiency and sustainable building management has driven interest in digital twins (DTs) - virtual replicas that optimize building operations.,alta,nao,nao_aplicavel,include,"Auditoria qualitativa estruturada de título, resumo, palavras-chave e campos extraídos; sem uso de internet, PDFs ou full-text."
REG_05613,2025,Scopus,10.15866/irece.v16i4.25306,Potential for Integrating Post-Construction Facility Management with BIM in Steel Building Projects in the Middle East,sim,manter_nucleo_principal,RQ0;RQ1;RQ2;RQ3;RQ4;RQ5,sim,sim,sim,sim,sim,sim,criterios_de_sustentabilidade;criterios_de_priorizacao;metodo_multicriterio_ou_decisao;gestao_manutencao_predial;facility_management;energia_desempenho_operacional;custo_ciclo_de_vida,custo;energia;vida_util;desempenho_operacional;informacao_dados,scoring;framework;BIM,portfolio_predial;edificio_generico,ambiental;economica;social;tecnica_operacional;institucional;energia;ciclo_de_vida,"Through a comprehensive survey of professionals involved in the construction and facility management sectors, the study aims to gauge the current practices, challenges, and anticipated benefits of this integration.","Resumo confirma contribuição direta à manutenção/gestão predial ou FM, articulando sustentabilidade com critérios, método, desempenho operacional ou decisão.","This study explores the potential for integrating post-construction facility management with Building Information Modeling (BIM) in steel building projects in the Middle East, given Jordan as a case study.",alta,nao,nao_aplicavel,include,"Auditoria qualitativa estruturada de título, resumo, palavras-chave e campos extraídos; sem uso de internet, PDFs ou full-text."
REG_05632,2025,Scopus|WoS,10.1108/f-09-2024-0134,Integration of technology in decision-making in university facilities management: a literature review,sim,manter_nucleo_principal,RQ0;RQ1;RQ2;RQ3;RQ4;RQ5,sim,sim,sim,sim,sim,sim,criterios_de_sustentabilidade;criterios_de_priorizacao;metodo_multicriterio_ou_decisao;gestao_manutencao_predial;facility_management;contexto_publico_universitario;energia_desempenho_operacional;risco_seguranca_conforto;lacuna_para_ies_publicas,risco;desempenho_operacional;informacao_dados,decision support;framework;BIM,universidade;campus;portfolio_predial;edificio_generico,ambiental;tecnica_operacional;institucional,It addresses a critical research gap by focusing on the integration of technology in FM.,"Resumo confirma contribuição direta à manutenção/gestão predial ou FM, articulando sustentabilidade com critérios, método, desempenho operacional ou decisão.","Purpose In Africa, Facilities Management (FM) remains underdeveloped, hindered by conventional practices, weak technological adoption and resistance to change.",alta,nao,nao_aplicavel,include,"Auditoria qualitativa estruturada de título, resumo, palavras-chave e campos extraídos; sem uso de internet, PDFs ou full-text."
REG_05645,2025,Scopus,10.1061/9780784486436.083,Digital Twins for Sustainable Hospitality Facilities Management: A Review and Empirical Investigation,sim,manter_nucleo_principal,RQ0;RQ1;RQ2;RQ4;RQ5,sim,sim,sim,nao,sim,sim,criterios_de_sustentabilidade;criterios_de_priorizacao;gestao_manutencao_predial;facility_management;energia_desempenho_operacional,energia;emissoes_carbono;informacao_dados,framework,hospital;edificio_comercial;portfolio_predial,ambiental;tecnica_operacional;institucional;energia,This study aims to investigate the role of DT in assisting hotel FM to address sustainability challenges.,"Resumo confirma contribuição direta à manutenção/gestão predial ou FM, articulando sustentabilidade com critérios, método, desempenho operacional ou decisão.",Digital Twins (DT) hold considerable potential to transform hospitality facilities management (FM) to advance sustainability.,alta,nao,nao_aplicavel,include,"Auditoria qualitativa estruturada de título, resumo, palavras-chave e campos extraídos; sem uso de internet, PDFs ou full-text."
REG_05650,2025,Scopus,10.21315/jcdc.2025.30.2.6,Barriers to Digital Transformation in Facilities Management: Insights from a Developing Country,sim,manter_nucleo_principal,RQ0;RQ1;RQ2;RQ4;RQ5,sim,sim,sim,nao,sim,sim,criterios_de_sustentabilidade;criterios_de_priorizacao;gestao_manutencao_predial;facility_management;energia_desempenho_operacional;custo_ciclo_de_vida,custo;desempenho_operacional;informacao_dados,framework,hospital;portfolio_predial,economica;social;tecnica_operacional;institucional,"However, its adoption, particularly in developing countries, remains slow due to persistent barriers.","Resumo confirma contribuição direta à manutenção/gestão predial ou FM, articulando sustentabilidade com critérios, método, desempenho operacional ou decisão.","Digital transformation (DT) is increasingly recognised as essential for enhancing operational efficiency, sustainability and competitiveness in facilities management (FM).",alta,nao,nao_aplicavel,include,"Auditoria qualitativa estruturada de título, resumo, palavras-chave e campos extraídos; sem uso de internet, PDFs ou full-text."
REG_05740,2025,Scopus|WoS,10.1108/ecam-11-2024-1526,The driving mechanism for promoting the transition to sustainable operation and maintenance management of major infrastructure projects: a SLR-ISM-MICMAC analysis,sim,manter_nucleo_principal,RQ0;RQ1;RQ2;RQ3;RQ4;RQ5,sim,sim,sim,sim,sim,sim,criterios_de_sustentabilidade;criterios_de_priorizacao;metodo_multicriterio_ou_decisao;gestao_manutencao_predial;energia_desempenho_operacional;custo_ciclo_de_vida,desempenho_operacional;manutenibilidade,decision support;framework,edificio_generico,ambiental;social;tecnica_operacional;institucional;ciclo_de_vida,"To address this research gap, this study explores its driving mechanism based on an integrated methodological framework combining systematic literature review (SLR), interpretive structural modeling (ISM), and cross-impact matrix multiplication applied to clas","Resumo confirma contribuição direta à manutenção/gestão predial ou FM, articulando sustentabilidade com critérios, método, desempenho operacional ou decisão.","Purpose: The long-term operation, dynamic environment, and increased legislation of major infrastructure projects in China promote the transition to a sustainable operation and maintenance management model.",alta,nao,nao_aplicavel,include,"Auditoria qualitativa estruturada de título, resumo, palavras-chave e campos extraídos; sem uso de internet, PDFs ou full-text."
REG_05812,2025,Scopus|WoS,10.1007/978-3-032-01036-0_42,Research on Circular Design Criteria for Historic Building Protection,sim,manter_nucleo_principal,RQ0;RQ1;RQ2;RQ3;RQ4,sim,sim,sim,sim,sim,nao,criterios_de_sustentabilidade;criterios_de_priorizacao;metodo_multicriterio_ou_decisao;gestao_manutencao_predial;energia_desempenho_operacional;custo_ciclo_de_vida,custo;vida_util;desempenho_operacional,AHP;decision support;framework,edificio_residencial;patrimonio_historico;edificio_generico,ambiental;economica;social;tecnica_operacional;institucional;ciclo_de_vida,nao_identificada_no_resumo,"Resumo confirma contribuição direta à manutenção/gestão predial ou FM, articulando sustentabilidade com critérios, método, desempenho operacional ou decisão.","According to statistics published by the Ministry of Housing and Urban-Rural Development (MOHURD) of the People’s Republic of China, by 2024, approximately 63,500 historic buildings have been officially recognized.",alta,nao,nao_aplicavel,include,"Auditoria qualitativa estruturada de título, resumo, palavras-chave e campos extraídos; sem uso de internet, PDFs ou full-text."
REG_05816,2025,Scopus,10.1007/978-981-96-8765-7_2,Optimizing Fire Safety Compliance: Rule-Based Checking of As-Is BIM Models for Workplace Regulations,sim,manter_nucleo_principal,RQ0;RQ1;RQ2;RQ3;RQ4;RQ5,sim,sim,sim,sim,sim,sim,criterios_de_sustentabilidade;criterios_de_priorizacao;metodo_multicriterio_ou_decisao;gestao_manutencao_predial;energia_desempenho_operacional;custo_ciclo_de_vida;risco_seguranca_conforto,risco;condicao_fisica;seguranca;desempenho_operacional;informacao_dados,framework;BIM,edificio_generico,ambiental;tecnica_operacional;institucional;risco;seguranca;ciclo_de_vida,"© The Author(s), under exclusive license to Springer Nature Singapore Pte Ltd.","Resumo confirma contribuição direta à manutenção/gestão predial ou FM, articulando sustentabilidade com critérios, método, desempenho operacional ou decisão.","By systematically linking workplace regulations with BIM models, the study aims to improve the efficiency and accuracy of fire safety inspections during the operation and maintenance (O&M) phase of buildings.",alta,nao,nao_aplicavel,include,"Auditoria qualitativa estruturada de título, resumo, palavras-chave e campos extraídos; sem uso de internet, PDFs ou full-text."
REG_05872,2025,Scopus,10.1108/sasbe-08-2024-0315,Future directions and research gaps in city information modelling (CIM),sim,manter_nucleo_principal,RQ0;RQ1;RQ2;RQ3;RQ4;RQ5,sim,sim,sim,sim,sim,sim,criterios_de_sustentabilidade;criterios_de_priorizacao;metodo_multicriterio_ou_decisao;gestao_manutencao_predial;facility_management;custo_ciclo_de_vida;risco_seguranca_conforto,custo;risco;informacao_dados,scoring;framework;BIM;IoT,portfolio_predial;edificio_generico,ambiental;economica;social;tecnica_operacional;institucional,"Design/methodology/approach: The methodology combined bibliometric analysis and systematic review to critically examine the research gaps and future directions in CIM utilising the Web of Science (WoS), Scopus and Emerald Insight databases.","Resumo confirma contribuição direta à manutenção/gestão predial ou FM, articulando sustentabilidade com critérios, método, desempenho operacional ou decisão.","The bibliometric analysis performed using VOSviewer combined the three databases to analyse 446 documents to identify publication trends, citation patterns and research hotspots combined the three databases.",alta,nao,nao_aplicavel,include,"Auditoria qualitativa estruturada de título, resumo, palavras-chave e campos extraídos; sem uso de internet, PDFs ou full-text."
REG_05925,2025,Scopus|WoS,10.1108/f-12-2024-0173,Appraising sustainable and resilient physical infrastructure facilities in higher education institutions: the role of smart maintenance management,sim,manter_nucleo_principal,RQ0;RQ1;RQ2;RQ3;RQ4;RQ5,sim,sim,sim,sim,sim,sim,criterios_de_sustentabilidade;criterios_de_priorizacao;metodo_multicriterio_ou_decisao;gestao_manutencao_predial;contexto_publico_universitario;energia_desempenho_operacional;custo_ciclo_de_vida;risco_seguranca_conforto;lacuna_para_ies_publicas,custo;risco;desempenho_operacional;informacao_dados;manutenibilidade,framework;IoT,universidade;campus;edificio_generico,ambiental;economica;social;tecnica_operacional;institucional;risco,"The absence of regulation/ standards, maintenance expertise in smart infrastructure facilities, low maintenance budget, the fear of skill- biased technological change, the perceived maintenance cost and occupant behaviour/resistance to change emerged as the ma","Resumo confirma contribuição direta à manutenção/gestão predial ou FM, articulando sustentabilidade com critérios, método, desempenho operacional ou decisão.",Studies regarding how the smart maintenance management (SMM) role can enhance sustainable and resilient HEIs physical infrastructure facilities are scarce.,alta,nao,nao_aplicavel,include,"Auditoria qualitativa estruturada de título, resumo, palavras-chave e campos extraídos; sem uso de internet, PDFs ou full-text."
REG_06111,2024,Scopus|WoS,10.1061/jpcfev.cfeng-4828,Next-Generation Building Condition Assessment: BIM and Neural Network Integration,sim,manter_nucleo_principal,RQ0;RQ1;RQ2;RQ3;RQ4;RQ5,sim,sim,sim,sim,sim,sim,criterios_de_sustentabilidade;criterios_de_priorizacao;metodo_multicriterio_ou_decisao;gestao_manutencao_predial;facility_management;energia_desempenho_operacional;custo_ciclo_de_vida;risco_seguranca_conforto,custo;condicao_fisica;seguranca;vida_util;desempenho_operacional;informacao_dados,fuzzy;ranking;framework;BIM;machine learning,edificio_comercial;portfolio_predial;hospital;edificio_generico,ambiental;economica;social;tecnica_operacional;institucional;risco;seguranca;ciclo_de_vida,Our research addresses these limitations by integrating BIM and neural networks.,"Resumo confirma contribuição direta à manutenção/gestão predial ou FM, articulando sustentabilidade com critérios, método, desempenho operacional ou decisão.",The inspection of building components plays a crucial role in reducing maintenance costs throughout the building's life cycle.,alta,nao,nao_aplicavel,include,"Auditoria qualitativa estruturada de título, resumo, palavras-chave e campos extraídos; sem uso de internet, PDFs ou full-text."
REG_06159,2024,Scopus,10.1108/ijbpa-04-2022-0055,Developing a framework for building maintenance: a case study of Malaysia's low-cost housing via soft system methodology,sim,manter_nucleo_principal,RQ0;RQ1;RQ2;RQ3;RQ4;RQ5,sim,sim,sim,sim,sim,sim,criterios_de_sustentabilidade;criterios_de_priorizacao;metodo_multicriterio_ou_decisao;gestao_manutencao_predial;energia_desempenho_operacional;custo_ciclo_de_vida,custo;vida_util;desempenho_operacional;informacao_dados;manutenibilidade,life-cycle cost;framework,edificio_residencial;edificio_generico,economica;tecnica_operacional;institucional;ciclo_de_vida,Future research is needed to consider more extensive coverage and validate the developed framework from this study via a quantitative research design.,"Resumo confirma contribuição direta à manutenção/gestão predial ou FM, articulando sustentabilidade com critérios, método, desempenho operacional ou decisão.",Purpose: The cost of residential building maintenance can harmfully affect low-income earners' expenditure if not checked.,alta,nao,nao_aplicavel,include,"Auditoria qualitativa estruturada de título, resumo, palavras-chave e campos extraídos; sem uso de internet, PDFs ou full-text."
REG_06247,2024,Scopus|WoS,10.1108/sasbe-11-2022-0250,BIM-IoT-FM integration: strategy for implementation of sustainable water management in buildings,sim,manter_nucleo_principal,RQ0;RQ1;RQ2;RQ3;RQ4;RQ5,sim,sim,sim,sim,sim,sim,criterios_de_sustentabilidade;criterios_de_priorizacao;metodo_multicriterio_ou_decisao;gestao_manutencao_predial;facility_management;energia_desempenho_operacional,desempenho_operacional;agua;informacao_dados,decision support;framework;BIM;IoT,edificio_comercial;portfolio_predial;edificio_generico,ambiental;tecnica_operacional;institucional,"By BIM–IoT integration, the consumption parameters and ranges for 17 categories of activities were determined to contribute to fulfill the research gap for the commercial buildings.","Resumo confirma contribuição direta à manutenção/gestão predial ou FM, articulando sustentabilidade com critérios, método, desempenho operacional ou decisão.","Automating analysis using 3D models helps increase efficiency in buildings during the operational phase, consequently promotes sustainability.",alta,nao,nao_aplicavel,include,"Auditoria qualitativa estruturada de título, resumo, palavras-chave e campos extraídos; sem uso de internet, PDFs ou full-text."
REG_06255,2024,Scopus,10.13374/j.issn2095-9389.2023.11.28.003,Research and application of carbon emission calculation methods for the whole life cycle of assembled steel structure office buildings,sim,manter_nucleo_principal,RQ0;RQ1;RQ2;RQ3;RQ4;RQ5,sim,sim,sim,sim,sim,sim,criterios_de_sustentabilidade;criterios_de_priorizacao;metodo_multicriterio_ou_decisao;gestao_manutencao_predial;energia_desempenho_operacional;custo_ciclo_de_vida,energia;vida_util;desempenho_operacional;emissoes_carbono;residuos,scoring;framework,edificio_comercial;edificio_generico,ambiental;tecnica_operacional;institucional;energia;ciclo_de_vida,It provides a reference for future research on the prediction of carbon emissions for similar office buildings and advancing carbon reduction initiatives in the construction industry.,"Resumo confirma contribuição direta à manutenção/gestão predial ou FM, articulando sustentabilidade com critérios, método, desempenho operacional ou decisão.","To accurately assess the carbon emissions associated with assembled steel structure office buildings, this study develops a comprehensive life cycle carbon emission calculation.",alta,nao,nao_aplicavel,include,"Auditoria qualitativa estruturada de título, resumo, palavras-chave e campos extraídos; sem uso de internet, PDFs ou full-text."
REG_06405,2024,Scopus|WoS,10.1016/j.jobe.2023.108223,Towards achieving a net zero carbon building: A review of key stakeholders and their roles in net zero carbon building whole life cycle,sim,manter_nucleo_principal,RQ0;RQ1;RQ2;RQ3;RQ4;RQ5,sim,sim,sim,sim,sim,sim,criterios_de_sustentabilidade;criterios_de_priorizacao;metodo_multicriterio_ou_decisao;gestao_manutencao_predial;energia_desempenho_operacional;custo_ciclo_de_vida,energia;vida_util;desempenho_operacional;emissoes_carbono;residuos;informacao_dados,ranking;framework,edificio_generico,ambiental;social;tecnica_operacional;institucional;energia;ciclo_de_vida,"In addition, the study serves as a basis for further research on stakeholders' analysis in net zero carbon building.","Resumo confirma contribuição direta à manutenção/gestão predial ou FM, articulando sustentabilidade com critérios, método, desempenho operacional ou decisão.",The building sector is known to be a major emitter of global greenhouse gases.,alta,nao,nao_aplicavel,include,"Auditoria qualitativa estruturada de título, resumo, palavras-chave e campos extraídos; sem uso de internet, PDFs ou full-text."
REG_06494,2024,Scopus|WoS,10.1080/23744731.2024.2351310,The applications of building information modeling in the life-cycle of green buildings: a comprehensive review,sim,manter_nucleo_principal,RQ0;RQ1;RQ2;RQ3;RQ4;RQ5,sim,sim,sim,sim,sim,sim,criterios_de_sustentabilidade;criterios_de_priorizacao;metodo_multicriterio_ou_decisao;gestao_manutencao_predial;facility_management;energia_desempenho_operacional;custo_ciclo_de_vida;risco_seguranca_conforto,custo;energia;seguranca;conforto;vida_util;desempenho_operacional;residuos;informacao_dados,framework;BIM,portfolio_predial;edificio_generico,ambiental;economica;tecnica_operacional;institucional;risco;energia;conforto;seguranca;ciclo_de_vida,"Therefore, this paper reviewed 168 previous studies from the past ten years, conducted an in-depth review and comparison, and provides suggestions for possible future research direction for BIM research.","Resumo confirma contribuição direta à manutenção/gestão predial ou FM, articulando sustentabilidade com critérios, método, desempenho operacional ou decisão.",BIM contributes novel insights into green building development while posing significant challenges.,alta,nao,nao_aplicavel,include,"Auditoria qualitativa estruturada de título, resumo, palavras-chave e campos extraídos; sem uso de internet, PDFs ou full-text."
REG_06525,2024,Scopus,10.1007/978-981-99-7965-3_23,Application of Circular Economy in Facility Maintenance and Management: Moving Towards a Low Carbon Future,sim,manter_nucleo_principal,RQ0;RQ1;RQ2;RQ4;RQ5,sim,sim,sim,nao,sim,sim,criterios_de_sustentabilidade;criterios_de_priorizacao;gestao_manutencao_predial;facility_management;energia_desempenho_operacional,energia;desempenho_operacional;emissoes_carbono;residuos,framework,portfolio_predial;edificio_generico,ambiental;tecnica_operacional;institucional;energia,"© The Author(s), under exclusive license to Springer Nature Singapore Pte Ltd.","Resumo confirma contribuição direta à manutenção/gestão predial ou FM, articulando sustentabilidade com critérios, método, desempenho operacional ou decisão.",The study explores the potential of integrating principles of the circular economy into facility maintenance and management towards sustainable development.,alta,nao,nao_aplicavel,include,"Auditoria qualitativa estruturada de título, resumo, palavras-chave e campos extraídos; sem uso de internet, PDFs ou full-text."
REG_06548,2024,Scopus,10.1007/978-3-031-65321-6_4,Improving Facility Management Performance in Public Higher Education Institution Buildings in Nigeria,sim,manter_nucleo_principal,RQ0;RQ1;RQ2;RQ3;RQ4,sim,sim,sim,sim,sim,nao,criterios_de_sustentabilidade;criterios_de_priorizacao;metodo_multicriterio_ou_decisao;gestao_manutencao_predial;facility_management;contexto_publico_universitario;energia_desempenho_operacional,desempenho_operacional;satisfacao_usuario;informacao_dados,framework;machine learning,universidade;edificio_publico;portfolio_predial;campus;edificio_generico,ambiental;tecnica_operacional;institucional,nao_identificada_no_resumo,"Resumo confirma contribuição direta à manutenção/gestão predial ou FM, articulando sustentabilidade com critérios, método, desempenho operacional ou decisão.",Studies have shown that effective facility management (FM) is successful is key to sustainable building performance.,alta,nao,nao_aplicavel,include,"Auditoria qualitativa estruturada de título, resumo, palavras-chave e campos extraídos; sem uso de internet, PDFs ou full-text."
REG_06585,2024,Scopus,10.1088/1755-1315/1361/1/012051,Conceptual framework of sustainable interior design (SID) criteria and components to hotel's operational performance effectiveness,sim,manter_nucleo_principal,RQ0;RQ1;RQ2;RQ4,sim,sim,sim,nao,sim,nao,criterios_de_sustentabilidade;criterios_de_priorizacao;gestao_manutencao_predial;facility_management;energia_desempenho_operacional;risco_seguranca_conforto,risco;energia;conforto;desempenho_operacional;agua;informacao_dados;manutenibilidade,framework,hospital;edificio_comercial;portfolio_predial,ambiental;social;tecnica_operacional;institucional;energia;conforto,nao_identificada_no_resumo,"Resumo confirma contribuição direta à manutenção/gestão predial ou FM, articulando sustentabilidade com critérios, método, desempenho operacional ou decisão.","However, issues on the maintenance management of aesthetic performance, service hospitality and awareness on sustainable interiors products are significant concerns in the hotel's performance in operational stage.",alta,nao,nao_aplicavel,include,"Auditoria qualitativa estruturada de título, resumo, palavras-chave e campos extraídos; sem uso de internet, PDFs ou full-text."
REG_06681,2024,Scopus|WoS,10.1590/s1982-21702024000100022,3D spatio-temporal post-occupational maintenance management of high-rise residential building: a case study,sim,manter_nucleo_principal,RQ0;RQ1;RQ2;RQ3;RQ4,sim,sim,sim,sim,sim,nao,criterios_de_sustentabilidade;criterios_de_priorizacao;metodo_multicriterio_ou_decisao;gestao_manutencao_predial;energia_desempenho_operacional,desempenho_operacional;informacao_dados;manutenibilidade,decision support;framework;IoT,edificio_residencial;edificio_generico,tecnica_operacional;institucional,nao_identificada_no_resumo,"Resumo confirma contribuição direta à manutenção/gestão predial ou FM, articulando sustentabilidade com critérios, método, desempenho operacional ou decisão.","With the rise of high-rise residential buildings in urban areas, effective maintenance management is increasingly crucial.",alta,nao,nao_aplicavel,include,"Auditoria qualitativa estruturada de título, resumo, palavras-chave e campos extraídos; sem uso de internet, PDFs ou full-text."
REG_06712,2024,Scopus,,INTEGRATING BIM INTO BUILT ASSET MANAGEMENT: A PATHWAY TO ACHIEVE SOCIAL SUSTAINABILITY,sim,manter_nucleo_principal,RQ0;RQ1;RQ2;RQ3;RQ4;RQ5,sim,sim,sim,sim,sim,sim,criterios_de_sustentabilidade;criterios_de_priorizacao;metodo_multicriterio_ou_decisao;gestao_manutencao_predial;custo_ciclo_de_vida;risco_seguranca_conforto,custo;risco;seguranca;conforto;informacao_dados,scoring;BIM,portfolio_predial;hospital;edificio_generico,ambiental;economica;social;tecnica_operacional;institucional;risco;conforto;seguranca,"The bibliometric analysis and systematic review underscore the need for further research, mapping out existing gaps and suggesting future directions for BIM's potential to enhance social sustainability in asset management.","Resumo confirma contribuição direta à manutenção/gestão predial ou FM, articulando sustentabilidade com critérios, método, desempenho operacional ou decisão.","Building Information Modelling (BIM) has emerged as a critical tool in the construction management industry's shift toward sustainability, enhancing sustainable practices in building asset management by focusing on envir",alta,nao,nao_aplicavel,include,"Auditoria qualitativa estruturada de título, resumo, palavras-chave e campos extraídos; sem uso de internet, PDFs ou full-text."
REG_06929,2023,Scopus,10.1016/j.energy.2023.129308,Investigation of system optimization and control logic on a solar geothermal hybrid heat pump system based on integral effect test data,sim,manter_nucleo_principal,RQ0;RQ1;RQ2;RQ3;RQ4;RQ5,sim,sim,sim,sim,sim,sim,criterios_de_sustentabilidade;criterios_de_priorizacao;metodo_multicriterio_ou_decisao;gestao_manutencao_predial;energia_desempenho_operacional;custo_ciclo_de_vida,custo;energia;desempenho_operacional;informacao_dados,fuzzy;optimization;framework;machine learning,edificio_generico,ambiental;economica;tecnica_operacional;energia;ciclo_de_vida,"However, the practical challenges and limitations have resulted in a lack of extensive field trials due to the time and financial constraints associated with conducting field trials.","Resumo confirma contribuição direta à manutenção/gestão predial ou FM, articulando sustentabilidade com critérios, método, desempenho operacional ou decisão.",The solar geothermal hybrid heat pump systems hold great promise for sustainable heating and cooling applications.,alta,nao,nao_aplicavel,include,"Auditoria qualitativa estruturada de título, resumo, palavras-chave e campos extraídos; sem uso de internet, PDFs ou full-text."
REG_06996,2023,Scopus,10.1051/e3sconf/202342901002,A review and bibliometric analysis of utilizing building information modeling (BIM) on effective operation and maintenance (O&M),sim,manter_nucleo_principal,RQ0;RQ1;RQ2;RQ3;RQ4;RQ5,sim,sim,sim,sim,sim,sim,criterios_de_sustentabilidade;criterios_de_priorizacao;metodo_multicriterio_ou_decisao;gestao_manutencao_predial;facility_management;energia_desempenho_operacional;custo_ciclo_de_vida,condicao_fisica;energia;desempenho_operacional;informacao_dados,framework;BIM,portfolio_predial;edificio_generico,ambiental;tecnica_operacional;institucional;energia;ciclo_de_vida,Further research is needed to balance the utilization of BIM for facility management with its application for asset management.,"Resumo confirma contribuição direta à manutenção/gestão predial ou FM, articulando sustentabilidade com critérios, método, desempenho operacional ou decisão.",Developments in information technology can facilitate the planning and implementation of sustainable development.,alta,nao,nao_aplicavel,include,"Auditoria qualitativa estruturada de título, resumo, palavras-chave e campos extraídos; sem uso de internet, PDFs ou full-text."
REG_07000,2023,Scopus,,Using BIM to improve communication in sustainable building renovation,sim,manter_nucleo_principal,RQ0;RQ1;RQ2;RQ3;RQ4,sim,sim,sim,sim,sim,nao,criterios_de_sustentabilidade;criterios_de_priorizacao;metodo_multicriterio_ou_decisao;gestao_manutencao_predial;facility_management;energia_desempenho_operacional,emissoes_carbono;informacao_dados,framework;BIM,edificio_residencial;portfolio_predial;edificio_generico,ambiental;social;tecnica_operacional;institucional,nao_identificada_no_resumo,"Resumo confirma contribuição direta à manutenção/gestão predial ou FM, articulando sustentabilidade com critérios, método, desempenho operacional ou decisão.",This study contributes to the reduction of greenhouse gas emissions by addressing private owners to engage them in the sustainable renovation wave initiated by the EU.,alta,nao,nao_aplicavel,include,"Auditoria qualitativa estruturada de título, resumo, palavras-chave e campos extraídos; sem uso de internet, PDFs ou full-text."
REG_07043,2023,Scopus,10.3390/buildings13082024,Net-Zero Energy Consumption Building in China: An Overview of Building-Integrated Photovoltaic Case and Initiative toward Sustainable Future Development,sim,manter_nucleo_principal,RQ0;RQ1;RQ2;RQ3;RQ4;RQ5,sim,sim,sim,sim,sim,sim,criterios_de_sustentabilidade;criterios_de_priorizacao;metodo_multicriterio_ou_decisao;gestao_manutencao_predial;energia_desempenho_operacional;custo_ciclo_de_vida,custo;energia;desempenho_operacional;emissoes_carbono,optimization;framework,edificio_generico,ambiental;economica;tecnica_operacional;energia;ciclo_de_vida,"The purpose of this study is to review the basic status of the development of building-integrated photovoltaic (BIPV) technologies in China, to identify and analyze the existing problems and challenges, and to propose optimization strategies and methods so as ","Resumo confirma contribuição direta à manutenção/gestão predial ou FM, articulando sustentabilidade com critérios, método, desempenho operacional ou decisão.","Carbon-neutral strategies have become the focus of international attention, and many countries around the world have adopted building-integrated photovoltaic (BIPV) technologies to achieve low-carbon building operation b",alta,nao,nao_aplicavel,include,"Auditoria qualitativa estruturada de título, resumo, palavras-chave e campos extraídos; sem uso de internet, PDFs ou full-text."
REG_07061,2023,Scopus|WoS,10.1061/jcemd4.coeng-13154,Development of a Campus Facility Management Operational Framework Using a Modified Delphi Method,sim,manter_nucleo_principal,RQ0;RQ1;RQ2;RQ3;RQ4;RQ5,sim,sim,sim,sim,sim,sim,criterios_de_sustentabilidade;criterios_de_priorizacao;metodo_multicriterio_ou_decisao;gestao_manutencao_predial;facility_management;contexto_publico_universitario;energia_desempenho_operacional;custo_ciclo_de_vida;risco_seguranca_conforto;lacuna_para_ies_publicas,custo;risco;desempenho_operacional;informacao_dados;qualidade_servico,scoring;Delphi;framework,campus;hospital;portfolio_predial;universidade,economica;social;tecnica_operacional;institucional;risco,This research adds to the body of knowledge by presenting a systematic operational framework for campus facility management that identifies the underlying factors influencing performance and fills the gaps left by previous studies.,"Resumo confirma contribuição direta à manutenção/gestão predial ou FM, articulando sustentabilidade com critérios, método, desempenho operacional ou decisão.",An effective facility management process is crucial to overall firm performance and is becoming a core competency for organizations seeking to gain a competitive advantage.,alta,nao,nao_aplicavel,include,"Auditoria qualitativa estruturada de título, resumo, palavras-chave e campos extraídos; sem uso de internet, PDFs ou full-text."
REG_07171,2023,Scopus,10.2478/emj-2023-0002,Global trends of the research on COVID-19 risks effect in sustainable facility management fields: a bibliometric analysis,sim,manter_nucleo_principal,RQ0;RQ1;RQ2;RQ3;RQ4,sim,sim,sim,sim,sim,nao,criterios_de_sustentabilidade;criterios_de_priorizacao;metodo_multicriterio_ou_decisao;gestao_manutencao_predial;facility_management;risco_seguranca_conforto,risco;informacao_dados,decision support,portfolio_predial;hospital,ambiental;social;tecnica_operacional;institucional;risco,nao_identificada_no_resumo,"Resumo confirma contribuição direta à manutenção/gestão predial ou FM, articulando sustentabilidade com critérios, método, desempenho operacional ou decisão.",This study used bibliometric analysis to investigate global research trends regarding the effect of COVID-19 risks in sustainable facility management fields.,alta,nao,nao_aplicavel,include,"Auditoria qualitativa estruturada de título, resumo, palavras-chave e campos extraídos; sem uso de internet, PDFs ou full-text."
REG_07192,2023,Scopus|WoS,10.1016/j.enbuild.2022.112732,Digital Twin framework for automated fault source detection and prediction for comfort performance evaluation of existing non-residential Norwegian buildings,sim,manter_nucleo_principal,RQ0;RQ1;RQ2;RQ3;RQ4,sim,sim,sim,sim,sim,nao,criterios_de_sustentabilidade;criterios_de_priorizacao;metodo_multicriterio_ou_decisao;gestao_manutencao_predial;facility_management;energia_desempenho_operacional;risco_seguranca_conforto,condicao_fisica;energia;conforto;desempenho_operacional;satisfacao_usuario;informacao_dados,optimization;decision support;framework;BIM;digital twin,edificio_residencial;portfolio_predial;edificio_generico,ambiental;social;tecnica_operacional;institucional;energia;conforto,nao_identificada_no_resumo,"Resumo confirma contribuição direta à manutenção/gestão predial ou FM, articulando sustentabilidade com critérios, método, desempenho operacional ou decisão.","Numerous buildings fall short of expectations regarding occupant satisfaction, sustainability, or energy efficiency.",alta,nao,nao_aplicavel,include,"Auditoria qualitativa estruturada de título, resumo, palavras-chave e campos extraídos; sem uso de internet, PDFs ou full-text."
REG_07225,2023,Scopus,10.3303/cet23106026,An Embedded Joint Management Body (JMB) in a Comprehensive Life Cycle Cost Analysis Planning Mode in Sustainable Building Project,sim,manter_nucleo_principal,RQ0;RQ1;RQ2;RQ3;RQ4;RQ5,sim,sim,sim,sim,sim,sim,criterios_de_sustentabilidade;criterios_de_priorizacao;metodo_multicriterio_ou_decisao;gestao_manutencao_predial;facility_management;energia_desempenho_operacional;custo_ciclo_de_vida,custo;vida_util;desempenho_operacional;residuos;informacao_dados,scoring;life-cycle cost;framework,portfolio_predial;edificio_generico,ambiental;economica;tecnica_operacional;institucional;ciclo_de_vida,This study aims to analyze the cost of involving JMB in the design stage to overcome this design gap.,"Resumo confirma contribuição direta à manutenção/gestão predial ou FM, articulando sustentabilidade com critérios, método, desempenho operacional ou decisão.",Sustainable building is devised to diminish the environmental impacts of the project life cycle.,alta,nao,nao_aplicavel,include,"Auditoria qualitativa estruturada de título, resumo, palavras-chave e campos extraídos; sem uso de internet, PDFs ou full-text."
REG_07228,2023,Scopus,10.1080/15623599.2020.1858539,Framework to evaluate quality performance of green building delivery: construction and operational stage,sim,manter_nucleo_principal,RQ0;RQ1;RQ2;RQ4;RQ5,sim,sim,sim,nao,sim,sim,criterios_de_sustentabilidade;criterios_de_priorizacao;gestao_manutencao_predial;energia_desempenho_operacional;custo_ciclo_de_vida;risco_seguranca_conforto,energia;conforto;desempenho_operacional;agua;qualidade_servico,framework,hospital;edificio_generico,ambiental;social;tecnica_operacional;institucional;energia;conforto;ciclo_de_vida,Green buildings exhibit underperformance caused by inadequate construction practices and a lack of understanding of the operations and maintenance practices.,"Resumo confirma contribuição direta à manutenção/gestão predial ou FM, articulando sustentabilidade com critérios, método, desempenho operacional ou decisão.","Green buildings extend the compliance to sustainability-related aspects to ensure that the energy and water consumption is conserved, promote a healthy indoor environmental quality and reducing the detrimental impacts of",alta,nao,nao_aplicavel,include,"Auditoria qualitativa estruturada de título, resumo, palavras-chave e campos extraídos; sem uso de internet, PDFs ou full-text."
REG_07235,2023,Scopus,,EXPERT VERIFICATION OF INFORMATION REQUIREMENTS FOR INTEGRATING BUILDING INFORMATION MODELLING WITH OPERATION AND MAINTENANCE,sim,manter_nucleo_principal,RQ0;RQ1;RQ2;RQ3;RQ4;RQ5,sim,sim,sim,sim,sim,sim,criterios_de_sustentabilidade;criterios_de_priorizacao;metodo_multicriterio_ou_decisao;gestao_manutencao_predial;facility_management;energia_desempenho_operacional;custo_ciclo_de_vida,custo;vida_util;desempenho_operacional;informacao_dados,life-cycle cost;framework;BIM,edificio_comercial;portfolio_predial;edificio_generico,economica;tecnica_operacional;institucional;ciclo_de_vida,"Despite the successful project delivery for BIM in facilities management, limited investigations have focused on BIM and Operation and Maintenance (O&M) integration.","Resumo confirma contribuição direta à manutenção/gestão predial ou FM, articulando sustentabilidade com critérios, método, desempenho operacional ou decisão.","Despite the successful project delivery for BIM in facilities management, limited investigations have focused on BIM and Operation and Maintenance (O&M) integration.",alta,nao,nao_aplicavel,include,"Auditoria qualitativa estruturada de título, resumo, palavras-chave e campos extraídos; sem uso de internet, PDFs ou full-text."
REG_07476,2023,Scopus,10.2478/otmcj-2023-0005,Enhancing building maintainability through early supplier involvement in the design process,sim,manter_nucleo_principal,RQ0;RQ1;RQ2;RQ4;RQ5,sim,sim,sim,nao,sim,sim,criterios_de_sustentabilidade;criterios_de_priorizacao;gestao_manutencao_predial;energia_desempenho_operacional;custo_ciclo_de_vida;risco_seguranca_conforto,custo;risco;condicao_fisica;desempenho_operacional;satisfacao_usuario;informacao_dados;manutenibilidade,framework,edificio_generico,economica;tecnica_operacional;institucional;ciclo_de_vida,"Consequently, lack of considering maintainability aspects during the design process results in increasing maintenance and operation costs as well as reducing building performance.","Resumo confirma contribuição direta à manutenção/gestão predial ou FM, articulando sustentabilidade com critérios, método, desempenho operacional ou decisão.","Consequently, lack of considering maintainability aspects during the design process results in increasing maintenance and operation costs as well as reducing building performance.",alta,nao,nao_aplicavel,include,"Auditoria qualitativa estruturada de título, resumo, palavras-chave e campos extraídos; sem uso de internet, PDFs ou full-text."
REG_08015,2022,Scopus,10.1080/13467581.2021.1902333,CIB - UTILITY BASED SYSTEMS FRAMEWORK FOR EXISTING RESIDENTIAL BUILDING,sim,manter_nucleo_principal,RQ0;RQ1;RQ2;RQ3;RQ4;RQ5,sim,sim,sim,sim,sim,sim,criterios_de_sustentabilidade;criterios_de_priorizacao;metodo_multicriterio_ou_decisao;gestao_manutencao_predial;energia_desempenho_operacional;custo_ciclo_de_vida,custo;condicao_fisica;vida_util;desempenho_operacional;informacao_dados,ranking;life-cycle cost;framework,edificio_residencial;edificio_generico,economica;social;tecnica_operacional;institucional;ciclo_de_vida,"Published by Informa UK Limited, trading as Taylor & Francis Group on behalf of the Architectural Institute of Japan, Architectural Institute of Korea and Architectural Society of China.","Resumo confirma contribuição direta à manutenção/gestão predial ou FM, articulando sustentabilidade com critérios, método, desempenho operacional ou decisão.",The proposed model can be used to evaluate CIB utility theory systems and for life-cycle sustainability assessment (LCSA).,alta,nao,nao_aplicavel,include,"Auditoria qualitativa estruturada de título, resumo, palavras-chave e campos extraídos; sem uso de internet, PDFs ou full-text."
REG_08052,2020,Scopus,10.1080/15732479.2019.1652657,Stochastic maintenance models for ceramic claddings,sim,manter_nucleo_principal,RQ0;RQ1;RQ2;RQ3;RQ4;RQ5,sim,sim,sim,sim,sim,sim,criterios_de_sustentabilidade;criterios_de_priorizacao;metodo_multicriterio_ou_decisao;gestao_manutencao_predial;energia_desempenho_operacional;custo_ciclo_de_vida,custo;condicao_fisica;vida_util;desempenho_operacional;manutenibilidade,decision support;framework,edificio_generico,economica;social;tecnica_operacional;ciclo_de_vida,"© 2019, © 2019 Informa UK Limited, trading as Taylor & Francis Group.","Resumo confirma contribuição direta à manutenção/gestão predial ou FM, articulando sustentabilidade com critérios, método, desempenho operacional ou decisão.","Usually, stakeholders intend to find the optimal maintenance strategy, to minimize the economic burden, while simultaneously maximizing the buildings’ performance.",alta,nao,nao_aplicavel,include,"Auditoria qualitativa estruturada de título, resumo, palavras-chave e campos extraídos; sem uso de internet, PDFs ou full-text."
REG_08528,2025,Crossref,10.56065/pdpyke84,Building Institutional Resilience Through Sustainable Facility Management in South African Vocational Education,sim,manter_nucleo_principal,RQ0;RQ1;RQ2;RQ4,sim,sim,sim,nao,sim,nao,criterios_de_sustentabilidade;criterios_de_priorizacao;gestao_manutencao_predial;facility_management;contexto_publico_universitario;energia_desempenho_operacional;custo_ciclo_de_vida;risco_seguranca_conforto,custo;risco;desempenho_operacional;informacao_dados,framework,universidade;portfolio_predial;edificio_generico,ambiental;economica;social;tecnica_operacional;institucional;risco,nao_identificada_no_resumo,"Resumo confirma contribuição direta à manutenção/gestão predial ou FM, articulando sustentabilidade com critérios, método, desempenho operacional ou decisão.",This research aims to examine how sustainable facility management (SFM) practices can contribute to institutional resilience in South African vocational education institutions (SAVEIs).,alta,nao,nao_aplicavel,include,"Auditoria qualitativa estruturada de título, resumo, palavras-chave e campos extraídos; sem uso de internet, PDFs ou full-text."
REG_09113,2023,WoS,10.1061/ppscfx.sceng-1131,"Application of Multicriteria Decision-Making Methods to Determine the Appropriate Policy for Maintenance of Buildings in Karaj City, Iran",sim,manter_nucleo_principal,RQ0;RQ1;RQ2;RQ3;RQ4,sim,sim,sim,sim,sim,nao,criterios_de_sustentabilidade;criterios_de_priorizacao;metodo_multicriterio_ou_decisao;gestao_manutencao_predial;energia_desempenho_operacional;risco_seguranca_conforto,condicao_fisica;seguranca;desempenho_operacional,AHP;MCDM;fuzzy;ranking;decision support;Delphi;framework,hospital;edificio_generico,social;tecnica_operacional;institucional;risco;seguranca,nao_identificada_no_resumo,"Resumo confirma contribuição direta à manutenção/gestão predial ou FM, articulando sustentabilidade com critérios, método, desempenho operacional ou decisão.",The purpose of this article is to identify and prioritize the effective indicators for the building maintenance system and determine the most appropriate strategy for this system using multicriteria decision making metho,alta,nao,nao_aplicavel,include,"Auditoria qualitativa estruturada de título, resumo, palavras-chave e campos extraídos; sem uso de internet, PDFs ou full-text."
REG_09127,2023,WoS,10.1002/cepa.2183,Key Performance Indicators for Building Assessment. A case study on an R/C Building in Greece,sim,manter_nucleo_principal,RQ0;RQ1;RQ2;RQ3;RQ4,sim,sim,sim,sim,sim,nao,criterios_de_sustentabilidade;criterios_de_priorizacao;metodo_multicriterio_ou_decisao;gestao_manutencao_predial;energia_desempenho_operacional;custo_ciclo_de_vida;risco_seguranca_conforto,risco;seguranca;vida_util;desempenho_operacional;informacao_dados,decision support,edificio_generico,tecnica_operacional;institucional;risco;seguranca;ciclo_de_vida,nao_identificada_no_resumo,"Resumo confirma contribuição direta à manutenção/gestão predial ou FM, articulando sustentabilidade com critérios, método, desempenho operacional ou decisão.","These performance indicators should cover all aspects of a building's life cycle including safety, operability and sustainability.",alta,nao,nao_aplicavel,include,"Auditoria qualitativa estruturada de título, resumo, palavras-chave e campos extraídos; sem uso de internet, PDFs ou full-text."
REG_09169,2023,WoS,10.5281/zenodo.10442276,"Prioritizing Heritage Building Maintenance: A Fuzzy Model Approach for Arc De Bera, Spain",sim,manter_nucleo_principal,RQ0;RQ1;RQ2;RQ3;RQ4;RQ5,sim,sim,sim,sim,sim,sim,criterios_de_sustentabilidade;criterios_de_priorizacao;metodo_multicriterio_ou_decisao;gestao_manutencao_predial;energia_desempenho_operacional;custo_ciclo_de_vida;risco_seguranca_conforto,risco;condicao_fisica;vida_util;desempenho_operacional,fuzzy;ranking;scoring;framework;machine learning,patrimonio_historico;edificio_generico,ambiental;social;tecnica_operacional;institucional;risco;ciclo_de_vida,"The ""Art-Risk 3.0"" research project has developed a new tool to address the challenges faced in maintaining and preserving cultural heritage.","Resumo confirma contribuição direta à manutenção/gestão predial ou FM, articulando sustentabilidade com critérios, método, desempenho operacional ou decisão.","This tool aims to evaluate the functional operational age and life cycle of heritage buildings in the Arc de Bera area in Tarragona, Catalonia, Spain, with the goal of promoting preventive conservation through a multidis",alta,nao,nao_aplicavel,include,"Auditoria qualitativa estruturada de título, resumo, palavras-chave e campos extraídos; sem uso de internet, PDFs ou full-text."
REG_09290,2017,WoS,10.18820/24150487/as24i2.4,Stakeholders' perception of critical success factors for sustainable facilities management practice in universities in sub-Saharan Africa,sim,manter_nucleo_principal,RQ0;RQ1;RQ2;RQ3;RQ4,sim,sim,sim,sim,sim,nao,criterios_de_sustentabilidade;criterios_de_priorizacao;metodo_multicriterio_ou_decisao;gestao_manutencao_predial;facility_management;contexto_publico_universitario;risco_seguranca_conforto,risco;satisfacao_usuario;informacao_dados;qualidade_servico,scoring,universidade;portfolio_predial;campus,ambiental;social;institucional,nao_identificada_no_resumo,"Resumo confirma contribuição direta à manutenção/gestão predial ou FM, articulando sustentabilidade com critérios, método, desempenho operacional ou decisão.",The development of an optimal sustainable facilities management (SFM) strategy for university-built assets in sub-Saharan Africa (SSA) is desired.,alta,nao,nao_aplicavel,include,"Auditoria qualitativa estruturada de título, resumo, palavras-chave e campos extraídos; sem uso de internet, PDFs ou full-text."
REG_09503,2012,WoS,10.1016/j.sbspro.2012.11.178,Developing post occupancy evaluation sustainability assessment framework for retrofitting commercial office buildings: A proposal,sim,manter_nucleo_principal,RQ0;RQ1;RQ2;RQ3;RQ4,sim,sim,sim,sim,sim,nao,criterios_de_sustentabilidade;criterios_de_priorizacao;metodo_multicriterio_ou_decisao;gestao_manutencao_predial;facility_management;energia_desempenho_operacional;custo_ciclo_de_vida;risco_seguranca_conforto,desempenho_operacional,scoring;framework,edificio_comercial;portfolio_predial;edificio_generico,ambiental;social;tecnica_operacional;institucional;conforto;ciclo_de_vida,nao_identificada_no_resumo,"Resumo confirma contribuição direta à manutenção/gestão predial ou FM, articulando sustentabilidade com critérios, método, desempenho operacional ou decisão.",Developing a new assessment tool in the area of sustainable development requires a strategic methodology for a cohesive and logical framework incorporating relevant theory and practical experience.,alta,nao,nao_aplicavel,include,"Auditoria qualitativa estruturada de título, resumo, palavras-chave e campos extraídos; sem uso de internet, PDFs ou full-text."
